;FLAVOR:Marlin
;TIME:8278
;Filament used: 9.40022m
;Layer height: 0.2
;MINX:43.463
;MINY:70.813
;MINZ:0.2
;MAXX:191.537
;MAXY:164.164
;MAXZ:22.2
;TARGET_MACHINE.NAME:ELEGOO NEPTUNE 3 Pro
;Generated with Cura_SteamEngine 5.5.0
M140 S70
M105
M190 S70
M104 S215
M105
M109 S215
M82 ;absolute extrusion mode
;ELEGOO NEPTUNE 3 Pro
M220 S100 ;Set the feed speed to 100%
M221 S100 ;Set the flow rate to 100%
G90
G28 ;home
;M420 S1 Z10;Uncomment to enable progressive compensation height of 10mm
G92 E0 ;Reset Extruder
G1 Z0.45 F300
G1 X1.5 Y20 F5000.0 ;Move to start position
G1 Y120.0 F600.0 E15 ;Draw the first line
G1 X0.5 F1000.0 ;Move to side a little
G1 Y20 F600 E30 ;Draw the second line
G92 E0 ;Reset Extruder
G92 E0
G92 E0
G1 F1500 E-1
;LAYER_COUNT:111
;LAYER:0
M107
M204 S500
;MESH:Bottom_Standoffs.stl
G0 F6000 X44.072 Y117.988 Z0.2
;TYPE:WALL-INNER
G1 F1500 E0
G1 F1800 X44.073 Y142.561 E1.11562
G1 X44.175 Y144.637 E1.20998
G1 X44.477 Y146.663 E1.30298
G1 X44.976 Y148.666 E1.39669
G1 X45.67 Y150.601 E1.49002
G1 X46.544 Y152.449 E1.58283
G1 X47.612 Y154.233 E1.67723
G1 X48.838 Y155.886 E1.77066
G1 X50.218 Y157.408 E1.86394
G1 X51.752 Y158.798 E1.95792
G1 X53.383 Y160.009 E2.05015
G1 X55.171 Y161.078 E2.14472
G1 X57.03 Y161.957 E2.23808
G1 X58.961 Y162.65 E2.33122
G1 X60.964 Y163.15 E2.42495
G1 X62.989 Y163.451 E2.5179
G1 X65.082 Y163.555 E2.61304
G1 X169.918 Y163.554 E7.3726
G1 X172.011 Y163.451 E7.46774
G1 X174.036 Y163.15 E7.56068
G1 X176.039 Y162.65 E7.65441
G1 X177.97 Y161.957 E7.74755
G1 X179.829 Y161.078 E7.84091
G1 X181.617 Y160.009 E7.93549
G1 X183.248 Y158.798 E8.02771
G1 X184.782 Y157.408 E8.12169
G1 X186.162 Y155.886 E8.21497
G1 X187.388 Y154.233 E8.3084
G1 X188.456 Y152.449 E8.4028
G1 X189.33 Y150.601 E8.49561
G1 X190.024 Y148.666 E8.58894
G1 X190.523 Y146.663 E8.68265
G1 X190.824 Y144.637 E8.77564
G1 X190.927 Y142.545 E8.87074
G1 X190.928 Y118.092 E9.9809
G1 X190.886 Y117.899 E9.98987
G1 X190.784 Y117.796 E9.99645
G1 X190.59 Y117.752 E10.00548
G1 X189.101 Y117.752 E10.07309
G1 X188.714 Y117.534 E10.09325
G1 X188.538 Y117.301 E10.10651
G1 X188.452 Y116.964 E10.1223
G1 X188.454 Y111.607 E10.36551
G1 X188.563 Y111.26 E10.38202
G1 X188.703 Y111.083 E10.39226
G1 X189.039 Y110.888 E10.4099
G1 X189.271 Y110.855 E10.42054
G1 X190.928 Y110.855 E10.49577
G1 X190.928 Y76.224 E12.06802
G1 X190.848 Y75.415 E12.10493
G1 X190.62 Y74.665 E12.14052
G1 X190.254 Y73.98 E12.17578
G1 X189.758 Y73.377 E12.21122
G1 X189.155 Y72.881 E12.24667
G1 X188.469 Y72.515 E12.28197
G1 X187.72 Y72.287 E12.31752
G1 X186.911 Y72.207 E12.35442
G1 X48.089 Y72.207 E18.65695
G1 X47.28 Y72.287 E18.69386
G1 X46.53 Y72.515 E18.72945
G1 X45.845 Y72.881 E18.76471
G1 X45.242 Y73.377 E18.80016
G1 X44.746 Y73.98 E18.83561
G1 X44.38 Y74.666 E18.87091
G1 X44.152 Y75.415 E18.90645
G1 X44.072 Y76.224 E18.94336
G1 X44.072 Y110.855 E20.51561
G1 X45.729 Y110.855 E20.59084
G1 X45.961 Y110.888 E20.60148
G1 X46.224 Y111.02 E20.61484
G1 X46.437 Y111.26 E20.6294
G1 X46.546 Y111.607 E20.64592
G1 X46.544 Y117.023 E20.8918
G1 X46.462 Y117.301 E20.90496
G1 X46.212 Y117.595 E20.92248
G1 X45.891 Y117.752 E20.93871
G1 X44.312 Y117.752 E21.01039
G1 X44.16 Y117.84 E21.01837
G1 X44.072 Y117.988 E21.02618
G0 F6000 X43.559 Y117.814
;TYPE:WALL-OUTER
G1 F1800 X43.526 Y118.056 E21.03727
G1 X43.527 Y142.575 E22.15044
G1 X43.631 Y144.691 E22.24662
G1 X43.941 Y146.769 E22.34201
G1 X44.453 Y148.824 E22.43815
G1 X45.165 Y150.81 E22.53394
G1 X46.062 Y152.707 E22.62921
G1 X47.158 Y154.537 E22.72605
G1 X48.416 Y156.233 E22.82192
G1 X49.832 Y157.794 E22.9176
G1 X51.405 Y159.22 E23.01399
G1 X53.079 Y160.463 E23.10865
G1 X54.913 Y161.56 E23.20567
G1 X56.82 Y162.462 E23.30145
G1 X58.802 Y163.173 E23.39705
G1 X60.858 Y163.686 E23.49325
G1 X62.935 Y163.995 E23.58858
G1 X65.068 Y164.101 E23.68554
G1 X169.932 Y164.1 E28.44638
G1 X172.065 Y163.995 E28.54333
G1 X174.142 Y163.686 E28.63867
G1 X176.198 Y163.173 E28.73487
G1 X178.18 Y162.462 E28.83047
G1 X180.087 Y161.56 E28.92624
G1 X181.921 Y160.463 E29.02326
G1 X183.595 Y159.22 E29.11792
G1 X185.168 Y157.794 E29.21432
G1 X186.584 Y156.233 E29.31
G1 X187.842 Y154.537 E29.40587
G1 X188.938 Y152.707 E29.50271
G1 X189.835 Y150.81 E29.59798
G1 X190.547 Y148.824 E29.69376
G1 X191.059 Y146.769 E29.78991
G1 X191.368 Y144.691 E29.88529
G1 X191.473 Y142.559 E29.9822
G1 X191.474 Y118.056 E31.09464
G1 X191.441 Y117.814 E31.10573
G1 X191.363 Y117.623 E31.11509
G1 X191.23 Y117.45 E31.125
G1 X191.059 Y117.319 E31.13478
G1 X190.861 Y117.238 E31.14449
G1 X190.628 Y117.206 E31.15517
G1 X189.271 Y117.206 E31.21678
G1 X189.145 Y117.176 E31.22266
G1 X189.026 Y117.056 E31.23033
G1 X188.998 Y116.933 E31.23606
G1 X189.002 Y111.622 E31.47718
G1 X189.081 Y111.477 E31.48467
G1 X189.212 Y111.401 E31.49155
G1 X191.474 Y111.401 E31.59424
G1 X191.474 Y76.198 E33.19246
G1 X191.386 Y75.308 E33.23307
G1 X191.127 Y74.455 E33.27354
G1 X190.71 Y73.675 E33.31369
G1 X190.146 Y72.989 E33.35401
G1 X189.46 Y72.425 E33.39433
G1 X188.679 Y72.008 E33.43453
G1 X187.827 Y71.749 E33.47496
G1 X186.937 Y71.661 E33.51556
G1 X48.063 Y71.661 E39.82045
G1 X47.173 Y71.749 E39.86105
G1 X46.32 Y72.008 E39.90152
G1 X45.54 Y72.425 E39.94168
G1 X44.854 Y72.989 E39.982
G1 X44.29 Y73.675 E40.02232
G1 X43.873 Y74.456 E40.06251
G1 X43.614 Y75.308 E40.10294
G1 X43.526 Y76.198 E40.14354
G1 X43.526 Y111.401 E41.74176
G1 X45.788 Y111.401 E41.84446
G1 X45.919 Y111.477 E41.85133
G1 X46.002 Y111.627 E41.85912
G1 X45.997 Y116.99 E42.1026
G1 X45.933 Y117.116 E42.10901
G1 X45.729 Y117.206 E42.11914
G1 X44.372 Y117.206 E42.18075
G1 X44.139 Y117.238 E42.19142
G1 X43.941 Y117.319 E42.20114
G1 X43.77 Y117.45 E42.21092
G1 X43.637 Y117.623 E42.22082
G1 X43.559 Y117.814 E42.23019
G0 F6000 X43.532 Y118.012
G0 X44.162 Y118.094
G0 X44.534 Y118.215
;TYPE:SKIN
G1 F1800 X45.762 Y118.212 E42.28594
G1 X46.108 Y118.157 E42.30185
G1 X46.346 Y118.055 E42.3136
G1 X46.617 Y117.855 E42.32889
G1 X46.881 Y117.493 E42.34923
G1 X47.005 Y117.022 E42.37135
G1 X47.008 Y111.588 E42.61805
G1 X46.923 Y111.207 E42.63577
G1 X46.812 Y110.988 E42.64692
G1 X46.506 Y110.657 E42.66738
G1 X46.137 Y110.463 E42.68631
G1 X45.762 Y110.395 E42.70361
G1 X44.534 Y110.393 E42.75937
G1 X44.534 Y76.244 E44.30973
G1 X44.607 Y75.51 E44.34322
G1 X44.809 Y74.849 E44.3746
G1 X45.135 Y74.237 E44.40608
G1 X45.571 Y73.706 E44.43727
G1 X46.105 Y73.267 E44.46866
G1 X46.708 Y72.945 E44.49969
G1 X47.375 Y72.742 E44.53135
G1 X48.109 Y72.669 E44.56483
G1 X186.891 Y72.669 E50.86555
G1 X187.625 Y72.742 E50.89904
G1 X188.286 Y72.944 E50.93042
G1 X188.898 Y73.27 E50.9619
G1 X189.429 Y73.706 E50.99309
G1 X189.868 Y74.24 E51.02448
G1 X190.19 Y74.843 E51.05551
G1 X190.393 Y75.51 E51.08716
G1 X190.466 Y76.244 E51.12065
G1 X190.466 Y110.393 E52.67102
G1 X189.239 Y110.395 E52.72672
G1 X188.945 Y110.437 E52.74021
G1 X188.688 Y110.534 E52.75268
G1 X188.356 Y110.78 E52.77144
G1 X188.072 Y111.22 E52.79521
G1 X187.995 Y111.568 E52.8114
G1 X187.992 Y117.078 E53.06155
G1 X188.065 Y117.364 E53.07495
G1 X188.257 Y117.72 E53.09331
G1 X188.665 Y118.063 E53.11751
G1 X188.895 Y118.158 E53.12881
G1 X189.275 Y118.215 E53.14626
G1 X190.465 Y118.215 E53.20028
G1 X190.464 Y142.526 E54.304
G1 X190.362 Y144.6 E54.39828
G1 X190.068 Y146.568 E54.48862
G1 X189.58 Y148.532 E54.58049
G1 X188.902 Y150.422 E54.67165
G1 X188.054 Y152.217 E54.76178
G1 X186.999 Y153.98 E54.85506
G1 X185.8 Y155.596 E54.94642
G1 X184.454 Y157.079 E55.03734
G1 X182.958 Y158.437 E55.12907
G1 X181.364 Y159.62 E55.21919
G1 X179.604 Y160.672 E55.31228
G1 X177.787 Y161.531 E55.40353
G1 X175.906 Y162.206 E55.49425
G1 X173.94 Y162.695 E55.58623
G1 X171.974 Y162.99 E55.67649
G1 X169.899 Y163.091 E55.7708
G1 X65.101 Y163.093 E60.52864
G1 X63.027 Y162.989 E60.62292
G1 X61.06 Y162.695 E60.71321
G1 X59.094 Y162.206 E60.80519
G1 X57.213 Y161.531 E60.89592
G1 X55.396 Y160.672 E60.98716
G1 X53.636 Y159.62 E61.08026
G1 X52.042 Y158.437 E61.17038
G1 X50.546 Y157.079 E61.2621
G1 X49.2 Y155.596 E61.35303
G1 X48.001 Y153.98 E61.44438
G1 X46.946 Y152.217 E61.53766
G1 X46.098 Y150.422 E61.62779
G1 X45.42 Y148.532 E61.71895
G1 X44.932 Y146.568 E61.81083
G1 X44.636 Y144.599 E61.90122
G1 X44.536 Y142.557 E61.99404
G1 X44.534 Y118.215 E63.09917
G1 F1500 E62.09917
G0 F6000 X44.161 Y118.215
G0 X44.223 Y142.556
G0 X44.324 Y144.621
G0 X44.624 Y146.633
G0 X45.12 Y148.621
G0 X45.809 Y150.543
G0 X46.511 Y152.03
G0 X48.244 Y154.934
G0 X48.764 Y154.55
G1 F1500 E63.09917
G1 F1800 X53.083 Y158.869 E63.37647
G1 X53.157 Y158.943
G0 F6000 X52.781 Y159.45
G0 X54.92 Y160.823
G0 X55.254 Y160.267
G1 F1800 X47.354 Y152.368 E63.88367
G1 X47.28 Y152.294
G0 F6000 X46.747 Y152.613
G0 X46.011 Y151.113
G0 X46.596 Y150.838
G1 F1800 X56.783 Y161.025 E64.53773
G1 X56.857 Y161.099
G0 F6000 X56.595 Y161.653
G0 X57.865 Y162.161
G0 X58.083 Y161.552
G1 F1800 X46.072 Y149.542 E65.30887
G1 X45.998 Y149.468
G0 F6000 X45.431 Y149.67
G0 X45.03 Y148.51
G0 X45.657 Y148.354
G1 F1800 X59.27 Y161.967 E66.18289
G0 F6000 X59.113 Y162.595
G0 X60.14 Y162.851
G0 X60.297 Y162.223
G1 F1800 X45.401 Y147.327 E67.1393
G0 F6000 X44.773 Y147.483
G0 X44.531 Y146.417
G0 X45.17 Y146.323
G1 F1800 X61.3 Y162.453 E68.17493
G0 F6000 X62.209 Y162.59
G1 F1800 X45.034 Y145.415 E69.27766
G0 F6000 X44.904 Y144.512
G1 F1800 X63.109 Y162.718 E70.44655
G0 F6000 X63.923 Y162.759
G1 F1800 X44.864 Y143.701 E71.67021
G0 F6000 X44.824 Y142.889
G1 F1800 X64.735 Y162.8 E72.9486
G0 F6000 X65.526 Y162.818
G1 F1800 X44.807 Y142.1 E74.27884
G0 F6000 X44.807 Y141.328
G1 F1800 X66.298 Y162.818 E75.65865
G0 F6000 X67.07 Y162.818
G1 F1800 X44.807 Y140.555 E77.08805
G0 F6000 X44.807 Y139.783
G1 F1800 X67.842 Y162.818 E78.56703
G0 F6000 X68.614 Y162.818
G1 F1800 X44.807 Y139.011 E80.09556
G0 F6000 X44.807 Y138.239
G1 F1800 X69.386 Y162.818 E81.67367
G0 F6000 X70.159 Y162.818
G1 F1800 X44.807 Y137.467 E83.30137
G0 F6000 X44.807 Y136.695
G1 F1800 X70.931 Y162.818 E84.97864
G0 F6000 X71.703 Y162.818
G1 F1800 X44.807 Y135.922 E86.70551
G0 F6000 X44.807 Y135.15
G1 F1800 X72.475 Y162.818 E88.48195
G0 F6000 X73.247 Y162.818
G1 F1800 X44.807 Y134.378 E90.30795
G0 F6000 X44.807 Y133.606
G1 F1800 X74.019 Y162.818 E92.18352
G0 F6000 X74.792 Y162.818
G1 F1800 X44.807 Y132.834 E94.10869
G0 F6000 X44.807 Y132.062
G1 F1800 X75.564 Y162.818 E96.08342
G0 F6000 X76.336 Y162.818
G1 F1800 X44.807 Y131.289 E98.10775
G0 F6000 X44.807 Y130.517
G1 F1800 X77.108 Y162.818 E100.18165
G0 F6000 X77.88 Y162.818
G1 F1800 X44.807 Y129.744 E102.30515
G0 F6000 X44.807 Y128.972
G1 F1800 X78.652 Y162.818 E104.47821
G0 F6000 X79.425 Y162.818
G1 F1800 X44.807 Y128.2 E106.70088
G0 F6000 X44.807 Y127.428
G1 F1800 X80.197 Y162.818 E108.97311
G0 F6000 X80.969 Y162.818
G1 F1800 X44.807 Y126.656 E111.2949
G0 F6000 X44.807 Y125.884
G1 F1800 X81.741 Y162.818 E113.66627
G0 F6000 X82.513 Y162.818
G1 F1800 X44.807 Y125.111 E116.08723
G0 F6000 X44.807 Y124.339
G1 F1800 X83.285 Y162.818 E118.55775
G0 F6000 X84.058 Y162.818
G1 F1800 X44.807 Y123.567 E121.07788
G0 F6000 X44.807 Y122.795
G1 F1800 X84.83 Y162.818 E123.64757
G0 F6000 X85.602 Y162.818
G1 F1800 X44.807 Y122.023 E126.26683
G0 F6000 X44.807 Y121.251
G1 F1800 X86.374 Y162.818 E128.93566
G0 F6000 X87.146 Y162.818
G1 F1800 X44.807 Y120.478 E131.65409
G0 F6000 X44.807 Y119.706
G1 F1800 X87.918 Y162.818 E134.42208
G0 F6000 X88.69 Y162.818
G1 F1800 X44.807 Y118.934 E137.23964
G0 F6000 X45.131 Y118.486
G1 F1800 X89.463 Y162.818 E140.08599
G0 F6000 X90.235 Y162.818
G1 F1800 X45.884 Y118.467 E142.93357
G0 F6000 X46.478 Y118.289
G1 F1800 X91.007 Y162.818 E145.79257
G0 F6000 X91.779 Y162.818
G1 F1800 X46.895 Y117.934 E148.67436
G0 F6000 X47.176 Y117.443
G1 F1800 X92.551 Y162.818 E151.58768
G0 F6000 X93.323 Y162.818
G1 F1800 X47.282 Y116.776 E154.5438
G0 F6000 X47.282 Y116.004
G1 F1800 X94.096 Y162.818 E157.54951
G0 F6000 X94.868 Y162.818
G1 F1800 X47.281 Y115.231 E160.60485
G0 F6000 X47.28 Y114.458
G1 F1800 X95.64 Y162.818 E163.70983
G0 F6000 X96.412 Y162.818
G1 F1800 X47.279 Y113.685 E166.86443
G0 F6000 X47.279 Y112.913
G1 F1800 X97.184 Y162.818 E170.0686
G0 F6000 X97.956 Y162.818
G1 F1800 X47.279 Y112.14 E173.32237
G0 F6000 X47.222 Y111.312
G1 F1800 X98.729 Y162.818 E176.62937
G0 F6000 X99.501 Y162.818
G1 F1800 X44.806 Y108.123 E180.14108
G0 F6000 X44.806 Y108.895
G1 F1800 X46.094 Y110.184 E180.22381
G0 F6000 X45.259 Y110.121
G1 F1800 X44.806 Y109.668 E180.2529
G0 F6000 X44.161 Y109.668
G0 X44.161 Y107.351
G0 X44.806 Y107.351
G1 F1800 X100.273 Y162.818 E183.81418
G0 F6000 X101.045 Y162.818
G1 F1800 X44.806 Y106.579 E187.42503
G0 F6000 X44.806 Y105.807
G1 F1800 X101.817 Y162.818 E191.08544
G0 F6000 X102.589 Y162.818
G1 F1800 X44.806 Y105.035 E194.79542
G0 F6000 X44.806 Y104.262
G1 F1800 X103.362 Y162.818 E198.55504
G0 F6000 X104.134 Y162.818
G1 F1800 X44.806 Y103.49 E202.36422
G0 F6000 X44.806 Y102.718
G1 F1800 X104.906 Y162.818 E206.22296
G0 F6000 X105.678 Y162.818
G1 F1800 X44.806 Y101.946 E210.13127
G0 F6000 X44.806 Y101.174
G1 F1800 X106.45 Y162.818 E214.08915
G0 F6000 X107.222 Y162.818
G1 F1800 X44.806 Y100.402 E218.0966
G0 F6000 X44.806 Y99.629
G1 F1800 X107.995 Y162.818 E222.15367
G0 F6000 X108.767 Y162.818
G1 F1800 X44.806 Y98.857 E226.26032
G0 F6000 X44.806 Y98.085
G1 F1800 X109.539 Y162.818 E230.41652
G0 F6000 X110.311 Y162.818
G1 F1800 X44.806 Y97.313 E234.6223
G0 F6000 X44.806 Y96.541
G1 F1800 X111.083 Y162.818 E238.87764
G0 F6000 X111.855 Y162.818
G1 F1800 X44.806 Y95.769 E243.18255
G0 F6000 X44.806 Y94.996
G1 F1800 X112.627 Y162.818 E247.53706
G0 F6000 X113.4 Y162.818
G1 F1800 X44.806 Y94.224 E251.94117
G0 F6000 X44.806 Y93.452
G1 F1800 X114.172 Y162.818 E256.39484
G0 F6000 X114.944 Y162.818
G1 F1800 X44.806 Y92.68 E260.89808
G0 F6000 X44.806 Y91.908
G1 F1800 X115.716 Y162.818 E265.45088
G0 F6000 X116.488 Y162.818
G1 F1800 X44.806 Y91.136 E270.05326
G0 F6000 X44.806 Y90.364
G1 F1800 X117.26 Y162.818 E274.7052
G0 F6000 X118.032 Y162.817
G1 F1800 X44.806 Y89.591 E279.4067
G0 F6000 X44.806 Y88.819
G1 F1800 X118.804 Y162.817 E284.15777
G0 F6000 X119.576 Y162.817
G1 F1800 X44.806 Y88.047 E288.95841
G0 F6000 X44.806 Y87.275
G1 F1800 X120.348 Y162.817 E293.80862
G0 F6000 X121.121 Y162.817
G1 F1800 X44.806 Y86.503 E298.70842
G0 F6000 X44.806 Y85.731
G1 F1800 X121.893 Y162.817 E303.65779
G0 F6000 X122.665 Y162.817
G1 F1800 X44.806 Y84.958 E308.65676
G0 F6000 X44.806 Y84.186
G1 F1800 X123.437 Y162.817 E313.7053
G0 F6000 X124.209 Y162.817
G1 F1800 X44.806 Y83.414 E318.8034
G0 F6000 X44.806 Y82.642
G1 F1800 X124.981 Y162.817 E323.95107
G0 F6000 X125.753 Y162.817
G1 F1800 X44.806 Y81.87 E329.14831
G0 F6000 X44.806 Y81.098
G1 F1800 X126.526 Y162.817 E334.39514
G0 F6000 X127.298 Y162.817
G1 F1800 X44.806 Y80.325 E339.69157
G0 F6000 X44.806 Y79.553
G1 F1800 X128.07 Y162.817 E345.03757
G0 F6000 X128.842 Y162.817
G1 F1800 X44.806 Y78.781 E350.43314
G0 F6000 X44.806 Y78.009
G1 F1800 X129.614 Y162.817 E355.87827
G0 F6000 X130.386 Y162.817
G1 F1800 X44.806 Y77.237 E361.37297
G0 F6000 X44.806 Y76.465
G1 F1800 X131.159 Y162.817 E366.91727
G0 F6000 X131.931 Y162.817
G1 F1800 X44.857 Y75.743 E372.50789
G0 F6000 X45.009 Y75.123
G1 F1800 X132.703 Y162.817 E378.13832
G0 F6000 X133.475 Y162.817
G1 F1800 X45.252 Y74.594 E383.80272
G0 F6000 X45.568 Y74.138
G1 F1800 X134.247 Y162.817 E389.49639
G0 F6000 X135.019 Y162.817
G1 F1800 X45.949 Y73.747 E395.21516
G0 F6000 X46.396 Y73.421
G1 F1800 X135.792 Y162.817 E400.95487
G0 F6000 X136.564 Y162.817
G1 F1800 X46.913 Y73.167 E406.71092
G0 F6000 X47.52 Y73.001
G1 F1800 X137.336 Y162.817 E412.47759
G0 F6000 X138.108 Y162.817
G1 F1800 X48.233 Y72.942 E418.24805
G0 F6000 X49.005 Y72.942
G1 F1800 X138.88 Y162.817 E424.01852
G0 F6000 X139.652 Y162.817
G1 F1800 X49.777 Y72.942 E429.78898
G0 F6000 X50.549 Y72.942
G1 F1800 X140.425 Y162.817 E435.55947
G0 F6000 X141.197 Y162.817
G1 F1800 X51.321 Y72.942 E441.32996
G0 F6000 X52.093 Y72.942
G1 F1800 X141.969 Y162.817 E447.10046
G0 F6000 X142.741 Y162.817
G1 F1800 X52.866 Y72.942 E452.87092
G0 F6000 X53.638 Y72.942
G1 F1800 X143.513 Y162.817 E458.64138
G0 F6000 X144.285 Y162.817
G1 F1800 X54.41 Y72.942 E464.41184
G0 F6000 X55.182 Y72.942
G1 F1800 X145.058 Y162.817 E470.18234
G0 F6000 X145.83 Y162.817
G1 F1800 X55.954 Y72.942 E475.95283
G0 F6000 X56.726 Y72.942
G1 F1800 X146.602 Y162.817 E481.72333
G0 F6000 X147.374 Y162.817
G1 F1800 X57.499 Y72.942 E487.49379
G0 F6000 X58.271 Y72.942
G1 F1800 X148.146 Y162.817 E493.26425
G0 F6000 X148.918 Y162.817
G1 F1800 X59.043 Y72.942 E499.03471
G0 F6000 X59.815 Y72.942
G1 F1800 X149.69 Y162.817 E504.80517
G0 F6000 X150.463 Y162.817
G1 F1800 X60.587 Y72.942 E510.57567
G0 F6000 X61.359 Y72.942
G1 F1800 X151.235 Y162.817 E516.34616
G0 F6000 X152.007 Y162.817
G1 F1800 X62.132 Y72.942 E522.11662
G0 F6000 X62.904 Y72.942
G1 F1800 X152.779 Y162.817 E527.88708
G0 F6000 X153.551 Y162.817
G1 F1800 X63.676 Y72.942 E533.65754
G0 F6000 X64.448 Y72.942
G1 F1800 X154.323 Y162.817 E539.42801
G0 F6000 X155.096 Y162.817
G1 F1800 X65.22 Y72.942 E545.1985
G0 F6000 X65.992 Y72.942
G1 F1800 X155.868 Y162.817 E550.96899
G0 F6000 X156.64 Y162.817
G1 F1800 X66.765 Y72.942 E556.73946
G0 F6000 X67.537 Y72.942
G1 F1800 X157.412 Y162.817 E562.50992
G0 F6000 X158.184 Y162.817
G1 F1800 X68.309 Y72.942 E568.28038
G0 F6000 X69.081 Y72.942
G1 F1800 X158.956 Y162.817 E574.05084
G0 F6000 X159.729 Y162.817
G1 F1800 X69.853 Y72.942 E579.82133
G0 F6000 X70.625 Y72.942
G1 F1800 X160.501 Y162.817 E585.59183
G0 F6000 X161.273 Y162.817
G1 F1800 X71.397 Y72.942 E591.36232
G0 F6000 X72.17 Y72.942
G1 F1800 X162.045 Y162.817 E597.13278
G0 F6000 X162.817 Y162.817
G1 F1800 X72.942 Y72.942 E602.90324
G0 F6000 X73.714 Y72.942
G1 F1800 X163.589 Y162.817 E608.67371
G0 F6000 X164.362 Y162.817
G1 F1800 X74.486 Y72.942 E614.4442
G0 F6000 X75.258 Y72.942
G1 F1800 X165.134 Y162.817 E620.21469
G0 F6000 X165.906 Y162.817
G1 F1800 X76.03 Y72.942 E625.98519
G0 F6000 X76.803 Y72.942
G1 F1800 X166.678 Y162.817 E631.75565
G0 F6000 X167.45 Y162.817
G1 F1800 X77.575 Y72.942 E637.52611
G0 F6000 X78.347 Y72.942
G1 F1800 X168.222 Y162.817 E643.29657
G0 F6000 X168.994 Y162.817
G1 F1800 X79.119 Y72.942 E649.06703
G0 F6000 X79.891 Y72.942
G1 F1800 X169.767 Y162.817 E654.83753
G0 F6000 X170.508 Y162.787
G1 F1800 X80.663 Y72.942 E660.60606
G0 F6000 X81.436 Y72.942
G1 F1800 X171.245 Y162.751 E666.37229
G0 F6000 X171.978 Y162.712
G1 F1800 X82.208 Y72.942 E672.13601
G0 F6000 X82.98 Y72.942
G1 F1800 X172.65 Y162.611 E677.89328
G0 F6000 X173.321 Y162.51
G1 F1800 X83.752 Y72.942 E683.64406
G0 F6000 X84.524 Y72.942
G1 F1800 X173.984 Y162.401 E689.38784
G0 F6000 X174.602 Y162.247
G1 F1800 X85.296 Y72.942 E695.12174
G0 F6000 X86.069 Y72.942
G1 F1800 X175.221 Y162.094 E700.84578
G0 F6000 X175.838 Y161.939
G1 F1800 X86.841 Y72.942 E706.55987
G0 F6000 X87.613 Y72.942
G1 F1800 X176.406 Y161.735 E712.26086
G0 F6000 X176.975 Y161.532
G1 F1800 X88.385 Y72.942 E717.94882
G0 F6000 X89.157 Y72.942
G1 F1800 X177.543 Y161.327 E723.62365
G0 F6000 X178.078 Y161.09
G1 F1800 X89.929 Y72.942 E729.28326
G0 F6000 X90.702 Y72.942
G1 F1800 X178.602 Y160.842 E734.92691
G0 F6000 X179.126 Y160.594
G1 F1800 X91.474 Y72.942 E740.55465
G0 F6000 X92.246 Y72.942
G1 F1800 X179.636 Y160.332 E746.16556
G0 F6000 X180.12 Y160.044
G1 F1800 X93.018 Y72.942 E751.75798
G0 F6000 X93.79 Y72.942
G1 F1800 X180.603 Y159.755 E757.33184
G0 F6000 X181.087 Y159.466
G1 F1800 X94.562 Y72.942 E762.88718
G0 F6000 X95.334 Y72.942
G1 F1800 X181.54 Y159.147 E768.42204
G0 F6000 X181.983 Y158.819
G1 F1800 X96.107 Y72.942 E773.93578
G0 F6000 X96.879 Y72.942
G1 F1800 X182.427 Y158.49 E779.42843
G0 F6000 X182.862 Y158.153
G1 F1800 X97.651 Y72.942 E784.89943
G0 F6000 X98.423 Y72.942
G1 F1800 X183.267 Y157.785 E790.34684
G0 F6000 X183.672 Y157.418
G1 F1800 X99.195 Y72.942 E795.77069
G0 F6000 X99.967 Y72.942
G1 F1800 X184.076 Y157.051 E801.17095
G0 F6000 X184.462 Y156.664
G1 F1800 X100.74 Y72.942 E806.54635
G0 F6000 X101.512 Y72.942
G1 F1800 X184.829 Y156.259 E811.89576
G0 F6000 X185.196 Y155.854
G1 F1800 X102.284 Y72.942 E817.21915
G0 F6000 X103.056 Y72.942
G1 F1800 X185.563 Y155.449 E822.51655
G0 F6000 X185.895 Y155.009
G1 F1800 X103.828 Y72.942 E827.7857
G0 F6000 X104.6 Y72.942
G1 F1800 X186.224 Y154.565 E833.02637
G0 F6000 X186.553 Y154.122
G1 F1800 X105.373 Y72.942 E838.23856
G0 F6000 X106.145 Y72.942
G1 F1800 X186.868 Y153.665 E843.42142
G0 F6000 X187.157 Y153.182
G1 F1800 X106.917 Y72.942 E848.57326
G0 F6000 X107.689 Y72.942
G1 F1800 X187.446 Y152.699 E853.69409
G0 F6000 X187.736 Y152.216
G1 F1800 X108.461 Y72.942 E858.78394
G0 F6000 X109.233 Y72.942
G1 F1800 X187.994 Y151.703 E863.84083
G0 F6000 X188.242 Y151.178
G1 F1800 X110.006 Y72.942 E868.864
G0 F6000 X110.778 Y72.942
G1 F1800 X188.489 Y150.654 E873.8535
G0 F6000 X188.721 Y150.113
G1 F1800 X111.55 Y72.942 E878.8083
G0 F6000 X112.322 Y72.942
G1 F1800 X188.925 Y149.545 E883.72662
G0 F6000 X189.129 Y148.977
G1 F1800 X113.094 Y72.942 E888.60848
G0 F6000 X113.866 Y72.942
G1 F1800 X189.329 Y148.405 E893.45361
G0 F6000 X189.483 Y147.786
G1 F1800 X114.638 Y72.942 E898.25904
G0 F6000 X115.411 Y72.942
G1 F1800 X189.637 Y147.168 E903.02475
G0 F6000 X189.79 Y146.55
G1 F1800 X116.183 Y72.942 E907.75075
G0 F6000 X116.955 Y72.942
G1 F1800 X189.894 Y145.881 E912.43383
G0 F6000 X189.994 Y145.209
G1 F1800 X117.727 Y72.942 E917.07376
G0 F6000 X118.499 Y72.942
G1 F1800 X190.091 Y144.534 E921.67035
G0 F6000 X190.127 Y143.797
G1 F1800 X119.271 Y72.942 E926.21966
G0 F6000 X120.044 Y72.942
G1 F1800 X190.164 Y143.062 E930.72174
G0 F6000 X190.191 Y142.317
G1 F1800 X120.816 Y72.942 E935.17599
G0 F6000 X121.588 Y72.942
G1 F1800 X190.191 Y141.545 E939.58068
G0 F6000 X190.191 Y140.772
G1 F1800 X122.36 Y72.942 E943.93576
G0 F6000 X123.132 Y72.942
G1 F1800 X190.191 Y140 E948.24128
G0 F6000 X190.191 Y139.228
G1 F1800 X123.904 Y72.942 E952.49724
G0 F6000 X124.677 Y72.942
G1 F1800 X190.191 Y138.456 E956.70359
G0 F6000 X190.191 Y137.684
G1 F1800 X125.449 Y72.942 E960.86038
G0 F6000 X126.221 Y72.942
G1 F1800 X190.191 Y136.912 E964.9676
G0 F6000 X190.191 Y136.139
G1 F1800 X126.993 Y72.942 E969.02522
G0 F6000 X127.765 Y72.942
G1 F1800 X190.191 Y135.367 E973.03327
G0 F6000 X190.191 Y134.595
G1 F1800 X128.537 Y72.942 E976.99176
G0 F6000 X129.31 Y72.942
G1 F1800 X190.191 Y133.823 E980.90065
G0 F6000 X190.191 Y133.051
G1 F1800 X130.082 Y72.942 E984.75997
G0 F6000 X130.854 Y72.942
G1 F1800 X190.191 Y132.279 E988.56973
G0 F6000 X190.191 Y131.507
G1 F1800 X131.626 Y72.942 E992.32992
G0 F6000 X132.398 Y72.942
G1 F1800 X190.191 Y130.734 E996.04051
G0 F6000 X190.191 Y129.962
G1 F1800 X133.17 Y72.942 E999.70154
G0 F6000 X133.942 Y72.942
G1 F1800 X190.191 Y129.19 E1003.313
G0 F6000 X190.191 Y128.418
G1 F1800 X134.715 Y72.942 E1006.87486
G0 F6000 X135.487 Y72.942
G1 F1800 X190.191 Y127.646 E1010.38715
G0 F6000 X190.191 Y126.874
G1 F1800 X136.259 Y72.942 E1013.84988
G0 F6000 X137.031 Y72.942
G1 F1800 X190.191 Y126.101 E1017.263
G0 F6000 X190.191 Y125.329
G1 F1800 X137.803 Y72.942 E1020.62656
G0 F6000 X138.575 Y72.942
G1 F1800 X190.191 Y124.557 E1023.94056
G0 F6000 X190.191 Y123.785
G1 F1800 X139.348 Y72.942 E1027.20495
G0 F6000 X140.12 Y72.942
G1 F1800 X190.191 Y123.013 E1030.41978
G0 F6000 X190.191 Y122.241
G1 F1800 X140.892 Y72.942 E1033.58505
G0 F6000 X141.664 Y72.942
G1 F1800 X190.191 Y121.468 E1036.70071
G0 F6000 X190.191 Y120.696
G1 F1800 X142.436 Y72.942 E1039.76681
G0 F6000 X143.208 Y72.942
G1 F1800 X187.917 Y117.651 E1042.63737
G0 F6000 X188.591 Y118.325
G1 F1800 X190.191 Y119.924 E1042.74006
G0 F6000 X190.191 Y119.152
G1 F1800 X189.527 Y118.488 E1042.7827
G0 F6000 X189.527 Y117.841
G0 X188.363 Y116.683
G0 X187.721 Y116.682
G1 F1800 X143.981 Y72.942 E1045.59104
G0 F6000 X144.753 Y72.942
G1 F1800 X187.721 Y115.91 E1048.34982
G0 F6000 X187.721 Y115.138
G1 F1800 X145.525 Y72.942 E1051.05903
G0 F6000 X146.297 Y72.942
G1 F1800 X187.721 Y114.366 E1053.71868
G0 F6000 X187.721 Y113.593
G1 F1800 X147.069 Y72.942 E1056.32872
G0 F6000 X147.841 Y72.942
G1 F1800 X187.721 Y112.821 E1058.8892
G0 F6000 X187.721 Y112.049
G1 F1800 X148.614 Y72.942 E1061.40008
G0 F6000 X149.386 Y72.942
G1 F1800 X187.77 Y111.326 E1063.86455
G0 F6000 X188.016 Y110.8
G1 F1800 X150.158 Y72.942 E1066.29523
G0 F6000 X150.93 Y72.942
G1 F1800 X188.391 Y110.403 E1068.70043
G0 F6000 X188.936 Y110.175
G1 F1800 X151.702 Y72.942 E1071.09103
G0 F6000 X152.474 Y72.942
G1 F1800 X189.652 Y110.119 E1073.47802
G0 F6000 X190.192 Y109.887
G1 F1800 X153.247 Y72.942 E1075.85009
G0 F6000 X154.019 Y72.942
G1 F1800 X190.192 Y109.115 E1078.17259
G0 F6000 X190.192 Y108.343
G1 F1800 X154.791 Y72.942 E1080.44553
G0 F6000 X155.563 Y72.942
G1 F1800 X190.192 Y107.571 E1082.6689
G0 F6000 X190.192 Y106.799
G1 F1800 X156.335 Y72.942 E1084.8427
G0 F6000 X157.107 Y72.942
G1 F1800 X190.192 Y106.027 E1086.96694
G0 F6000 X190.192 Y105.254
G1 F1800 X157.879 Y72.942 E1089.04158
G0 F6000 X158.652 Y72.942
G1 F1800 X190.192 Y104.482 E1091.06661
G0 F6000 X190.192 Y103.71
G1 F1800 X159.424 Y72.942 E1093.04209
G0 F6000 X160.196 Y72.942
G1 F1800 X190.192 Y102.938 E1094.96799
G0 F6000 X190.192 Y102.166
G1 F1800 X160.968 Y72.942 E1096.84433
G0 F6000 X161.74 Y72.942
G1 F1800 X190.192 Y101.394 E1098.6711
G0 F6000 X190.192 Y100.622
G1 F1800 X162.512 Y72.942 E1100.44831
G0 F6000 X163.285 Y72.942
G1 F1800 X190.192 Y99.849 E1102.17588
G0 F6000 X190.192 Y99.077
G1 F1800 X164.057 Y72.942 E1103.85389
G0 F6000 X164.829 Y72.942
G1 F1800 X190.192 Y98.305 E1105.48233
G0 F6000 X190.192 Y97.533
G1 F1800 X165.601 Y72.942 E1107.06121
G0 F6000 X166.373 Y72.942
G1 F1800 X190.192 Y96.761 E1108.59052
G0 F6000 X190.192 Y95.989
G1 F1800 X167.145 Y72.942 E1110.07026
G0 F6000 X167.918 Y72.942
G1 F1800 X190.192 Y95.216 E1111.50037
G0 F6000 X190.192 Y94.444
G1 F1800 X168.69 Y72.942 E1112.88092
G0 F6000 X169.462 Y72.942
G1 F1800 X190.192 Y93.672 E1114.2119
G0 F6000 X190.192 Y92.9
G1 F1800 X170.234 Y72.942 E1115.49331
G0 F6000 X171.006 Y72.942
G1 F1800 X190.192 Y92.128 E1116.72515
G0 F6000 X190.192 Y91.356
G1 F1800 X171.778 Y72.942 E1117.90743
G0 F6000 X172.551 Y72.942
G1 F1800 X190.192 Y90.583 E1119.04008
G0 F6000 X190.192 Y89.811
G1 F1800 X173.323 Y72.942 E1120.12316
G0 F6000 X174.095 Y72.942
G1 F1800 X190.192 Y89.039 E1121.15667
G0 F6000 X190.192 Y88.267
G1 F1800 X174.867 Y72.942 E1122.14062
G0 F6000 X175.639 Y72.942
G1 F1800 X190.192 Y87.495 E1123.075
G0 F6000 X190.192 Y86.723
G1 F1800 X176.411 Y72.942 E1123.95982
G0 F6000 X177.183 Y72.942
G1 F1800 X190.192 Y85.95 E1124.79503
G0 F6000 X190.192 Y85.178
G1 F1800 X177.956 Y72.942 E1125.58065
G0 F6000 X178.728 Y72.942
G1 F1800 X190.192 Y84.406 E1126.3167
G0 F6000 X190.192 Y83.634
G1 F1800 X179.5 Y72.942 E1127.00319
G0 F6000 X180.272 Y72.942
G1 F1800 X190.192 Y82.862 E1127.6401
G0 F6000 X190.192 Y82.09
G1 F1800 X181.044 Y72.942 E1128.22746
G0 F6000 X181.816 Y72.942
G1 F1800 X190.192 Y81.317 E1128.76521
G0 F6000 X190.192 Y80.545
G1 F1800 X182.589 Y72.942 E1129.25336
G0 F6000 X183.361 Y72.942
G1 F1800 X190.192 Y79.773 E1129.69195
G0 F6000 X190.192 Y79.001
G1 F1800 X184.133 Y72.942 E1130.08097
G0 F6000 X184.905 Y72.942
G1 F1800 X190.192 Y78.229 E1130.42042
G0 F6000 X190.192 Y77.457
G1 F1800 X185.677 Y72.942 E1130.71031
G0 F6000 X186.449 Y72.942
G1 F1800 X190.192 Y76.685 E1130.95063
G0 F6000 X190.154 Y75.874
G1 F1800 X187.26 Y72.98 E1131.13644
G1 X187.186 Y72.906
G0 F6000 X187.243 Y72.33
G0 X188.634 Y72.704
G0 X188.328 Y73.276
G1 F1800 X189.863 Y74.811 E1131.235
G1 X189.937 Y74.885
G1 F1500 E1130.235
;MESH:NONMESH
G0 F600 X189.937 Y74.885 Z0.4
G0 F6000 X190.482 Y74.594
G0 X189.652 Y73.483
G0 X188.411 Y72.654
G0 X186.902 Y72.357
G0 X48.098 Y72.357
G0 X46.588 Y72.654
G0 X45.348 Y73.483
G0 X44.519 Y74.724
G0 X44.222 Y76.233
G0 X44.233 Y110.694
G0 X46.633 Y111.326
G0 X46.627 Y117.251
G0 X44.472 Y117.848
G0 X43.883 Y117.946
;TIME_ELAPSED:868.365733
;LAYER:1
M140 S65
M106 S85
M204 S1250
;TYPE:WALL-INNER
;MESH:Bottom_Standoffs.stl
G1 F1500 E1131.235
G1 F2790 X43.884 Y142.566 E1132.09481
G1 X43.987 Y144.655 E1132.16785
G1 X44.291 Y146.7 E1132.24005
G1 X44.795 Y148.721 E1132.31279
G1 X45.495 Y150.673 E1132.38521
G1 X46.377 Y152.538 E1132.45726
G1 X47.455 Y154.338 E1132.53053
G1 X48.692 Y156.006 E1132.60306
G1 X50.084 Y157.541 E1132.67542
G1 X51.632 Y158.944 E1132.74838
G1 X53.278 Y160.166 E1132.81998
G1 X55.082 Y161.245 E1132.89339
G1 X56.957 Y162.132 E1132.96583
G1 X58.906 Y162.831 E1133.03814
G1 X60.927 Y163.336 E1133.11089
G1 X62.97 Y163.64 E1133.18302
G1 X65.077 Y163.744 E1133.25669
G1 X169.923 Y163.743 E1136.91824
G1 X172.03 Y163.64 E1136.99192
G1 X174.073 Y163.336 E1137.06405
G1 X176.094 Y162.831 E1137.1368
G1 X178.043 Y162.132 E1137.20911
G1 X179.918 Y161.245 E1137.28155
G1 X181.722 Y160.166 E1137.35496
G1 X183.368 Y158.944 E1137.42655
G1 X184.916 Y157.541 E1137.49951
G1 X186.308 Y156.006 E1137.57188
G1 X187.545 Y154.338 E1137.6444
G1 X188.623 Y152.538 E1137.71767
G1 X189.505 Y150.673 E1137.78972
G1 X190.205 Y148.721 E1137.86214
G1 X190.709 Y146.7 E1137.93488
G1 X191.013 Y144.656 E1138.00705
G1 X191.116 Y142.55 E1138.08069
G1 X191.117 Y117.946 E1138.93994
G1 X190.975 Y117.705 E1138.94971
G1 X190.728 Y117.563 E1138.95966
G1 X189.14 Y117.563 E1139.01511
G1 X188.842 Y117.396 E1139.02704
G1 X188.718 Y117.237 E1139.03409
G1 X188.641 Y117.023 E1139.04203
G1 X188.645 Y111.596 E1139.23156
G1 X188.676 Y111.464 E1139.23629
G1 X188.89 Y111.171 E1139.24896
G1 X189.143 Y111.044 E1139.25885
G1 X191.117 Y111.044 E1139.32779
G1 X191.117 Y76.215 E1140.54413
G1 X191.035 Y75.378 E1140.5735
G1 X190.796 Y74.593 E1140.60215
G1 X190.412 Y73.875 E1140.63059
G1 X189.892 Y73.243 E1140.65917
G1 X189.26 Y72.723 E1140.68775
G1 X188.542 Y72.339 E1140.71619
G1 X187.757 Y72.1 E1140.74485
G1 X186.92 Y72.018 E1140.77422
G1 X48.08 Y72.018 E1145.62295
G1 X47.243 Y72.1 E1145.65232
G1 X46.458 Y72.339 E1145.68097
G1 X45.74 Y72.723 E1145.70941
G1 X45.108 Y73.243 E1145.73799
G1 X44.588 Y73.875 E1145.76657
G1 X44.204 Y74.593 E1145.79501
G1 X43.965 Y75.378 E1145.82367
G1 X43.883 Y76.215 E1145.85304
G1 X43.883 Y111.044 E1147.06937
G1 X45.857 Y111.044 E1147.13831
G1 X46.11 Y111.171 E1147.1482
G1 X46.297 Y111.399 E1147.1585
G1 X46.359 Y111.593 E1147.16561
G1 X46.356 Y117.003 E1147.35454
G1 X46.251 Y117.287 E1147.36512
G1 X46.158 Y117.396 E1147.37012
G1 X45.86 Y117.563 E1147.38205
G1 X44.272 Y117.563 E1147.43751
G1 X44.025 Y117.705 E1147.44746
G1 X43.883 Y117.946 E1147.45723
M204 S750
G0 F7500 X43.497 Y117.797
M204 S1250
;TYPE:WALL-OUTER
G1 F2220 X43.463 Y118.051 E1147.46618
G1 X43.464 Y142.576 E1148.32267
G1 X43.569 Y144.697 E1148.39683
G1 X43.879 Y146.782 E1148.47045
G1 X44.393 Y148.843 E1148.54463
G1 X45.107 Y150.834 E1148.6185
G1 X46.006 Y152.736 E1148.69197
G1 X47.105 Y154.572 E1148.76669
G1 X48.367 Y156.273 E1148.84066
G1 X49.787 Y157.839 E1148.91449
G1 X51.365 Y159.269 E1148.98886
G1 X53.044 Y160.516 E1149.0619
G1 X54.884 Y161.616 E1149.13676
G1 X56.796 Y162.52 E1149.21062
G1 X58.784 Y163.233 E1149.28438
G1 X60.845 Y163.748 E1149.35857
G1 X62.929 Y164.058 E1149.43215
G1 X65.067 Y164.164 E1149.50691
G1 X169.933 Y164.163 E1153.16916
G1 X172.071 Y164.058 E1153.24391
G1 X174.155 Y163.748 E1153.31749
G1 X176.216 Y163.233 E1153.39168
G1 X178.204 Y162.52 E1153.46544
G1 X180.116 Y161.616 E1153.5393
G1 X181.956 Y160.516 E1153.61417
G1 X183.635 Y159.269 E1153.68721
G1 X185.213 Y157.839 E1153.76158
G1 X186.633 Y156.273 E1153.8354
G1 X187.895 Y154.572 E1153.90937
G1 X188.994 Y152.736 E1153.9841
G1 X189.893 Y150.834 E1154.05757
G1 X190.607 Y148.843 E1154.13144
G1 X191.121 Y146.782 E1154.20562
G1 X191.431 Y144.697 E1154.27923
G1 X191.536 Y142.56 E1154.35395
G1 X191.537 Y118.051 E1155.20989
G1 X191.503 Y117.797 E1155.21884
G1 X191.418 Y117.591 E1155.22662
G1 X191.275 Y117.405 E1155.23481
G1 X191.091 Y117.264 E1155.24291
G1 X190.878 Y117.177 E1155.25094
G1 X190.632 Y117.143 E1155.25961
G1 X189.225 Y117.143 E1155.30875
G1 X189.128 Y117.088 E1155.31265
G1 X189.063 Y116.968 E1155.31741
G1 X189.066 Y111.624 E1155.50404
G1 X189.19 Y111.464 E1155.51111
G1 X191.537 Y111.464 E1155.59308
G1 X191.537 Y76.195 E1156.82478
G1 X191.449 Y75.296 E1156.85633
G1 X191.186 Y74.431 E1156.8879
G1 X190.763 Y73.64 E1156.91923
G1 X190.19 Y72.945 E1156.95068
G1 X189.495 Y72.372 E1156.98214
G1 X188.704 Y71.949 E1157.01347
G1 X187.839 Y71.686 E1157.04504
G1 X186.94 Y71.598 E1157.07659
G1 X48.06 Y71.598 E1161.92671
G1 X47.161 Y71.686 E1161.95826
G1 X46.296 Y71.949 E1161.98983
G1 X45.505 Y72.372 E1162.02116
G1 X44.81 Y72.945 E1162.05261
G1 X44.237 Y73.64 E1162.08407
G1 X43.814 Y74.431 E1162.1154
G1 X43.551 Y75.296 E1162.14697
G1 X43.463 Y76.195 E1162.17852
G1 X43.463 Y111.464 E1163.41022
G1 X45.775 Y111.464 E1163.49096
G1 X45.875 Y111.522 E1163.495
G1 X45.937 Y111.638 E1163.49959
G1 X45.931 Y116.994 E1163.68664
G1 X45.872 Y117.088 E1163.69052
G1 X45.775 Y117.143 E1163.69441
G1 X44.368 Y117.143 E1163.74355
G1 X44.122 Y117.177 E1163.75222
G1 X43.909 Y117.264 E1163.76026
G1 X43.725 Y117.405 E1163.76835
G1 X43.582 Y117.591 E1163.77655
G1 X43.497 Y117.797 E1163.78433
M204 S750
G0 F7500 X43.471 Y117.995
G0 X44.219 Y118.106
;TYPE:SKIN
G1 F1950 X44.248 Y117.974 E1163.78905
G1 X44.427 Y117.899 E1163.79583
G1 X45.766 Y117.894 E1163.84259
G1 X46.18 Y117.785 E1163.85754
G1 X46.504 Y117.51 E1163.87238
G1 X46.645 Y117.243 E1163.88293
G1 X46.688 Y117.043 E1163.89007
G1 X46.695 Y111.647 E1164.07852
G1 X46.618 Y111.291 E1164.09124
G1 X46.491 Y111.082 E1164.09978
G1 X46.19 Y110.828 E1164.11353
G1 X45.773 Y110.714 E1164.12863
G1 X44.219 Y110.708 E1164.1829
G1 X44.219 Y76.228 E1165.38705
G1 X44.295 Y75.448 E1165.41442
G1 X44.516 Y74.728 E1165.44072
G1 X44.873 Y74.057 E1165.46727
G1 X45.347 Y73.482 E1165.49329
G1 X45.922 Y73.008 E1165.51931
G1 X46.593 Y72.651 E1165.54586
G1 X47.313 Y72.43 E1165.57216
G1 X48.093 Y72.354 E1165.59953
G1 X186.907 Y72.354 E1170.44735
G1 X187.687 Y72.43 E1170.47472
G1 X188.407 Y72.651 E1170.50102
G1 X189.078 Y73.008 E1170.52757
G1 X189.653 Y73.482 E1170.55359
G1 X190.127 Y74.057 E1170.57961
G1 X190.484 Y74.728 E1170.60616
G1 X190.705 Y75.448 E1170.63246
G1 X190.781 Y76.228 E1170.65983
G1 X190.781 Y110.708 E1171.86398
G1 X189.227 Y110.714 E1171.91825
G1 X188.813 Y110.825 E1171.93322
G1 X188.535 Y111.045 E1171.9456
G1 X188.397 Y111.261 E1171.95455
G1 X188.311 Y111.57 E1171.96575
G1 X188.308 Y117.059 E1172.15745
G1 X188.449 Y117.436 E1172.1715
G1 X188.733 Y117.733 E1172.18585
G1 X189.126 Y117.9 E1172.20077
G1 X190.65 Y117.9 E1172.25399
G1 X190.78 Y118.027 E1172.26034
G1 X190.779 Y142.533 E1173.11616
G1 X190.677 Y144.63 E1173.18948
G1 X190.378 Y146.63 E1173.26011
G1 X189.882 Y148.625 E1173.3319
G1 X189.194 Y150.543 E1173.40306
G1 X188.333 Y152.365 E1173.47344
G1 X187.262 Y154.155 E1173.54628
G1 X186.044 Y155.796 E1173.61765
G1 X184.677 Y157.303 E1173.68871
G1 X183.158 Y158.681 E1173.76033
G1 X181.539 Y159.883 E1173.83075
G1 X179.752 Y160.951 E1173.90346
G1 X177.908 Y161.822 E1173.97468
G1 X175.997 Y162.508 E1174.04559
G1 X174.002 Y163.005 E1174.11739
G1 X172.004 Y163.304 E1174.18794
G1 X169.906 Y163.406 E1174.2613
G1 X65.094 Y163.408 E1177.92166
G1 X62.995 Y163.304 E1177.99505
G1 X60.998 Y163.005 E1178.06557
G1 X59.003 Y162.508 E1178.13737
G1 X57.092 Y161.822 E1178.20828
G1 X55.248 Y160.951 E1178.2795
G1 X53.461 Y159.883 E1178.35221
G1 X51.842 Y158.681 E1178.42263
G1 X50.323 Y157.303 E1178.49425
G1 X48.956 Y155.796 E1178.56531
G1 X47.738 Y154.155 E1178.63668
G1 X46.667 Y152.365 E1178.70952
G1 X45.806 Y150.543 E1178.7799
G1 X45.118 Y148.625 E1178.85106
G1 X44.622 Y146.63 E1178.92285
G1 X44.323 Y144.631 E1178.99344
G1 X44.221 Y142.565 E1179.06568
G1 X44.219 Y118.106 E1179.91987
G1 F1500 E1178.91987
G0 F7500 X46.567 Y117.771
G0 X46.567 Y110.836
G0 X44.862 Y74.525
G1 F1500 E1179.91987
G1 F1950 X46.391 Y72.996 E1179.99538
G1 X46.465 Y72.922
G0 F7500 X47.342 Y72.639
G1 F1950 X44.506 Y75.475 E1180.13545
G0 F7500 X44.438 Y76.137
G1 F1950 X48.003 Y72.572 E1180.31152
G0 F7500 X48.606 Y72.563
G1 F1950 X44.428 Y76.74 E1180.51784
G0 F7500 X44.428 Y77.334
G1 F1950 X49.2 Y72.563 E1180.7535
G0 F7500 X49.794 Y72.563
G1 F1950 X44.428 Y77.928 E1181.0185
G0 F7500 X44.428 Y78.522
G1 F1950 X50.388 Y72.563 E1181.31283
G0 F7500 X50.982 Y72.563
G1 F1950 X44.428 Y79.116 E1181.6365
G0 F7500 X44.428 Y79.71
G1 F1950 X51.576 Y72.563 E1181.9895
G0 F7500 X52.17 Y72.563
G1 F1950 X44.428 Y80.304 E1182.37185
G0 F7500 X44.428 Y80.898
G1 F1950 X52.764 Y72.563 E1182.78353
G0 F7500 X53.358 Y72.563
G1 F1950 X44.428 Y81.492 E1183.22454
G0 F7500 X44.428 Y82.086
G1 F1950 X53.952 Y72.563 E1183.6949
G0 F7500 X54.546 Y72.563
G1 F1950 X44.428 Y82.68 E1184.19459
G0 F7500 X44.428 Y83.274
G1 F1950 X55.14 Y72.563 E1184.72362
G0 F7500 X55.734 Y72.563
G1 F1950 X44.428 Y83.868 E1185.28198
G0 F7500 X44.428 Y84.462
G1 F1950 X56.328 Y72.563 E1185.86968
G0 F7500 X56.922 Y72.563
G1 F1950 X44.428 Y85.056 E1186.48672
G0 F7500 X44.428 Y85.65
G1 F1950 X57.516 Y72.563 E1187.1331
G0 F7500 X58.11 Y72.563
G1 F1950 X44.428 Y86.244 E1187.80881
G0 F7500 X44.428 Y86.838
G1 F1950 X58.704 Y72.563 E1188.51386
G0 F7500 X59.297 Y72.563
G1 F1950 X44.428 Y87.432 E1189.24822
G0 F7500 X44.428 Y88.026
G1 F1950 X59.891 Y72.563 E1190.01192
G0 F7500 X60.485 Y72.563
G1 F1950 X44.428 Y88.62 E1190.80496
G0 F7500 X44.428 Y89.214
G1 F1950 X61.079 Y72.563 E1191.62733
G0 F7500 X61.673 Y72.563
G1 F1950 X44.428 Y89.808 E1192.47904
G0 F7500 X44.428 Y90.402
G1 F1950 X62.267 Y72.563 E1193.36009
G0 F7500 X62.861 Y72.563
G1 F1950 X44.428 Y90.996 E1194.27047
G0 F7500 X44.428 Y91.59
G1 F1950 X63.455 Y72.563 E1195.21019
G0 F7500 X64.049 Y72.563
G1 F1950 X44.428 Y92.184 E1196.17925
G0 F7500 X44.428 Y92.778
G1 F1950 X64.643 Y72.563 E1197.17764
G0 F7500 X65.237 Y72.563
G1 F1950 X44.428 Y93.372 E1198.20537
G0 F7500 X44.428 Y93.966
G1 F1950 X65.831 Y72.563 E1199.26244
G0 F7500 X66.425 Y72.563
G1 F1950 X44.428 Y94.559 E1200.34882
G0 F7500 X44.428 Y95.153
G1 F1950 X67.019 Y72.563 E1201.46454
G0 F7500 X67.613 Y72.563
G1 F1950 X44.428 Y95.747 E1202.60959
G0 F7500 X44.428 Y96.341
G1 F1950 X68.207 Y72.563 E1203.78398
G0 F7500 X68.801 Y72.563
G1 F1950 X44.428 Y96.935 E1204.98771
G0 F7500 X44.428 Y97.529
G1 F1950 X69.395 Y72.563 E1206.22078
G0 F7500 X69.989 Y72.563
G1 F1950 X44.428 Y98.123 E1207.48318
G0 F7500 X44.428 Y98.717
G1 F1950 X70.583 Y72.563 E1208.77492
G0 F7500 X71.177 Y72.563
G1 F1950 X44.428 Y99.311 E1210.09599
G0 F7500 X44.428 Y99.905
G1 F1950 X71.771 Y72.563 E1211.44641
G0 F7500 X72.365 Y72.563
G1 F1950 X44.428 Y100.499 E1212.82615
G0 F7500 X44.428 Y101.093
G1 F1950 X72.959 Y72.563 E1214.23524
G0 F7500 X73.553 Y72.563
G1 F1950 X44.428 Y101.687 E1215.67367
G0 F7500 X44.428 Y102.281
G1 F1950 X74.147 Y72.563 E1217.14143
G0 F7500 X74.741 Y72.563
G1 F1950 X44.428 Y102.875 E1218.63852
G0 F7500 X44.428 Y103.469
G1 F1950 X75.335 Y72.563 E1220.16496
G0 F7500 X75.929 Y72.563
G1 F1950 X44.428 Y104.063 E1221.72073
G0 F7500 X44.428 Y104.657
G1 F1950 X76.523 Y72.563 E1223.30584
G0 F7500 X77.117 Y72.563
G1 F1950 X44.428 Y105.251 E1224.92028
G0 F7500 X44.428 Y105.845
G1 F1950 X77.711 Y72.563 E1226.56406
G0 F7500 X78.305 Y72.563
G1 F1950 X44.428 Y106.439 E1228.23718
G0 F7500 X44.428 Y107.033
G1 F1950 X78.898 Y72.563 E1229.93961
G0 F7500 X79.492 Y72.563
G1 F1950 X44.428 Y107.627 E1231.67138
G0 F7500 X44.428 Y108.221
G1 F1950 X80.086 Y72.563 E1233.43249
G0 F7500 X80.68 Y72.563
G1 F1950 X44.428 Y108.815 E1235.22293
G0 F7500 X44.428 Y109.409
G1 F1950 X81.274 Y72.563 E1237.04271
G0 F7500 X81.868 Y72.563
G1 F1950 X44.428 Y110.003 E1238.89182
G0 F7500 X44.529 Y110.496
G1 F1950 X82.462 Y72.563 E1240.76529
G0 F7500 X83.056 Y72.563
G1 F1950 X45.123 Y110.496 E1242.63875
G0 F7500 X45.717 Y110.496
G1 F1950 X83.65 Y72.563 E1244.51222
G0 F7500 X84.244 Y72.563
G1 F1950 X46.191 Y110.616 E1246.39161
G0 F7500 X46.543 Y110.858
G1 F1950 X84.838 Y72.563 E1248.28295
G0 F7500 X85.432 Y72.563
G1 F1950 X46.803 Y111.192 E1250.19079
G0 F7500 X46.904 Y111.685
G1 F1950 X86.026 Y72.563 E1252.12298
G0 F7500 X86.62 Y72.563
G1 F1950 X46.903 Y112.28 E1254.08455
G0 F7500 X46.903 Y112.874
G1 F1950 X87.214 Y72.563 E1256.07547
G0 F7500 X87.808 Y72.563
G1 F1950 X46.902 Y113.469 E1258.09576
G0 F7500 X46.901 Y114.064
G1 F1950 X88.402 Y72.563 E1260.14545
G0 F7500 X88.996 Y72.563
G1 F1950 X46.9 Y114.659 E1262.22452
G0 F7500 X46.899 Y115.254
G1 F1950 X89.59 Y72.563 E1264.33297
G0 F7500 X90.184 Y72.563
G1 F1950 X46.898 Y115.848 E1266.47079
G0 F7500 X46.898 Y116.443
G1 F1950 X90.778 Y72.563 E1268.63797
G0 F7500 X91.372 Y72.563
G1 F1950 X46.897 Y117.038 E1270.83454
G1 X46.823 Y117.112
G0 F7500 X45.865 Y118.07
G1 F1950 X44.433 Y119.502 E1270.90526
G0 F7500 X44.433 Y120.096
G1 F1950 X91.966 Y72.563 E1273.25286
G0 F7500 X92.56 Y72.563
G1 F1950 X44.433 Y120.69 E1275.62979
G0 F7500 X44.433 Y121.284
G1 F1950 X93.154 Y72.563 E1278.03606
G0 F7500 X93.748 Y72.563
G1 F1950 X44.433 Y121.878 E1280.47167
G0 F7500 X44.433 Y122.472
G1 F1950 X94.342 Y72.563 E1282.93662
G0 F7500 X94.936 Y72.563
G1 F1950 X44.433 Y123.066 E1285.4309
G0 F7500 X44.433 Y123.66
G1 F1950 X95.53 Y72.563 E1287.95452
G0 F7500 X96.124 Y72.563
G1 F1950 X44.433 Y124.254 E1290.50747
G0 F7500 X44.433 Y124.848
G1 F1950 X96.718 Y72.563 E1293.08976
G0 F7500 X97.312 Y72.563
G1 F1950 X44.433 Y125.442 E1295.70139
G0 F7500 X44.433 Y126.036
G1 F1950 X97.906 Y72.563 E1298.34236
G0 F7500 X98.499 Y72.563
G1 F1950 X44.432 Y126.63 E1301.01266
G0 F7500 X44.432 Y127.224
G1 F1950 X99.093 Y72.563 E1303.7123
G0 F7500 X99.687 Y72.563
G1 F1950 X44.432 Y127.818 E1306.44128
G0 F7500 X44.432 Y128.412
G1 F1950 X100.281 Y72.563 E1309.19959
G0 F7500 X100.875 Y72.563
G1 F1950 X44.432 Y129.006 E1311.98724
G0 F7500 X44.432 Y129.6
G1 F1950 X101.469 Y72.563 E1314.80423
G0 F7500 X102.063 Y72.563
G1 F1950 X44.432 Y130.194 E1317.65056
G0 F7500 X44.432 Y130.788
G1 F1950 X102.657 Y72.563 E1320.52622
G0 F7500 X103.251 Y72.563
G1 F1950 X44.432 Y131.382 E1323.43122
G0 F7500 X44.432 Y131.976
G1 F1950 X103.845 Y72.563 E1326.36555
G0 F7500 X104.439 Y72.563
G1 F1950 X44.432 Y132.57 E1329.32923
G0 F7500 X44.432 Y133.164
G1 F1950 X105.033 Y72.563 E1332.32224
G0 F7500 X105.627 Y72.563
G1 F1950 X44.432 Y133.758 E1335.34458
G0 F7500 X44.432 Y134.352
G1 F1950 X106.221 Y72.563 E1338.39627
G0 F7500 X106.815 Y72.563
G1 F1950 X44.431 Y134.947 E1341.47734
G0 F7500 X44.431 Y135.541
G1 F1950 X107.409 Y72.563 E1344.58774
G0 F7500 X108.003 Y72.563
G1 F1950 X44.431 Y136.135 E1347.72749
G0 F7500 X44.431 Y136.728
G1 F1950 X108.597 Y72.563 E1350.89654
G0 F7500 X109.191 Y72.563
G1 F1950 X44.431 Y137.322 E1354.09493
G0 F7500 X44.431 Y137.916
G1 F1950 X109.785 Y72.563 E1357.32266
G0 F7500 X110.379 Y72.563
G1 F1950 X44.431 Y138.51 E1360.57973
G0 F7500 X44.431 Y139.104
G1 F1950 X110.973 Y72.563 E1363.86613
G0 F7500 X111.567 Y72.563
G1 F1950 X44.431 Y139.698 E1367.18187
G0 F7500 X44.431 Y140.292
G1 F1950 X112.161 Y72.563 E1370.52695
G0 F7500 X112.755 Y72.563
G1 F1950 X44.431 Y140.886 E1373.90137
G0 F7500 X44.431 Y141.48
G1 F1950 X113.349 Y72.563 E1377.30512
G0 F7500 X113.943 Y72.563
G1 F1950 X44.431 Y142.074 E1380.73821
G0 F7500 X44.436 Y142.664
G1 F1950 X114.537 Y72.563 E1384.20041
G0 F7500 X115.131 Y72.563
G1 F1950 X44.464 Y143.23 E1387.69057
G0 F7500 X44.492 Y143.795
G1 F1950 X115.725 Y72.563 E1391.20865
G0 F7500 X116.319 Y72.563
G1 F1950 X44.52 Y144.362 E1394.75472
G0 F7500 X44.576 Y144.9
G1 F1950 X116.913 Y72.563 E1398.32735
G0 F7500 X117.507 Y72.563
G1 F1950 X44.653 Y145.417 E1401.92552
G0 F7500 X44.73 Y145.933
G1 F1950 X118.1 Y72.563 E1405.54918
G0 F7500 X118.694 Y72.563
G1 F1950 X44.807 Y146.45 E1409.19837
G0 F7500 X44.915 Y146.936
G1 F1950 X119.288 Y72.563 E1412.87156
G0 F7500 X119.882 Y72.563
G1 F1950 X45.034 Y147.411 E1416.56821
G0 F7500 X45.152 Y147.887
G1 F1950 X120.476 Y72.563 E1420.28837
G0 F7500 X121.07 Y72.563
G1 F1950 X45.27 Y148.363 E1424.03204
G0 F7500 X45.41 Y148.817
G1 F1950 X121.664 Y72.563 E1427.79813
G0 F7500 X122.258 Y72.563
G1 F1950 X45.567 Y149.254 E1431.58581
G0 F7500 X45.724 Y149.691
G1 F1950 X122.852 Y72.563 E1435.39507
G0 F7500 X123.446 Y72.563
G1 F1950 X45.881 Y150.128 E1439.22591
G0 F7500 X46.046 Y150.557
G1 F1950 X124.04 Y72.563 E1443.07793
G0 F7500 X124.634 Y72.563
G1 F1950 X46.236 Y150.961 E1446.94992
G0 F7500 X46.427 Y151.364
G1 F1950 X125.228 Y72.563 E1450.8418
G0 F7500 X125.822 Y72.563
G1 F1950 X46.618 Y151.767 E1454.75359
G0 F7500 X46.808 Y152.171
G1 F1950 X126.416 Y72.563 E1458.68533
G0 F7500 X127.01 Y72.563
G1 F1950 X47.023 Y152.55 E1462.63579
G0 F7500 X47.246 Y152.921
G1 F1950 X127.604 Y72.563 E1466.60458
G0 F7500 X128.198 Y72.563
G1 F1950 X47.468 Y153.293 E1470.59173
G0 F7500 X47.69 Y153.664
G1 F1950 X128.792 Y72.563 E1474.59724
G0 F7500 X129.386 Y72.563
G1 F1950 X47.912 Y154.036 E1478.62111
G0 F7500 X48.165 Y154.377
G1 F1950 X129.98 Y72.563 E1482.66183
G0 F7500 X130.574 Y72.563
G1 F1950 X48.419 Y154.718 E1486.71937
G0 F7500 X48.672 Y155.059
G1 F1950 X131.168 Y72.563 E1490.79374
G0 F7500 X131.762 Y72.563
G1 F1950 X48.924 Y155.4 E1494.88499
G0 F7500 X49.184 Y155.734
G1 F1950 X132.356 Y72.563 E1498.99273
G0 F7500 X132.95 Y72.563
G1 F1950 X49.467 Y156.045 E1503.11583
G0 F7500 X49.749 Y156.357
G1 F1950 X133.544 Y72.563 E1507.25433
G0 F7500 X134.138 Y72.563
G1 F1950 X50.032 Y156.668 E1511.4082
G0 F7500 X50.315 Y156.979
G1 F1950 X134.732 Y72.563 E1515.57743
G0 F7500 X135.326 Y72.563
G1 F1950 X50.61 Y157.278 E1519.76143
G0 F7500 X50.921 Y157.561
G1 F1950 X135.92 Y72.563 E1523.9594
G0 F7500 X136.514 Y72.563
G1 F1950 X51.232 Y157.844 E1528.17135
G0 F7500 X51.543 Y158.127
G1 F1950 X137.108 Y72.563 E1532.39727
G0 F7500 X137.701 Y72.563
G1 F1950 X51.855 Y158.409 E1536.6371
G0 F7500 X52.185 Y158.674
G1 F1950 X138.295 Y72.563 E1540.89
G0 F7500 X138.889 Y72.563
G1 F1950 X52.526 Y158.927 E1545.15538
G0 F7500 X52.866 Y159.18
G1 F1950 X139.483 Y72.563 E1549.43329
G0 F7500 X140.077 Y72.563
G1 F1950 X53.208 Y159.432 E1553.72365
G0 F7500 X53.549 Y159.685
G1 F1950 X140.671 Y72.563 E1558.02649
G0 F7500 X141.265 Y72.563
G1 F1950 X53.919 Y159.91 E1562.34043
G0 F7500 X54.29 Y160.132
G1 F1950 X141.859 Y72.563 E1566.66536
G0 F7500 X142.453 Y72.563
G1 F1950 X54.662 Y160.354 E1571.00125
G0 F7500 X55.034 Y160.576
G1 F1950 X143.047 Y72.563 E1575.3481
G0 F7500 X143.641 Y72.563
G1 F1950 X55.411 Y160.793 E1579.70568
G0 F7500 X55.814 Y160.984
G1 F1950 X144.235 Y72.563 E1584.07268
G0 F7500 X144.829 Y72.563
G1 F1950 X56.217 Y161.175 E1588.44912
G0 F7500 X56.62 Y161.366
G1 F1950 X145.423 Y72.563 E1592.83499
G0 F7500 X146.017 Y72.563
G1 F1950 X57.024 Y161.556 E1597.23025
G0 F7500 X57.448 Y161.725
G1 F1950 X146.611 Y72.563 E1601.63387
G0 F7500 X147.205 Y72.563
G1 F1950 X57.885 Y161.882 E1606.04526
G0 F7500 X58.322 Y162.039
G1 F1950 X147.799 Y72.563 E1610.46439
G0 F7500 X148.393 Y72.563
G1 F1950 X58.759 Y162.196 E1614.89128
G0 F7500 X59.209 Y162.341
G1 F1950 X148.987 Y72.563 E1619.32531
G0 F7500 X149.581 Y72.563
G1 F1950 X59.684 Y162.459 E1623.76518
G0 F7500 X60.16 Y162.577
G1 F1950 X150.175 Y72.563 E1628.21089
G0 F7500 X150.769 Y72.563
G1 F1950 X60.636 Y162.696 E1632.66245
G0 F7500 X61.117 Y162.809
G1 F1950 X151.363 Y72.563 E1637.11959
G0 F7500 X151.957 Y72.563
G1 F1950 X61.634 Y162.886 E1641.58053
G0 F7500 X62.15 Y162.964
G1 F1950 X152.551 Y72.563 E1646.04533
G0 F7500 X153.145 Y72.563
G1 F1950 X62.667 Y163.041 E1650.51393
G0 F7500 X63.2 Y163.101
G1 F1950 X153.739 Y72.563 E1654.98551
G0 F7500 X154.333 Y72.563
G1 F1950 X63.766 Y163.13 E1659.45851
G0 F7500 X64.331 Y163.158
G1 F1950 X154.927 Y72.563 E1663.93291
G0 F7500 X155.521 Y72.563
G1 F1950 X64.897 Y163.186 E1668.40869
G0 F7500 X65.481 Y163.196
G1 F1950 X156.115 Y72.563 E1672.88497
G0 F7500 X156.709 Y72.563
G1 F1950 X66.075 Y163.196 E1677.36125
G0 F7500 X66.669 Y163.196
G1 F1950 X157.302 Y72.563 E1681.8375
G0 F7500 X157.896 Y72.563
G1 F1950 X67.263 Y163.196 E1686.31375
G0 F7500 X67.857 Y163.196
G1 F1950 X158.49 Y72.563 E1690.79001
G0 F7500 X159.084 Y72.563
G1 F1950 X68.451 Y163.196 E1695.26626
G0 F7500 X69.045 Y163.196
G1 F1950 X159.678 Y72.563 E1699.74251
G0 F7500 X160.272 Y72.563
G1 F1950 X69.639 Y163.196 E1704.21877
G0 F7500 X70.233 Y163.196
G1 F1950 X160.866 Y72.563 E1708.69502
G0 F7500 X161.46 Y72.563
G1 F1950 X70.827 Y163.196 E1713.17127
G0 F7500 X71.421 Y163.196
G1 F1950 X162.054 Y72.563 E1717.64753
G0 F7500 X162.648 Y72.563
G1 F1950 X72.015 Y163.196 E1722.12378
G0 F7500 X72.609 Y163.196
G1 F1950 X163.242 Y72.563 E1726.60003
G0 F7500 X163.836 Y72.563
G1 F1950 X73.203 Y163.196 E1731.07629
G0 F7500 X73.797 Y163.196
G1 F1950 X164.43 Y72.563 E1735.55254
G0 F7500 X165.024 Y72.563
G1 F1950 X74.391 Y163.196 E1740.02879
G0 F7500 X74.985 Y163.196
G1 F1950 X165.618 Y72.563 E1744.50505
G0 F7500 X166.212 Y72.563
G1 F1950 X75.579 Y163.196 E1748.9813
G0 F7500 X76.173 Y163.196
G1 F1950 X166.806 Y72.563 E1753.45755
G0 F7500 X167.4 Y72.563
G1 F1950 X76.767 Y163.196 E1757.93381
G0 F7500 X77.361 Y163.196
G1 F1950 X167.994 Y72.563 E1762.41006
G0 F7500 X168.588 Y72.563
G1 F1950 X77.954 Y163.196 E1766.88634
G0 F7500 X78.548 Y163.196
G1 F1950 X169.182 Y72.563 E1771.36262
G0 F7500 X169.776 Y72.563
G1 F1950 X79.142 Y163.196 E1775.8389
G0 F7500 X79.736 Y163.196
G1 F1950 X170.37 Y72.563 E1780.31517
G0 F7500 X170.964 Y72.563
G1 F1950 X80.33 Y163.196 E1784.79145
G0 F7500 X80.924 Y163.196
G1 F1950 X171.558 Y72.563 E1789.26773
G0 F7500 X172.152 Y72.563
G1 F1950 X81.518 Y163.196 E1793.74401
G0 F7500 X82.112 Y163.196
G1 F1950 X172.746 Y72.563 E1798.22029
G0 F7500 X173.34 Y72.563
G1 F1950 X82.706 Y163.196 E1802.69656
G0 F7500 X83.3 Y163.196
G1 F1950 X173.934 Y72.563 E1807.17284
G0 F7500 X174.528 Y72.563
G1 F1950 X83.894 Y163.196 E1811.64912
G0 F7500 X84.488 Y163.196
G1 F1950 X175.122 Y72.563 E1816.1254
G0 F7500 X175.716 Y72.563
G1 F1950 X85.082 Y163.196 E1820.60168
G0 F7500 X85.676 Y163.196
G1 F1950 X176.31 Y72.563 E1825.07795
G0 F7500 X176.903 Y72.563
G1 F1950 X86.27 Y163.196 E1829.55421
G0 F7500 X86.864 Y163.196
G1 F1950 X177.497 Y72.563 E1834.03046
G0 F7500 X178.091 Y72.563
G1 F1950 X87.458 Y163.196 E1838.50671
G0 F7500 X88.052 Y163.196
G1 F1950 X178.685 Y72.563 E1842.98297
G0 F7500 X179.279 Y72.563
G1 F1950 X88.646 Y163.196 E1847.45922
G0 F7500 X89.24 Y163.196
G1 F1950 X179.873 Y72.563 E1851.93547
G0 F7500 X180.467 Y72.563
G1 F1950 X89.834 Y163.196 E1856.41173
G0 F7500 X90.428 Y163.196
G1 F1950 X181.061 Y72.563 E1860.88798
G0 F7500 X181.655 Y72.563
G1 F1950 X91.022 Y163.196 E1865.36423
G0 F7500 X91.616 Y163.196
G1 F1950 X182.249 Y72.563 E1869.84049
G0 F7500 X182.843 Y72.563
G1 F1950 X92.21 Y163.196 E1874.31674
G0 F7500 X92.804 Y163.196
G1 F1950 X183.437 Y72.563 E1878.79299
G0 F7500 X184.031 Y72.563
G1 F1950 X93.398 Y163.196 E1883.26925
G0 F7500 X93.992 Y163.196
G1 F1950 X184.625 Y72.563 E1887.7455
G0 F7500 X185.219 Y72.563
G1 F1950 X94.586 Y163.196 E1892.22175
G0 F7500 X95.18 Y163.196
G1 F1950 X185.813 Y72.563 E1896.69801
G0 F7500 X186.407 Y72.563
G1 F1950 X95.774 Y163.196 E1901.17426
G0 F7500 X96.368 Y163.196
G1 F1950 X186.991 Y72.573 E1905.65002
G0 F7500 X187.533 Y72.625
G1 F1950 X96.962 Y163.196 E1910.12321
G0 F7500 X97.555 Y163.196
G1 F1950 X188.005 Y72.747 E1914.5904
G0 F7500 X188.439 Y72.907
G1 F1950 X98.149 Y163.196 E1919.04969
G0 F7500 X98.743 Y163.196
G1 F1950 X188.826 Y73.114 E1923.49876
G0 F7500 X189.173 Y73.36
G1 F1950 X99.337 Y163.196 E1927.93565
G0 F7500 X99.931 Y163.196
G1 F1950 X189.499 Y73.628 E1932.3593
G0 F7500 X189.767 Y73.954
G1 F1950 X100.525 Y163.196 E1936.76685
G0 F7500 X101.119 Y163.196
G1 F1950 X190.015 Y74.3 E1941.15732
G0 F7500 X190.223 Y74.687
G1 F1950 X101.713 Y163.196 E1945.5287
G0 F7500 X102.307 Y163.196
G1 F1950 X190.383 Y75.12 E1949.87866
G0 F7500 X190.507 Y75.591
G1 F1950 X102.901 Y163.196 E1954.20539
G0 F7500 X103.495 Y163.196
G1 F1950 X190.559 Y76.132 E1958.50538
G0 F7500 X190.57 Y76.716
G1 F1950 X104.089 Y163.196 E1962.77654
G0 F7500 X104.683 Y163.196
G1 F1950 X190.57 Y77.31 E1967.01837
G0 F7500 X190.57 Y77.904
G1 F1950 X105.277 Y163.196 E1971.23086
G0 F7500 X105.871 Y163.196
G1 F1950 X190.57 Y78.498 E1975.41402
G0 F7500 X190.57 Y79.092
G1 F1950 X106.465 Y163.196 E1979.56784
G0 F7500 X107.059 Y163.196
G1 F1950 X190.57 Y79.685 E1983.69234
G0 F7500 X190.57 Y80.279
G1 F1950 X107.653 Y163.196 E1987.78751
G0 F7500 X108.247 Y163.196
G1 F1950 X190.57 Y80.873 E1991.85335
G0 F7500 X190.57 Y81.467
G1 F1950 X108.841 Y163.196 E1995.88984
G0 F7500 X109.435 Y163.196
G1 F1950 X190.57 Y82.061 E1999.897
G0 F7500 X190.57 Y82.655
G1 F1950 X110.029 Y163.196 E2003.87482
G0 F7500 X110.623 Y163.196
G1 F1950 X190.57 Y83.249 E2007.82331
G0 F7500 X190.57 Y83.843
G1 F1950 X111.217 Y163.196 E2011.74246
G0 F7500 X111.811 Y163.196
G1 F1950 X190.57 Y84.437 E2015.63227
G0 F7500 X190.57 Y85.031
G1 F1950 X112.405 Y163.196 E2019.49274
G0 F7500 X112.999 Y163.196
G1 F1950 X190.57 Y85.625 E2023.32388
G0 F7500 X190.57 Y86.219
G1 F1950 X113.593 Y163.196 E2027.12568
G0 F7500 X114.187 Y163.196
G1 F1950 X190.57 Y86.813 E2030.89814
G0 F7500 X190.57 Y87.407
G1 F1950 X114.781 Y163.196 E2034.64127
G0 F7500 X115.375 Y163.196
G1 F1950 X190.57 Y88.001 E2038.35506
G0 F7500 X190.57 Y88.595
G1 F1950 X115.969 Y163.196 E2042.03951
G0 F7500 X116.563 Y163.196
G1 F1950 X190.57 Y89.189 E2045.69462
G0 F7500 X190.57 Y89.783
G1 F1950 X117.156 Y163.196 E2049.32043
G0 F7500 X117.751 Y163.196
G1 F1950 X190.57 Y90.377 E2052.91687
G0 F7500 X190.57 Y90.971
G1 F1950 X118.345 Y163.196 E2056.48397
G0 F7500 X118.939 Y163.196
G1 F1950 X190.57 Y91.565 E2060.02174
G0 F7500 X190.57 Y92.159
G1 F1950 X119.533 Y163.196 E2063.53017
G0 F7500 X120.127 Y163.196
G1 F1950 X190.57 Y92.753 E2067.00927
G0 F7500 X190.57 Y93.347
G1 F1950 X120.721 Y163.196 E2070.45902
G0 F7500 X121.315 Y163.196
G1 F1950 X190.57 Y93.941 E2073.87944
G0 F7500 X190.57 Y94.535
G1 F1950 X121.909 Y163.196 E2077.27053
G0 F7500 X122.503 Y163.196
G1 F1950 X190.57 Y95.129 E2080.63227
G0 F7500 X190.57 Y95.723
G1 F1950 X123.097 Y163.196 E2083.96468
G0 F7500 X123.691 Y163.196
G1 F1950 X190.57 Y96.317 E2087.26775
G0 F7500 X190.57 Y96.911
G1 F1950 X124.285 Y163.196 E2090.54149
G0 F7500 X124.879 Y163.196
G1 F1950 X190.57 Y97.505 E2093.78589
G0 F7500 X190.57 Y98.099
G1 F1950 X125.473 Y163.196 E2097.00095
G0 F7500 X126.067 Y163.196
G1 F1950 X190.57 Y98.693 E2100.18667
G0 F7500 X190.57 Y99.286
G1 F1950 X126.661 Y163.196 E2103.34309
G0 F7500 X127.255 Y163.196
G1 F1950 X190.57 Y99.88 E2106.47016
G0 F7500 X190.57 Y100.474
G1 F1950 X127.849 Y163.196 E2109.5679
G0 F7500 X128.443 Y163.196
G1 F1950 X190.57 Y101.068 E2112.6363
G0 F7500 X190.57 Y101.662
G1 F1950 X129.037 Y163.196 E2115.67537
G0 F7500 X129.631 Y163.196
G1 F1950 X190.57 Y102.256 E2118.68509
G0 F7500 X190.57 Y102.85
G1 F1950 X130.225 Y163.196 E2121.66548
G0 F7500 X130.818 Y163.196
G1 F1950 X190.57 Y103.444 E2124.61656
G0 F7500 X190.57 Y104.038
G1 F1950 X131.412 Y163.196 E2127.5383
G0 F7500 X132.006 Y163.196
G1 F1950 X190.57 Y104.632 E2130.43071
G0 F7500 X190.57 Y105.226
G1 F1950 X132.6 Y163.196 E2133.29378
G0 F7500 X133.194 Y163.196
G1 F1950 X190.57 Y105.82 E2136.12751
G0 F7500 X190.57 Y106.414
G1 F1950 X133.788 Y163.196 E2138.9319
G0 F7500 X134.382 Y163.196
G1 F1950 X190.57 Y107.008 E2141.70696
G0 F7500 X190.57 Y107.602
G1 F1950 X134.976 Y163.196 E2144.45268
G0 F7500 X135.57 Y163.196
G1 F1950 X190.57 Y108.196 E2147.16906
G0 F7500 X190.57 Y108.79
G1 F1950 X188.723 Y110.636 E2147.26026
G0 F7500 X188.226 Y111.134
G1 F1950 X136.164 Y163.196 E2149.83154
G0 F7500 X136.758 Y163.196
G1 F1950 X188.099 Y111.855 E2152.36721
G0 F7500 X188.098 Y112.449
G1 F1950 X137.352 Y163.196 E2154.87351
G0 F7500 X137.946 Y163.196
G1 F1950 X188.098 Y113.043 E2157.35048
G0 F7500 X188.098 Y113.638
G1 F1950 X138.54 Y163.196 E2159.79809
G0 F7500 X139.134 Y163.196
G1 F1950 X188.097 Y114.233 E2162.21632
G0 F7500 X188.096 Y114.827
G1 F1950 X139.728 Y163.196 E2164.60518
G0 F7500 X140.322 Y163.196
G1 F1950 X188.096 Y115.421 E2166.9647
G0 F7500 X188.096 Y116.016
G1 F1950 X140.916 Y163.196 E2169.29486
G0 F7500 X141.51 Y163.196
G1 F1950 X188.095 Y116.611 E2171.59564
G0 F7500 X188.136 Y117.164
G1 F1950 X142.104 Y163.196 E2173.8691
G0 F7500 X142.698 Y163.196
G1 F1950 X188.304 Y117.589 E2176.12155
G0 F7500 X188.596 Y117.891
G1 F1950 X143.292 Y163.196 E2178.35909
G0 F7500 X143.886 Y163.196
G1 F1950 X189.001 Y118.08 E2180.58729
G0 F7500 X189.566 Y118.11
G1 F1950 X144.48 Y163.196 E2182.81403
G0 F7500 X145.074 Y163.196
G1 F1950 X190.16 Y118.11 E2185.04077
G0 F7500 X190.568 Y118.295
G1 F1950 X145.668 Y163.196 E2187.25835
G0 F7500 X146.262 Y163.196
G1 F1950 X190.568 Y118.889 E2189.4466
G0 F7500 X190.568 Y119.483
G1 F1950 X146.856 Y163.196 E2191.60551
G0 F7500 X147.45 Y163.196
G1 F1950 X190.568 Y120.077 E2193.73508
G0 F7500 X190.568 Y120.671
G1 F1950 X148.044 Y163.196 E2195.83531
G0 F7500 X148.638 Y163.196
G1 F1950 X190.568 Y121.265 E2197.9062
G0 F7500 X190.568 Y121.859
G1 F1950 X149.232 Y163.196 E2199.94776
G0 F7500 X149.826 Y163.196
G1 F1950 X190.568 Y122.453 E2201.95999
G0 F7500 X190.568 Y123.047
G1 F1950 X150.419 Y163.196 E2203.9429
G0 F7500 X151.013 Y163.196
G1 F1950 X190.568 Y123.641 E2205.89647
G0 F7500 X190.568 Y124.235
G1 F1950 X151.607 Y163.196 E2207.82071
G0 F7500 X152.201 Y163.196
G1 F1950 X190.568 Y124.829 E2209.71561
G0 F7500 X190.568 Y125.423
G1 F1950 X152.795 Y163.196 E2211.58117
G0 F7500 X153.389 Y163.196
G1 F1950 X190.568 Y126.017 E2213.41739
G0 F7500 X190.568 Y126.611
G1 F1950 X153.983 Y163.196 E2215.22428
G0 F7500 X154.577 Y163.196
G1 F1950 X190.568 Y127.204 E2217.00186
G0 F7500 X190.568 Y127.798
G1 F1950 X155.171 Y163.196 E2218.7501
G0 F7500 X155.765 Y163.196
G1 F1950 X190.568 Y128.392 E2220.469
G0 F7500 X190.568 Y128.986
G1 F1950 X156.359 Y163.196 E2222.15857
G0 F7500 X156.953 Y163.196
G1 F1950 X190.568 Y129.58 E2223.81879
G0 F7500 X190.568 Y130.174
G1 F1950 X157.547 Y163.196 E2225.44969
G0 F7500 X158.141 Y163.196
G1 F1950 X190.568 Y130.768 E2227.05124
G0 F7500 X190.568 Y131.362
G1 F1950 X158.735 Y163.196 E2228.62346
G0 F7500 X159.329 Y163.196
G1 F1950 X190.568 Y131.956 E2230.16634
G0 F7500 X190.568 Y132.55
G1 F1950 X159.923 Y163.196 E2231.67988
G0 F7500 X160.517 Y163.196
G1 F1950 X190.568 Y133.144 E2233.16409
G0 F7500 X190.568 Y133.738
G1 F1950 X161.111 Y163.196 E2234.61896
G0 F7500 X161.705 Y163.196
G1 F1950 X190.568 Y134.332 E2236.04449
G0 F7500 X190.568 Y134.926
G1 F1950 X162.299 Y163.196 E2237.44069
G0 F7500 X162.893 Y163.196
G1 F1950 X190.568 Y135.52 E2238.80755
G0 F7500 X190.568 Y136.114
G1 F1950 X163.487 Y163.196 E2240.14507
G0 F7500 X164.081 Y163.196
G1 F1950 X190.568 Y136.708 E2241.45326
G0 F7500 X190.568 Y137.302
G1 F1950 X164.675 Y163.196 E2242.7321
G0 F7500 X165.269 Y163.196
G1 F1950 X190.568 Y137.896 E2243.98162
G0 F7500 X190.568 Y138.49
G1 F1950 X165.863 Y163.196 E2245.20179
G0 F7500 X166.457 Y163.196
G1 F1950 X190.568 Y139.084 E2246.39263
G0 F7500 X190.568 Y139.678
G1 F1950 X167.051 Y163.196 E2247.55413
G0 F7500 X167.645 Y163.196
G1 F1950 X190.568 Y140.272 E2248.68629
G0 F7500 X190.568 Y140.866
G1 F1950 X168.239 Y163.196 E2249.78912
G0 F7500 X168.833 Y163.196
G1 F1950 X190.568 Y141.46 E2250.86261
G0 F7500 X190.568 Y142.054
G1 F1950 X169.427 Y163.196 E2251.90676
G0 F7500 X170.028 Y163.188
G1 F1950 X190.561 Y142.655 E2252.92086
G0 F7500 X190.531 Y143.279
G1 F1950 X170.652 Y163.158 E2253.90266
G0 F7500 X171.276 Y163.128
G1 F1950 X190.5 Y143.904 E2254.85211
G0 F7500 X190.47 Y144.528
G1 F1950 X171.9 Y163.098 E2255.76926
G0 F7500 X172.589 Y163.003
G1 F1950 X190.376 Y145.216 E2256.64774
G0 F7500 X190.271 Y145.915
G1 F1950 X173.287 Y162.899 E2257.48656
G0 F7500 X173.991 Y162.789
G1 F1950 X190.162 Y146.617 E2258.28525
G0 F7500 X189.966 Y147.408
G1 F1950 X174.781 Y162.592 E2259.03519
G0 F7500 X175.572 Y162.396
G1 F1950 X189.77 Y148.198 E2259.73641
G1 X189.844 Y148.124
G0 F7500 X189.501 Y149.06
G1 F1950 X176.435 Y162.126 E2260.38173
G1 X176.361 Y162.2
G0 F7500 X177.362 Y161.794
G1 F1950 X189.169 Y149.987 E2260.96486
G1 X189.243 Y149.913
G0 F7500 X188.74 Y151.009
G1 F1950 X178.389 Y161.361 E2261.47611
G1 X178.315 Y161.435
G0 F7500 X179.515 Y160.829
G1 F1950 X188.209 Y152.135 E2261.9055
G1 X188.283 Y152.061
G0 F7500 X187.362 Y153.575
G1 F1950 X180.948 Y159.989 E2262.22228
G1 X180.874 Y160.063
G0 F7500 X182.98 Y158.551
G1 F1950 X185.913 Y155.619 E2262.36711
G1 X185.987 Y155.545
G1 F1500 E2261.36711
G0 F7500 X188.433 Y110.836
G0 X189.456 Y110.498
G1 F1500 E2262.36711
G1 F1950 X190.57 Y109.384 E2262.42213
G0 F7500 X190.57 Y109.978
G1 F1950 X190.05 Y110.498 E2262.44781
G1 F1500 E2261.44781
G0 F7500 X45.232 Y118.109
G1 F1500 E2262.44781
G1 F1950 X44.433 Y118.908 E2262.48727
G0 F7500 X44.433 Y118.314
G1 F1950 X44.636 Y118.111 E2262.4973
G0 F7500 X44.636 Y118.163
;MESH:NONMESH
G0 F600 X44.636 Y118.163 Z0.6
G0 F7500 X43.883 Y117.946
;TIME_ELAPSED:1891.625157
;LAYER:2
M106 S170
M204 S2000
;TYPE:WALL-INNER
;MESH:Bottom_Standoffs.stl
G1 F3780 X43.884 Y142.566 E2263.3571
G1 X43.987 Y144.655 E2263.43015
G1 X44.291 Y146.7 E2263.50235
G1 X44.795 Y148.721 E2263.57509
G1 X45.495 Y150.673 E2263.64751
G1 X46.377 Y152.538 E2263.71956
G1 X47.455 Y154.338 E2263.79283
G1 X48.692 Y156.006 E2263.86536
G1 X50.084 Y157.541 E2263.93772
G1 X51.632 Y158.944 E2264.01068
G1 X53.278 Y160.166 E2264.08228
G1 X55.082 Y161.245 E2264.15569
G1 X56.957 Y162.132 E2264.22813
G1 X58.906 Y162.831 E2264.30044
G1 X60.927 Y163.336 E2264.37319
G1 X62.97 Y163.64 E2264.44532
G1 X65.077 Y163.744 E2264.51899
G1 X169.923 Y163.743 E2268.18054
G1 X172.03 Y163.64 E2268.25421
G1 X174.073 Y163.336 E2268.32635
G1 X176.094 Y162.831 E2268.3991
G1 X178.043 Y162.132 E2268.47141
G1 X179.918 Y161.245 E2268.54385
G1 X181.722 Y160.166 E2268.61726
G1 X183.368 Y158.944 E2268.68885
G1 X184.916 Y157.541 E2268.76181
G1 X186.308 Y156.006 E2268.83418
G1 X187.545 Y154.338 E2268.9067
G1 X188.623 Y152.538 E2268.97997
G1 X189.505 Y150.673 E2269.05202
G1 X190.205 Y148.721 E2269.12444
G1 X190.709 Y146.7 E2269.19718
G1 X191.013 Y144.656 E2269.26935
G1 X191.116 Y142.55 E2269.34299
G1 X191.117 Y117.946 E2270.20224
G1 X190.975 Y117.705 E2270.212
G1 X190.728 Y117.563 E2270.22195
G1 X189.14 Y117.563 E2270.27741
G1 X188.842 Y117.396 E2270.28934
G1 X188.718 Y117.237 E2270.29638
G1 X188.641 Y117.023 E2270.30433
G1 X188.645 Y111.596 E2270.49385
G1 X188.676 Y111.464 E2270.49859
G1 X188.89 Y111.171 E2270.51126
G1 X189.143 Y111.044 E2270.52115
G1 X191.117 Y111.044 E2270.59009
G1 X191.117 Y76.215 E2271.80642
G1 X191.035 Y75.378 E2271.83579
G1 X190.796 Y74.593 E2271.86445
G1 X190.412 Y73.875 E2271.89289
G1 X189.892 Y73.243 E2271.92147
G1 X189.26 Y72.723 E2271.95005
G1 X188.542 Y72.339 E2271.97849
G1 X187.757 Y72.1 E2272.00714
G1 X186.92 Y72.018 E2272.03651
G1 X48.08 Y72.018 E2276.88524
G1 X47.243 Y72.1 E2276.91461
G1 X46.458 Y72.339 E2276.94327
G1 X45.74 Y72.723 E2276.97171
G1 X45.108 Y73.243 E2277.00029
G1 X44.588 Y73.875 E2277.02887
G1 X44.204 Y74.593 E2277.05731
G1 X43.965 Y75.378 E2277.08596
G1 X43.883 Y76.215 E2277.11533
G1 X43.883 Y111.044 E2278.33167
G1 X45.857 Y111.044 E2278.40061
G1 X46.11 Y111.171 E2278.4105
G1 X46.297 Y111.399 E2278.4208
G1 X46.359 Y111.593 E2278.42791
G1 X46.356 Y117.003 E2278.61684
G1 X46.251 Y117.287 E2278.62742
G1 X46.158 Y117.396 E2278.63242
G1 X45.86 Y117.563 E2278.64435
G1 X44.272 Y117.563 E2278.69981
G1 X44.025 Y117.705 E2278.70976
G1 X43.883 Y117.946 E2278.71953
M204 S1000
G0 F9000 X43.497 Y117.797
M204 S2000
;TYPE:WALL-OUTER
G1 F2640 X43.463 Y118.051 E2278.72848
G1 X43.464 Y142.576 E2279.58497
G1 X43.569 Y144.697 E2279.65913
G1 X43.879 Y146.782 E2279.73274
G1 X44.393 Y148.843 E2279.80693
G1 X45.107 Y150.834 E2279.88079
G1 X46.006 Y152.736 E2279.95426
G1 X47.105 Y154.572 E2280.02899
G1 X48.367 Y156.273 E2280.10296
G1 X49.787 Y157.839 E2280.17679
G1 X51.365 Y159.269 E2280.25116
G1 X53.044 Y160.516 E2280.3242
G1 X54.884 Y161.616 E2280.39906
G1 X56.796 Y162.52 E2280.47292
G1 X58.784 Y163.233 E2280.54668
G1 X60.845 Y163.748 E2280.62087
G1 X62.929 Y164.058 E2280.69445
G1 X65.067 Y164.164 E2280.76921
G1 X169.933 Y164.163 E2284.43146
G1 X172.071 Y164.058 E2284.50621
G1 X174.155 Y163.748 E2284.57979
G1 X176.216 Y163.233 E2284.65398
G1 X178.204 Y162.52 E2284.72774
G1 X180.116 Y161.616 E2284.8016
G1 X181.956 Y160.516 E2284.87647
G1 X183.635 Y159.269 E2284.94951
G1 X185.213 Y157.839 E2285.02388
G1 X186.633 Y156.273 E2285.0977
G1 X187.895 Y154.572 E2285.17167
G1 X188.994 Y152.736 E2285.2464
G1 X189.893 Y150.834 E2285.31987
G1 X190.607 Y148.843 E2285.39374
G1 X191.121 Y146.782 E2285.46792
G1 X191.431 Y144.697 E2285.54153
G1 X191.536 Y142.56 E2285.61625
G1 X191.537 Y118.051 E2286.47218
G1 X191.503 Y117.797 E2286.48113
G1 X191.418 Y117.591 E2286.48892
G1 X191.275 Y117.405 E2286.49711
G1 X191.091 Y117.264 E2286.50521
G1 X190.878 Y117.177 E2286.51324
G1 X190.632 Y117.143 E2286.52191
G1 X189.225 Y117.143 E2286.57105
G1 X189.128 Y117.088 E2286.57494
G1 X189.063 Y116.968 E2286.57971
G1 X189.066 Y111.624 E2286.76634
G1 X189.19 Y111.464 E2286.77341
G1 X191.537 Y111.464 E2286.85537
G1 X191.537 Y76.195 E2288.08708
G1 X191.449 Y75.296 E2288.11862
G1 X191.186 Y74.431 E2288.1502
G1 X190.763 Y73.64 E2288.18152
G1 X190.19 Y72.945 E2288.21298
G1 X189.495 Y72.372 E2288.24444
G1 X188.704 Y71.949 E2288.27576
G1 X187.839 Y71.686 E2288.30734
G1 X186.94 Y71.598 E2288.33888
G1 X48.06 Y71.598 E2293.18901
G1 X47.161 Y71.686 E2293.22056
G1 X46.296 Y71.949 E2293.25213
G1 X45.505 Y72.372 E2293.28346
G1 X44.81 Y72.945 E2293.31491
G1 X44.237 Y73.64 E2293.34637
G1 X43.814 Y74.431 E2293.3777
G1 X43.551 Y75.296 E2293.40927
G1 X43.463 Y76.195 E2293.44082
G1 X43.463 Y111.464 E2294.67252
G1 X45.775 Y111.464 E2294.75326
G1 X45.875 Y111.522 E2294.7573
G1 X45.937 Y111.638 E2294.76189
G1 X45.931 Y116.994 E2294.94894
G1 X45.872 Y117.088 E2294.95282
G1 X45.775 Y117.143 E2294.95671
G1 X44.368 Y117.143 E2295.00585
G1 X44.122 Y117.177 E2295.01452
G1 X43.909 Y117.264 E2295.02256
G1 X43.725 Y117.405 E2295.03065
G1 X43.582 Y117.591 E2295.03885
G1 X43.497 Y117.797 E2295.04663
M204 S1000
G0 F9000 X43.471 Y117.995
G0 X44.219 Y118.106
;TYPE:SKIN
G1 F2100 X44.248 Y117.974 E2295.05135
G1 X44.427 Y117.899 E2295.05813
G1 X45.766 Y117.894 E2295.10489
G1 X46.18 Y117.785 E2295.11984
G1 X46.504 Y117.51 E2295.13468
G1 X46.645 Y117.243 E2295.14523
G1 X46.688 Y117.043 E2295.15237
G1 X46.695 Y111.647 E2295.34082
G1 X46.618 Y111.291 E2295.35354
G1 X46.491 Y111.082 E2295.36208
G1 X46.19 Y110.828 E2295.37583
G1 X45.773 Y110.714 E2295.39093
G1 X44.219 Y110.708 E2295.4452
G1 X44.219 Y76.228 E2296.64935
G1 X44.295 Y75.448 E2296.67672
G1 X44.516 Y74.728 E2296.70302
G1 X44.873 Y74.057 E2296.72956
G1 X45.347 Y73.482 E2296.75559
G1 X45.922 Y73.008 E2296.78161
G1 X46.593 Y72.651 E2296.80816
G1 X47.313 Y72.43 E2296.83446
G1 X48.093 Y72.354 E2296.86183
G1 X186.907 Y72.354 E2301.70965
G1 X187.687 Y72.43 E2301.73702
G1 X188.407 Y72.651 E2301.76332
G1 X189.078 Y73.008 E2301.78986
G1 X189.653 Y73.482 E2301.81589
G1 X190.127 Y74.057 E2301.84191
G1 X190.484 Y74.728 E2301.86846
G1 X190.705 Y75.448 E2301.89476
G1 X190.781 Y76.228 E2301.92213
G1 X190.781 Y110.708 E2303.12628
G1 X189.227 Y110.714 E2303.18055
G1 X188.813 Y110.825 E2303.19552
G1 X188.535 Y111.045 E2303.2079
G1 X188.397 Y111.261 E2303.21685
G1 X188.311 Y111.57 E2303.22805
G1 X188.308 Y117.059 E2303.41974
G1 X188.449 Y117.436 E2303.4338
G1 X188.733 Y117.733 E2303.44815
G1 X189.126 Y117.9 E2303.46306
G1 X190.65 Y117.9 E2303.51629
G1 X190.78 Y118.027 E2303.52263
G1 X190.779 Y142.533 E2304.37846
G1 X190.677 Y144.63 E2304.45178
G1 X190.378 Y146.63 E2304.5224
G1 X189.882 Y148.625 E2304.5942
G1 X189.194 Y150.543 E2304.66536
G1 X188.333 Y152.365 E2304.73573
G1 X187.262 Y154.155 E2304.80858
G1 X186.044 Y155.796 E2304.87995
G1 X184.677 Y157.303 E2304.95101
G1 X183.158 Y158.681 E2305.02263
G1 X181.539 Y159.883 E2305.09305
G1 X179.752 Y160.951 E2305.16576
G1 X177.908 Y161.822 E2305.23698
G1 X175.997 Y162.508 E2305.30788
G1 X174.002 Y163.005 E2305.37969
G1 X172.004 Y163.304 E2305.45024
G1 X169.906 Y163.406 E2305.52359
G1 X65.094 Y163.408 E2309.18396
G1 X62.995 Y163.304 E2309.25735
G1 X60.998 Y163.005 E2309.32787
G1 X59.003 Y162.508 E2309.39967
G1 X57.092 Y161.822 E2309.47058
G1 X55.248 Y160.951 E2309.5418
G1 X53.461 Y159.883 E2309.61451
G1 X51.842 Y158.681 E2309.68492
G1 X50.323 Y157.303 E2309.75655
G1 X48.956 Y155.796 E2309.82761
G1 X47.738 Y154.155 E2309.89897
G1 X46.667 Y152.365 E2309.97182
G1 X45.806 Y150.543 E2310.0422
G1 X45.118 Y148.625 E2310.11336
G1 X44.622 Y146.63 E2310.18515
G1 X44.323 Y144.631 E2310.25574
G1 X44.221 Y142.565 E2310.32798
G1 X44.219 Y118.106 E2311.18217
G1 F1500 E2310.18217
G0 F9000 X48.476 Y154.796
G1 F1500 E2311.18217
G1 F2100 X52.835 Y159.155 E2311.39745
G1 X52.909 Y159.229
G0 F9000 X54.576 Y160.303
G1 F2100 X47.32 Y153.046 E2311.75584
G1 X47.246 Y152.972
G0 F9000 X46.6 Y151.733
G1 F2100 X55.886 Y161.018 E2312.21444
G1 X55.96 Y161.092
G0 F9000 X57.011 Y161.55
G1 F2100 X46.068 Y150.606 E2312.75493
G1 X45.994 Y150.532
G0 F9000 X45.71 Y149.655
G1 F2100 X57.967 Y161.911 E2313.36026
G1 X58.041 Y161.985
G0 F9000 X58.893 Y162.244
G1 F2100 X45.378 Y148.729 E2314.02775
G1 X45.304 Y148.655
G0 F9000 X45.158 Y147.915
G1 F2100 X59.708 Y162.465 E2314.74636
G0 F9000 X60.499 Y162.662
G1 F2100 X44.962 Y147.125 E2315.51371
G0 F9000 X44.793 Y146.362
G1 F2100 X61.262 Y162.831 E2316.32709
G0 F9000 X61.96 Y162.935
G1 F2100 X44.689 Y145.664 E2317.18009
G0 F9000 X44.585 Y144.966
G1 F2100 X62.659 Y163.04 E2318.07274
G0 F9000 X63.321 Y163.108
G1 F2100 X44.516 Y144.303 E2319.0015
G0 F9000 X44.485 Y143.678
G1 F2100 X63.946 Y163.139 E2319.96265
G0 F9000 X64.571 Y163.17
G1 F2100 X44.455 Y143.054 E2320.95616
G0 F9000 X44.431 Y142.436
G1 F2100 X65.191 Y163.196 E2321.98147
G0 F9000 X65.785 Y163.196
G1 F2100 X44.431 Y141.842 E2323.03612
G0 F9000 X44.431 Y141.248
G1 F2100 X66.379 Y163.196 E2324.1201
G0 F9000 X66.973 Y163.196
G1 F2100 X44.431 Y140.654 E2325.23342
G0 F9000 X44.431 Y140.06
G1 F2100 X67.567 Y163.196 E2326.37608
G0 F9000 X68.161 Y163.196
G1 F2100 X44.431 Y139.466 E2327.54808
G0 F9000 X44.431 Y138.872
G1 F2100 X68.755 Y163.196 E2328.74941
G0 F9000 X69.349 Y163.196
G1 F2100 X44.431 Y138.278 E2329.98008
G0 F9000 X44.431 Y137.684
G1 F2100 X69.943 Y163.196 E2331.24009
G0 F9000 X70.537 Y163.196
G1 F2100 X44.431 Y137.09 E2332.52943
G0 F9000 X44.431 Y136.496
G1 F2100 X71.131 Y163.196 E2333.84811
G0 F9000 X71.725 Y163.196
G1 F2100 X44.431 Y135.902 E2335.19613
G0 F9000 X44.431 Y135.308
G1 F2100 X72.319 Y163.196 E2336.57348
G0 F9000 X72.913 Y163.196
G1 F2100 X44.431 Y134.714 E2337.98017
G0 F9000 X44.431 Y134.121
G1 F2100 X73.507 Y163.196 E2339.41618
G0 F9000 X74.101 Y163.196
G1 F2100 X44.431 Y133.527 E2340.88152
G0 F9000 X44.431 Y132.933
G1 F2100 X74.695 Y163.196 E2342.37619
G0 F9000 X75.289 Y163.196
G1 F2100 X44.431 Y132.339 E2343.90021
G0 F9000 X44.431 Y131.745
G1 F2100 X75.883 Y163.196 E2345.45356
G0 F9000 X76.477 Y163.196
G1 F2100 X44.431 Y131.151 E2347.03625
G0 F9000 X44.431 Y130.557
G1 F2100 X77.071 Y163.196 E2348.64827
G0 F9000 X77.665 Y163.196
G1 F2100 X44.431 Y129.963 E2350.28963
G0 F9000 X44.431 Y129.369
G1 F2100 X78.259 Y163.196 E2351.96033
G0 F9000 X78.853 Y163.196
G1 F2100 X44.431 Y128.775 E2353.66037
G0 F9000 X44.431 Y128.181
G1 F2100 X79.446 Y163.196 E2355.38972
G0 F9000 X80.04 Y163.196
G1 F2100 X44.431 Y127.587 E2357.1484
G0 F9000 X44.431 Y126.993
G1 F2100 X80.634 Y163.196 E2358.93642
G0 F9000 X81.228 Y163.196
G1 F2100 X44.431 Y126.399 E2360.75378
G0 F9000 X44.432 Y125.806
G1 F2100 X81.822 Y163.196 E2362.60043
G0 F9000 X82.416 Y163.196
G1 F2100 X44.432 Y125.212 E2364.47641
G0 F9000 X44.432 Y124.618
G1 F2100 X83.01 Y163.196 E2366.38173
G0 F9000 X83.604 Y163.196
G1 F2100 X44.432 Y124.024 E2368.31639
G0 F9000 X44.432 Y123.43
G1 F2100 X84.198 Y163.196 E2370.28039
G0 F9000 X84.792 Y163.196
G1 F2100 X44.432 Y122.836 E2372.27372
G0 F9000 X44.432 Y122.242
G1 F2100 X85.386 Y163.196 E2374.29639
G0 F9000 X85.98 Y163.196
G1 F2100 X44.432 Y121.648 E2376.34839
G0 F9000 X44.432 Y121.054
G1 F2100 X86.574 Y163.196 E2378.42973
G0 F9000 X87.168 Y163.196
G1 F2100 X44.432 Y120.46 E2380.54041
G0 F9000 X44.432 Y119.866
G1 F2100 X87.762 Y163.196 E2382.68043
G0 F9000 X88.356 Y163.196
G1 F2100 X44.432 Y119.272 E2384.84978
G0 F9000 X44.432 Y118.678
G1 F2100 X88.95 Y163.196 E2387.04847
G0 F9000 X89.544 Y163.196
G1 F2100 X44.46 Y118.112 E2389.27511
G0 F9000 X45.052 Y118.11
G1 F2100 X90.138 Y163.196 E2391.50186
G0 F9000 X90.732 Y163.196
G1 F2100 X45.644 Y118.108 E2393.7287
G0 F9000 X46.134 Y118.004
G1 F2100 X91.326 Y163.196 E2395.96067
G0 F9000 X91.92 Y163.196
G1 F2100 X46.507 Y117.784 E2398.20354
G0 F9000 X46.769 Y117.451
G1 F2100 X92.514 Y163.196 E2400.46283
G0 F9000 X93.108 Y163.196
G1 F2100 X46.896 Y116.985 E2402.74516
G0 F9000 X46.897 Y116.391
G1 F2100 X93.702 Y163.196 E2405.0568
G0 F9000 X94.296 Y163.196
G1 F2100 X46.898 Y115.798 E2407.39773
G0 F9000 X46.898 Y115.205
G1 F2100 X94.89 Y163.196 E2409.76798
G0 F9000 X95.484 Y163.196
G1 F2100 X46.899 Y114.612 E2412.1675
G0 F9000 X46.9 Y114.019
G1 F2100 X96.078 Y163.196 E2414.59632
G0 F9000 X96.672 Y163.196
G1 F2100 X46.901 Y113.426 E2417.05443
G0 F9000 X46.902 Y112.833
G1 F2100 X97.266 Y163.196 E2419.54182
G0 F9000 X97.86 Y163.196
G1 F2100 X46.903 Y112.239 E2422.05852
G0 F9000 X46.903 Y111.646
G1 F2100 X98.454 Y163.196 E2424.60454
G0 F9000 X99.047 Y163.196
G1 F2100 X44.428 Y108.577 E2427.3021
G0 F9000 X44.428 Y109.171
G1 F2100 X45.754 Y110.496 E2427.36757
G0 F9000 X45.16 Y110.496
G1 F2100 X44.428 Y109.765 E2427.4037
G0 F9000 X44.428 Y110.359
G1 F2100 X44.566 Y110.496 E2427.41049
G0 F9000 X44.428 Y107.983
G1 F2100 X99.641 Y163.196 E2430.13739
G0 F9000 X100.235 Y163.196
G1 F2100 X44.428 Y107.389 E2432.89363
G0 F9000 X44.428 Y106.795
G1 F2100 X100.829 Y163.196 E2435.67921
G0 F9000 X101.423 Y163.196
G1 F2100 X44.428 Y106.201 E2438.49412
G0 F9000 X44.428 Y105.607
G1 F2100 X102.017 Y163.196 E2441.33837
G0 F9000 X102.611 Y163.196
G1 F2100 X44.428 Y105.013 E2444.21196
G0 F9000 X44.428 Y104.419
G1 F2100 X103.205 Y163.196 E2447.11488
G0 F9000 X103.799 Y163.196
G1 F2100 X44.428 Y103.825 E2450.04714
G0 F9000 X44.428 Y103.231
G1 F2100 X104.393 Y163.196 E2453.00874
G0 F9000 X104.987 Y163.196
G1 F2100 X44.428 Y102.637 E2455.99968
G0 F9000 X44.428 Y102.043
G1 F2100 X105.581 Y163.196 E2459.01995
G0 F9000 X106.175 Y163.196
G1 F2100 X44.428 Y101.45 E2462.06953
G0 F9000 X44.428 Y100.856
G1 F2100 X106.769 Y163.196 E2465.14845
G0 F9000 X107.363 Y163.196
G1 F2100 X44.428 Y100.262 E2468.25671
G0 F9000 X44.428 Y99.668
G1 F2100 X107.957 Y163.196 E2471.39431
G0 F9000 X108.551 Y163.196
G1 F2100 X44.428 Y99.074 E2474.56124
G0 F9000 X44.428 Y98.48
G1 F2100 X109.145 Y163.196 E2477.75751
G0 F9000 X109.739 Y163.196
G1 F2100 X44.428 Y97.886 E2480.98312
G0 F9000 X44.428 Y97.292
G1 F2100 X110.333 Y163.196 E2484.23806
G0 F9000 X110.927 Y163.196
G1 F2100 X44.428 Y96.698 E2487.52234
G0 F9000 X44.428 Y96.104
G1 F2100 X111.521 Y163.196 E2490.83595
G0 F9000 X112.115 Y163.196
G1 F2100 X44.428 Y95.51 E2494.17891
G0 F9000 X44.428 Y94.916
G1 F2100 X112.709 Y163.196 E2497.5512
G0 F9000 X113.303 Y163.196
G1 F2100 X44.428 Y94.322 E2500.95283
G0 F9000 X44.428 Y93.728
G1 F2100 X113.897 Y163.196 E2504.38379
G0 F9000 X114.491 Y163.196
G1 F2100 X44.428 Y93.134 E2507.84409
G0 F9000 X44.428 Y92.54
G1 F2100 X115.085 Y163.196 E2511.33373
G0 F9000 X115.679 Y163.196
G1 F2100 X44.428 Y91.946 E2514.85271
G0 F9000 X44.428 Y91.352
G1 F2100 X116.273 Y163.196 E2518.40102
G0 F9000 X116.867 Y163.196
G1 F2100 X44.428 Y90.758 E2521.97867
G0 F9000 X44.428 Y90.164
G1 F2100 X117.461 Y163.196 E2525.58565
G0 F9000 X118.054 Y163.196
G1 F2100 X44.428 Y89.57 E2529.22195
G0 F9000 X44.428 Y88.976
G1 F2100 X118.648 Y163.196 E2532.88759
G0 F9000 X119.242 Y163.196
G1 F2100 X44.428 Y88.382 E2536.58256
G0 F9000 X44.428 Y87.788
G1 F2100 X119.836 Y163.196 E2540.30687
G0 F9000 X120.43 Y163.196
G1 F2100 X44.428 Y87.194 E2544.06052
G0 F9000 X44.428 Y86.6
G1 F2100 X121.024 Y163.196 E2547.8435
G0 F9000 X121.618 Y163.196
G1 F2100 X44.428 Y86.006 E2551.65582
G0 F9000 X44.428 Y85.412
G1 F2100 X122.212 Y163.196 E2555.49748
G0 F9000 X122.806 Y163.196
G1 F2100 X44.428 Y84.818 E2559.36847
G0 F9000 X44.428 Y84.224
G1 F2100 X123.4 Y163.196 E2563.2688
G0 F9000 X123.994 Y163.196
G1 F2100 X44.428 Y83.63 E2567.19847
G0 F9000 X44.428 Y83.036
G1 F2100 X124.587 Y163.196 E2571.15745
G0 F9000 X125.181 Y163.196
G1 F2100 X44.428 Y82.442 E2575.14576
G0 F9000 X44.428 Y81.849
G1 F2100 X125.775 Y163.196 E2579.16339
G0 F9000 X126.369 Y163.196
G1 F2100 X44.428 Y81.255 E2583.21036
G0 F9000 X44.428 Y80.661
G1 F2100 X126.963 Y163.196 E2587.28666
G0 F9000 X127.557 Y163.196
G1 F2100 X44.428 Y80.067 E2591.3923
G0 F9000 X44.428 Y79.473
G1 F2100 X128.151 Y163.196 E2595.52728
G0 F9000 X128.745 Y163.196
G1 F2100 X44.428 Y78.879 E2599.69159
G0 F9000 X44.428 Y78.285
G1 F2100 X129.339 Y163.196 E2603.88524
G0 F9000 X129.933 Y163.196
G1 F2100 X44.428 Y77.691 E2608.10823
G0 F9000 X44.428 Y77.097
G1 F2100 X130.527 Y163.196 E2612.36056
G0 F9000 X131.121 Y163.196
G1 F2100 X44.428 Y76.503 E2616.64222
G0 F9000 X44.457 Y75.938
G1 F2100 X131.715 Y163.196 E2620.95178
G0 F9000 X132.309 Y163.196
G1 F2100 X44.525 Y75.411 E2625.28735
G0 F9000 X44.665 Y74.957
G1 F2100 X132.903 Y163.196 E2629.64535
G0 F9000 X133.497 Y163.196
G1 F2100 X44.85 Y74.548 E2634.02354
G0 F9000 X45.058 Y74.163
G1 F2100 X134.091 Y163.196 E2638.42077
G0 F9000 X134.685 Y163.196
G1 F2100 X45.326 Y73.837 E2642.8341
G0 F9000 X45.616 Y73.532
G1 F2100 X135.279 Y163.196 E2647.26247
G0 F9000 X135.873 Y163.196
G1 F2100 X45.942 Y73.264 E2651.70408
G0 F9000 X46.311 Y73.039
G1 F2100 X136.467 Y163.196 E2656.1568
G0 F9000 X137.061 Y163.196
G1 F2100 X46.702 Y72.836 E2660.61954
G0 F9000 X47.156 Y72.697
G1 F2100 X137.655 Y163.196 E2665.08918
G0 F9000 X138.249 Y163.196
G1 F2100 X47.659 Y72.606 E2669.56331
G0 F9000 X48.211 Y72.564
G1 F2100 X138.843 Y163.196 E2674.03951
G0 F9000 X139.437 Y163.196
G1 F2100 X48.805 Y72.564 E2678.51572
G0 F9000 X49.399 Y72.564
G1 F2100 X140.031 Y163.196 E2682.99192
G0 F9000 X140.625 Y163.196
G1 F2100 X49.993 Y72.564 E2687.46813
G0 F9000 X50.587 Y72.564
G1 F2100 X141.219 Y163.196 E2691.94433
G0 F9000 X141.813 Y163.196
G1 F2100 X51.181 Y72.564 E2696.42053
G0 F9000 X51.775 Y72.564
G1 F2100 X142.407 Y163.196 E2700.89674
G0 F9000 X143.001 Y163.196
G1 F2100 X52.369 Y72.564 E2705.37294
G0 F9000 X52.963 Y72.564
G1 F2100 X143.595 Y163.196 E2709.84915
G0 F9000 X144.188 Y163.196
G1 F2100 X53.556 Y72.564 E2714.32535
G0 F9000 X54.15 Y72.564
G1 F2100 X144.782 Y163.196 E2718.80155
G0 F9000 X145.376 Y163.196
G1 F2100 X54.744 Y72.564 E2723.27776
G0 F9000 X55.338 Y72.564
G1 F2100 X145.97 Y163.196 E2727.75396
G0 F9000 X146.564 Y163.196
G1 F2100 X55.932 Y72.564 E2732.23016
G0 F9000 X56.526 Y72.564
G1 F2100 X147.158 Y163.196 E2736.70637
G0 F9000 X147.752 Y163.196
G1 F2100 X57.12 Y72.564 E2741.18257
G0 F9000 X57.714 Y72.564
G1 F2100 X148.346 Y163.196 E2745.65878
G0 F9000 X148.94 Y163.196
G1 F2100 X58.308 Y72.564 E2750.13498
G0 F9000 X58.902 Y72.564
G1 F2100 X149.534 Y163.196 E2754.61118
G0 F9000 X150.128 Y163.196
G1 F2100 X59.496 Y72.564 E2759.08739
G0 F9000 X60.09 Y72.564
G1 F2100 X150.722 Y163.196 E2763.56359
G0 F9000 X151.316 Y163.196
G1 F2100 X60.684 Y72.564 E2768.0398
G0 F9000 X61.278 Y72.564
G1 F2100 X151.91 Y163.196 E2772.516
G0 F9000 X152.504 Y163.196
G1 F2100 X61.872 Y72.564 E2776.9922
G0 F9000 X62.466 Y72.564
G1 F2100 X153.098 Y163.196 E2781.46841
G0 F9000 X153.692 Y163.196
G1 F2100 X63.06 Y72.564 E2785.94461
G0 F9000 X63.654 Y72.564
G1 F2100 X154.286 Y163.196 E2790.42082
G0 F9000 X154.88 Y163.196
G1 F2100 X64.248 Y72.564 E2794.89702
G0 F9000 X64.842 Y72.564
G1 F2100 X155.474 Y163.196 E2799.37322
G0 F9000 X156.068 Y163.196
G1 F2100 X65.436 Y72.564 E2803.84943
G0 F9000 X66.03 Y72.564
G1 F2100 X156.662 Y163.196 E2808.32563
G0 F9000 X157.256 Y163.196
G1 F2100 X66.624 Y72.564 E2812.80184
G0 F9000 X67.218 Y72.564
G1 F2100 X157.85 Y163.196 E2817.27804
G0 F9000 X158.444 Y163.196
G1 F2100 X67.812 Y72.564 E2821.75424
G0 F9000 X68.406 Y72.564
G1 F2100 X159.038 Y163.196 E2826.23045
G0 F9000 X159.632 Y163.196
G1 F2100 X69 Y72.564 E2830.70665
G0 F9000 X69.594 Y72.564
G1 F2100 X160.226 Y163.196 E2835.18286
G0 F9000 X160.82 Y163.196
G1 F2100 X70.188 Y72.564 E2839.65906
G0 F9000 X70.782 Y72.564
G1 F2100 X161.414 Y163.196 E2844.13526
G0 F9000 X162.008 Y163.196
G1 F2100 X71.376 Y72.564 E2848.61147
G0 F9000 X71.97 Y72.564
G1 F2100 X162.602 Y163.196 E2853.08767
G0 F9000 X163.196 Y163.196
G1 F2100 X72.564 Y72.564 E2857.56388
G0 F9000 X73.157 Y72.564
G1 F2100 X163.789 Y163.196 E2862.04008
G0 F9000 X164.383 Y163.196
G1 F2100 X73.751 Y72.564 E2866.51628
G0 F9000 X74.345 Y72.564
G1 F2100 X164.977 Y163.196 E2870.99249
G0 F9000 X165.571 Y163.196
G1 F2100 X74.939 Y72.564 E2875.46869
G0 F9000 X75.533 Y72.564
G1 F2100 X166.165 Y163.196 E2879.9449
G0 F9000 X166.759 Y163.196
G1 F2100 X76.127 Y72.564 E2884.4211
G0 F9000 X76.721 Y72.564
G1 F2100 X167.353 Y163.196 E2888.8973
G0 F9000 X167.947 Y163.196
G1 F2100 X77.315 Y72.564 E2893.37351
G0 F9000 X77.909 Y72.564
G1 F2100 X168.541 Y163.196 E2897.84971
G0 F9000 X169.135 Y163.196
G1 F2100 X78.503 Y72.564 E2902.32592
G0 F9000 X79.097 Y72.564
G1 F2100 X169.729 Y163.196 E2906.80212
G0 F9000 X170.303 Y163.175
G1 F2100 X79.691 Y72.564 E2911.27731
G0 F9000 X80.285 Y72.564
G1 F2100 X170.869 Y163.147 E2915.75112
G0 F9000 X171.435 Y163.12
G1 F2100 X80.879 Y72.564 E2920.22357
G0 F9000 X81.473 Y72.564
G1 F2100 X172 Y163.091 E2924.69459
G0 F9000 X172.517 Y163.014
G1 F2100 X82.067 Y72.564 E2929.1618
G0 F9000 X82.661 Y72.564
G1 F2100 X173.034 Y162.937 E2933.62522
G0 F9000 X173.55 Y162.859
G1 F2100 X83.255 Y72.564 E2938.08478
G0 F9000 X83.849 Y72.564
G1 F2100 X174.057 Y162.772 E2942.54004
G0 F9000 X174.533 Y162.654
G1 F2100 X84.443 Y72.564 E2946.98947
G0 F9000 X85.037 Y72.564
G1 F2100 X175.009 Y162.536 E2951.43308
G0 F9000 X175.484 Y162.417
G1 F2100 X85.631 Y72.564 E2955.87081
G0 F9000 X86.225 Y72.564
G1 F2100 X175.958 Y162.297 E2960.30262
G0 F9000 X176.395 Y162.14
G1 F2100 X86.819 Y72.564 E2964.72667
G0 F9000 X87.413 Y72.564
G1 F2100 X176.833 Y161.984 E2969.14301
G0 F9000 X177.27 Y161.827
G1 F2100 X88.007 Y72.564 E2973.5516
G0 F9000 X88.601 Y72.564
G1 F2100 X177.707 Y161.67 E2977.95244
G0 F9000 X178.119 Y161.488
G1 F2100 X89.195 Y72.564 E2982.34429
G0 F9000 X89.789 Y72.564
G1 F2100 X178.523 Y161.298 E2986.72675
G0 F9000 X178.926 Y161.107
G1 F2100 X90.383 Y72.564 E2991.09978
G0 F9000 X90.977 Y72.564
G1 F2100 X179.329 Y160.916 E2995.46338
G0 F9000 X179.726 Y160.719
G1 F2100 X91.571 Y72.564 E2999.81725
G0 F9000 X92.165 Y72.564
G1 F2100 X180.098 Y160.497 E3004.16015
G0 F9000 X180.47 Y160.275
G1 F2100 X92.758 Y72.564 E3008.49211
G0 F9000 X93.352 Y72.564
G1 F2100 X180.841 Y160.052 E3012.81306
G0 F9000 X181.213 Y159.83
G1 F2100 X93.946 Y72.564 E3017.12305
G0 F9000 X94.54 Y72.564
G1 F2100 X181.572 Y159.595 E3021.42143
G0 F9000 X181.913 Y159.342
G1 F2100 X95.134 Y72.564 E3025.70731
G0 F9000 X95.728 Y72.564
G1 F2100 X182.254 Y159.089 E3029.9807
G0 F9000 X182.595 Y158.836
G1 F2100 X96.322 Y72.564 E3034.2416
G0 F9000 X96.916 Y72.564
G1 F2100 X182.936 Y158.583 E3038.48999
G0 F9000 X183.255 Y158.308
G1 F2100 X97.51 Y72.564 E3042.72481
G0 F9000 X98.104 Y72.564
G1 F2100 X183.567 Y158.026 E3046.9457
G0 F9000 X183.878 Y157.743
G1 F2100 X98.698 Y72.564 E3051.15261
G0 F9000 X99.292 Y72.564
G1 F2100 X184.189 Y157.46 E3055.34555
G0 F9000 X184.5 Y157.177
G1 F2100 X99.886 Y72.564 E3059.5245
G0 F9000 X100.48 Y72.564
G1 F2100 X184.786 Y156.869 E3063.68825
G0 F9000 X185.068 Y156.558
G1 F2100 X101.074 Y72.564 E3067.83661
G0 F9000 X101.668 Y72.564
G1 F2100 X185.351 Y156.246 E3071.96959
G0 F9000 X185.633 Y155.935
G1 F2100 X102.262 Y72.564 E3076.08718
G0 F9000 X102.856 Y72.564
G1 F2100 X185.913 Y155.62 E3080.18924
G0 F9000 X186.165 Y155.279
G1 F2100 X103.45 Y72.564 E3084.27443
G0 F9000 X104.044 Y72.564
G1 F2100 X186.418 Y154.938 E3088.34278
G0 F9000 X186.671 Y154.597
G1 F2100 X104.638 Y72.564 E3092.39429
G0 F9000 X105.232 Y72.564
G1 F2100 X186.924 Y154.256 E3096.42896
G0 F9000 X187.166 Y153.904
G1 F2100 X105.826 Y72.564 E3100.44624
G0 F9000 X106.42 Y72.564
G1 F2100 X187.388 Y153.532 E3104.44516
G0 F9000 X187.611 Y153.161
G1 F2100 X107.014 Y72.564 E3108.42574
G0 F9000 X107.608 Y72.564
G1 F2100 X187.834 Y152.79 E3112.38801
G0 F9000 X188.057 Y152.418
G1 F2100 X108.202 Y72.564 E3116.33192
G0 F9000 X108.796 Y72.564
G1 F2100 X188.26 Y152.028 E3120.25655
G0 F9000 X188.451 Y151.624
G1 F2100 X109.39 Y72.564 E3124.16126
G0 F9000 X109.984 Y72.564
G1 F2100 X188.641 Y151.221 E3128.04603
G0 F9000 X188.832 Y150.818
G1 F2100 X110.578 Y72.564 E3131.9109
G0 F9000 X111.172 Y72.564
G1 F2100 X189.017 Y150.409 E3135.75557
G0 F9000 X189.174 Y149.972
G1 F2100 X111.766 Y72.564 E3139.57865
G0 F9000 X112.359 Y72.564
G1 F2100 X189.331 Y149.535 E3143.38018
G0 F9000 X189.488 Y149.098
G1 F2100 X112.953 Y72.564 E3147.16013
G0 F9000 X113.547 Y72.564
G1 F2100 X189.645 Y148.661 E3150.91849
G0 F9000 X189.771 Y148.193
G1 F2100 X114.141 Y72.564 E3154.65374
G0 F9000 X114.735 Y72.564
G1 F2100 X189.889 Y147.717 E3158.36548
G0 F9000 X190.007 Y147.241
G1 F2100 X115.329 Y72.564 E3162.05371
G0 F9000 X115.923 Y72.564
G1 F2100 X190.126 Y146.766 E3165.71848
G0 F9000 X190.218 Y146.265
G1 F2100 X116.517 Y72.564 E3169.35848
G0 F9000 X117.111 Y72.564
G1 F2100 X190.296 Y145.748 E3172.97298
G0 F9000 X190.373 Y145.231
G1 F2100 X117.705 Y72.564 E3176.56194
G0 F9000 X118.299 Y72.564
G1 F2100 X190.451 Y144.715 E3180.12541
G0 F9000 X190.488 Y144.158
G1 F2100 X118.893 Y72.564 E3183.66138
G0 F9000 X119.487 Y72.564
G1 F2100 X190.516 Y143.592 E3187.16939
G0 F9000 X190.544 Y143.026
G1 F2100 X120.081 Y72.564 E3190.64944
G0 F9000 X120.675 Y72.564
G1 F2100 X190.568 Y142.457 E3194.10137
G0 F9000 X190.568 Y141.863
G1 F2100 X121.269 Y72.564 E3197.52397
G0 F9000 X121.863 Y72.564
G1 F2100 X190.568 Y141.269 E3200.91722
G0 F9000 X190.568 Y140.675
G1 F2100 X122.457 Y72.564 E3204.28114
G0 F9000 X123.051 Y72.564
G1 F2100 X190.568 Y140.081 E3207.61573
G0 F9000 X190.568 Y139.487
G1 F2100 X123.645 Y72.564 E3210.92097
G0 F9000 X124.239 Y72.564
G1 F2100 X190.568 Y138.893 E3214.19688
G0 F9000 X190.568 Y138.299
G1 F2100 X124.833 Y72.564 E3217.44345
G0 F9000 X125.427 Y72.564
G1 F2100 X190.568 Y137.705 E3220.66069
G0 F9000 X190.568 Y137.111
G1 F2100 X126.021 Y72.564 E3223.84858
G0 F9000 X126.615 Y72.564
G1 F2100 X190.568 Y136.517 E3227.00714
G0 F9000 X190.568 Y135.923
G1 F2100 X127.209 Y72.564 E3230.13637
G0 F9000 X127.803 Y72.564
G1 F2100 X190.568 Y135.329 E3233.23625
G0 F9000 X190.568 Y134.735
G1 F2100 X128.397 Y72.564 E3236.3068
G0 F9000 X128.991 Y72.564
G1 F2100 X190.568 Y134.141 E3239.34802
G0 F9000 X190.568 Y133.547
G1 F2100 X129.585 Y72.564 E3242.35989
G0 F9000 X130.179 Y72.564
G1 F2100 X190.568 Y132.953 E3245.34243
G0 F9000 X190.568 Y132.359
G1 F2100 X130.773 Y72.564 E3248.29563
G0 F9000 X131.367 Y72.564
G1 F2100 X190.568 Y131.765 E3251.2195
G0 F9000 X190.568 Y131.171
G1 F2100 X131.96 Y72.564 E3254.11405
G0 F9000 X132.554 Y72.564
G1 F2100 X190.568 Y130.577 E3256.97927
G0 F9000 X190.568 Y129.983
G1 F2100 X133.148 Y72.564 E3259.81515
G0 F9000 X133.742 Y72.564
G1 F2100 X190.568 Y129.389 E3262.62169
G0 F9000 X190.568 Y128.795
G1 F2100 X134.336 Y72.564 E3265.39889
G0 F9000 X134.93 Y72.564
G1 F2100 X190.568 Y128.201 E3268.14676
G0 F9000 X190.568 Y127.608
G1 F2100 X135.524 Y72.564 E3270.86532
G0 F9000 X136.118 Y72.564
G1 F2100 X190.568 Y127.014 E3273.55454
G0 F9000 X190.568 Y126.42
G1 F2100 X136.712 Y72.564 E3276.21442
G0 F9000 X137.306 Y72.564
G1 F2100 X190.568 Y125.826 E3278.84497
G0 F9000 X190.568 Y125.232
G1 F2100 X137.9 Y72.564 E3281.44617
G0 F9000 X138.494 Y72.564
G1 F2100 X190.568 Y124.638 E3284.01805
G0 F9000 X190.568 Y124.044
G1 F2100 X139.088 Y72.564 E3286.56058
G0 F9000 X139.682 Y72.564
G1 F2100 X190.568 Y123.45 E3289.07378
G0 F9000 X190.568 Y122.856
G1 F2100 X140.276 Y72.564 E3291.55764
G0 F9000 X140.87 Y72.564
G1 F2100 X190.568 Y122.262 E3294.01216
G0 F9000 X190.568 Y121.668
G1 F2100 X141.464 Y72.564 E3296.43735
G0 F9000 X142.058 Y72.564
G1 F2100 X190.568 Y121.074 E3298.8332
G0 F9000 X190.568 Y120.48
G1 F2100 X142.652 Y72.564 E3301.19971
G0 F9000 X143.246 Y72.564
G1 F2100 X190.568 Y119.886 E3303.53689
G0 F9000 X190.568 Y119.292
G1 F2100 X189.386 Y118.11 E3303.59526
G0 F9000 X189.98 Y118.11
G1 F2100 X190.568 Y118.698 E3303.6243
G0 F9000 X188.433 Y117.771
G0 X188.096 Y116.819
G1 F2100 X143.84 Y72.564 E3305.81003
G0 F9000 X144.434 Y72.564
G1 F2100 X188.096 Y116.226 E3307.96644
G0 F9000 X188.096 Y115.632
G1 F2100 X145.028 Y72.564 E3310.09352
G0 F9000 X145.622 Y72.564
G1 F2100 X188.097 Y115.039 E3312.19131
G0 F9000 X188.098 Y114.445
G1 F2100 X146.216 Y72.564 E3314.25978
G0 F9000 X146.81 Y72.564
G1 F2100 X188.098 Y113.852 E3316.29895
G0 F9000 X188.098 Y113.258
G1 F2100 X147.404 Y72.564 E3318.30877
G0 F9000 X147.998 Y72.564
G1 F2100 X188.099 Y112.665 E3320.28931
G0 F9000 X188.1 Y112.072
G1 F2100 X148.592 Y72.564 E3322.24057
G0 F9000 X149.186 Y72.564
G1 F2100 X188.117 Y111.495 E3324.16332
G0 F9000 X188.274 Y111.058
G1 F2100 X149.78 Y72.564 E3326.06449
G0 F9000 X150.374 Y72.564
G1 F2100 X188.565 Y110.755 E3327.9507
G0 F9000 X188.97 Y110.566
G1 F2100 X150.968 Y72.564 E3329.82757
G0 F9000 X151.561 Y72.564
G1 F2100 X189.495 Y110.497 E3331.70106
G0 F9000 X190.089 Y110.497
G1 F2100 X152.155 Y72.564 E3333.57455
G0 F9000 X152.749 Y72.564
G1 F2100 X190.57 Y110.384 E3335.44246
G0 F9000 X190.57 Y109.79
G1 F2100 X153.343 Y72.564 E3337.28103
G0 F9000 X153.937 Y72.564
G1 F2100 X190.57 Y109.196 E3339.09026
G0 F9000 X190.57 Y108.602
G1 F2100 X154.531 Y72.564 E3340.87016
G0 F9000 X155.125 Y72.564
G1 F2100 X190.57 Y108.008 E3342.62072
G0 F9000 X190.57 Y107.414
G1 F2100 X155.719 Y72.564 E3344.34195
G0 F9000 X156.313 Y72.564
G1 F2100 X190.57 Y106.82 E3346.03383
G0 F9000 X190.57 Y106.226
G1 F2100 X156.907 Y72.564 E3347.69638
G0 F9000 X157.501 Y72.564
G1 F2100 X190.57 Y105.632 E3349.3296
G0 F9000 X190.57 Y105.038
G1 F2100 X158.095 Y72.564 E3350.93347
G0 F9000 X158.689 Y72.564
G1 F2100 X190.57 Y104.444 E3352.50801
G0 F9000 X190.57 Y103.85
G1 F2100 X159.283 Y72.564 E3354.05321
G0 F9000 X159.877 Y72.564
G1 F2100 X190.57 Y103.256 E3355.56908
G0 F9000 X190.57 Y102.662
G1 F2100 X160.471 Y72.564 E3357.05561
G0 F9000 X161.065 Y72.564
G1 F2100 X190.57 Y102.068 E3358.5128
G0 F9000 X190.57 Y101.474
G1 F2100 X161.659 Y72.564 E3359.94065
G0 F9000 X162.253 Y72.564
G1 F2100 X190.57 Y100.88 E3361.33917
G0 F9000 X190.57 Y100.286
G1 F2100 X162.847 Y72.564 E3362.70835
G0 F9000 X163.441 Y72.564
G1 F2100 X190.57 Y99.692 E3364.04819
G0 F9000 X190.57 Y99.098
G1 F2100 X164.035 Y72.564 E3365.3587
G0 F9000 X164.629 Y72.564
G1 F2100 X190.57 Y98.504 E3366.63987
G0 F9000 X190.57 Y97.91
G1 F2100 X165.223 Y72.564 E3367.8917
G0 F9000 X165.817 Y72.564
G1 F2100 X190.57 Y97.316 E3369.1142
G0 F9000 X190.57 Y96.723
G1 F2100 X166.411 Y72.564 E3370.30738
G0 F9000 X167.005 Y72.564
G1 F2100 X190.57 Y96.129 E3371.47123
G0 F9000 X190.57 Y95.535
G1 F2100 X167.599 Y72.564 E3372.60574
G0 F9000 X168.193 Y72.564
G1 F2100 X190.57 Y94.941 E3373.71091
G0 F9000 X190.57 Y94.347
G1 F2100 X168.787 Y72.564 E3374.78675
G0 F9000 X169.381 Y72.564
G1 F2100 X190.57 Y93.753 E3375.83325
G0 F9000 X190.57 Y93.159
G1 F2100 X169.975 Y72.564 E3376.85041
G0 F9000 X170.569 Y72.564
G1 F2100 X190.57 Y92.565 E3377.83823
G0 F9000 X190.57 Y91.971
G1 F2100 X171.162 Y72.564 E3378.79675
G0 F9000 X171.756 Y72.564
G1 F2100 X190.57 Y91.377 E3379.72592
G0 F9000 X190.57 Y90.783
G1 F2100 X172.35 Y72.564 E3380.62576
G0 F9000 X172.944 Y72.564
G1 F2100 X190.57 Y90.189 E3381.49626
G0 F9000 X190.57 Y89.595
G1 F2100 X173.538 Y72.564 E3382.33743
G0 F9000 X174.132 Y72.564
G1 F2100 X190.57 Y89.001 E3383.14926
G0 F9000 X190.57 Y88.407
G1 F2100 X174.726 Y72.564 E3383.93175
G0 F9000 X175.32 Y72.564
G1 F2100 X190.57 Y87.813 E3384.6849
G0 F9000 X190.57 Y87.219
G1 F2100 X175.914 Y72.564 E3385.40872
G0 F9000 X176.508 Y72.564
G1 F2100 X190.57 Y86.625 E3386.1032
G0 F9000 X190.57 Y86.031
G1 F2100 X177.102 Y72.564 E3386.76834
G0 F9000 X177.696 Y72.564
G1 F2100 X190.57 Y85.437 E3387.40415
G0 F9000 X190.57 Y84.843
G1 F2100 X178.29 Y72.564 E3388.01062
G0 F9000 X178.884 Y72.564
G1 F2100 X190.57 Y84.249 E3388.58775
G0 F9000 X190.57 Y83.655
G1 F2100 X179.478 Y72.564 E3389.13555
G0 F9000 X180.072 Y72.564
G1 F2100 X190.57 Y83.061 E3389.654
G0 F9000 X190.57 Y82.467
G1 F2100 X180.666 Y72.564 E3390.14313
G0 F9000 X181.26 Y72.564
G1 F2100 X190.57 Y81.873 E3390.60291
G0 F9000 X190.57 Y81.279
G1 F2100 X181.854 Y72.564 E3391.03336
G0 F9000 X182.448 Y72.564
G1 F2100 X190.57 Y80.685 E3391.43447
G0 F9000 X190.57 Y80.091
G1 F2100 X183.042 Y72.564 E3391.80624
G0 F9000 X183.636 Y72.564
G1 F2100 X190.57 Y79.497 E3392.14868
G0 F9000 X190.57 Y78.903
G1 F2100 X184.23 Y72.564 E3392.46178
G0 F9000 X184.824 Y72.564
G1 F2100 X190.57 Y78.309 E3392.74554
G0 F9000 X190.57 Y77.715
G1 F2100 X185.418 Y72.564 E3392.99997
G0 F9000 X186.012 Y72.564
G1 F2100 X190.57 Y77.122 E3393.22509
G0 F9000 X190.57 Y76.528
G1 F2100 X186.606 Y72.564 E3393.42086
G0 F9000 X187.233 Y72.597
G1 F2100 X190.537 Y75.901 E3393.58404
G0 F9000 X190.399 Y75.168
G1 F2100 X187.965 Y72.735 E3393.70423
G1 X187.891 Y72.661
G0 F9000 X189.235 Y73.411
G1 F2100 X189.722 Y73.898 E3393.72828
G0 F9000 X189.683 Y73.929
G1 F1500 E3392.72828
;MESH:NONMESH
G0 F600 X189.683 Y73.929 Z0.8
G0 F9000 X46.567 Y117.771
G0 X44.176 Y117.984
G0 X43.883 Y117.946
;TIME_ELAPSED:2836.522277
;LAYER:3
M106 S255
M204 S2000
;TYPE:WALL-INNER
;MESH:Bottom_Standoffs.stl
G1 F1500 E3393.72828
G1 F3780 X43.884 Y142.566 E3394.58809
G1 X43.987 Y144.655 E3394.66113
G1 X44.291 Y146.7 E3394.73334
G1 X44.795 Y148.721 E3394.80608
G1 X45.495 Y150.673 E3394.8785
G1 X46.377 Y152.538 E3394.95055
G1 X47.455 Y154.338 E3395.02382
G1 X48.692 Y156.006 E3395.09634
G1 X50.084 Y157.541 E3395.16871
G1 X51.632 Y158.944 E3395.24167
G1 X53.278 Y160.166 E3395.31326
G1 X55.082 Y161.245 E3395.38667
G1 X56.957 Y162.132 E3395.45911
G1 X58.906 Y162.831 E3395.53142
G1 X60.927 Y163.336 E3395.60417
G1 X62.97 Y163.64 E3395.6763
G1 X65.077 Y163.744 E3395.74998
G1 X169.923 Y163.743 E3399.41153
G1 X172.03 Y163.64 E3399.4852
G1 X174.073 Y163.336 E3399.55733
G1 X176.094 Y162.831 E3399.63008
G1 X178.043 Y162.132 E3399.70239
G1 X179.918 Y161.245 E3399.77483
G1 X181.722 Y160.166 E3399.84824
G1 X183.368 Y158.944 E3399.91984
G1 X184.916 Y157.541 E3399.9928
G1 X186.308 Y156.006 E3400.06516
G1 X187.545 Y154.338 E3400.13769
G1 X188.623 Y152.538 E3400.21096
G1 X189.505 Y150.673 E3400.28301
G1 X190.205 Y148.721 E3400.35543
G1 X190.709 Y146.7 E3400.42817
G1 X191.013 Y144.656 E3400.50034
G1 X191.116 Y142.55 E3400.57397
G1 X191.117 Y117.946 E3401.43322
G1 X190.975 Y117.705 E3401.44299
G1 X190.728 Y117.563 E3401.45294
G1 X189.14 Y117.563 E3401.5084
G1 X188.842 Y117.396 E3401.52033
G1 X188.718 Y117.237 E3401.52737
G1 X188.641 Y117.023 E3401.53531
G1 X188.645 Y111.596 E3401.72484
G1 X188.676 Y111.464 E3401.72958
G1 X188.89 Y111.171 E3401.74225
G1 X189.143 Y111.044 E3401.75213
G1 X191.117 Y111.044 E3401.82107
G1 X191.117 Y76.215 E3403.03741
G1 X191.035 Y75.378 E3403.06678
G1 X190.796 Y74.593 E3403.09544
G1 X190.412 Y73.875 E3403.12387
G1 X189.892 Y73.243 E3403.15246
G1 X189.26 Y72.723 E3403.18104
G1 X188.542 Y72.339 E3403.20947
G1 X187.757 Y72.1 E3403.23813
G1 X186.92 Y72.018 E3403.2675
G1 X48.08 Y72.018 E3408.11623
G1 X47.243 Y72.1 E3408.1456
G1 X46.458 Y72.339 E3408.17426
G1 X45.74 Y72.723 E3408.20269
G1 X45.108 Y73.243 E3408.23128
G1 X44.588 Y73.875 E3408.25986
G1 X44.204 Y74.593 E3408.28829
G1 X43.965 Y75.378 E3408.31695
G1 X43.883 Y76.215 E3408.34632
G1 X43.883 Y111.044 E3409.56266
G1 X45.857 Y111.044 E3409.6316
G1 X46.11 Y111.171 E3409.64148
G1 X46.297 Y111.399 E3409.65178
G1 X46.359 Y111.593 E3409.65889
G1 X46.356 Y117.003 E3409.84783
G1 X46.251 Y117.287 E3409.8584
G1 X46.158 Y117.396 E3409.86341
G1 X45.86 Y117.563 E3409.87534
G1 X44.272 Y117.563 E3409.93079
G1 X44.025 Y117.705 E3409.94074
G1 X43.883 Y117.946 E3409.95051
M204 S1000
G0 F9000 X43.497 Y117.797
M204 S2000
;TYPE:WALL-OUTER
G1 F2640 X43.463 Y118.051 E3409.95946
G1 X43.464 Y142.576 E3410.81595
G1 X43.569 Y144.697 E3410.89012
G1 X43.879 Y146.782 E3410.96373
G1 X44.393 Y148.843 E3411.03791
G1 X45.107 Y150.834 E3411.11178
G1 X46.006 Y152.736 E3411.18525
G1 X47.105 Y154.572 E3411.25998
G1 X48.367 Y156.273 E3411.33395
G1 X49.787 Y157.839 E3411.40777
G1 X51.365 Y159.269 E3411.48214
G1 X53.044 Y160.516 E3411.55518
G1 X54.884 Y161.616 E3411.63005
G1 X56.796 Y162.52 E3411.70391
G1 X58.784 Y163.233 E3411.77766
G1 X60.845 Y163.748 E3411.85185
G1 X62.929 Y164.058 E3411.92544
G1 X65.067 Y164.164 E3412.00019
G1 X169.933 Y164.163 E3415.66244
G1 X172.071 Y164.058 E3415.7372
G1 X174.155 Y163.748 E3415.81078
G1 X176.216 Y163.233 E3415.88497
G1 X178.204 Y162.52 E3415.95873
G1 X180.116 Y161.616 E3416.03259
G1 X181.956 Y160.516 E3416.10745
G1 X183.635 Y159.269 E3416.18049
G1 X185.213 Y157.839 E3416.25486
G1 X186.633 Y156.273 E3416.32869
G1 X187.895 Y154.572 E3416.40266
G1 X188.994 Y152.736 E3416.47738
G1 X189.893 Y150.834 E3416.55085
G1 X190.607 Y148.843 E3416.62472
G1 X191.121 Y146.782 E3416.6989
G1 X191.431 Y144.697 E3416.77252
G1 X191.536 Y142.56 E3416.84724
G1 X191.537 Y118.051 E3417.70317
G1 X191.503 Y117.797 E3417.71212
G1 X191.418 Y117.591 E3417.7199
G1 X191.275 Y117.405 E3417.7281
G1 X191.091 Y117.264 E3417.73619
G1 X190.878 Y117.177 E3417.74423
G1 X190.632 Y117.143 E3417.7529
G1 X189.225 Y117.143 E3417.80204
G1 X189.128 Y117.088 E3417.80593
G1 X189.063 Y116.968 E3417.8107
G1 X189.064 Y111.634 E3417.99698
G1 X189.125 Y111.522 E3418.00143
G1 X189.225 Y111.464 E3418.00547
G1 X191.537 Y111.464 E3418.08621
G1 X191.537 Y76.195 E3419.31791
G1 X191.449 Y75.296 E3419.34946
G1 X191.186 Y74.431 E3419.38103
G1 X190.763 Y73.64 E3419.41236
G1 X190.19 Y72.945 E3419.44382
G1 X189.495 Y72.372 E3419.47527
G1 X188.704 Y71.949 E3419.5066
G1 X187.839 Y71.686 E3419.53817
G1 X186.94 Y71.598 E3419.56972
G1 X48.06 Y71.598 E3424.41985
G1 X47.161 Y71.686 E3424.45139
G1 X46.296 Y71.949 E3424.48297
G1 X45.505 Y72.372 E3424.51429
G1 X44.81 Y72.945 E3424.54575
G1 X44.237 Y73.64 E3424.57721
G1 X43.814 Y74.431 E3424.60853
G1 X43.551 Y75.296 E3424.64011
G1 X43.463 Y76.195 E3424.67165
G1 X43.463 Y111.464 E3425.90336
G1 X45.775 Y111.464 E3425.9841
G1 X45.875 Y111.522 E3425.98814
G1 X45.937 Y111.638 E3425.99273
G1 X45.931 Y116.994 E3426.17978
G1 X45.872 Y117.088 E3426.18365
G1 X45.775 Y117.143 E3426.18755
G1 X44.368 Y117.143 E3426.23669
G1 X44.122 Y117.177 E3426.24536
G1 X43.909 Y117.264 E3426.25339
G1 X43.725 Y117.405 E3426.26149
G1 X43.582 Y117.591 E3426.26968
G1 X43.497 Y117.797 E3426.27746
M204 S1000
G0 F9000 X43.471 Y117.995
G0 X44.219 Y118.106
;TYPE:SKIN
G1 F2100 X44.248 Y117.974 E3426.28218
G1 X44.427 Y117.899 E3426.28896
G1 X45.766 Y117.894 E3426.33572
G1 X46.18 Y117.785 E3426.35068
G1 X46.504 Y117.51 E3426.36552
G1 X46.645 Y117.243 E3426.37606
G1 X46.688 Y117.043 E3426.38321
G1 X46.695 Y111.647 E3426.57165
G1 X46.618 Y111.291 E3426.58437
G1 X46.491 Y111.082 E3426.59291
G1 X46.19 Y110.828 E3426.60667
G1 X45.773 Y110.714 E3426.62176
G1 X44.219 Y110.708 E3426.67604
G1 X44.219 Y76.228 E3427.88019
G1 X44.295 Y75.448 E3427.90755
G1 X44.516 Y74.728 E3427.93386
G1 X44.873 Y74.057 E3427.9604
G1 X45.347 Y73.482 E3427.98642
G1 X45.922 Y73.008 E3428.01245
G1 X46.593 Y72.651 E3428.03899
G1 X47.313 Y72.43 E3428.06529
G1 X48.093 Y72.354 E3428.09266
G1 X186.907 Y72.354 E3432.94048
G1 X187.687 Y72.43 E3432.96785
G1 X188.407 Y72.651 E3432.99416
G1 X189.078 Y73.008 E3433.0207
G1 X189.653 Y73.482 E3433.04672
G1 X190.127 Y74.057 E3433.07275
G1 X190.484 Y74.728 E3433.09929
G1 X190.705 Y75.448 E3433.12559
G1 X190.781 Y76.228 E3433.15296
G1 X190.781 Y110.708 E3434.35711
G1 X189.247 Y110.71 E3434.41069
G1 X189.028 Y110.742 E3434.41842
G1 X188.717 Y110.886 E3434.43038
G1 X188.464 Y111.141 E3434.44293
G1 X188.314 Y111.555 E3434.45831
G1 X188.308 Y117.059 E3434.65052
G1 X188.449 Y117.436 E3434.66458
G1 X188.733 Y117.733 E3434.67893
G1 X189.126 Y117.9 E3434.69384
G1 X190.65 Y117.9 E3434.74707
G1 X190.78 Y118.027 E3434.75341
G1 X190.779 Y142.533 E3435.60924
G1 X190.677 Y144.63 E3435.68256
G1 X190.378 Y146.63 E3435.75318
G1 X189.882 Y148.625 E3435.82498
G1 X189.194 Y150.543 E3435.89614
G1 X188.333 Y152.365 E3435.96651
G1 X187.262 Y154.155 E3436.03936
G1 X186.044 Y155.796 E3436.11073
G1 X184.677 Y157.303 E3436.18179
G1 X183.158 Y158.681 E3436.25341
G1 X181.539 Y159.883 E3436.32383
G1 X179.752 Y160.951 E3436.39654
G1 X177.908 Y161.822 E3436.46776
G1 X175.997 Y162.508 E3436.53866
G1 X174.002 Y163.005 E3436.61047
G1 X172.004 Y163.304 E3436.68102
G1 X169.906 Y163.406 E3436.75437
G1 X65.094 Y163.408 E3440.41474
G1 X62.995 Y163.304 E3440.48813
G1 X60.998 Y163.005 E3440.55865
G1 X59.003 Y162.508 E3440.63045
G1 X57.092 Y161.822 E3440.70136
G1 X55.248 Y160.951 E3440.77258
G1 X53.461 Y159.883 E3440.84528
G1 X51.842 Y158.681 E3440.9157
G1 X50.323 Y157.303 E3440.98733
G1 X48.956 Y155.796 E3441.05838
G1 X47.738 Y154.155 E3441.12975
G1 X46.667 Y152.365 E3441.2026
G1 X45.806 Y150.543 E3441.27298
G1 X45.118 Y148.625 E3441.34414
G1 X44.622 Y146.63 E3441.41593
G1 X44.323 Y144.631 E3441.48652
G1 X44.221 Y142.565 E3441.55876
G1 X44.219 Y118.106 E3442.41295
G1 F1500 E3441.41295
G0 F9000 X46.567 Y117.771
G0 X46.567 Y110.836
G0 X44.862 Y74.525
G1 F1500 E3442.41295
G1 F2100 X46.391 Y72.996 E3442.48846
G1 X46.465 Y72.922
G0 F9000 X47.342 Y72.639
G1 F2100 X44.506 Y75.475 E3442.62853
G0 F9000 X44.438 Y76.137
G1 F2100 X48.003 Y72.572 E3442.8046
G0 F9000 X48.606 Y72.563
G1 F2100 X44.428 Y76.74 E3443.01092
G0 F9000 X44.428 Y77.334
G1 F2100 X49.2 Y72.563 E3443.24658
G0 F9000 X49.794 Y72.563
G1 F2100 X44.428 Y77.928 E3443.51157
G0 F9000 X44.428 Y78.522
G1 F2100 X50.388 Y72.563 E3443.80591
G0 F9000 X50.982 Y72.563
G1 F2100 X44.428 Y79.116 E3444.12958
G0 F9000 X44.428 Y79.71
G1 F2100 X51.576 Y72.563 E3444.48258
G0 F9000 X52.17 Y72.563
G1 F2100 X44.428 Y80.304 E3444.86493
G0 F9000 X44.428 Y80.898
G1 F2100 X52.764 Y72.563 E3445.27661
G0 F9000 X53.358 Y72.563
G1 F2100 X44.428 Y81.492 E3445.71762
G0 F9000 X44.428 Y82.086
G1 F2100 X53.952 Y72.563 E3446.18798
G0 F9000 X54.546 Y72.563
G1 F2100 X44.428 Y82.68 E3446.68767
G0 F9000 X44.428 Y83.274
G1 F2100 X55.14 Y72.563 E3447.2167
G0 F9000 X55.734 Y72.563
G1 F2100 X44.428 Y83.868 E3447.77506
G0 F9000 X44.428 Y84.462
G1 F2100 X56.328 Y72.563 E3448.36276
G0 F9000 X56.922 Y72.563
G1 F2100 X44.428 Y85.056 E3448.9798
G0 F9000 X44.428 Y85.65
G1 F2100 X57.516 Y72.563 E3449.62618
G0 F9000 X58.11 Y72.563
G1 F2100 X44.428 Y86.244 E3450.30189
G0 F9000 X44.428 Y86.838
G1 F2100 X58.704 Y72.563 E3451.00694
G0 F9000 X59.297 Y72.563
G1 F2100 X44.428 Y87.432 E3451.7413
G0 F9000 X44.428 Y88.026
G1 F2100 X59.891 Y72.563 E3452.505
G0 F9000 X60.485 Y72.563
G1 F2100 X44.428 Y88.62 E3453.29804
G0 F9000 X44.428 Y89.214
G1 F2100 X61.079 Y72.563 E3454.12041
G0 F9000 X61.673 Y72.563
G1 F2100 X44.428 Y89.808 E3454.97212
G0 F9000 X44.428 Y90.402
G1 F2100 X62.267 Y72.563 E3455.85316
G0 F9000 X62.861 Y72.563
G1 F2100 X44.428 Y90.996 E3456.76355
G0 F9000 X44.428 Y91.59
G1 F2100 X63.455 Y72.563 E3457.70327
G0 F9000 X64.049 Y72.563
G1 F2100 X44.428 Y92.184 E3458.67232
G0 F9000 X44.428 Y92.778
G1 F2100 X64.643 Y72.563 E3459.67072
G0 F9000 X65.237 Y72.563
G1 F2100 X44.428 Y93.372 E3460.69845
G0 F9000 X44.428 Y93.966
G1 F2100 X65.831 Y72.563 E3461.75552
G0 F9000 X66.425 Y72.563
G1 F2100 X44.428 Y94.559 E3462.8419
G0 F9000 X44.428 Y95.153
G1 F2100 X67.019 Y72.563 E3463.95762
G0 F9000 X67.613 Y72.563
G1 F2100 X44.428 Y95.747 E3465.10267
G0 F9000 X44.428 Y96.341
G1 F2100 X68.207 Y72.563 E3466.27706
G0 F9000 X68.801 Y72.563
G1 F2100 X44.428 Y96.935 E3467.48079
G0 F9000 X44.428 Y97.529
G1 F2100 X69.395 Y72.563 E3468.71385
G0 F9000 X69.989 Y72.563
G1 F2100 X44.428 Y98.123 E3469.97626
G0 F9000 X44.428 Y98.717
G1 F2100 X70.583 Y72.563 E3471.26799
G0 F9000 X71.177 Y72.563
G1 F2100 X44.428 Y99.311 E3472.58907
G0 F9000 X44.428 Y99.905
G1 F2100 X71.771 Y72.563 E3473.93948
G0 F9000 X72.365 Y72.563
G1 F2100 X44.428 Y100.499 E3475.31923
G0 F9000 X44.428 Y101.093
G1 F2100 X72.959 Y72.563 E3476.72832
G0 F9000 X73.553 Y72.563
G1 F2100 X44.428 Y101.687 E3478.16674
G0 F9000 X44.428 Y102.281
G1 F2100 X74.147 Y72.563 E3479.6345
G0 F9000 X74.741 Y72.563
G1 F2100 X44.428 Y102.875 E3481.1316
G0 F9000 X44.428 Y103.469
G1 F2100 X75.335 Y72.563 E3482.65804
G0 F9000 X75.929 Y72.563
G1 F2100 X44.428 Y104.063 E3484.21381
G0 F9000 X44.428 Y104.657
G1 F2100 X76.523 Y72.563 E3485.79892
G0 F9000 X77.117 Y72.563
G1 F2100 X44.428 Y105.251 E3487.41336
G0 F9000 X44.428 Y105.845
G1 F2100 X77.711 Y72.563 E3489.05714
G0 F9000 X78.305 Y72.563
G1 F2100 X44.428 Y106.439 E3490.73026
G0 F9000 X44.428 Y107.033
G1 F2100 X78.898 Y72.563 E3492.43269
G0 F9000 X79.492 Y72.563
G1 F2100 X44.428 Y107.627 E3494.16446
G0 F9000 X44.428 Y108.221
G1 F2100 X80.086 Y72.563 E3495.92557
G0 F9000 X80.68 Y72.563
G1 F2100 X44.428 Y108.815 E3497.71601
G0 F9000 X44.428 Y109.409
G1 F2100 X81.274 Y72.563 E3499.53579
G0 F9000 X81.868 Y72.563
G1 F2100 X44.428 Y110.003 E3501.3849
G0 F9000 X44.529 Y110.496
G1 F2100 X82.462 Y72.563 E3503.25837
G0 F9000 X83.056 Y72.563
G1 F2100 X45.123 Y110.496 E3505.13183
G0 F9000 X45.717 Y110.496
G1 F2100 X83.65 Y72.563 E3507.0053
G0 F9000 X84.244 Y72.563
G1 F2100 X46.191 Y110.616 E3508.88469
G0 F9000 X46.543 Y110.858
G1 F2100 X84.838 Y72.563 E3510.77603
G0 F9000 X85.432 Y72.563
G1 F2100 X46.803 Y111.192 E3512.68387
G0 F9000 X46.904 Y111.685
G1 F2100 X86.026 Y72.563 E3514.61606
G0 F9000 X86.62 Y72.563
G1 F2100 X46.903 Y112.28 E3516.57763
G0 F9000 X46.903 Y112.874
G1 F2100 X87.214 Y72.563 E3518.56854
G0 F9000 X87.808 Y72.563
G1 F2100 X46.902 Y113.469 E3520.58884
G0 F9000 X46.901 Y114.064
G1 F2100 X88.402 Y72.563 E3522.63853
G0 F9000 X88.996 Y72.563
G1 F2100 X46.9 Y114.659 E3524.7176
G0 F9000 X46.899 Y115.254
G1 F2100 X89.59 Y72.563 E3526.82605
G0 F9000 X90.184 Y72.563
G1 F2100 X46.898 Y115.848 E3528.96387
G0 F9000 X46.898 Y116.443
G1 F2100 X90.778 Y72.563 E3531.13105
G0 F9000 X91.372 Y72.563
G1 F2100 X46.897 Y117.038 E3533.32762
G1 X46.823 Y117.112
G0 F9000 X45.865 Y118.07
G1 F2100 X44.433 Y119.502 E3533.39834
G0 F9000 X44.433 Y120.096
G1 F2100 X91.966 Y72.563 E3535.74594
G0 F9000 X92.56 Y72.563
G1 F2100 X44.433 Y120.69 E3538.12287
G0 F9000 X44.433 Y121.284
G1 F2100 X93.154 Y72.563 E3540.52914
G0 F9000 X93.748 Y72.563
G1 F2100 X44.433 Y121.878 E3542.96475
G0 F9000 X44.433 Y122.472
G1 F2100 X94.342 Y72.563 E3545.42969
G0 F9000 X94.936 Y72.563
G1 F2100 X44.433 Y123.066 E3547.92398
G0 F9000 X44.433 Y123.66
G1 F2100 X95.53 Y72.563 E3550.44759
G0 F9000 X96.124 Y72.563
G1 F2100 X44.433 Y124.254 E3553.00055
G0 F9000 X44.433 Y124.848
G1 F2100 X96.718 Y72.563 E3555.58284
G0 F9000 X97.312 Y72.563
G1 F2100 X44.433 Y125.442 E3558.19447
G0 F9000 X44.433 Y126.036
G1 F2100 X97.906 Y72.563 E3560.83544
G0 F9000 X98.499 Y72.563
G1 F2100 X44.432 Y126.63 E3563.50574
G0 F9000 X44.432 Y127.224
G1 F2100 X99.093 Y72.563 E3566.20538
G0 F9000 X99.687 Y72.563
G1 F2100 X44.432 Y127.818 E3568.93436
G0 F9000 X44.432 Y128.412
G1 F2100 X100.281 Y72.563 E3571.69267
G0 F9000 X100.875 Y72.563
G1 F2100 X44.432 Y129.006 E3574.48032
G0 F9000 X44.432 Y129.6
G1 F2100 X101.469 Y72.563 E3577.29731
G0 F9000 X102.063 Y72.563
G1 F2100 X44.432 Y130.194 E3580.14364
G0 F9000 X44.432 Y130.788
G1 F2100 X102.657 Y72.563 E3583.0193
G0 F9000 X103.251 Y72.563
G1 F2100 X44.432 Y131.382 E3585.9243
G0 F9000 X44.432 Y131.976
G1 F2100 X103.845 Y72.563 E3588.85863
G0 F9000 X104.439 Y72.563
G1 F2100 X44.432 Y132.57 E3591.8223
G0 F9000 X44.432 Y133.164
G1 F2100 X105.033 Y72.563 E3594.81531
G0 F9000 X105.627 Y72.563
G1 F2100 X44.432 Y133.758 E3597.83766
G0 F9000 X44.432 Y134.352
G1 F2100 X106.221 Y72.563 E3600.88934
G0 F9000 X106.815 Y72.563
G1 F2100 X44.431 Y134.947 E3603.97041
G0 F9000 X44.431 Y135.541
G1 F2100 X107.409 Y72.563 E3607.08082
G0 F9000 X108.003 Y72.563
G1 F2100 X44.431 Y136.135 E3610.22056
G0 F9000 X44.431 Y136.728
G1 F2100 X108.597 Y72.563 E3613.38962
G0 F9000 X109.191 Y72.563
G1 F2100 X44.431 Y137.322 E3616.58801
G0 F9000 X44.431 Y137.916
G1 F2100 X109.785 Y72.563 E3619.81574
G0 F9000 X110.379 Y72.563
G1 F2100 X44.431 Y138.51 E3623.07281
G0 F9000 X44.431 Y139.104
G1 F2100 X110.973 Y72.563 E3626.35921
G0 F9000 X111.567 Y72.563
G1 F2100 X44.431 Y139.698 E3629.67495
G0 F9000 X44.431 Y140.292
G1 F2100 X112.161 Y72.563 E3633.02003
G0 F9000 X112.755 Y72.563
G1 F2100 X44.431 Y140.886 E3636.39444
G0 F9000 X44.431 Y141.48
G1 F2100 X113.349 Y72.563 E3639.7982
G0 F9000 X113.943 Y72.563
G1 F2100 X44.431 Y142.074 E3643.23128
G0 F9000 X44.436 Y142.664
G1 F2100 X114.537 Y72.563 E3646.69349
G0 F9000 X115.131 Y72.563
G1 F2100 X44.464 Y143.23 E3650.18364
G0 F9000 X44.492 Y143.795
G1 F2100 X115.725 Y72.563 E3653.70173
G0 F9000 X116.319 Y72.563
G1 F2100 X44.52 Y144.362 E3657.2478
G0 F9000 X44.576 Y144.9
G1 F2100 X116.913 Y72.563 E3660.82043
G0 F9000 X117.507 Y72.563
G1 F2100 X44.653 Y145.417 E3664.4186
G0 F9000 X44.73 Y145.933
G1 F2100 X118.1 Y72.563 E3668.04226
G0 F9000 X118.694 Y72.563
G1 F2100 X44.807 Y146.45 E3671.69145
G0 F9000 X44.915 Y146.936
G1 F2100 X119.288 Y72.563 E3675.36464
G0 F9000 X119.882 Y72.563
G1 F2100 X45.034 Y147.411 E3679.06129
G0 F9000 X45.152 Y147.887
G1 F2100 X120.476 Y72.563 E3682.78145
G0 F9000 X121.07 Y72.563
G1 F2100 X45.27 Y148.363 E3686.52512
G0 F9000 X45.41 Y148.817
G1 F2100 X121.664 Y72.563 E3690.29121
G0 F9000 X122.258 Y72.563
G1 F2100 X45.567 Y149.254 E3694.07889
G0 F9000 X45.724 Y149.691
G1 F2100 X122.852 Y72.563 E3697.88814
G0 F9000 X123.446 Y72.563
G1 F2100 X45.881 Y150.128 E3701.71898
G0 F9000 X46.046 Y150.557
G1 F2100 X124.04 Y72.563 E3705.57101
G0 F9000 X124.634 Y72.563
G1 F2100 X46.236 Y150.961 E3709.44299
G0 F9000 X46.427 Y151.364
G1 F2100 X125.228 Y72.563 E3713.33488
G0 F9000 X125.822 Y72.563
G1 F2100 X46.618 Y151.767 E3717.24667
G0 F9000 X46.808 Y152.171
G1 F2100 X126.416 Y72.563 E3721.17841
G0 F9000 X127.01 Y72.563
G1 F2100 X47.023 Y152.55 E3725.12887
G0 F9000 X47.246 Y152.921
G1 F2100 X127.604 Y72.563 E3729.09766
G0 F9000 X128.198 Y72.563
G1 F2100 X47.468 Y153.293 E3733.08481
G0 F9000 X47.69 Y153.664
G1 F2100 X128.792 Y72.563 E3737.09032
G0 F9000 X129.386 Y72.563
G1 F2100 X47.912 Y154.036 E3741.11419
G0 F9000 X48.165 Y154.377
G1 F2100 X129.98 Y72.563 E3745.15491
G0 F9000 X130.574 Y72.563
G1 F2100 X48.419 Y154.718 E3749.21245
G0 F9000 X48.672 Y155.059
G1 F2100 X131.168 Y72.563 E3753.28682
G0 F9000 X131.762 Y72.563
G1 F2100 X48.924 Y155.4 E3757.37807
G0 F9000 X49.184 Y155.734
G1 F2100 X132.356 Y72.563 E3761.48581
G0 F9000 X132.95 Y72.563
G1 F2100 X49.467 Y156.045 E3765.6089
G0 F9000 X49.749 Y156.357
G1 F2100 X133.544 Y72.563 E3769.74741
G0 F9000 X134.138 Y72.563
G1 F2100 X50.032 Y156.668 E3773.90128
G0 F9000 X50.315 Y156.979
G1 F2100 X134.732 Y72.563 E3778.07051
G0 F9000 X135.326 Y72.563
G1 F2100 X50.61 Y157.278 E3782.2545
G0 F9000 X50.921 Y157.561
G1 F2100 X135.92 Y72.563 E3786.45248
G0 F9000 X136.514 Y72.563
G1 F2100 X51.232 Y157.844 E3790.66443
G0 F9000 X51.543 Y158.127
G1 F2100 X137.108 Y72.563 E3794.89035
G0 F9000 X137.701 Y72.563
G1 F2100 X51.855 Y158.409 E3799.13018
G0 F9000 X52.185 Y158.674
G1 F2100 X138.295 Y72.563 E3803.38307
G0 F9000 X138.889 Y72.563
G1 F2100 X52.526 Y158.927 E3807.64846
G0 F9000 X52.866 Y159.18
G1 F2100 X139.483 Y72.563 E3811.92637
G0 F9000 X140.077 Y72.563
G1 F2100 X53.208 Y159.432 E3816.21672
G0 F9000 X53.549 Y159.685
G1 F2100 X140.671 Y72.563 E3820.51957
G0 F9000 X141.265 Y72.563
G1 F2100 X53.919 Y159.91 E3824.83351
G0 F9000 X54.29 Y160.132
G1 F2100 X141.859 Y72.563 E3829.15844
G0 F9000 X142.453 Y72.563
G1 F2100 X54.662 Y160.354 E3833.49433
G0 F9000 X55.034 Y160.576
G1 F2100 X143.047 Y72.563 E3837.84118
G0 F9000 X143.641 Y72.563
G1 F2100 X55.411 Y160.793 E3842.19875
G0 F9000 X55.814 Y160.984
G1 F2100 X144.235 Y72.563 E3846.56576
G0 F9000 X144.829 Y72.563
G1 F2100 X56.217 Y161.175 E3850.9422
G0 F9000 X56.62 Y161.366
G1 F2100 X145.423 Y72.563 E3855.32807
G0 F9000 X146.017 Y72.563
G1 F2100 X57.024 Y161.556 E3859.72333
G0 F9000 X57.448 Y161.725
G1 F2100 X146.611 Y72.563 E3864.12695
G0 F9000 X147.205 Y72.563
G1 F2100 X57.885 Y161.882 E3868.53833
G0 F9000 X58.322 Y162.039
G1 F2100 X147.799 Y72.563 E3872.95747
G0 F9000 X148.393 Y72.563
G1 F2100 X58.759 Y162.196 E3877.38436
G0 F9000 X59.209 Y162.341
G1 F2100 X148.987 Y72.563 E3881.81838
G0 F9000 X149.581 Y72.563
G1 F2100 X59.684 Y162.459 E3886.25826
G0 F9000 X60.16 Y162.577
G1 F2100 X150.175 Y72.563 E3890.70397
G0 F9000 X150.769 Y72.563
G1 F2100 X60.636 Y162.696 E3895.15553
G0 F9000 X61.117 Y162.809
G1 F2100 X151.363 Y72.563 E3899.61267
G0 F9000 X151.957 Y72.563
G1 F2100 X61.634 Y162.886 E3904.07361
G0 F9000 X62.15 Y162.964
G1 F2100 X152.551 Y72.563 E3908.53841
G0 F9000 X153.145 Y72.563
G1 F2100 X62.667 Y163.041 E3913.007
G0 F9000 X63.2 Y163.101
G1 F2100 X153.739 Y72.563 E3917.47859
G0 F9000 X154.333 Y72.563
G1 F2100 X63.766 Y163.13 E3921.95158
G0 F9000 X64.331 Y163.158
G1 F2100 X154.927 Y72.563 E3926.42599
G0 F9000 X155.521 Y72.563
G1 F2100 X64.897 Y163.186 E3930.90177
G0 F9000 X65.481 Y163.196
G1 F2100 X156.115 Y72.563 E3935.37805
G0 F9000 X156.709 Y72.563
G1 F2100 X66.075 Y163.196 E3939.85433
G0 F9000 X66.669 Y163.196
G1 F2100 X157.302 Y72.563 E3944.33058
G0 F9000 X157.896 Y72.563
G1 F2100 X67.263 Y163.196 E3948.80683
G0 F9000 X67.857 Y163.196
G1 F2100 X158.49 Y72.563 E3953.28309
G0 F9000 X159.084 Y72.563
G1 F2100 X68.451 Y163.196 E3957.75934
G0 F9000 X69.045 Y163.196
G1 F2100 X159.678 Y72.563 E3962.23559
G0 F9000 X160.272 Y72.563
G1 F2100 X69.639 Y163.196 E3966.71185
G0 F9000 X70.233 Y163.196
G1 F2100 X160.866 Y72.563 E3971.1881
G0 F9000 X161.46 Y72.563
G1 F2100 X70.827 Y163.196 E3975.66435
G0 F9000 X71.421 Y163.196
G1 F2100 X162.054 Y72.563 E3980.14061
G0 F9000 X162.648 Y72.563
G1 F2100 X72.015 Y163.196 E3984.61686
G0 F9000 X72.609 Y163.196
G1 F2100 X163.242 Y72.563 E3989.09311
G0 F9000 X163.836 Y72.563
G1 F2100 X73.203 Y163.196 E3993.56937
G0 F9000 X73.797 Y163.196
G1 F2100 X164.43 Y72.563 E3998.04562
G0 F9000 X165.024 Y72.563
G1 F2100 X74.391 Y163.196 E4002.52187
G0 F9000 X74.985 Y163.196
G1 F2100 X165.618 Y72.563 E4006.99813
G0 F9000 X166.212 Y72.563
G1 F2100 X75.579 Y163.196 E4011.47438
G0 F9000 X76.173 Y163.196
G1 F2100 X166.806 Y72.563 E4015.95063
G0 F9000 X167.4 Y72.563
G1 F2100 X76.767 Y163.196 E4020.42689
G0 F9000 X77.361 Y163.196
G1 F2100 X167.994 Y72.563 E4024.90314
G0 F9000 X168.588 Y72.563
G1 F2100 X77.954 Y163.196 E4029.37942
G0 F9000 X78.548 Y163.196
G1 F2100 X169.182 Y72.563 E4033.8557
G0 F9000 X169.776 Y72.563
G1 F2100 X79.142 Y163.196 E4038.33197
G0 F9000 X79.736 Y163.196
G1 F2100 X170.37 Y72.563 E4042.80825
G0 F9000 X170.964 Y72.563
G1 F2100 X80.33 Y163.196 E4047.28453
G0 F9000 X80.924 Y163.196
G1 F2100 X171.558 Y72.563 E4051.76081
G0 F9000 X172.152 Y72.563
G1 F2100 X81.518 Y163.196 E4056.23709
G0 F9000 X82.112 Y163.196
G1 F2100 X172.746 Y72.563 E4060.71336
G0 F9000 X173.34 Y72.563
G1 F2100 X82.706 Y163.196 E4065.18964
G0 F9000 X83.3 Y163.196
G1 F2100 X173.934 Y72.563 E4069.66592
G0 F9000 X174.528 Y72.563
G1 F2100 X83.894 Y163.196 E4074.1422
G0 F9000 X84.488 Y163.196
G1 F2100 X175.122 Y72.563 E4078.61848
G0 F9000 X175.716 Y72.563
G1 F2100 X85.082 Y163.196 E4083.09475
G0 F9000 X85.676 Y163.196
G1 F2100 X176.31 Y72.563 E4087.57103
G0 F9000 X176.903 Y72.563
G1 F2100 X86.27 Y163.196 E4092.04729
G0 F9000 X86.864 Y163.196
G1 F2100 X177.497 Y72.563 E4096.52354
G0 F9000 X178.091 Y72.563
G1 F2100 X87.458 Y163.196 E4100.99979
G0 F9000 X88.052 Y163.196
G1 F2100 X178.685 Y72.563 E4105.47605
G0 F9000 X179.279 Y72.563
G1 F2100 X88.646 Y163.196 E4109.9523
G0 F9000 X89.24 Y163.196
G1 F2100 X179.873 Y72.563 E4114.42855
G0 F9000 X180.467 Y72.563
G1 F2100 X89.834 Y163.196 E4118.90481
G0 F9000 X90.428 Y163.196
G1 F2100 X181.061 Y72.563 E4123.38106
G0 F9000 X181.655 Y72.563
G1 F2100 X91.022 Y163.196 E4127.85731
G0 F9000 X91.616 Y163.196
G1 F2100 X182.249 Y72.563 E4132.33357
G0 F9000 X182.843 Y72.563
G1 F2100 X92.21 Y163.196 E4136.80982
G0 F9000 X92.804 Y163.196
G1 F2100 X183.437 Y72.563 E4141.28607
G0 F9000 X184.031 Y72.563
G1 F2100 X93.398 Y163.196 E4145.76233
G0 F9000 X93.992 Y163.196
G1 F2100 X184.625 Y72.563 E4150.23858
G0 F9000 X185.219 Y72.563
G1 F2100 X94.586 Y163.196 E4154.71483
G0 F9000 X95.18 Y163.196
G1 F2100 X185.813 Y72.563 E4159.19109
G0 F9000 X186.407 Y72.563
G92 E0
G1 F2100 X95.774 Y163.196 E4.47625
G0 F9000 X96.368 Y163.196
G1 F2100 X186.991 Y72.573 E8.95201
G0 F9000 X187.533 Y72.625
G1 F2100 X96.962 Y163.196 E13.4252
G0 F9000 X97.555 Y163.196
G1 F2100 X188.005 Y72.747 E17.89239
G0 F9000 X188.439 Y72.907
G1 F2100 X98.149 Y163.196 E22.35168
G0 F9000 X98.743 Y163.196
G1 F2100 X188.826 Y73.114 E26.80075
G0 F9000 X189.173 Y73.36
G1 F2100 X99.337 Y163.196 E31.23764
G0 F9000 X99.931 Y163.196
G1 F2100 X189.499 Y73.628 E35.66129
G0 F9000 X189.767 Y73.954
G1 F2100 X100.525 Y163.196 E40.06885
G0 F9000 X101.119 Y163.196
G1 F2100 X190.015 Y74.3 E44.45931
G0 F9000 X190.223 Y74.687
G1 F2100 X101.713 Y163.196 E48.83069
G0 F9000 X102.307 Y163.196
G1 F2100 X190.383 Y75.12 E53.18065
G0 F9000 X190.507 Y75.591
G1 F2100 X102.901 Y163.196 E57.50738
G0 F9000 X103.495 Y163.196
G1 F2100 X190.559 Y76.132 E61.80737
G0 F9000 X190.57 Y76.716
G1 F2100 X104.089 Y163.196 E66.07853
G0 F9000 X104.683 Y163.196
G1 F2100 X190.57 Y77.31 E70.32036
G0 F9000 X190.57 Y77.904
G1 F2100 X105.277 Y163.196 E74.53286
G0 F9000 X105.871 Y163.196
G1 F2100 X190.57 Y78.498 E78.71601
G0 F9000 X190.57 Y79.092
G1 F2100 X106.465 Y163.196 E82.86983
G0 F9000 X107.059 Y163.196
G1 F2100 X190.57 Y79.685 E86.99434
G0 F9000 X190.57 Y80.279
G1 F2100 X107.653 Y163.196 E91.08951
G0 F9000 X108.247 Y163.196
G1 F2100 X190.57 Y80.873 E95.15534
G0 F9000 X190.57 Y81.467
G1 F2100 X108.841 Y163.196 E99.19183
G0 F9000 X109.435 Y163.196
G1 F2100 X190.57 Y82.061 E103.19899
G0 F9000 X190.57 Y82.655
G1 F2100 X110.029 Y163.196 E107.17682
G0 F9000 X110.623 Y163.196
G1 F2100 X190.57 Y83.249 E111.1253
G0 F9000 X190.57 Y83.843
G1 F2100 X111.217 Y163.196 E115.04445
G0 F9000 X111.811 Y163.196
G1 F2100 X190.57 Y84.437 E118.93426
G0 F9000 X190.57 Y85.031
G1 F2100 X112.405 Y163.196 E122.79473
G0 F9000 X112.999 Y163.196
G1 F2100 X190.57 Y85.625 E126.62587
G0 F9000 X190.57 Y86.219
G1 F2100 X113.593 Y163.196 E130.42767
G0 F9000 X114.187 Y163.196
G1 F2100 X190.57 Y86.813 E134.20013
G0 F9000 X190.57 Y87.407
G1 F2100 X114.781 Y163.196 E137.94326
G0 F9000 X115.375 Y163.196
G1 F2100 X190.57 Y88.001 E141.65705
G0 F9000 X190.57 Y88.595
G1 F2100 X115.969 Y163.196 E145.3415
G0 F9000 X116.563 Y163.196
G1 F2100 X190.57 Y89.189 E148.99662
G0 F9000 X190.57 Y89.783
G1 F2100 X117.156 Y163.196 E152.62242
G0 F9000 X117.751 Y163.196
G1 F2100 X190.57 Y90.377 E156.21886
G0 F9000 X190.57 Y90.971
G1 F2100 X118.345 Y163.196 E159.78597
G0 F9000 X118.939 Y163.196
G1 F2100 X190.57 Y91.565 E163.32373
G0 F9000 X190.57 Y92.159
G1 F2100 X119.533 Y163.196 E166.83217
G0 F9000 X120.127 Y163.196
G1 F2100 X190.57 Y92.753 E170.31126
G0 F9000 X190.57 Y93.347
G1 F2100 X120.721 Y163.196 E173.76102
G0 F9000 X121.315 Y163.196
G1 F2100 X190.57 Y93.941 E177.18144
G0 F9000 X190.57 Y94.535
G1 F2100 X121.909 Y163.196 E180.57252
G0 F9000 X122.503 Y163.196
G1 F2100 X190.57 Y95.129 E183.93427
G0 F9000 X190.57 Y95.723
G1 F2100 X123.097 Y163.196 E187.26667
G0 F9000 X123.691 Y163.196
G1 F2100 X190.57 Y96.317 E190.56975
G0 F9000 X190.57 Y96.911
G1 F2100 X124.285 Y163.196 E193.84348
G0 F9000 X124.879 Y163.196
G1 F2100 X190.57 Y97.505 E197.08788
G0 F9000 X190.57 Y98.099
G1 F2100 X125.473 Y163.196 E200.30294
G0 F9000 X126.067 Y163.196
G1 F2100 X190.57 Y98.693 E203.48867
G0 F9000 X190.57 Y99.286
G1 F2100 X126.661 Y163.196 E206.64508
G0 F9000 X127.255 Y163.196
G1 F2100 X190.57 Y99.88 E209.77215
G0 F9000 X190.57 Y100.474
G1 F2100 X127.849 Y163.196 E212.86989
G0 F9000 X128.443 Y163.196
G1 F2100 X190.57 Y101.068 E215.93829
G0 F9000 X190.57 Y101.662
G1 F2100 X129.037 Y163.196 E218.97736
G0 F9000 X129.631 Y163.196
G1 F2100 X190.57 Y102.256 E221.98709
G0 F9000 X190.57 Y102.85
G1 F2100 X130.225 Y163.196 E224.96748
G0 F9000 X130.818 Y163.196
G1 F2100 X190.57 Y103.444 E227.91856
G0 F9000 X190.57 Y104.038
G1 F2100 X131.412 Y163.196 E230.8403
G0 F9000 X132.006 Y163.196
G1 F2100 X190.57 Y104.632 E233.7327
G0 F9000 X190.57 Y105.226
G1 F2100 X132.6 Y163.196 E236.59577
G0 F9000 X133.194 Y163.196
G1 F2100 X190.57 Y105.82 E239.4295
G0 F9000 X190.57 Y106.414
G1 F2100 X133.788 Y163.196 E242.23389
G0 F9000 X134.382 Y163.196
G1 F2100 X190.57 Y107.008 E245.00895
G0 F9000 X190.57 Y107.602
G1 F2100 X134.976 Y163.196 E247.75467
G0 F9000 X135.57 Y163.196
G1 F2100 X190.57 Y108.196 E250.47105
G0 F9000 X190.57 Y108.79
G1 F2100 X188.685 Y110.674 E250.56413
G0 F9000 X188.263 Y111.097
G1 F2100 X136.164 Y163.196 E253.13723
G0 F9000 X136.758 Y163.196
G1 F2100 X188.099 Y111.855 E255.6729
G0 F9000 X188.098 Y112.449
G1 F2100 X137.352 Y163.196 E258.17921
G0 F9000 X137.946 Y163.196
G1 F2100 X188.098 Y113.043 E260.65618
G0 F9000 X188.098 Y113.638
G1 F2100 X138.54 Y163.196 E263.10379
G0 F9000 X139.134 Y163.196
G1 F2100 X188.097 Y114.233 E265.52201
G0 F9000 X188.096 Y114.827
G1 F2100 X139.728 Y163.196 E267.91087
G0 F9000 X140.322 Y163.196
G1 F2100 X188.096 Y115.421 E270.2704
G0 F9000 X188.096 Y116.016
G1 F2100 X140.916 Y163.196 E272.60056
G0 F9000 X141.51 Y163.196
G1 F2100 X188.095 Y116.611 E274.90134
G0 F9000 X188.136 Y117.164
G1 F2100 X142.104 Y163.196 E277.1748
G0 F9000 X142.698 Y163.196
G1 F2100 X188.304 Y117.589 E279.42725
G0 F9000 X188.596 Y117.891
G1 F2100 X143.292 Y163.196 E281.66478
G0 F9000 X143.886 Y163.196
G1 F2100 X189.001 Y118.08 E283.89298
G0 F9000 X189.566 Y118.11
G1 F2100 X144.48 Y163.196 E286.11973
G0 F9000 X145.074 Y163.196
G1 F2100 X190.16 Y118.11 E288.34647
G0 F9000 X190.568 Y118.295
G1 F2100 X145.668 Y163.196 E290.56405
G0 F9000 X146.262 Y163.196
G1 F2100 X190.568 Y118.889 E292.75229
G0 F9000 X190.568 Y119.483
G1 F2100 X146.856 Y163.196 E294.9112
G0 F9000 X147.45 Y163.196
G1 F2100 X190.568 Y120.077 E297.04077
G0 F9000 X190.568 Y120.671
G1 F2100 X148.044 Y163.196 E299.141
G0 F9000 X148.638 Y163.196
G1 F2100 X190.568 Y121.265 E301.2119
G0 F9000 X190.568 Y121.859
G1 F2100 X149.232 Y163.196 E303.25346
G0 F9000 X149.826 Y163.196
G1 F2100 X190.568 Y122.453 E305.26568
G0 F9000 X190.568 Y123.047
G1 F2100 X150.419 Y163.196 E307.24859
G0 F9000 X151.013 Y163.196
G1 F2100 X190.568 Y123.641 E309.20217
G0 F9000 X190.568 Y124.235
G1 F2100 X151.607 Y163.196 E311.1264
G0 F9000 X152.201 Y163.196
G1 F2100 X190.568 Y124.829 E313.0213
G0 F9000 X190.568 Y125.423
G1 F2100 X152.795 Y163.196 E314.88686
G0 F9000 X153.389 Y163.196
G1 F2100 X190.568 Y126.017 E316.72309
G0 F9000 X190.568 Y126.611
G1 F2100 X153.983 Y163.196 E318.52998
G0 F9000 X154.577 Y163.196
G1 F2100 X190.568 Y127.204 E320.30755
G0 F9000 X190.568 Y127.798
G1 F2100 X155.171 Y163.196 E322.05579
G0 F9000 X155.765 Y163.196
G1 F2100 X190.568 Y128.392 E323.7747
G0 F9000 X190.568 Y128.986
G1 F2100 X156.359 Y163.196 E325.46426
G0 F9000 X156.953 Y163.196
G1 F2100 X190.568 Y129.58 E327.12449
G0 F9000 X190.568 Y130.174
G1 F2100 X157.547 Y163.196 E328.75538
G0 F9000 X158.141 Y163.196
G1 F2100 X190.568 Y130.768 E330.35694
G0 F9000 X190.568 Y131.362
G1 F2100 X158.735 Y163.196 E331.92915
G0 F9000 X159.329 Y163.196
G1 F2100 X190.568 Y131.956 E333.47204
G0 F9000 X190.568 Y132.55
G1 F2100 X159.923 Y163.196 E334.98558
G0 F9000 X160.517 Y163.196
G1 F2100 X190.568 Y133.144 E336.46979
G0 F9000 X190.568 Y133.738
G1 F2100 X161.111 Y163.196 E337.92466
G0 F9000 X161.705 Y163.196
G1 F2100 X190.568 Y134.332 E339.35019
G0 F9000 X190.568 Y134.926
G1 F2100 X162.299 Y163.196 E340.74639
G0 F9000 X162.893 Y163.196
G1 F2100 X190.568 Y135.52 E342.11324
G0 F9000 X190.568 Y136.114
G1 F2100 X163.487 Y163.196 E343.45077
G0 F9000 X164.081 Y163.196
G1 F2100 X190.568 Y136.708 E344.75895
G0 F9000 X190.568 Y137.302
G1 F2100 X164.675 Y163.196 E346.0378
G0 F9000 X165.269 Y163.196
G1 F2100 X190.568 Y137.896 E347.28731
G0 F9000 X190.568 Y138.49
G1 F2100 X165.863 Y163.196 E348.50749
G0 F9000 X166.457 Y163.196
G1 F2100 X190.568 Y139.084 E349.69832
G0 F9000 X190.568 Y139.678
G1 F2100 X167.051 Y163.196 E350.85982
G0 F9000 X167.645 Y163.196
G1 F2100 X190.568 Y140.272 E351.99199
G0 F9000 X190.568 Y140.866
G1 F2100 X168.239 Y163.196 E353.09482
G0 F9000 X168.833 Y163.196
G1 F2100 X190.568 Y141.46 E354.16831
G0 F9000 X190.568 Y142.054
G1 F2100 X169.427 Y163.196 E355.21246
G0 F9000 X170.028 Y163.188
G1 F2100 X190.561 Y142.655 E356.22656
G0 F9000 X190.531 Y143.279
G1 F2100 X170.652 Y163.158 E357.20836
G0 F9000 X171.276 Y163.128
G1 F2100 X190.5 Y143.904 E358.15781
G0 F9000 X190.47 Y144.528
G1 F2100 X171.9 Y163.098 E359.07496
G0 F9000 X172.589 Y163.003
G1 F2100 X190.376 Y145.216 E359.95344
G0 F9000 X190.271 Y145.915
G1 F2100 X173.287 Y162.899 E360.79225
G0 F9000 X173.991 Y162.789
G1 F2100 X190.162 Y146.617 E361.59094
G0 F9000 X189.966 Y147.408
G1 F2100 X174.781 Y162.592 E362.34089
G0 F9000 X175.572 Y162.396
G1 F2100 X189.77 Y148.198 E363.04211
G1 X189.844 Y148.124
G0 F9000 X189.501 Y149.06
G1 F2100 X176.435 Y162.126 E363.68742
G1 X176.361 Y162.2
G0 F9000 X177.362 Y161.794
G1 F2100 X189.169 Y149.987 E364.27056
G1 X189.243 Y149.913
G0 F9000 X188.74 Y151.009
G1 F2100 X178.389 Y161.361 E364.78181
G1 X178.315 Y161.435
G0 F9000 X179.515 Y160.829
G1 F2100 X188.209 Y152.135 E365.21119
G1 X188.283 Y152.061
G0 F9000 X187.362 Y153.575
G1 F2100 X180.948 Y159.989 E365.52797
G1 X180.874 Y160.063
G0 F9000 X182.98 Y158.551
G1 F2100 X185.913 Y155.619 E365.6728
G1 X185.987 Y155.545
G1 F1500 E364.6728
G0 F9000 X188.433 Y110.836
G0 X189.456 Y110.498
G1 F1500 E365.6728
G1 F2100 X190.57 Y109.384 E365.72782
G0 F9000 X190.57 Y109.978
G1 F2100 X190.05 Y110.498 E365.75351
G1 F1500 E364.75351
G0 F9000 X45.232 Y118.109
G1 F1500 E365.75351
G1 F2100 X44.433 Y118.908 E365.79297
G0 F9000 X44.433 Y118.314
G1 F2100 X44.636 Y118.111 E365.80299
G0 F9000 X44.636 Y118.163
G1 F1500 E364.80299
;MESH:NONMESH
G0 F600 X44.636 Y118.163 Z1
G0 F9000 X53.175 Y159.567
;TIME_ELAPSED:3782.506304
;LAYER:4
;TYPE:FILL
;MESH:Bottom_Standoffs.stl
G1 F1500 E365.80299
G1 F4980 X53.248 Y159.39 E365.80968
G1 X53.366 Y158.125 E365.85405
G1 X53.209 Y156.86 E365.89857
G1 X52.798 Y155.595 E365.94502
G1 X52.068 Y154.33 E365.99602
G1 X50.934 Y153.065 E366.05535
G1 X49.548 Y151.8 E366.12089
G1 X48.472 Y150.535 E366.17888
G1 X47.953 Y149.27 E366.22664
G1 X47.835 Y148.005 E366.271
G1 X47.992 Y146.74 E366.31552
G1 X48.403 Y145.475 E366.36197
G1 X49.133 Y144.21 E366.41298
G1 X50.267 Y142.945 E366.47231
G1 X51.653 Y141.68 E366.53784
G1 X52.729 Y140.415 E366.59584
G1 X53.248 Y139.15 E366.64359
G1 X53.366 Y137.885 E366.68796
G1 X53.209 Y136.62 E366.73248
G1 X52.798 Y135.355 E366.77893
G1 X52.068 Y134.09 E366.82993
G1 X50.934 Y132.825 E366.88926
G1 X49.548 Y131.56 E366.9548
G1 X48.472 Y130.295 E367.01279
G1 X47.953 Y129.03 E367.06055
G1 X47.835 Y127.765 E367.10492
G1 X47.992 Y126.5 E367.14943
G1 X48.403 Y125.235 E367.19588
G1 X49.133 Y123.97 E367.24689
G1 X50.267 Y122.705 E367.30622
G1 X51.653 Y121.44 E367.37175
G1 X52.729 Y120.175 E367.42975
G1 X53.248 Y118.91 E367.4775
G1 X53.366 Y117.645 E367.52187
G1 X53.209 Y116.38 E367.56639
G1 X52.798 Y115.115 E367.61284
G1 X52.068 Y113.85 E367.66384
G1 X50.934 Y112.585 E367.72317
G1 X49.548 Y111.32 E367.78871
G1 X48.472 Y110.055 E367.84671
G1 X47.953 Y108.79 E367.89446
G1 X47.835 Y107.525 E367.93883
G1 X47.992 Y106.26 E367.98334
G1 X48.403 Y104.995 E368.02979
G1 X49.133 Y103.73 E368.0808
G1 X50.267 Y102.465 E368.14013
G1 X51.653 Y101.2 E368.20566
G1 X52.729 Y99.935 E368.26366
G1 X53.248 Y98.67 E368.31141
G1 X53.366 Y97.405 E368.35578
G1 X53.209 Y96.14 E368.4003
G1 X52.798 Y94.875 E368.44675
G1 X52.068 Y93.61 E368.49776
G1 X50.934 Y92.345 E368.55709
G1 X49.548 Y91.08 E368.62262
G1 X48.472 Y89.815 E368.68062
G1 X47.953 Y88.55 E368.72837
G1 X47.835 Y87.285 E368.77274
G1 X47.992 Y86.02 E368.81725
G1 X48.403 Y84.755 E368.86371
G1 X49.133 Y83.49 E368.91471
G1 X50.267 Y82.225 E368.97404
G1 X51.653 Y80.96 E369.03957
G1 X52.729 Y79.695 E369.09757
G1 X53.248 Y78.43 E369.14532
G1 X53.366 Y77.165 E369.18969
G1 X53.209 Y75.9 E369.23421
G1 X52.798 Y74.635 E369.28066
G1 X52.068 Y73.37 E369.33167
G1 X51.233 Y72.438 E369.37537
G1 X62.986 Y72.438 E369.78582
G1 X63.368 Y73.37 E369.821
G1 X63.486 Y74.635 E369.86536
G1 X63.329 Y75.9 E369.90988
G1 X62.918 Y77.165 E369.95633
G1 X62.188 Y78.43 E370.00734
G1 X61.054 Y79.695 E370.06667
G1 X59.668 Y80.96 E370.1322
G1 X58.592 Y82.225 E370.1902
G1 X58.073 Y83.49 E370.23795
G1 X57.955 Y84.755 E370.28232
G1 X58.112 Y86.02 E370.32684
G1 X58.523 Y87.285 E370.37329
G1 X59.253 Y88.55 E370.42429
G1 X60.387 Y89.815 E370.48362
G1 X61.773 Y91.08 E370.54916
G1 X62.849 Y92.345 E370.60715
G1 X63.368 Y93.61 E370.65491
G1 X63.486 Y94.875 E370.69928
G1 X63.329 Y96.14 E370.74379
G1 X62.918 Y97.405 E370.79024
G1 X62.188 Y98.67 E370.84125
G1 X61.054 Y99.935 E370.90058
G1 X59.668 Y101.2 E370.96611
G1 X58.592 Y102.465 E371.02411
G1 X58.073 Y103.73 E371.07186
G1 X57.955 Y104.995 E371.11623
G1 X58.112 Y106.26 E371.16075
G1 X58.523 Y107.525 E371.2072
G1 X59.253 Y108.79 E371.2582
G1 X60.387 Y110.055 E371.31753
G1 X61.773 Y111.32 E371.38307
G1 X62.849 Y112.585 E371.44107
G1 X63.368 Y113.85 E371.48882
G1 X63.486 Y115.115 E371.53319
G1 X63.329 Y116.38 E371.5777
G1 X62.918 Y117.645 E371.62415
G1 X62.188 Y118.91 E371.67516
G1 X61.054 Y120.175 E371.73449
G1 X59.668 Y121.44 E371.80002
G1 X58.592 Y122.705 E371.85802
G1 X58.073 Y123.97 E371.90577
G1 X57.955 Y125.235 E371.95014
G1 X58.112 Y126.5 E371.99466
G1 X58.523 Y127.765 E372.04111
G1 X59.253 Y129.03 E372.09212
G1 X60.387 Y130.295 E372.15145
G1 X61.773 Y131.56 E372.21698
G1 X62.849 Y132.825 E372.27498
G1 X63.368 Y134.09 E372.32273
G1 X63.486 Y135.355 E372.3671
G1 X63.329 Y136.62 E372.41161
G1 X62.918 Y137.885 E372.45807
G1 X62.188 Y139.15 E372.50907
G1 X61.054 Y140.415 E372.5684
G1 X59.668 Y141.68 E372.63393
G1 X58.592 Y142.945 E372.69193
G1 X58.073 Y144.21 E372.73968
G1 X57.955 Y145.475 E372.78405
G1 X58.112 Y146.74 E372.82857
G1 X58.523 Y148.005 E372.87502
G1 X59.253 Y149.27 E372.92603
G1 X60.387 Y150.535 E372.98536
G1 X61.773 Y151.8 E373.05089
G1 X62.849 Y153.065 E373.10889
G1 X63.368 Y154.33 E373.15664
G1 X63.486 Y155.595 E373.20101
G1 X63.329 Y156.86 E373.24553
G1 X62.918 Y158.125 E373.29198
G1 X62.188 Y159.39 E373.34298
G1 X61.054 Y160.655 E373.40231
G1 X59.668 Y161.92 E373.46785
G1 X59.199 Y162.471 E373.49311
G1 X61.009 Y162.923 E373.55827
G1 X63.012 Y163.222 E373.62899
G1 X65.092 Y163.324 E373.70172
G1 X70.382 Y163.324 E373.88646
G1 X70.507 Y163.185 E373.89299
G1 X71.893 Y161.92 E373.95853
G1 X72.969 Y160.655 E374.01652
G1 X73.488 Y159.39 E374.06427
G1 X73.606 Y158.125 E374.10864
G1 X73.449 Y156.86 E374.15316
G1 X73.038 Y155.595 E374.19961
G1 X72.308 Y154.33 E374.25062
G1 X71.174 Y153.065 E374.30995
G1 X69.788 Y151.8 E374.37548
G1 X68.712 Y150.535 E374.43348
G1 X68.193 Y149.27 E374.48123
G1 X68.075 Y148.005 E374.5256
G1 X68.232 Y146.74 E374.57012
G1 X68.643 Y145.475 E374.61657
G1 X69.373 Y144.21 E374.66757
G1 X70.507 Y142.945 E374.7269
G1 X71.893 Y141.68 E374.79244
G1 X72.969 Y140.415 E374.85043
G1 X73.488 Y139.15 E374.89819
G1 X73.606 Y137.885 E374.94255
G1 X73.449 Y136.62 E374.98707
G1 X73.038 Y135.355 E375.03352
G1 X72.308 Y134.09 E375.08453
G1 X71.174 Y132.825 E375.14386
G1 X69.788 Y131.56 E375.20939
G1 X68.712 Y130.295 E375.26739
G1 X68.193 Y129.03 E375.31514
G1 X68.075 Y127.765 E375.35951
G1 X68.232 Y126.5 E375.40403
G1 X68.643 Y125.235 E375.45048
G1 X69.373 Y123.97 E375.50148
G1 X70.507 Y122.705 E375.56081
G1 X71.893 Y121.44 E375.62635
G1 X72.969 Y120.175 E375.68434
G1 X73.488 Y118.91 E375.7321
G1 X73.606 Y117.645 E375.77647
G1 X73.449 Y116.38 E375.82098
G1 X73.038 Y115.115 E375.86743
G1 X72.308 Y113.85 E375.91844
G1 X71.174 Y112.585 E375.97777
G1 X69.788 Y111.32 E376.0433
G1 X68.712 Y110.055 E376.1013
G1 X68.193 Y108.79 E376.14905
G1 X68.075 Y107.525 E376.19342
G1 X68.232 Y106.26 E376.23794
G1 X68.643 Y104.995 E376.28439
G1 X69.373 Y103.73 E376.33539
G1 X70.507 Y102.465 E376.39472
G1 X71.893 Y101.2 E376.46026
G1 X72.969 Y99.935 E376.51826
G1 X73.488 Y98.67 E376.56601
G1 X73.606 Y97.405 E376.61038
G1 X73.449 Y96.14 E376.65489
G1 X73.038 Y94.875 E376.70134
G1 X72.308 Y93.61 E376.75235
G1 X71.174 Y92.345 E376.81168
G1 X69.788 Y91.08 E376.87721
G1 X68.712 Y89.815 E376.93521
G1 X68.193 Y88.55 E376.98296
G1 X68.075 Y87.285 E377.02733
G1 X68.232 Y86.02 E377.07185
G1 X68.643 Y84.755 E377.1183
G1 X69.373 Y83.49 E377.16931
G1 X70.507 Y82.225 E377.22864
G1 X71.893 Y80.96 E377.29417
G1 X72.969 Y79.695 E377.35217
G1 X73.488 Y78.43 E377.39992
G1 X73.606 Y77.165 E377.44429
G1 X73.449 Y75.9 E377.4888
G1 X73.038 Y74.635 E377.53526
G1 X72.308 Y73.37 E377.58626
G1 X71.473 Y72.438 E377.62996
G1 X83.226 Y72.438 E378.04041
G1 X83.608 Y73.37 E378.07559
G1 X83.726 Y74.635 E378.11996
G1 X83.569 Y75.9 E378.16448
G1 X83.158 Y77.165 E378.21093
G1 X82.428 Y78.43 E378.26193
G1 X81.294 Y79.695 E378.32126
G1 X79.908 Y80.96 E378.3868
G1 X78.832 Y82.225 E378.44479
G1 X78.313 Y83.49 E378.49255
G1 X78.195 Y84.755 E378.53691
G1 X78.352 Y86.02 E378.58143
G1 X78.763 Y87.285 E378.62788
G1 X79.493 Y88.55 E378.67889
G1 X80.627 Y89.815 E378.73822
G1 X82.013 Y91.08 E378.80375
G1 X83.089 Y92.345 E378.86175
G1 X83.608 Y93.61 E378.9095
G1 X83.726 Y94.875 E378.95387
G1 X83.569 Y96.14 E378.99839
G1 X83.158 Y97.405 E379.04484
G1 X82.428 Y98.67 E379.09584
G1 X81.294 Y99.935 E379.15517
G1 X79.908 Y101.2 E379.22071
G1 X78.832 Y102.465 E379.2787
G1 X78.313 Y103.73 E379.32646
G1 X78.195 Y104.995 E379.37083
G1 X78.352 Y106.26 E379.41534
G1 X78.763 Y107.525 E379.46179
G1 X79.493 Y108.79 E379.5128
G1 X80.627 Y110.055 E379.57213
G1 X82.013 Y111.32 E379.63766
G1 X83.089 Y112.585 E379.69566
G1 X83.608 Y113.85 E379.74341
G1 X83.726 Y115.115 E379.78778
G1 X83.569 Y116.38 E379.8323
G1 X83.158 Y117.645 E379.87875
G1 X82.428 Y118.91 E379.92975
G1 X81.294 Y120.175 E379.98909
G1 X79.908 Y121.44 E380.05462
G1 X78.832 Y122.705 E380.11262
G1 X78.313 Y123.97 E380.16037
G1 X78.195 Y125.235 E380.20474
G1 X78.352 Y126.5 E380.24925
G1 X78.763 Y127.765 E380.2957
G1 X79.493 Y129.03 E380.34671
G1 X80.627 Y130.295 E380.40604
G1 X82.013 Y131.56 E380.47157
G1 X83.089 Y132.825 E380.52957
G1 X83.608 Y134.09 E380.57732
G1 X83.726 Y135.355 E380.62169
G1 X83.569 Y136.62 E380.66621
G1 X83.158 Y137.885 E380.71266
G1 X82.428 Y139.15 E380.76367
G1 X81.294 Y140.415 E380.823
G1 X79.908 Y141.68 E380.88853
G1 X78.832 Y142.945 E380.94653
G1 X78.313 Y144.21 E380.99428
G1 X78.195 Y145.475 E381.03865
G1 X78.352 Y146.74 E381.08316
G1 X78.763 Y148.005 E381.12962
G1 X79.493 Y149.27 E381.18062
G1 X80.627 Y150.535 E381.23995
G1 X82.013 Y151.8 E381.30548
G1 X83.089 Y153.065 E381.36348
G1 X83.608 Y154.33 E381.41123
G1 X83.726 Y155.595 E381.4556
G1 X83.569 Y156.86 E381.50012
G1 X83.158 Y158.125 E381.54657
G1 X82.428 Y159.39 E381.59758
G1 X81.294 Y160.655 E381.65691
G1 X79.908 Y161.92 E381.72244
G1 X78.832 Y163.185 E381.78044
G1 X78.775 Y163.324 E381.78568
G1 X90.623 Y163.324 E382.19945
G1 X90.747 Y163.185 E382.20596
G1 X92.133 Y161.92 E382.27149
G1 X93.209 Y160.655 E382.32949
G1 X93.728 Y159.39 E382.37724
G1 X93.846 Y158.125 E382.42161
G1 X93.689 Y156.86 E382.46613
G1 X93.278 Y155.595 E382.51258
G1 X92.548 Y154.33 E382.56358
G1 X91.414 Y153.065 E382.62291
G1 X90.028 Y151.8 E382.68845
G1 X88.952 Y150.535 E382.74644
G1 X88.433 Y149.27 E382.7942
G1 X88.315 Y148.005 E382.83857
G1 X88.472 Y146.74 E382.88308
G1 X88.883 Y145.475 E382.92953
G1 X89.613 Y144.21 E382.98054
G1 X90.747 Y142.945 E383.03987
G1 X92.133 Y141.68 E383.1054
G1 X93.209 Y140.415 E383.1634
G1 X93.728 Y139.15 E383.21115
G1 X93.846 Y137.885 E383.25552
G1 X93.689 Y136.62 E383.30004
G1 X93.278 Y135.355 E383.34649
G1 X92.548 Y134.09 E383.39749
G1 X91.414 Y132.825 E383.45683
G1 X90.028 Y131.56 E383.52236
G1 X88.952 Y130.295 E383.58036
G1 X88.433 Y129.03 E383.62811
G1 X88.315 Y127.765 E383.67248
G1 X88.472 Y126.5 E383.71699
G1 X88.883 Y125.235 E383.76344
G1 X89.613 Y123.97 E383.81445
G1 X90.747 Y122.705 E383.87378
G1 X92.133 Y121.44 E383.93931
G1 X93.209 Y120.175 E383.99731
G1 X93.728 Y118.91 E384.04506
G1 X93.846 Y117.645 E384.08943
G1 X93.689 Y116.38 E384.13395
G1 X93.278 Y115.115 E384.1804
G1 X92.548 Y113.85 E384.23141
G1 X91.414 Y112.585 E384.29074
G1 X90.028 Y111.32 E384.35627
G1 X88.952 Y110.055 E384.41427
G1 X88.433 Y108.79 E384.46202
G1 X88.315 Y107.525 E384.50639
G1 X88.472 Y106.26 E384.5509
G1 X88.883 Y104.995 E384.59736
G1 X89.613 Y103.73 E384.64836
G1 X90.747 Y102.465 E384.70769
G1 X92.133 Y101.2 E384.77322
G1 X93.209 Y99.935 E384.83122
G1 X93.728 Y98.67 E384.87897
G1 X93.846 Y97.405 E384.92334
G1 X93.689 Y96.14 E384.96786
G1 X93.278 Y94.875 E385.01431
G1 X92.548 Y93.61 E385.06532
G1 X91.414 Y92.345 E385.12465
G1 X90.028 Y91.08 E385.19018
G1 X88.952 Y89.815 E385.24818
G1 X88.433 Y88.55 E385.29593
G1 X88.315 Y87.285 E385.3403
G1 X88.472 Y86.02 E385.38482
G1 X88.883 Y84.755 E385.43127
G1 X89.613 Y83.49 E385.48227
G1 X90.747 Y82.225 E385.5416
G1 X92.133 Y80.96 E385.60714
G1 X93.209 Y79.695 E385.66513
G1 X93.728 Y78.43 E385.71288
G1 X93.846 Y77.165 E385.75725
G1 X93.689 Y75.9 E385.80177
G1 X93.278 Y74.635 E385.84822
G1 X92.548 Y73.37 E385.89923
G1 X91.713 Y72.438 E385.94293
G1 X103.466 Y72.438 E386.35338
G1 X103.848 Y73.37 E386.38856
G1 X103.966 Y74.635 E386.43293
G1 X103.809 Y75.9 E386.47744
G1 X103.398 Y77.165 E386.52389
G1 X102.668 Y78.43 E386.5749
G1 X101.534 Y79.695 E386.63423
G1 X100.148 Y80.96 E386.69976
G1 X99.072 Y82.225 E386.75776
G1 X98.553 Y83.49 E386.80551
G1 X98.435 Y84.755 E386.84988
G1 X98.592 Y86.02 E386.8944
G1 X99.003 Y87.285 E386.94085
G1 X99.733 Y88.55 E386.99186
G1 X100.867 Y89.815 E387.05119
G1 X102.253 Y91.08 E387.11672
G1 X103.329 Y92.345 E387.17472
G1 X103.848 Y93.61 E387.22247
G1 X103.966 Y94.875 E387.26684
G1 X103.809 Y96.14 E387.31135
G1 X103.398 Y97.405 E387.3578
G1 X102.668 Y98.67 E387.40881
G1 X101.534 Y99.935 E387.46814
G1 X100.148 Y101.2 E387.53367
G1 X99.072 Y102.465 E387.59167
G1 X98.553 Y103.73 E387.63942
G1 X98.435 Y104.995 E387.68379
G1 X98.592 Y106.26 E387.72831
G1 X99.003 Y107.525 E387.77476
G1 X99.733 Y108.79 E387.82577
G1 X100.867 Y110.055 E387.8851
G1 X102.253 Y111.32 E387.95063
G1 X103.329 Y112.585 E388.00863
G1 X103.848 Y113.85 E388.05638
G1 X103.966 Y115.115 E388.10075
G1 X103.809 Y116.38 E388.14526
G1 X103.398 Y117.645 E388.19172
G1 X102.668 Y118.91 E388.24272
G1 X101.534 Y120.175 E388.30205
G1 X100.148 Y121.44 E388.36758
G1 X99.072 Y122.705 E388.42558
G1 X98.553 Y123.97 E388.47333
G1 X98.435 Y125.235 E388.5177
G1 X98.592 Y126.5 E388.56222
G1 X99.003 Y127.765 E388.60867
G1 X99.733 Y129.03 E388.65968
G1 X100.867 Y130.295 E388.71901
G1 X102.253 Y131.56 E388.78454
G1 X103.329 Y132.825 E388.84254
G1 X103.848 Y134.09 E388.89029
G1 X103.966 Y135.355 E388.93466
G1 X103.809 Y136.62 E388.97918
G1 X103.398 Y137.885 E389.02563
G1 X102.668 Y139.15 E389.07663
G1 X101.534 Y140.415 E389.13596
G1 X100.148 Y141.68 E389.2015
G1 X99.072 Y142.945 E389.25949
G1 X98.553 Y144.21 E389.30724
G1 X98.435 Y145.475 E389.35161
G1 X98.592 Y146.74 E389.39613
G1 X99.003 Y148.005 E389.44258
G1 X99.733 Y149.27 E389.49359
G1 X100.867 Y150.535 E389.55292
G1 X102.253 Y151.8 E389.61845
G1 X103.329 Y153.065 E389.67645
G1 X103.848 Y154.33 E389.7242
G1 X103.966 Y155.595 E389.76857
G1 X103.809 Y156.86 E389.81309
G1 X103.398 Y158.125 E389.85954
G1 X102.668 Y159.39 E389.91054
G1 X101.534 Y160.655 E389.96987
G1 X100.148 Y161.92 E390.03541
G1 X99.072 Y163.185 E390.0934
G1 X99.015 Y163.324 E390.09865
G1 X110.863 Y163.324 E390.51242
G1 X110.987 Y163.185 E390.51893
G1 X112.373 Y161.92 E390.58446
G1 X113.449 Y160.655 E390.64246
G1 X113.968 Y159.39 E390.69021
G1 X114.086 Y158.125 E390.73458
G1 X113.929 Y156.86 E390.77909
G1 X113.518 Y155.595 E390.82554
G1 X112.788 Y154.33 E390.87655
G1 X111.654 Y153.065 E390.93588
G1 X110.268 Y151.8 E391.00141
G1 X109.192 Y150.535 E391.05941
G1 X108.673 Y149.27 E391.10716
G1 X108.555 Y148.005 E391.15153
G1 X108.712 Y146.74 E391.19605
G1 X109.123 Y145.475 E391.2425
G1 X109.853 Y144.21 E391.29351
G1 X110.987 Y142.945 E391.35284
G1 X112.373 Y141.68 E391.41837
G1 X113.449 Y140.415 E391.47637
G1 X113.968 Y139.15 E391.52412
G1 X114.086 Y137.885 E391.56849
G1 X113.929 Y136.62 E391.613
G1 X113.518 Y135.355 E391.65946
G1 X112.788 Y134.09 E391.71046
G1 X111.654 Y132.825 E391.76979
G1 X110.268 Y131.56 E391.83532
G1 X109.192 Y130.295 E391.89332
G1 X108.673 Y129.03 E391.94107
G1 X108.555 Y127.765 E391.98544
G1 X108.712 Y126.5 E392.02996
G1 X109.123 Y125.235 E392.07641
G1 X109.853 Y123.97 E392.12742
G1 X110.987 Y122.705 E392.18675
G1 X112.373 Y121.44 E392.25228
G1 X113.449 Y120.175 E392.31028
G1 X113.968 Y118.91 E392.35803
G1 X114.086 Y117.645 E392.4024
G1 X113.929 Y116.38 E392.44692
G1 X113.518 Y115.115 E392.49337
G1 X112.788 Y113.85 E392.54437
G1 X111.654 Y112.585 E392.6037
G1 X110.268 Y111.32 E392.66924
G1 X109.192 Y110.055 E392.72723
G1 X108.673 Y108.79 E392.77498
G1 X108.555 Y107.525 E392.81935
G1 X108.712 Y106.26 E392.86387
G1 X109.123 Y104.995 E392.91032
G1 X109.853 Y103.73 E392.96133
G1 X110.987 Y102.465 E393.02066
G1 X112.373 Y101.2 E393.08619
G1 X113.449 Y99.935 E393.14419
G1 X113.968 Y98.67 E393.19194
G1 X114.086 Y97.405 E393.23631
G1 X113.929 Y96.14 E393.28083
G1 X113.518 Y94.875 E393.32728
G1 X112.788 Y93.61 E393.37828
G1 X111.654 Y92.345 E393.43761
G1 X110.268 Y91.08 E393.50315
G1 X109.192 Y89.815 E393.56114
G1 X108.673 Y88.55 E393.6089
G1 X108.555 Y87.285 E393.65326
G1 X108.712 Y86.02 E393.69778
G1 X109.123 Y84.755 E393.74423
G1 X109.853 Y83.49 E393.79524
G1 X110.987 Y82.225 E393.85457
G1 X112.373 Y80.96 E393.9201
G1 X113.449 Y79.695 E393.9781
G1 X113.968 Y78.43 E394.02585
G1 X114.086 Y77.165 E394.07022
G1 X113.929 Y75.9 E394.11474
G1 X113.518 Y74.635 E394.16119
G1 X112.788 Y73.37 E394.21219
G1 X111.953 Y72.438 E394.25589
G1 X123.706 Y72.438 E394.66635
G1 X124.088 Y73.37 E394.70152
G1 X124.206 Y74.635 E394.74589
G1 X124.049 Y75.9 E394.79041
G1 X123.638 Y77.165 E394.83686
G1 X122.908 Y78.43 E394.88787
G1 X121.774 Y79.695 E394.9472
G1 X120.388 Y80.96 E395.01273
G1 X119.312 Y82.225 E395.07073
G1 X118.793 Y83.49 E395.11848
G1 X118.675 Y84.755 E395.16285
G1 X118.832 Y86.02 E395.20736
G1 X119.243 Y87.285 E395.25382
G1 X119.973 Y88.55 E395.30482
G1 X121.107 Y89.815 E395.36415
G1 X122.493 Y91.08 E395.42968
G1 X123.569 Y92.345 E395.48768
G1 X124.088 Y93.61 E395.53543
G1 X124.206 Y94.875 E395.5798
G1 X124.049 Y96.14 E395.62432
G1 X123.638 Y97.405 E395.67077
G1 X122.908 Y98.67 E395.72178
G1 X121.774 Y99.935 E395.78111
G1 X120.388 Y101.2 E395.84664
G1 X119.312 Y102.465 E395.90464
G1 X118.793 Y103.73 E395.95239
G1 X118.675 Y104.995 E395.99676
G1 X118.832 Y106.26 E396.04128
G1 X119.243 Y107.525 E396.08773
G1 X119.973 Y108.79 E396.13873
G1 X121.107 Y110.055 E396.19806
G1 X122.493 Y111.32 E396.2636
G1 X123.569 Y112.585 E396.32159
G1 X124.088 Y113.85 E396.36934
G1 X124.206 Y115.115 E396.41371
G1 X124.049 Y116.38 E396.45823
G1 X123.638 Y117.645 E396.50468
G1 X122.908 Y118.91 E396.55569
G1 X121.774 Y120.175 E396.61502
G1 X120.388 Y121.44 E396.68055
G1 X119.312 Y122.705 E396.73855
G1 X118.793 Y123.97 E396.7863
G1 X118.675 Y125.235 E396.83067
G1 X118.832 Y126.5 E396.87519
G1 X119.243 Y127.765 E396.92164
G1 X119.973 Y129.03 E396.97264
G1 X121.107 Y130.295 E397.03197
G1 X122.493 Y131.56 E397.09751
G1 X123.569 Y132.825 E397.1555
G1 X124.088 Y134.09 E397.20326
G1 X124.206 Y135.355 E397.24763
G1 X124.049 Y136.62 E397.29214
G1 X123.638 Y137.885 E397.33859
G1 X122.908 Y139.15 E397.3896
G1 X121.774 Y140.415 E397.44893
G1 X120.388 Y141.68 E397.51446
G1 X119.312 Y142.945 E397.57246
G1 X118.793 Y144.21 E397.62021
G1 X118.675 Y145.475 E397.66458
G1 X118.832 Y146.74 E397.7091
G1 X119.243 Y148.005 E397.75555
G1 X119.973 Y149.27 E397.80655
G1 X121.107 Y150.535 E397.86588
G1 X122.493 Y151.8 E397.93142
G1 X123.569 Y153.065 E397.98941
G1 X124.088 Y154.33 E398.03717
G1 X124.206 Y155.595 E398.08154
G1 X124.049 Y156.86 E398.12605
G1 X123.638 Y158.125 E398.1725
G1 X122.908 Y159.39 E398.22351
G1 X121.774 Y160.655 E398.28284
G1 X120.388 Y161.92 E398.34837
G1 X119.312 Y163.185 E398.40637
G1 X119.255 Y163.323 E398.41158
G1 X131.103 Y163.323 E398.82535
G1 X131.227 Y163.185 E398.83183
G1 X132.613 Y161.92 E398.89737
G1 X133.689 Y160.655 E398.95536
G1 X134.208 Y159.39 E399.00312
G1 X134.326 Y158.125 E399.04748
G1 X134.169 Y156.86 E399.092
G1 X133.758 Y155.595 E399.13845
G1 X133.028 Y154.33 E399.18946
G1 X131.894 Y153.065 E399.24879
G1 X130.508 Y151.8 E399.31432
G1 X129.432 Y150.535 E399.37232
G1 X128.913 Y149.27 E399.42007
G1 X128.795 Y148.005 E399.46444
G1 X128.952 Y146.74 E399.50896
G1 X129.363 Y145.475 E399.55541
G1 X130.093 Y144.21 E399.60641
G1 X131.227 Y142.945 E399.66574
G1 X132.613 Y141.68 E399.73128
G1 X133.689 Y140.415 E399.78927
G1 X134.208 Y139.15 E399.83703
G1 X134.326 Y137.885 E399.8814
G1 X134.169 Y136.62 E399.92591
G1 X133.758 Y135.355 E399.97236
G1 X133.028 Y134.09 E400.02337
G1 X131.894 Y132.825 E400.0827
G1 X130.508 Y131.56 E400.14823
G1 X129.432 Y130.295 E400.20623
G1 X128.913 Y129.03 E400.25398
G1 X128.795 Y127.765 E400.29835
G1 X128.952 Y126.5 E400.34287
G1 X129.363 Y125.235 E400.38932
G1 X130.093 Y123.97 E400.44033
G1 X131.227 Y122.705 E400.49966
G1 X132.613 Y121.44 E400.56519
G1 X133.689 Y120.175 E400.62319
G1 X134.208 Y118.91 E400.67094
G1 X134.326 Y117.645 E400.71531
G1 X134.169 Y116.38 E400.75982
G1 X133.758 Y115.115 E400.80627
G1 X133.028 Y113.85 E400.85728
G1 X131.894 Y112.585 E400.91661
G1 X130.508 Y111.32 E400.98214
G1 X129.432 Y110.055 E401.04014
G1 X128.913 Y108.79 E401.08789
G1 X128.795 Y107.525 E401.13226
G1 X128.952 Y106.26 E401.17678
G1 X129.363 Y104.995 E401.22323
G1 X130.093 Y103.73 E401.27424
G1 X131.227 Y102.465 E401.33357
G1 X132.613 Y101.2 E401.3991
G1 X133.689 Y99.935 E401.4571
G1 X134.208 Y98.67 E401.50485
G1 X134.326 Y97.405 E401.54922
G1 X134.169 Y96.14 E401.59373
G1 X133.758 Y94.875 E401.64019
G1 X133.028 Y93.61 E401.69119
G1 X131.894 Y92.345 E401.75052
G1 X130.508 Y91.08 E401.81605
G1 X129.432 Y89.815 E401.87405
G1 X128.913 Y88.55 E401.9218
G1 X128.795 Y87.285 E401.96617
G1 X128.952 Y86.02 E402.01069
G1 X129.363 Y84.755 E402.05714
G1 X130.093 Y83.49 E402.10815
G1 X131.227 Y82.225 E402.16748
G1 X132.613 Y80.96 E402.23301
G1 X133.689 Y79.695 E402.29101
G1 X134.208 Y78.43 E402.33876
G1 X134.326 Y77.165 E402.38313
G1 X134.169 Y75.9 E402.42765
G1 X133.758 Y74.635 E402.4741
G1 X133.028 Y73.37 E402.5251
G1 X132.193 Y72.438 E402.5688
G1 X143.946 Y72.438 E402.97925
G1 X144.328 Y73.37 E403.01443
G1 X144.446 Y74.635 E403.0588
G1 X144.289 Y75.9 E403.10332
G1 X143.878 Y77.165 E403.14977
G1 X143.148 Y78.43 E403.20077
G1 X142.014 Y79.695 E403.2601
G1 X140.628 Y80.96 E403.32564
G1 X139.552 Y82.225 E403.38363
G1 X139.033 Y83.49 E403.43139
G1 X138.915 Y84.755 E403.47576
G1 X139.072 Y86.02 E403.52027
G1 X139.483 Y87.285 E403.56672
G1 X140.213 Y88.55 E403.61773
G1 X141.347 Y89.815 E403.67706
G1 X142.733 Y91.08 E403.74259
G1 X143.809 Y92.345 E403.80059
G1 X144.328 Y93.61 E403.84834
G1 X144.446 Y94.875 E403.89271
G1 X144.289 Y96.14 E403.93723
G1 X143.878 Y97.405 E403.98368
G1 X143.148 Y98.67 E404.03469
G1 X142.014 Y99.935 E404.09402
G1 X140.628 Y101.2 E404.15955
G1 X139.552 Y102.465 E404.21755
G1 X139.033 Y103.73 E404.2653
G1 X138.915 Y104.995 E404.30967
G1 X139.072 Y106.26 E404.35418
G1 X139.483 Y107.525 E404.40063
G1 X140.213 Y108.79 E404.45164
G1 X141.347 Y110.055 E404.51097
G1 X142.733 Y111.32 E404.5765
G1 X143.809 Y112.585 E404.6345
G1 X144.328 Y113.85 E404.68225
G1 X144.446 Y115.115 E404.72662
G1 X144.289 Y116.38 E404.77114
G1 X143.878 Y117.645 E404.81759
G1 X143.148 Y118.91 E404.8686
G1 X142.014 Y120.175 E404.92793
G1 X140.628 Y121.44 E404.99346
G1 X139.552 Y122.705 E405.05146
G1 X139.033 Y123.97 E405.09921
G1 X138.915 Y125.235 E405.14358
G1 X139.072 Y126.5 E405.18809
G1 X139.483 Y127.765 E405.23455
G1 X140.213 Y129.03 E405.28555
G1 X141.347 Y130.295 E405.34488
G1 X142.733 Y131.56 E405.41041
G1 X143.809 Y132.825 E405.46841
G1 X144.328 Y134.09 E405.51616
G1 X144.446 Y135.355 E405.56053
G1 X144.289 Y136.62 E405.60505
G1 X143.878 Y137.885 E405.6515
G1 X143.148 Y139.15 E405.70251
G1 X142.014 Y140.415 E405.76184
G1 X140.628 Y141.68 E405.82737
G1 X139.552 Y142.945 E405.88537
G1 X139.033 Y144.21 E405.93312
G1 X138.915 Y145.475 E405.97749
G1 X139.072 Y146.74 E406.02201
G1 X139.483 Y148.005 E406.06846
G1 X140.213 Y149.27 E406.11946
G1 X141.347 Y150.535 E406.17879
G1 X142.733 Y151.8 E406.24433
G1 X143.809 Y153.065 E406.30232
G1 X144.328 Y154.33 E406.35007
G1 X144.446 Y155.595 E406.39444
G1 X144.289 Y156.86 E406.43896
G1 X143.878 Y158.125 E406.48541
G1 X143.148 Y159.39 E406.53642
G1 X142.014 Y160.655 E406.59575
G1 X140.628 Y161.92 E406.66128
G1 X139.552 Y163.185 E406.71928
G1 X139.495 Y163.323 E406.72449
G1 X151.343 Y163.323 E407.13826
G1 X151.467 Y163.185 E407.14474
G1 X152.853 Y161.92 E407.21027
G1 X153.929 Y160.655 E407.26827
G1 X154.448 Y159.39 E407.31602
G1 X154.566 Y158.125 E407.36039
G1 X154.409 Y156.86 E407.40491
G1 X153.998 Y155.595 E407.45136
G1 X153.268 Y154.33 E407.50237
G1 X152.134 Y153.065 E407.5617
G1 X150.748 Y151.8 E407.62723
G1 X149.672 Y150.535 E407.68523
G1 X149.153 Y149.27 E407.73298
G1 X149.035 Y148.005 E407.77735
G1 X149.192 Y146.74 E407.82187
G1 X149.603 Y145.475 E407.86832
G1 X150.333 Y144.21 E407.91932
G1 X151.467 Y142.945 E407.97865
G1 X152.853 Y141.68 E408.04419
G1 X153.929 Y140.415 E408.10218
G1 X154.448 Y139.15 E408.14993
G1 X154.566 Y137.885 E408.1943
G1 X154.409 Y136.62 E408.23882
G1 X153.998 Y135.355 E408.28527
G1 X153.268 Y134.09 E408.33628
G1 X152.134 Y132.825 E408.39561
G1 X150.748 Y131.56 E408.46114
G1 X149.672 Y130.295 E408.51914
G1 X149.153 Y129.03 E408.56689
G1 X149.035 Y127.765 E408.61126
G1 X149.192 Y126.5 E408.65578
G1 X149.603 Y125.235 E408.70223
G1 X150.333 Y123.97 E408.75323
G1 X151.467 Y122.705 E408.81256
G1 X152.853 Y121.44 E408.8781
G1 X153.929 Y120.175 E408.93609
G1 X154.448 Y118.91 E408.98385
G1 X154.566 Y117.645 E409.02821
G1 X154.409 Y116.38 E409.07273
G1 X153.998 Y115.115 E409.11918
G1 X153.268 Y113.85 E409.17019
G1 X152.134 Y112.585 E409.22952
G1 X150.748 Y111.32 E409.29505
G1 X149.672 Y110.055 E409.35305
G1 X149.153 Y108.79 E409.4008
G1 X149.035 Y107.525 E409.44517
G1 X149.192 Y106.26 E409.48969
G1 X149.603 Y104.995 E409.53614
G1 X150.333 Y103.73 E409.58714
G1 X151.467 Y102.465 E409.64647
G1 X152.853 Y101.2 E409.71201
G1 X153.929 Y99.935 E409.77
G1 X154.448 Y98.67 E409.81776
G1 X154.566 Y97.405 E409.86213
G1 X154.409 Y96.14 E409.90664
G1 X153.998 Y94.875 E409.95309
G1 X153.268 Y93.61 E410.0041
G1 X152.134 Y92.345 E410.06343
G1 X150.748 Y91.08 E410.12896
G1 X149.672 Y89.815 E410.18696
G1 X149.153 Y88.55 E410.23471
G1 X149.035 Y87.285 E410.27908
G1 X149.192 Y86.02 E410.3236
G1 X149.603 Y84.755 E410.37005
G1 X150.333 Y83.49 E410.42105
G1 X151.467 Y82.225 E410.48039
G1 X152.853 Y80.96 E410.54592
G1 X153.929 Y79.695 E410.60392
G1 X154.448 Y78.43 E410.65167
G1 X154.566 Y77.165 E410.69604
G1 X154.409 Y75.9 E410.74055
G1 X153.998 Y74.635 E410.787
G1 X153.268 Y73.37 E410.83801
G1 X152.433 Y72.438 E410.88171
G1 X164.186 Y72.438 E411.29216
G1 X164.568 Y73.37 E411.32734
G1 X164.686 Y74.635 E411.37171
G1 X164.529 Y75.9 E411.41623
G1 X164.118 Y77.165 E411.46268
G1 X163.388 Y78.43 E411.51368
G1 X162.254 Y79.695 E411.57301
G1 X160.868 Y80.96 E411.63855
G1 X159.792 Y82.225 E411.69654
G1 X159.273 Y83.49 E411.74429
G1 X159.155 Y84.755 E411.78866
G1 X159.312 Y86.02 E411.83318
G1 X159.723 Y87.285 E411.87963
G1 X160.453 Y88.55 E411.93064
G1 X161.587 Y89.815 E411.98997
G1 X162.973 Y91.08 E412.0555
G1 X164.049 Y92.345 E412.1135
G1 X164.568 Y93.61 E412.16125
G1 X164.686 Y94.875 E412.20562
G1 X164.529 Y96.14 E412.25014
G1 X164.118 Y97.405 E412.29659
G1 X163.388 Y98.67 E412.34759
G1 X162.254 Y99.935 E412.40692
G1 X160.868 Y101.2 E412.47246
G1 X159.792 Y102.465 E412.53045
G1 X159.273 Y103.73 E412.57821
G1 X159.155 Y104.995 E412.62257
G1 X159.312 Y106.26 E412.66709
G1 X159.723 Y107.525 E412.71354
G1 X160.453 Y108.79 E412.76455
G1 X161.587 Y110.055 E412.82388
G1 X162.973 Y111.32 E412.88941
G1 X164.049 Y112.585 E412.94741
G1 X164.568 Y113.85 E412.99516
G1 X164.686 Y115.115 E413.03953
G1 X164.529 Y116.38 E413.08405
G1 X164.118 Y117.645 E413.1305
G1 X163.388 Y118.91 E413.1815
G1 X162.254 Y120.175 E413.24083
G1 X160.868 Y121.44 E413.30637
G1 X159.792 Y122.705 E413.36436
G1 X159.273 Y123.97 E413.41212
G1 X159.155 Y125.235 E413.45649
G1 X159.312 Y126.5 E413.501
G1 X159.723 Y127.765 E413.54745
G1 X160.453 Y129.03 E413.59846
G1 X161.587 Y130.295 E413.65779
G1 X162.973 Y131.56 E413.72332
G1 X164.049 Y132.825 E413.78132
G1 X164.568 Y134.09 E413.82907
G1 X164.686 Y135.355 E413.87344
G1 X164.529 Y136.62 E413.91796
G1 X164.118 Y137.885 E413.96441
G1 X163.388 Y139.15 E414.01542
G1 X162.254 Y140.415 E414.07475
G1 X160.868 Y141.68 E414.14028
G1 X159.792 Y142.945 E414.19828
G1 X159.273 Y144.21 E414.24603
G1 X159.155 Y145.475 E414.2904
G1 X159.312 Y146.74 E414.33491
G1 X159.723 Y148.005 E414.38136
G1 X160.453 Y149.27 E414.43237
G1 X161.587 Y150.535 E414.4917
G1 X162.973 Y151.8 E414.55723
G1 X164.049 Y153.065 E414.61523
G1 X164.568 Y154.33 E414.66298
G1 X164.686 Y155.595 E414.70735
G1 X164.529 Y156.86 E414.75187
G1 X164.118 Y158.125 E414.79832
G1 X163.388 Y159.39 E414.84933
G1 X162.254 Y160.655 E414.90866
G1 X160.868 Y161.92 E414.97419
G1 X159.792 Y163.185 E415.03219
G1 X159.735 Y163.323 E415.0374
G1 X169.908 Y163.323 E415.39267
G1 X171.648 Y163.239 E415.45351
G1 X173.093 Y161.92 E415.52184
G1 X174.169 Y160.655 E415.57984
G1 X174.688 Y159.39 E415.62759
G1 X174.806 Y158.125 E415.67196
G1 X174.649 Y156.86 E415.71647
G1 X174.238 Y155.595 E415.76292
G1 X173.508 Y154.33 E415.81393
G1 X172.374 Y153.065 E415.87326
G1 X170.988 Y151.8 E415.93879
G1 X169.912 Y150.535 E415.99679
G1 X169.393 Y149.27 E416.04454
G1 X169.275 Y148.005 E416.08891
G1 X169.432 Y146.74 E416.13343
G1 X169.843 Y145.475 E416.17988
G1 X170.573 Y144.21 E416.23089
G1 X171.707 Y142.945 E416.29022
G1 X173.093 Y141.68 E416.35575
G1 X174.169 Y140.415 E416.41375
G1 X174.688 Y139.15 E416.4615
G1 X174.806 Y137.885 E416.50587
G1 X174.649 Y136.62 E416.55038
G1 X174.238 Y135.355 E416.59683
G1 X173.508 Y134.09 E416.64784
G1 X172.374 Y132.825 E416.70717
G1 X170.988 Y131.56 E416.7727
G1 X169.912 Y130.295 E416.8307
G1 X169.393 Y129.03 E416.87845
G1 X169.275 Y127.765 E416.92282
G1 X169.432 Y126.5 E416.96734
G1 X169.843 Y125.235 E417.01379
G1 X170.573 Y123.97 E417.0648
G1 X171.707 Y122.705 E417.12413
G1 X173.093 Y121.44 E417.18966
G1 X174.169 Y120.175 E417.24766
G1 X174.688 Y118.91 E417.29541
G1 X174.806 Y117.645 E417.33978
G1 X174.649 Y116.38 E417.38429
G1 X174.238 Y115.115 E417.43075
G1 X173.508 Y113.85 E417.48175
G1 X172.374 Y112.585 E417.54108
G1 X170.988 Y111.32 E417.60661
G1 X169.912 Y110.055 E417.66461
G1 X169.393 Y108.79 E417.71236
G1 X169.275 Y107.525 E417.75673
G1 X169.432 Y106.26 E417.80125
G1 X169.843 Y104.995 E417.8477
G1 X170.573 Y103.73 E417.89871
G1 X171.707 Y102.465 E417.95804
G1 X173.093 Y101.2 E418.02357
G1 X174.169 Y99.935 E418.08157
G1 X174.688 Y98.67 E418.12932
G1 X174.806 Y97.405 E418.17369
G1 X174.649 Y96.14 E418.21821
G1 X174.238 Y94.875 E418.26466
G1 X173.508 Y93.61 E418.31566
G1 X172.374 Y92.345 E418.37499
G1 X170.988 Y91.08 E418.44053
G1 X169.912 Y89.815 E418.49852
G1 X169.393 Y88.55 E418.54627
G1 X169.275 Y87.285 E418.59064
G1 X169.432 Y86.02 E418.63516
G1 X169.843 Y84.755 E418.68161
G1 X170.573 Y83.49 E418.73262
G1 X171.707 Y82.225 E418.79195
G1 X173.093 Y80.96 E418.85748
G1 X174.169 Y79.695 E418.91548
G1 X174.688 Y78.43 E418.96323
G1 X174.806 Y77.165 E419.0076
G1 X174.649 Y75.9 E419.05212
G1 X174.238 Y74.635 E419.09857
G1 X173.508 Y73.37 E419.14957
G1 X172.673 Y72.438 E419.19327
G1 X184.426 Y72.438 E419.60373
G1 X184.808 Y73.37 E419.6389
G1 X184.926 Y74.635 E419.68327
G1 X184.769 Y75.9 E419.72779
G1 X184.358 Y77.165 E419.77424
G1 X183.628 Y78.43 E419.82525
G1 X182.494 Y79.695 E419.88458
G1 X181.108 Y80.96 E419.95011
G1 X180.032 Y82.225 E420.00811
G1 X179.513 Y83.49 E420.05586
G1 X179.395 Y84.755 E420.10023
G1 X179.552 Y86.02 E420.14474
G1 X179.963 Y87.285 E420.19119
G1 X180.693 Y88.55 E420.2422
G1 X181.827 Y89.815 E420.30153
G1 X183.213 Y91.08 E420.36706
G1 X184.289 Y92.345 E420.42506
G1 X184.808 Y93.61 E420.47281
G1 X184.926 Y94.875 E420.51718
G1 X184.769 Y96.14 E420.5617
G1 X184.358 Y97.405 E420.60815
G1 X183.628 Y98.67 E420.65916
G1 X182.494 Y99.935 E420.71849
G1 X181.108 Y101.2 E420.78402
G1 X180.032 Y102.465 E420.84202
G1 X179.513 Y103.73 E420.88977
G1 X179.395 Y104.995 E420.93414
G1 X179.552 Y106.26 E420.97865
G1 X179.963 Y107.525 E421.02511
G1 X180.693 Y108.79 E421.07611
G1 X181.827 Y110.055 E421.13544
G1 X183.213 Y111.32 E421.20097
G1 X184.289 Y112.585 E421.25897
G1 X184.808 Y113.85 E421.30672
G1 X184.926 Y115.115 E421.35109
G1 X184.769 Y116.38 E421.39561
G1 X184.358 Y117.645 E421.44206
G1 X183.628 Y118.91 E421.49307
G1 X182.494 Y120.175 E421.5524
G1 X181.108 Y121.44 E421.61793
G1 X180.032 Y122.705 E421.67593
G1 X179.513 Y123.97 E421.72368
G1 X179.395 Y125.235 E421.76805
G1 X179.552 Y126.5 E421.81257
G1 X179.963 Y127.765 E421.85902
G1 X180.693 Y129.03 E421.91002
G1 X181.827 Y130.295 E421.96935
G1 X183.213 Y131.56 E422.03489
G1 X184.289 Y132.825 E422.09288
G1 X184.808 Y134.09 E422.14063
G1 X184.926 Y135.355 E422.185
G1 X184.769 Y136.62 E422.22952
G1 X184.358 Y137.885 E422.27597
G1 X183.628 Y139.15 E422.32698
G1 X182.494 Y140.415 E422.38631
G1 X181.108 Y141.68 E422.45184
G1 X180.032 Y142.945 E422.50984
G1 X179.513 Y144.21 E422.55759
G1 X179.395 Y145.475 E422.60196
G1 X179.552 Y146.74 E422.64648
G1 X179.963 Y148.005 E422.69293
G1 X180.693 Y149.27 E422.74393
G1 X181.827 Y150.535 E422.80326
G1 X183.213 Y151.8 E422.8688
G1 X184.289 Y153.065 E422.92679
G1 X184.808 Y154.33 E422.97455
G1 X184.926 Y155.595 E423.01892
G1 X184.769 Y156.86 E423.06343
G1 X184.659 Y157.199 E423.07588
G1 X185.983 Y155.739 E423.14471
G1 X187.197 Y154.102 E423.21588
G1 X188.251 Y152.343 E423.2875
G1 X189.116 Y150.513 E423.35819
G1 X189.618 Y149.113 E423.41013
G1 X189.515 Y148.005 E423.44899
G1 X189.672 Y146.74 E423.49351
G1 X190.083 Y145.475 E423.53996
G1 X190.596 Y144.585 E423.57583
G1 X190.696 Y142.535 E423.64751
G1 X190.696 Y130.935 E424.05262
G1 X190.152 Y130.295 E424.08195
G1 X189.633 Y129.03 E424.1297
G1 X189.515 Y127.765 E424.17407
G1 X189.672 Y126.5 E424.21859
G1 X190.083 Y125.235 E424.26504
G1 X190.697 Y124.171 E424.30794
G1 X190.697 Y118.05 E424.52171
G1 X190.626 Y117.983 E424.52512
G1 X189.257 Y117.983 E424.57293
G1 X188.98 Y117.946 E424.58269
G1 X188.651 Y117.785 E424.59548
G1 X188.395 Y117.521 E424.60832
G1 X188.221 Y117.073 E424.6251
G1 X188.223 Y111.578 E424.81701
G1 X188.32 Y111.221 E424.82993
G1 X188.478 Y110.981 E424.83996
G1 X188.778 Y110.741 E424.85338
G1 X189.245 Y110.624 E424.87019
G1 X190.636 Y110.624 E424.91877
G1 X190.152 Y110.055 E424.94486
G1 X189.633 Y108.79 E424.99261
G1 X189.515 Y107.525 E425.03698
G1 X189.672 Y106.26 E425.08149
G1 X190.083 Y104.995 E425.12795
G1 X190.697 Y103.931 E425.17085
G1 X190.697 Y90.456 E425.64144
G1 X190.152 Y89.815 E425.67082
G1 X189.633 Y88.55 E425.71857
G1 X189.515 Y87.285 E425.76294
G1 X189.672 Y86.02 E425.80746
G1 X190.083 Y84.755 E425.85391
G1 X190.697 Y83.691 E425.89681
G1 F1500 E424.89681
G0 F9000 X46.567 Y117.771
G0 X44.176 Y117.984
G0 X43.883 Y117.946
M204 S2000
;TYPE:WALL-INNER
G1 F1500 E425.89681
G1 F3780 X43.884 Y142.566 E426.75662
G1 X43.987 Y144.655 E426.82966
G1 X44.291 Y146.7 E426.90186
G1 X44.795 Y148.721 E426.9746
G1 X45.495 Y150.673 E427.04703
G1 X46.377 Y152.538 E427.11907
G1 X47.455 Y154.338 E427.19235
G1 X48.692 Y156.006 E427.26487
G1 X50.084 Y157.541 E427.33724
G1 X51.632 Y158.944 E427.4102
G1 X53.278 Y160.166 E427.48179
G1 X55.082 Y161.245 E427.5552
G1 X56.957 Y162.132 E427.62764
G1 X58.906 Y162.831 E427.69995
G1 X60.927 Y163.336 E427.7727
G1 X62.97 Y163.64 E427.84483
G1 X65.077 Y163.744 E427.9185
G1 X169.923 Y163.743 E431.58006
G1 X172.03 Y163.64 E431.65373
G1 X174.073 Y163.336 E431.72586
G1 X176.094 Y162.831 E431.79861
G1 X178.043 Y162.132 E431.87092
G1 X179.918 Y161.245 E431.94336
G1 X181.722 Y160.166 E432.01677
G1 X183.368 Y158.944 E432.08836
G1 X184.916 Y157.541 E432.16132
G1 X186.308 Y156.006 E432.23369
G1 X187.545 Y154.338 E432.30621
G1 X188.623 Y152.538 E432.37949
G1 X189.505 Y150.673 E432.45153
G1 X190.205 Y148.721 E432.52395
G1 X190.709 Y146.7 E432.5967
G1 X191.013 Y144.656 E432.66886
G1 X191.116 Y142.55 E432.7425
G1 X191.117 Y117.946 E433.60175
G1 X190.975 Y117.705 E433.61152
G1 X190.728 Y117.563 E433.62147
G1 X189.14 Y117.563 E433.67693
G1 X188.842 Y117.396 E433.68886
G1 X188.718 Y117.237 E433.6959
G1 X188.641 Y117.023 E433.70384
G1 X188.645 Y111.596 E433.89337
G1 X188.676 Y111.464 E433.8981
G1 X188.89 Y111.171 E433.91077
G1 X189.143 Y111.044 E433.92066
G1 X191.117 Y111.044 E433.9896
G1 X191.117 Y76.215 E435.20594
G1 X191.035 Y75.378 E435.23531
G1 X190.796 Y74.593 E435.26396
G1 X190.412 Y73.875 E435.2924
G1 X189.892 Y73.243 E435.32098
G1 X189.26 Y72.723 E435.34956
G1 X188.542 Y72.339 E435.378
G1 X187.757 Y72.1 E435.40666
G1 X186.92 Y72.018 E435.43603
G1 X48.08 Y72.018 E440.28476
G1 X47.243 Y72.1 E440.31413
G1 X46.458 Y72.339 E440.34278
G1 X45.74 Y72.723 E440.37122
G1 X45.108 Y73.243 E440.3998
G1 X44.588 Y73.875 E440.42838
G1 X44.204 Y74.593 E440.45682
G1 X43.965 Y75.378 E440.48548
G1 X43.883 Y76.215 E440.51485
G1 X43.883 Y111.044 E441.73119
G1 X45.857 Y111.044 E441.80012
G1 X46.11 Y111.171 E441.81001
G1 X46.297 Y111.399 E441.82031
G1 X46.359 Y111.593 E441.82742
G1 X46.356 Y117.003 E442.01636
G1 X46.251 Y117.287 E442.02693
G1 X46.158 Y117.396 E442.03193
G1 X45.86 Y117.563 E442.04386
G1 X44.272 Y117.563 E442.09932
G1 X44.025 Y117.705 E442.10927
G1 X43.883 Y117.946 E442.11904
M204 S1000
G0 F9000 X43.497 Y117.797
M204 S2000
;TYPE:WALL-OUTER
G1 F2640 X43.463 Y118.051 E442.12799
G1 X43.464 Y142.576 E442.98448
G1 X43.569 Y144.697 E443.05864
G1 X43.879 Y146.782 E443.13226
G1 X44.393 Y148.843 E443.20644
G1 X45.107 Y150.834 E443.28031
G1 X46.006 Y152.736 E443.35378
G1 X47.105 Y154.572 E443.4285
G1 X48.367 Y156.273 E443.50247
G1 X49.787 Y157.839 E443.5763
G1 X51.365 Y159.269 E443.65067
G1 X53.044 Y160.516 E443.72371
G1 X54.884 Y161.616 E443.79857
G1 X56.796 Y162.52 E443.87243
G1 X58.784 Y163.233 E443.94619
G1 X60.845 Y163.748 E444.02038
G1 X62.929 Y164.058 E444.09396
G1 X65.067 Y164.164 E444.16872
G1 X169.933 Y164.163 E447.83097
G1 X172.071 Y164.058 E447.90573
G1 X174.155 Y163.748 E447.97931
G1 X176.216 Y163.233 E448.0535
G1 X178.204 Y162.52 E448.12725
G1 X180.116 Y161.616 E448.20111
G1 X181.956 Y160.516 E448.27598
G1 X183.635 Y159.269 E448.34902
G1 X185.213 Y157.839 E448.42339
G1 X186.633 Y156.273 E448.49721
G1 X187.895 Y154.572 E448.57118
G1 X188.994 Y152.736 E448.64591
G1 X189.893 Y150.834 E448.71938
G1 X190.607 Y148.843 E448.79325
G1 X191.121 Y146.782 E448.86743
G1 X191.431 Y144.697 E448.94105
G1 X191.536 Y142.56 E449.01577
G1 X191.537 Y118.051 E449.8717
G1 X191.503 Y117.797 E449.88065
G1 X191.418 Y117.591 E449.88843
G1 X191.275 Y117.405 E449.89662
G1 X191.091 Y117.264 E449.90472
G1 X190.878 Y117.177 E449.91275
G1 X190.632 Y117.143 E449.92143
G1 X189.225 Y117.143 E449.97056
G1 X189.128 Y117.088 E449.97446
G1 X189.063 Y116.968 E449.97922
G1 X189.066 Y111.624 E450.16585
G1 X189.19 Y111.464 E450.17292
G1 X191.537 Y111.464 E450.25489
G1 X191.537 Y76.195 E451.48659
G1 X191.449 Y75.296 E451.51814
G1 X191.186 Y74.431 E451.54971
G1 X190.763 Y73.64 E451.58104
G1 X190.19 Y72.945 E451.61249
G1 X189.495 Y72.372 E451.64395
G1 X188.704 Y71.949 E451.67528
G1 X187.839 Y71.686 E451.70685
G1 X186.94 Y71.598 E451.7384
G1 X48.06 Y71.598 E456.58852
G1 X47.161 Y71.686 E456.62007
G1 X46.296 Y71.949 E456.65164
G1 X45.505 Y72.372 E456.68297
G1 X44.81 Y72.945 E456.71443
G1 X44.237 Y73.64 E456.74588
G1 X43.814 Y74.431 E456.77721
G1 X43.551 Y75.296 E456.80878
G1 X43.463 Y76.195 E456.84033
G1 X43.463 Y111.464 E458.07203
G1 X45.775 Y111.464 E458.15278
G1 X45.875 Y111.522 E458.15681
G1 X45.937 Y111.638 E458.16141
G1 X45.931 Y116.994 E458.34846
G1 X45.872 Y117.088 E458.35233
G1 X45.775 Y117.143 E458.35623
G1 X44.368 Y117.143 E458.40536
G1 X44.122 Y117.177 E458.41403
G1 X43.909 Y117.264 E458.42207
G1 X43.725 Y117.405 E458.43017
G1 X43.582 Y117.591 E458.43836
G1 X43.497 Y117.797 E458.44614
M204 S1000
G0 F9000 X43.471 Y117.995
G0 X44.48 Y118.163
G1 F1500 E457.44614
;MESH:NONMESH
G0 F600 X44.48 Y118.163 Z1.2
G0 F9000 X53.308 Y159.665
;TIME_ELAPSED:3839.750496
;LAYER:5
;TYPE:FILL
;MESH:Bottom_Standoffs.stl
G1 F1500 E458.44614
G1 F4980 X53.407 Y159.39 E458.45635
G1 X53.46 Y158.125 E458.50057
G1 X53.245 Y156.86 E458.54538
G1 X52.775 Y155.595 E458.59251
G1 X51.977 Y154.33 E458.64474
G1 X50.76 Y153.065 E458.70604
G1 X49.307 Y151.8 E458.77332
G1 X48.248 Y150.535 E458.83094
G1 X47.794 Y149.27 E458.87787
G1 X47.741 Y148.005 E458.92209
G1 X47.956 Y146.74 E458.9669
G1 X48.426 Y145.475 E459.01403
G1 X49.224 Y144.21 E459.06626
G1 X50.441 Y142.945 E459.12757
G1 X51.894 Y141.68 E459.19485
G1 X52.953 Y140.415 E459.25246
G1 X53.407 Y139.15 E459.2994
G1 X53.46 Y137.885 E459.34361
G1 X53.245 Y136.62 E459.38842
G1 X52.775 Y135.355 E459.43555
G1 X51.977 Y134.09 E459.48779
G1 X50.76 Y132.825 E459.54909
G1 X49.307 Y131.56 E459.61637
G1 X48.248 Y130.295 E459.67398
G1 X47.794 Y129.03 E459.72092
G1 X47.741 Y127.765 E459.76514
G1 X47.956 Y126.5 E459.80995
G1 X48.426 Y125.235 E459.85708
G1 X49.224 Y123.97 E459.90931
G1 X50.441 Y122.705 E459.97061
G1 X51.894 Y121.44 E460.03789
G1 X52.953 Y120.175 E460.09551
G1 X53.407 Y118.91 E460.14244
G1 X53.46 Y117.645 E460.18666
G1 X53.245 Y116.38 E460.23147
G1 X52.775 Y115.115 E460.2786
G1 X51.977 Y113.85 E460.33083
G1 X50.76 Y112.585 E460.39214
G1 X49.307 Y111.32 E460.45942
G1 X48.248 Y110.055 E460.51703
G1 X47.794 Y108.79 E460.56397
G1 X47.741 Y107.525 E460.60819
G1 X47.956 Y106.26 E460.653
G1 X48.426 Y104.995 E460.70013
G1 X49.224 Y103.73 E460.75236
G1 X50.441 Y102.465 E460.81366
G1 X51.894 Y101.2 E460.88094
G1 X52.953 Y99.935 E460.93856
G1 X53.407 Y98.67 E460.98549
G1 X53.46 Y97.405 E461.02971
G1 X53.245 Y96.14 E461.07452
G1 X52.775 Y94.875 E461.12165
G1 X51.977 Y93.61 E461.17388
G1 X50.76 Y92.345 E461.23519
G1 X49.307 Y91.08 E461.30247
G1 X48.248 Y89.815 E461.36008
G1 X47.794 Y88.55 E461.40702
G1 X47.741 Y87.285 E461.45123
G1 X47.956 Y86.02 E461.49604
G1 X48.426 Y84.755 E461.54317
G1 X49.224 Y83.49 E461.59541
G1 X50.441 Y82.225 E461.65671
G1 X51.894 Y80.96 E461.72399
G1 X52.953 Y79.695 E461.7816
G1 X53.407 Y78.43 E461.82854
G1 X53.46 Y77.165 E461.87276
G1 X53.245 Y75.9 E461.91757
G1 X52.775 Y74.635 E461.9647
G1 X51.977 Y73.37 E462.01693
G1 X51.08 Y72.438 E462.0621
G1 X63.193 Y72.438 E462.48513
G1 X63.527 Y73.37 E462.5197
G1 X63.58 Y74.635 E462.56392
G1 X63.365 Y75.9 E462.60873
G1 X62.895 Y77.165 E462.65586
G1 X62.097 Y78.43 E462.70809
G1 X60.88 Y79.695 E462.7694
G1 X59.427 Y80.96 E462.83668
G1 X58.368 Y82.225 E462.89429
G1 X57.914 Y83.49 E462.94123
G1 X57.861 Y84.755 E462.98544
G1 X58.076 Y86.02 E463.03026
G1 X58.546 Y87.285 E463.07738
G1 X59.344 Y88.55 E463.12962
G1 X60.561 Y89.815 E463.19092
G1 X62.014 Y91.08 E463.2582
G1 X63.073 Y92.345 E463.31582
G1 X63.527 Y93.61 E463.36275
G1 X63.58 Y94.875 E463.40697
G1 X63.365 Y96.14 E463.45178
G1 X62.895 Y97.405 E463.49891
G1 X62.097 Y98.67 E463.55114
G1 X60.88 Y99.935 E463.61244
G1 X59.427 Y101.2 E463.67972
G1 X58.368 Y102.465 E463.73734
G1 X57.914 Y103.73 E463.78428
G1 X57.861 Y104.995 E463.82849
G1 X58.076 Y106.26 E463.8733
G1 X58.546 Y107.525 E463.92043
G1 X59.344 Y108.79 E463.97267
G1 X60.561 Y110.055 E464.03397
G1 X62.014 Y111.32 E464.10125
G1 X63.073 Y112.585 E464.15886
G1 X63.527 Y113.85 E464.2058
G1 X63.58 Y115.115 E464.25002
G1 X63.365 Y116.38 E464.29483
G1 X62.895 Y117.645 E464.34196
G1 X62.097 Y118.91 E464.39419
G1 X60.88 Y120.175 E464.45549
G1 X59.427 Y121.44 E464.52277
G1 X58.368 Y122.705 E464.58039
G1 X57.914 Y123.97 E464.62732
G1 X57.861 Y125.235 E464.67154
G1 X58.076 Y126.5 E464.71635
G1 X58.546 Y127.765 E464.76348
G1 X59.344 Y129.03 E464.81571
G1 X60.561 Y130.295 E464.87702
G1 X62.014 Y131.56 E464.9443
G1 X63.073 Y132.825 E465.00191
G1 X63.527 Y134.09 E465.04885
G1 X63.58 Y135.355 E465.09306
G1 X63.365 Y136.62 E465.13788
G1 X62.895 Y137.885 E465.185
G1 X62.097 Y139.15 E465.23724
G1 X60.88 Y140.415 E465.29854
G1 X59.427 Y141.68 E465.36582
G1 X58.368 Y142.945 E465.42344
G1 X57.914 Y144.21 E465.47037
G1 X57.861 Y145.475 E465.51459
G1 X58.076 Y146.74 E465.5594
G1 X58.546 Y148.005 E465.60653
G1 X59.344 Y149.27 E465.65876
G1 X60.561 Y150.535 E465.72006
G1 X62.014 Y151.8 E465.78734
G1 X63.073 Y153.065 E465.84496
G1 X63.527 Y154.33 E465.8919
G1 X63.58 Y155.595 E465.93611
G1 X63.365 Y156.86 E465.98092
G1 X62.895 Y158.125 E466.02805
G1 X62.097 Y159.39 E466.08029
G1 X60.88 Y160.655 E466.14159
G1 X59.427 Y161.92 E466.20887
G1 X59.007 Y162.421 E466.2317
G1 X61.009 Y162.923 E466.30378
G1 X63.012 Y163.222 E466.37451
G1 X65.092 Y163.324 E466.44723
G1 X70.547 Y163.324 E466.63774
G1 X70.681 Y163.185 E466.64448
G1 X72.134 Y161.92 E466.71176
G1 X73.193 Y160.655 E466.76938
G1 X73.647 Y159.39 E466.81631
G1 X73.7 Y158.125 E466.86053
G1 X73.485 Y156.86 E466.90534
G1 X73.015 Y155.595 E466.95247
G1 X72.217 Y154.33 E467.0047
G1 X71 Y153.065 E467.06601
G1 X69.547 Y151.8 E467.13329
G1 X68.488 Y150.535 E467.1909
G1 X68.034 Y149.27 E467.23784
G1 X67.981 Y148.005 E467.28205
G1 X68.196 Y146.74 E467.32687
G1 X68.666 Y145.475 E467.37399
G1 X69.464 Y144.21 E467.42623
G1 X70.681 Y142.945 E467.48753
G1 X72.134 Y141.68 E467.55481
G1 X73.193 Y140.415 E467.61243
G1 X73.647 Y139.15 E467.65936
G1 X73.7 Y137.885 E467.70358
G1 X73.485 Y136.62 E467.74839
G1 X73.015 Y135.355 E467.79552
G1 X72.217 Y134.09 E467.84775
G1 X71 Y132.825 E467.90905
G1 X69.547 Y131.56 E467.97633
G1 X68.488 Y130.295 E468.03395
G1 X68.034 Y129.03 E468.08089
G1 X67.981 Y127.765 E468.1251
G1 X68.196 Y126.5 E468.16991
G1 X68.666 Y125.235 E468.21704
G1 X69.464 Y123.97 E468.26928
G1 X70.681 Y122.705 E468.33058
G1 X72.134 Y121.44 E468.39786
G1 X73.193 Y120.175 E468.45547
G1 X73.647 Y118.91 E468.50241
G1 X73.7 Y117.645 E468.54663
G1 X73.485 Y116.38 E468.59144
G1 X73.015 Y115.115 E468.63857
G1 X72.217 Y113.85 E468.6908
G1 X71 Y112.585 E468.7521
G1 X69.547 Y111.32 E468.81938
G1 X68.488 Y110.055 E468.877
G1 X68.034 Y108.79 E468.92393
G1 X67.981 Y107.525 E468.96815
G1 X68.196 Y106.26 E469.01296
G1 X68.666 Y104.995 E469.06009
G1 X69.464 Y103.73 E469.11232
G1 X70.681 Y102.465 E469.17363
G1 X72.134 Y101.2 E469.24091
G1 X73.193 Y99.935 E469.29852
G1 X73.647 Y98.67 E469.34546
G1 X73.7 Y97.405 E469.38967
G1 X73.485 Y96.14 E469.43449
G1 X73.015 Y94.875 E469.48161
G1 X72.217 Y93.61 E469.53385
G1 X71 Y92.345 E469.59515
G1 X69.547 Y91.08 E469.66243
G1 X68.488 Y89.815 E469.72005
G1 X68.034 Y88.55 E469.76698
G1 X67.981 Y87.285 E469.8112
G1 X68.196 Y86.02 E469.85601
G1 X68.666 Y84.755 E469.90314
G1 X69.464 Y83.49 E469.95537
G1 X70.681 Y82.225 E470.01667
G1 X72.134 Y80.96 E470.08395
G1 X73.193 Y79.695 E470.14157
G1 X73.647 Y78.43 E470.18851
G1 X73.7 Y77.165 E470.23272
G1 X73.485 Y75.9 E470.27753
G1 X73.015 Y74.635 E470.32466
G1 X72.217 Y73.37 E470.3769
G1 X71.32 Y72.438 E470.42207
G1 X83.433 Y72.438 E470.84509
G1 X83.767 Y73.37 E470.87967
G1 X83.82 Y74.635 E470.92389
G1 X83.605 Y75.9 E470.9687
G1 X83.135 Y77.165 E471.01583
G1 X82.337 Y78.43 E471.06806
G1 X81.12 Y79.695 E471.12936
G1 X79.667 Y80.96 E471.19664
G1 X78.608 Y82.225 E471.25426
G1 X78.154 Y83.49 E471.30119
G1 X78.101 Y84.755 E471.34541
G1 X78.316 Y86.02 E471.39022
G1 X78.786 Y87.285 E471.43735
G1 X79.584 Y88.55 E471.48958
G1 X80.801 Y89.815 E471.55089
G1 X82.254 Y91.08 E471.61817
G1 X83.313 Y92.345 E471.67578
G1 X83.767 Y93.61 E471.72272
G1 X83.82 Y94.875 E471.76693
G1 X83.605 Y96.14 E471.81175
G1 X83.135 Y97.405 E471.85887
G1 X82.337 Y98.67 E471.91111
G1 X81.12 Y99.935 E471.97241
G1 X79.667 Y101.2 E472.03969
G1 X78.608 Y102.465 E472.0973
G1 X78.154 Y103.73 E472.14424
G1 X78.101 Y104.995 E472.18846
G1 X78.316 Y106.26 E472.23327
G1 X78.786 Y107.525 E472.2804
G1 X79.584 Y108.79 E472.33263
G1 X80.801 Y110.055 E472.39393
G1 X82.254 Y111.32 E472.46121
G1 X83.313 Y112.585 E472.51883
G1 X83.767 Y113.85 E472.56577
G1 X83.82 Y115.115 E472.60998
G1 X83.605 Y116.38 E472.65479
G1 X83.135 Y117.645 E472.70192
G1 X82.337 Y118.91 E472.75415
G1 X81.12 Y120.175 E472.81546
G1 X79.667 Y121.44 E472.88274
G1 X78.608 Y122.705 E472.94035
G1 X78.154 Y123.97 E472.98729
G1 X78.101 Y125.235 E473.03151
G1 X78.316 Y126.5 E473.07632
G1 X78.786 Y127.765 E473.12345
G1 X79.584 Y129.03 E473.17568
G1 X80.801 Y130.295 E473.23698
G1 X82.254 Y131.56 E473.30426
G1 X83.313 Y132.825 E473.36188
G1 X83.767 Y134.09 E473.40881
G1 X83.82 Y135.355 E473.45303
G1 X83.605 Y136.62 E473.49784
G1 X83.135 Y137.885 E473.54497
G1 X82.337 Y139.15 E473.5972
G1 X81.12 Y140.415 E473.65851
G1 X79.667 Y141.68 E473.72579
G1 X78.608 Y142.945 E473.7834
G1 X78.154 Y144.21 E473.83034
G1 X78.101 Y145.475 E473.87455
G1 X78.316 Y146.74 E473.91936
G1 X78.786 Y148.005 E473.96649
G1 X79.584 Y149.27 E474.01873
G1 X80.801 Y150.535 E474.08003
G1 X82.254 Y151.8 E474.14731
G1 X83.313 Y153.065 E474.20492
G1 X83.767 Y154.33 E474.25186
G1 X83.82 Y155.595 E474.29608
G1 X83.605 Y156.86 E474.34089
G1 X83.135 Y158.125 E474.38802
G1 X82.337 Y159.39 E474.44025
G1 X81.12 Y160.655 E474.50155
G1 X79.667 Y161.92 E474.56883
G1 X78.608 Y163.185 E474.62645
G1 X78.558 Y163.324 E474.63161
G1 X90.788 Y163.324 E475.05872
G1 X90.921 Y163.185 E475.06544
G1 X92.374 Y161.92 E475.13272
G1 X93.433 Y160.655 E475.19033
G1 X93.887 Y159.39 E475.23727
G1 X93.94 Y158.125 E475.28148
G1 X93.725 Y156.86 E475.32629
G1 X93.255 Y155.595 E475.37342
G1 X92.457 Y154.33 E475.42566
G1 X91.24 Y153.065 E475.48696
G1 X89.787 Y151.8 E475.55424
G1 X88.728 Y150.535 E475.61185
G1 X88.274 Y149.27 E475.65879
G1 X88.221 Y148.005 E475.70301
G1 X88.436 Y146.74 E475.74782
G1 X88.906 Y145.475 E475.79495
G1 X89.704 Y144.21 E475.84718
G1 X90.921 Y142.945 E475.90848
G1 X92.374 Y141.68 E475.97576
G1 X93.433 Y140.415 E476.03338
G1 X93.887 Y139.15 E476.08031
G1 X93.94 Y137.885 E476.12453
G1 X93.725 Y136.62 E476.16934
G1 X93.255 Y135.355 E476.21647
G1 X92.457 Y134.09 E476.2687
G1 X91.24 Y132.825 E476.33001
G1 X89.787 Y131.56 E476.39729
G1 X88.728 Y130.295 E476.4549
G1 X88.274 Y129.03 E476.50184
G1 X88.221 Y127.765 E476.54606
G1 X88.436 Y126.5 E476.59087
G1 X88.906 Y125.235 E476.638
G1 X89.704 Y123.97 E476.69023
G1 X90.921 Y122.705 E476.75153
G1 X92.374 Y121.44 E476.81881
G1 X93.433 Y120.175 E476.87643
G1 X93.887 Y118.91 E476.92336
G1 X93.94 Y117.645 E476.96758
G1 X93.725 Y116.38 E477.01239
G1 X93.255 Y115.115 E477.05952
G1 X92.457 Y113.85 E477.11175
G1 X91.24 Y112.585 E477.17306
G1 X89.787 Y111.32 E477.24034
G1 X88.728 Y110.055 E477.29795
G1 X88.274 Y108.79 E477.34489
G1 X88.221 Y107.525 E477.3891
G1 X88.436 Y106.26 E477.43391
G1 X88.906 Y104.995 E477.48104
G1 X89.704 Y103.73 E477.53328
G1 X90.921 Y102.465 E477.59458
G1 X92.374 Y101.2 E477.66186
G1 X93.433 Y99.935 E477.71947
G1 X93.887 Y98.67 E477.76641
G1 X93.94 Y97.405 E477.81063
G1 X93.725 Y96.14 E477.85544
G1 X93.255 Y94.875 E477.90257
G1 X92.457 Y93.61 E477.9548
G1 X91.24 Y92.345 E478.0161
G1 X89.787 Y91.08 E478.08338
G1 X88.728 Y89.815 E478.141
G1 X88.274 Y88.55 E478.18793
G1 X88.221 Y87.285 E478.23215
G1 X88.436 Y86.02 E478.27696
G1 X88.906 Y84.755 E478.32409
G1 X89.704 Y83.49 E478.37632
G1 X90.921 Y82.225 E478.43763
G1 X92.374 Y80.96 E478.50491
G1 X93.433 Y79.695 E478.56252
G1 X93.887 Y78.43 E478.60946
G1 X93.94 Y77.165 E478.65368
G1 X93.725 Y75.9 E478.69849
G1 X93.255 Y74.635 E478.74562
G1 X92.457 Y73.37 E478.79785
G1 X91.56 Y72.438 E478.84302
G1 X103.673 Y72.438 E479.26605
G1 X104.007 Y73.37 E479.30062
G1 X104.06 Y74.635 E479.34484
G1 X103.845 Y75.9 E479.38965
G1 X103.375 Y77.165 E479.43678
G1 X102.577 Y78.43 E479.48901
G1 X101.36 Y79.695 E479.55032
G1 X99.907 Y80.96 E479.61759
G1 X98.848 Y82.225 E479.67521
G1 X98.394 Y83.49 E479.72215
G1 X98.341 Y84.755 E479.76636
G1 X98.556 Y86.02 E479.81117
G1 X99.026 Y87.285 E479.8583
G1 X99.824 Y88.55 E479.91054
G1 X101.041 Y89.815 E479.97184
G1 X102.494 Y91.08 E480.03912
G1 X103.553 Y92.345 E480.09673
G1 X104.007 Y93.61 E480.14367
G1 X104.06 Y94.875 E480.18789
G1 X103.845 Y96.14 E480.2327
G1 X103.375 Y97.405 E480.27983
G1 X102.577 Y98.67 E480.33206
G1 X101.36 Y99.935 E480.39336
G1 X99.907 Y101.2 E480.46064
G1 X98.848 Y102.465 E480.51826
G1 X98.394 Y103.73 E480.56519
G1 X98.341 Y104.995 E480.60941
G1 X98.556 Y106.26 E480.65422
G1 X99.026 Y107.525 E480.70135
G1 X99.824 Y108.79 E480.75358
G1 X101.041 Y110.055 E480.81489
G1 X102.494 Y111.32 E480.88217
G1 X103.553 Y112.585 E480.93978
G1 X104.007 Y113.85 E480.98672
G1 X104.06 Y115.115 E481.03093
G1 X103.845 Y116.38 E481.07575
G1 X103.375 Y117.645 E481.12287
G1 X102.577 Y118.91 E481.17511
G1 X101.36 Y120.175 E481.23641
G1 X99.907 Y121.44 E481.30369
G1 X98.848 Y122.705 E481.36131
G1 X98.394 Y123.97 E481.40824
G1 X98.341 Y125.235 E481.45246
G1 X98.556 Y126.5 E481.49727
G1 X99.026 Y127.765 E481.5444
G1 X99.824 Y129.03 E481.59663
G1 X101.041 Y130.295 E481.65794
G1 X102.494 Y131.56 E481.72521
G1 X103.553 Y132.825 E481.78283
G1 X104.007 Y134.09 E481.82977
G1 X104.06 Y135.355 E481.87398
G1 X103.845 Y136.62 E481.91879
G1 X103.375 Y137.885 E481.96592
G1 X102.577 Y139.15 E482.01816
G1 X101.36 Y140.415 E482.07946
G1 X99.907 Y141.68 E482.14674
G1 X98.848 Y142.945 E482.20435
G1 X98.394 Y144.21 E482.25129
G1 X98.341 Y145.475 E482.29551
G1 X98.556 Y146.74 E482.34032
G1 X99.026 Y148.005 E482.38745
G1 X99.824 Y149.27 E482.43968
G1 X101.041 Y150.535 E482.50098
G1 X102.494 Y151.8 E482.56826
G1 X103.553 Y153.065 E482.62588
G1 X104.007 Y154.33 E482.67281
G1 X104.06 Y155.595 E482.71703
G1 X103.845 Y156.86 E482.76184
G1 X103.375 Y158.125 E482.80897
G1 X102.577 Y159.39 E482.8612
G1 X101.36 Y160.655 E482.92251
G1 X99.907 Y161.92 E482.98979
G1 X98.848 Y163.185 E483.0474
G1 X98.798 Y163.324 E483.05256
G1 X111.028 Y163.324 E483.47967
G1 X111.161 Y163.185 E483.48639
G1 X112.614 Y161.92 E483.55367
G1 X113.673 Y160.655 E483.61128
G1 X114.127 Y159.39 E483.65822
G1 X114.18 Y158.125 E483.70244
G1 X113.965 Y156.86 E483.74725
G1 X113.495 Y155.595 E483.79438
G1 X112.697 Y154.33 E483.84661
G1 X111.48 Y153.065 E483.90791
G1 X110.027 Y151.8 E483.97519
G1 X108.968 Y150.535 E484.03281
G1 X108.514 Y149.27 E484.07974
G1 X108.461 Y148.005 E484.12396
G1 X108.676 Y146.74 E484.16877
G1 X109.146 Y145.475 E484.2159
G1 X109.944 Y144.21 E484.26813
G1 X111.161 Y142.945 E484.32944
G1 X112.614 Y141.68 E484.39672
G1 X113.673 Y140.415 E484.45433
G1 X114.127 Y139.15 E484.50127
G1 X114.18 Y137.885 E484.54548
G1 X113.965 Y136.62 E484.5903
G1 X113.495 Y135.355 E484.63742
G1 X112.697 Y134.09 E484.68966
G1 X111.48 Y132.825 E484.75096
G1 X110.027 Y131.56 E484.81824
G1 X108.968 Y130.295 E484.87586
G1 X108.514 Y129.03 E484.92279
G1 X108.461 Y127.765 E484.96701
G1 X108.676 Y126.5 E485.01182
G1 X109.146 Y125.235 E485.05895
G1 X109.944 Y123.97 E485.11118
G1 X111.161 Y122.705 E485.17248
G1 X112.614 Y121.44 E485.23976
G1 X113.673 Y120.175 E485.29738
G1 X114.127 Y118.91 E485.34432
G1 X114.18 Y117.645 E485.38853
G1 X113.965 Y116.38 E485.43334
G1 X113.495 Y115.115 E485.48047
G1 X112.697 Y113.85 E485.53271
G1 X111.48 Y112.585 E485.59401
G1 X110.027 Y111.32 E485.66129
G1 X108.968 Y110.055 E485.7189
G1 X108.514 Y108.79 E485.76584
G1 X108.461 Y107.525 E485.81006
G1 X108.676 Y106.26 E485.85487
G1 X109.146 Y104.995 E485.902
G1 X109.944 Y103.73 E485.95423
G1 X111.161 Y102.465 E486.01553
G1 X112.614 Y101.2 E486.08281
G1 X113.673 Y99.935 E486.14043
G1 X114.127 Y98.67 E486.18736
G1 X114.18 Y97.405 E486.23158
G1 X113.965 Y96.14 E486.27639
G1 X113.495 Y94.875 E486.32352
G1 X112.697 Y93.61 E486.37575
G1 X111.48 Y92.345 E486.43706
G1 X110.027 Y91.08 E486.50434
G1 X108.968 Y89.815 E486.56195
G1 X108.514 Y88.55 E486.60889
G1 X108.461 Y87.285 E486.6531
G1 X108.676 Y86.02 E486.69792
G1 X109.146 Y84.755 E486.74504
G1 X109.944 Y83.49 E486.79728
G1 X111.161 Y82.225 E486.85858
G1 X112.614 Y80.96 E486.92586
G1 X113.673 Y79.695 E486.98348
G1 X114.127 Y78.43 E487.03041
G1 X114.18 Y77.165 E487.07463
G1 X113.965 Y75.9 E487.11944
G1 X113.495 Y74.635 E487.16657
G1 X112.697 Y73.37 E487.2188
G1 X111.8 Y72.438 E487.26398
G1 X123.913 Y72.438 E487.687
G1 X124.247 Y73.37 E487.72158
G1 X124.3 Y74.635 E487.76579
G1 X124.085 Y75.9 E487.8106
G1 X123.615 Y77.165 E487.85773
G1 X122.817 Y78.43 E487.90997
G1 X121.6 Y79.695 E487.97127
G1 X120.147 Y80.96 E488.03855
G1 X119.088 Y82.225 E488.09616
G1 X118.634 Y83.49 E488.1431
G1 X118.581 Y84.755 E488.18732
G1 X118.796 Y86.02 E488.23213
G1 X119.266 Y87.285 E488.27926
G1 X120.064 Y88.55 E488.33149
G1 X121.281 Y89.815 E488.39279
G1 X122.734 Y91.08 E488.46007
G1 X123.793 Y92.345 E488.51769
G1 X124.247 Y93.61 E488.56462
G1 X124.3 Y94.875 E488.60884
G1 X124.085 Y96.14 E488.65365
G1 X123.615 Y97.405 E488.70078
G1 X122.817 Y98.67 E488.75301
G1 X121.6 Y99.935 E488.81432
G1 X120.147 Y101.2 E488.8816
G1 X119.088 Y102.465 E488.93921
G1 X118.634 Y103.73 E488.98615
G1 X118.581 Y104.995 E489.03036
G1 X118.796 Y106.26 E489.07518
G1 X119.266 Y107.525 E489.1223
G1 X120.064 Y108.79 E489.17454
G1 X121.281 Y110.055 E489.23584
G1 X122.734 Y111.32 E489.30312
G1 X123.793 Y112.585 E489.36073
G1 X124.247 Y113.85 E489.40767
G1 X124.3 Y115.115 E489.45189
G1 X124.085 Y116.38 E489.4967
G1 X123.615 Y117.645 E489.54383
G1 X122.817 Y118.91 E489.59606
G1 X121.6 Y120.175 E489.65736
G1 X120.147 Y121.44 E489.72464
G1 X119.088 Y122.705 E489.78226
G1 X118.634 Y123.97 E489.8292
G1 X118.581 Y125.235 E489.87341
G1 X118.796 Y126.5 E489.91822
G1 X119.266 Y127.765 E489.96535
G1 X120.064 Y129.03 E490.01759
G1 X121.281 Y130.295 E490.07889
G1 X122.734 Y131.56 E490.14617
G1 X123.793 Y132.825 E490.20378
G1 X124.247 Y134.09 E490.25072
G1 X124.3 Y135.355 E490.29494
G1 X124.085 Y136.62 E490.33975
G1 X123.615 Y137.885 E490.38688
G1 X122.817 Y139.15 E490.43911
G1 X121.6 Y140.415 E490.50041
G1 X120.147 Y141.68 E490.56769
G1 X119.088 Y142.945 E490.62531
G1 X118.634 Y144.21 E490.67224
G1 X118.581 Y145.475 E490.71646
G1 X118.796 Y146.74 E490.76127
G1 X119.266 Y148.005 E490.8084
G1 X120.064 Y149.27 E490.86063
G1 X121.281 Y150.535 E490.92194
G1 X122.734 Y151.8 E490.98922
G1 X123.793 Y153.065 E491.04683
G1 X124.247 Y154.33 E491.09377
G1 X124.3 Y155.595 E491.13798
G1 X124.085 Y156.86 E491.1828
G1 X123.615 Y158.125 E491.22992
G1 X122.817 Y159.39 E491.28216
G1 X121.6 Y160.655 E491.34346
G1 X120.147 Y161.92 E491.41074
G1 X119.088 Y163.185 E491.46835
G1 X119.038 Y163.323 E491.47348
G1 X131.268 Y163.323 E491.90059
G1 X131.401 Y163.185 E491.90728
G1 X132.854 Y161.92 E491.97456
G1 X133.913 Y160.655 E492.03218
G1 X134.367 Y159.39 E492.07912
G1 X134.42 Y158.125 E492.12333
G1 X134.205 Y156.86 E492.16814
G1 X133.735 Y155.595 E492.21527
G1 X132.937 Y154.33 E492.26751
G1 X131.72 Y153.065 E492.32881
G1 X130.267 Y151.8 E492.39609
G1 X129.208 Y150.535 E492.4537
G1 X128.754 Y149.27 E492.50064
G1 X128.701 Y148.005 E492.54486
G1 X128.916 Y146.74 E492.58967
G1 X129.386 Y145.475 E492.6368
G1 X130.184 Y144.21 E492.68903
G1 X131.401 Y142.945 E492.75033
G1 X132.854 Y141.68 E492.81761
G1 X133.913 Y140.415 E492.87523
G1 X134.367 Y139.15 E492.92216
G1 X134.42 Y137.885 E492.96638
G1 X134.205 Y136.62 E493.01119
G1 X133.735 Y135.355 E493.05832
G1 X132.937 Y134.09 E493.11055
G1 X131.72 Y132.825 E493.17186
G1 X130.267 Y131.56 E493.23914
G1 X129.208 Y130.295 E493.29675
G1 X128.754 Y129.03 E493.34369
G1 X128.701 Y127.765 E493.3879
G1 X128.916 Y126.5 E493.43272
G1 X129.386 Y125.235 E493.47984
G1 X130.184 Y123.97 E493.53208
G1 X131.401 Y122.705 E493.59338
G1 X132.854 Y121.44 E493.66066
G1 X133.913 Y120.175 E493.71827
G1 X134.367 Y118.91 E493.76521
G1 X134.42 Y117.645 E493.80943
G1 X134.205 Y116.38 E493.85424
G1 X133.735 Y115.115 E493.90137
G1 X132.937 Y113.85 E493.9536
G1 X131.72 Y112.585 E494.0149
G1 X130.267 Y111.32 E494.08218
G1 X129.208 Y110.055 E494.1398
G1 X128.754 Y108.79 E494.18674
G1 X128.701 Y107.525 E494.23095
G1 X128.916 Y106.26 E494.27576
G1 X129.386 Y104.995 E494.32289
G1 X130.184 Y103.73 E494.37513
G1 X131.401 Y102.465 E494.43643
G1 X132.854 Y101.2 E494.50371
G1 X133.913 Y99.935 E494.56132
G1 X134.367 Y98.67 E494.60826
G1 X134.42 Y97.405 E494.65248
G1 X134.205 Y96.14 E494.69729
G1 X133.735 Y94.875 E494.74442
G1 X132.937 Y93.61 E494.79665
G1 X131.72 Y92.345 E494.85795
G1 X130.267 Y91.08 E494.92523
G1 X129.208 Y89.815 E494.98285
G1 X128.754 Y88.55 E495.02978
G1 X128.701 Y87.285 E495.074
G1 X128.916 Y86.02 E495.11881
G1 X129.386 Y84.755 E495.16594
G1 X130.184 Y83.49 E495.21817
G1 X131.401 Y82.225 E495.27948
G1 X132.854 Y80.96 E495.34676
G1 X133.913 Y79.695 E495.40437
G1 X134.367 Y78.43 E495.45131
G1 X134.42 Y77.165 E495.49552
G1 X134.205 Y75.9 E495.54034
G1 X133.735 Y74.635 E495.58746
G1 X132.937 Y73.37 E495.6397
G1 X132.04 Y72.438 E495.68487
G1 X144.153 Y72.438 E496.1079
G1 X144.487 Y73.37 E496.14247
G1 X144.54 Y74.635 E496.18669
G1 X144.325 Y75.9 E496.2315
G1 X143.855 Y77.165 E496.27863
G1 X143.057 Y78.43 E496.33086
G1 X141.84 Y79.695 E496.39216
G1 X140.387 Y80.96 E496.45944
G1 X139.328 Y82.225 E496.51706
G1 X138.874 Y83.49 E496.56399
G1 X138.821 Y84.755 E496.60821
G1 X139.036 Y86.02 E496.65302
G1 X139.506 Y87.285 E496.70015
G1 X140.304 Y88.55 E496.75238
G1 X141.521 Y89.815 E496.81369
G1 X142.974 Y91.08 E496.88097
G1 X144.033 Y92.345 E496.93858
G1 X144.487 Y93.61 E496.98552
G1 X144.54 Y94.875 E497.02974
G1 X144.325 Y96.14 E497.07455
G1 X143.855 Y97.405 E497.12167
G1 X143.057 Y98.67 E497.17391
G1 X141.84 Y99.935 E497.23521
G1 X140.387 Y101.2 E497.30249
G1 X139.328 Y102.465 E497.36011
G1 X138.874 Y103.73 E497.40704
G1 X138.821 Y104.995 E497.45126
G1 X139.036 Y106.26 E497.49607
G1 X139.506 Y107.525 E497.5432
G1 X140.304 Y108.79 E497.59543
G1 X141.521 Y110.055 E497.65674
G1 X142.974 Y111.32 E497.72402
G1 X144.033 Y112.585 E497.78163
G1 X144.487 Y113.85 E497.82857
G1 X144.54 Y115.115 E497.87278
G1 X144.325 Y116.38 E497.91759
G1 X143.855 Y117.645 E497.96472
G1 X143.057 Y118.91 E498.01696
G1 X141.84 Y120.175 E498.07826
G1 X140.387 Y121.44 E498.14554
G1 X139.328 Y122.705 E498.20315
G1 X138.874 Y123.97 E498.25009
G1 X138.821 Y125.235 E498.29431
G1 X139.036 Y126.5 E498.33912
G1 X139.506 Y127.765 E498.38625
G1 X140.304 Y129.03 E498.43848
G1 X141.521 Y130.295 E498.49978
G1 X142.974 Y131.56 E498.56706
G1 X144.033 Y132.825 E498.62468
G1 X144.487 Y134.09 E498.67161
G1 X144.54 Y135.355 E498.71583
G1 X144.325 Y136.62 E498.76064
G1 X143.855 Y137.885 E498.80777
G1 X143.057 Y139.15 E498.86
G1 X141.84 Y140.415 E498.92131
G1 X140.387 Y141.68 E498.98859
G1 X139.328 Y142.945 E499.0462
G1 X138.874 Y144.21 E499.09314
G1 X138.821 Y145.475 E499.13736
G1 X139.036 Y146.74 E499.18217
G1 X139.506 Y148.005 E499.22929
G1 X140.304 Y149.27 E499.28153
G1 X141.521 Y150.535 E499.34283
G1 X142.974 Y151.8 E499.41011
G1 X144.033 Y153.065 E499.46773
G1 X144.487 Y154.33 E499.51466
G1 X144.54 Y155.595 E499.55888
G1 X144.325 Y156.86 E499.60369
G1 X143.855 Y158.125 E499.65082
G1 X143.057 Y159.39 E499.70305
G1 X141.84 Y160.655 E499.76436
G1 X140.387 Y161.92 E499.83164
G1 X139.328 Y163.185 E499.88925
G1 X139.278 Y163.323 E499.89438
G1 X151.508 Y163.323 E500.32149
G1 X151.641 Y163.185 E500.32818
G1 X153.094 Y161.92 E500.39546
G1 X154.153 Y160.655 E500.45307
G1 X154.607 Y159.39 E500.50001
G1 X154.66 Y158.125 E500.54423
G1 X154.445 Y156.86 E500.58904
G1 X153.975 Y155.595 E500.63617
G1 X153.177 Y154.33 E500.6884
G1 X151.96 Y153.065 E500.7497
G1 X150.507 Y151.8 E500.81698
G1 X149.448 Y150.535 E500.8746
G1 X148.994 Y149.27 E500.92153
G1 X148.941 Y148.005 E500.96575
G1 X149.156 Y146.74 E501.01056
G1 X149.626 Y145.475 E501.05769
G1 X150.424 Y144.21 E501.10992
G1 X151.641 Y142.945 E501.17123
G1 X153.094 Y141.68 E501.23851
G1 X154.153 Y140.415 E501.29612
G1 X154.607 Y139.15 E501.34306
G1 X154.66 Y137.885 E501.38727
G1 X154.445 Y136.62 E501.43209
G1 X153.975 Y135.355 E501.47921
G1 X153.177 Y134.09 E501.53145
G1 X151.96 Y132.825 E501.59275
G1 X150.507 Y131.56 E501.66003
G1 X149.448 Y130.295 E501.71765
G1 X148.994 Y129.03 E501.76458
G1 X148.941 Y127.765 E501.8088
G1 X149.156 Y126.5 E501.85361
G1 X149.626 Y125.235 E501.90074
G1 X150.424 Y123.97 E501.95297
G1 X151.641 Y122.705 E502.01428
G1 X153.094 Y121.44 E502.08155
G1 X154.153 Y120.175 E502.13917
G1 X154.607 Y118.91 E502.18611
G1 X154.66 Y117.645 E502.23032
G1 X154.445 Y116.38 E502.27513
G1 X153.975 Y115.115 E502.32226
G1 X153.177 Y113.85 E502.3745
G1 X151.96 Y112.585 E502.4358
G1 X150.507 Y111.32 E502.50308
G1 X149.448 Y110.055 E502.56069
G1 X148.994 Y108.79 E502.60763
G1 X148.941 Y107.525 E502.65185
G1 X149.156 Y106.26 E502.69666
G1 X149.626 Y104.995 E502.74379
G1 X150.424 Y103.73 E502.79602
G1 X151.641 Y102.465 E502.85732
G1 X153.094 Y101.2 E502.9246
G1 X154.153 Y99.935 E502.98222
G1 X154.607 Y98.67 E503.02915
G1 X154.66 Y97.405 E503.07337
G1 X154.445 Y96.14 E503.11818
G1 X153.975 Y94.875 E503.16531
G1 X153.177 Y93.61 E503.21754
G1 X151.96 Y92.345 E503.27885
G1 X150.507 Y91.08 E503.34613
G1 X149.448 Y89.815 E503.40374
G1 X148.994 Y88.55 E503.45068
G1 X148.941 Y87.285 E503.49489
G1 X149.156 Y86.02 E503.53971
G1 X149.626 Y84.755 E503.58683
G1 X150.424 Y83.49 E503.63907
G1 X151.641 Y82.225 E503.70037
G1 X153.094 Y80.96 E503.76765
G1 X154.153 Y79.695 E503.82527
G1 X154.607 Y78.43 E503.8722
G1 X154.66 Y77.165 E503.91642
G1 X154.445 Y75.9 E503.96123
G1 X153.975 Y74.635 E504.00836
G1 X153.177 Y73.37 E504.06059
G1 X152.28 Y72.438 E504.10577
G1 X164.393 Y72.438 E504.52879
G1 X164.727 Y73.37 E504.56337
G1 X164.78 Y74.635 E504.60758
G1 X164.565 Y75.9 E504.65239
G1 X164.095 Y77.165 E504.69952
G1 X163.297 Y78.43 E504.75176
G1 X162.08 Y79.695 E504.81306
G1 X160.627 Y80.96 E504.88034
G1 X159.568 Y82.225 E504.93795
G1 X159.114 Y83.49 E504.98489
G1 X159.061 Y84.755 E505.02911
G1 X159.276 Y86.02 E505.07392
G1 X159.746 Y87.285 E505.12105
G1 X160.544 Y88.55 E505.17328
G1 X161.761 Y89.815 E505.23458
G1 X163.214 Y91.08 E505.30186
G1 X164.273 Y92.345 E505.35948
G1 X164.727 Y93.61 E505.40641
G1 X164.78 Y94.875 E505.45063
G1 X164.565 Y96.14 E505.49544
G1 X164.095 Y97.405 E505.54257
G1 X163.297 Y98.67 E505.5948
G1 X162.08 Y99.935 E505.65611
G1 X160.627 Y101.2 E505.72339
G1 X159.568 Y102.465 E505.781
G1 X159.114 Y103.73 E505.82794
G1 X159.061 Y104.995 E505.87215
G1 X159.276 Y106.26 E505.91697
G1 X159.746 Y107.525 E505.96409
G1 X160.544 Y108.79 E506.01633
G1 X161.761 Y110.055 E506.07763
G1 X163.214 Y111.32 E506.14491
G1 X164.273 Y112.585 E506.20253
G1 X164.727 Y113.85 E506.24946
G1 X164.78 Y115.115 E506.29368
G1 X164.565 Y116.38 E506.33849
G1 X164.095 Y117.645 E506.38562
G1 X163.297 Y118.91 E506.43785
G1 X162.08 Y120.175 E506.49915
G1 X160.627 Y121.44 E506.56643
G1 X159.568 Y122.705 E506.62405
G1 X159.114 Y123.97 E506.67099
G1 X159.061 Y125.235 E506.7152
G1 X159.276 Y126.5 E506.76001
G1 X159.746 Y127.765 E506.80714
G1 X160.544 Y129.03 E506.85938
G1 X161.761 Y130.295 E506.92068
G1 X163.214 Y131.56 E506.98796
G1 X164.273 Y132.825 E507.04557
G1 X164.727 Y134.09 E507.09251
G1 X164.78 Y135.355 E507.13673
G1 X164.565 Y136.62 E507.18154
G1 X164.095 Y137.885 E507.22867
G1 X163.297 Y139.15 E507.2809
G1 X162.08 Y140.415 E507.3422
G1 X160.627 Y141.68 E507.40948
G1 X159.568 Y142.945 E507.4671
G1 X159.114 Y144.21 E507.51403
G1 X159.061 Y145.475 E507.55825
G1 X159.276 Y146.74 E507.60306
G1 X159.746 Y148.005 E507.65019
G1 X160.544 Y149.27 E507.70242
G1 X161.761 Y150.535 E507.76373
G1 X163.214 Y151.8 E507.83101
G1 X164.273 Y153.065 E507.88862
G1 X164.727 Y154.33 E507.93556
G1 X164.78 Y155.595 E507.97977
G1 X164.565 Y156.86 E508.02459
G1 X164.095 Y158.125 E508.07171
G1 X163.297 Y159.39 E508.12395
G1 X162.08 Y160.655 E508.18525
G1 X160.627 Y161.92 E508.25253
G1 X159.568 Y163.185 E508.31015
G1 X159.518 Y163.323 E508.31527
G1 X169.908 Y163.323 E508.67812
G1 X171.838 Y163.229 E508.7456
G1 X173.334 Y161.92 E508.81503
G1 X174.393 Y160.655 E508.87264
G1 X174.847 Y159.39 E508.91958
G1 X174.9 Y158.125 E508.96379
G1 X174.685 Y156.86 E509.0086
G1 X174.215 Y155.595 E509.05573
G1 X173.417 Y154.33 E509.10797
G1 X172.2 Y153.065 E509.16927
G1 X170.747 Y151.8 E509.23655
G1 X169.688 Y150.535 E509.29416
G1 X169.234 Y149.27 E509.3411
G1 X169.181 Y148.005 E509.38532
G1 X169.396 Y146.74 E509.43013
G1 X169.866 Y145.475 E509.47726
G1 X170.664 Y144.21 E509.52949
G1 X171.881 Y142.945 E509.59079
G1 X173.334 Y141.68 E509.65807
G1 X174.393 Y140.415 E509.71569
G1 X174.847 Y139.15 E509.76263
G1 X174.9 Y137.885 E509.80684
G1 X174.685 Y136.62 E509.85165
G1 X174.215 Y135.355 E509.89878
G1 X173.417 Y134.09 E509.95101
G1 X172.2 Y132.825 E510.01232
G1 X170.747 Y131.56 E510.0796
G1 X169.688 Y130.295 E510.13721
G1 X169.234 Y129.03 E510.18415
G1 X169.181 Y127.765 E510.22837
G1 X169.396 Y126.5 E510.27318
G1 X169.866 Y125.235 E510.32031
G1 X170.664 Y123.97 E510.37254
G1 X171.881 Y122.705 E510.43384
G1 X173.334 Y121.44 E510.50112
G1 X174.393 Y120.175 E510.55874
G1 X174.847 Y118.91 E510.60567
G1 X174.9 Y117.645 E510.64989
G1 X174.685 Y116.38 E510.6947
G1 X174.215 Y115.115 E510.74183
G1 X173.417 Y113.85 E510.79406
G1 X172.2 Y112.585 E510.85537
G1 X170.747 Y111.32 E510.92265
G1 X169.688 Y110.055 E510.98026
G1 X169.234 Y108.79 E511.0272
G1 X169.181 Y107.525 E511.07141
G1 X169.396 Y106.26 E511.11622
G1 X169.866 Y104.995 E511.16335
G1 X170.664 Y103.73 E511.21559
G1 X171.881 Y102.465 E511.27689
G1 X173.334 Y101.2 E511.34417
G1 X174.393 Y99.935 E511.40178
G1 X174.847 Y98.67 E511.44872
G1 X174.9 Y97.405 E511.49294
G1 X174.685 Y96.14 E511.53775
G1 X174.215 Y94.875 E511.58488
G1 X173.417 Y93.61 E511.63711
G1 X172.2 Y92.345 E511.69841
G1 X170.747 Y91.08 E511.76569
G1 X169.688 Y89.815 E511.82331
G1 X169.234 Y88.55 E511.87025
G1 X169.181 Y87.285 E511.91446
G1 X169.396 Y86.02 E511.95927
G1 X169.866 Y84.755 E512.0064
G1 X170.664 Y83.49 E512.05863
G1 X171.881 Y82.225 E512.11994
G1 X173.334 Y80.96 E512.18722
G1 X174.393 Y79.695 E512.24483
G1 X174.847 Y78.43 E512.29177
G1 X174.9 Y77.165 E512.33599
G1 X174.685 Y75.9 E512.3808
G1 X174.215 Y74.635 E512.42793
G1 X173.417 Y73.37 E512.48016
G1 X172.52 Y72.438 E512.52533
G1 X184.633 Y72.438 E512.94836
G1 X184.967 Y73.37 E512.98293
G1 X185.02 Y74.635 E513.02715
G1 X184.805 Y75.9 E513.07196
G1 X184.335 Y77.165 E513.11909
G1 X183.537 Y78.43 E513.17132
G1 X182.32 Y79.695 E513.23263
G1 X180.867 Y80.96 E513.2999
G1 X179.808 Y82.225 E513.35752
G1 X179.354 Y83.49 E513.40446
G1 X179.301 Y84.755 E513.44867
G1 X179.516 Y86.02 E513.49348
G1 X179.986 Y87.285 E513.54061
G1 X180.784 Y88.55 E513.59285
G1 X182.001 Y89.815 E513.65415
G1 X183.454 Y91.08 E513.72143
G1 X184.513 Y92.345 E513.77904
G1 X184.967 Y93.61 E513.82598
G1 X185.02 Y94.875 E513.8702
G1 X184.805 Y96.14 E513.91501
G1 X184.335 Y97.405 E513.96214
G1 X183.537 Y98.67 E514.01437
G1 X182.32 Y99.935 E514.07567
G1 X180.867 Y101.2 E514.14295
G1 X179.808 Y102.465 E514.20057
G1 X179.354 Y103.73 E514.2475
G1 X179.301 Y104.995 E514.29172
G1 X179.516 Y106.26 E514.33653
G1 X179.986 Y107.525 E514.38366
G1 X180.784 Y108.79 E514.43589
G1 X182.001 Y110.055 E514.4972
G1 X183.454 Y111.32 E514.56448
G1 X184.513 Y112.585 E514.62209
G1 X184.967 Y113.85 E514.66903
G1 X185.02 Y115.115 E514.71324
G1 X184.805 Y116.38 E514.75806
G1 X184.335 Y117.645 E514.80518
G1 X183.537 Y118.91 E514.85742
G1 X182.32 Y120.175 E514.91872
G1 X180.867 Y121.44 E514.986
G1 X179.808 Y122.705 E515.04362
G1 X179.354 Y123.97 E515.09055
G1 X179.301 Y125.235 E515.13477
G1 X179.516 Y126.5 E515.17958
G1 X179.986 Y127.765 E515.22671
G1 X180.784 Y129.03 E515.27894
G1 X182.001 Y130.295 E515.34025
G1 X183.454 Y131.56 E515.40752
G1 X184.513 Y132.825 E515.46514
G1 X184.967 Y134.09 E515.51208
G1 X185.02 Y135.355 E515.55629
G1 X184.805 Y136.62 E515.6011
G1 X184.335 Y137.885 E515.64823
G1 X183.537 Y139.15 E515.70047
G1 X182.32 Y140.415 E515.76177
G1 X180.867 Y141.68 E515.82905
G1 X179.808 Y142.945 E515.88666
G1 X179.354 Y144.21 E515.9336
G1 X179.301 Y145.475 E515.97782
G1 X179.516 Y146.74 E516.02263
G1 X179.986 Y148.005 E516.06976
G1 X180.784 Y149.27 E516.12199
G1 X182.001 Y150.535 E516.18329
G1 X183.454 Y151.8 E516.25057
G1 X184.513 Y153.065 E516.30819
G1 X184.967 Y154.33 E516.35512
G1 X185.02 Y155.595 E516.39934
G1 X184.805 Y156.86 E516.44415
G1 X184.693 Y157.161 E516.45537
G1 X185.983 Y155.739 E516.52242
G1 X187.197 Y154.102 E516.59359
G1 X188.251 Y152.343 E516.66521
G1 X189.116 Y150.513 E516.7359
G1 X189.518 Y149.393 E516.77745
G1 X189.474 Y149.27 E516.78202
G1 X189.421 Y148.005 E516.82623
G1 X189.636 Y146.74 E516.87104
G1 X190.106 Y145.475 E516.91817
G1 X190.591 Y144.706 E516.94992
G1 X190.696 Y142.535 E517.02583
G1 X190.696 Y131.213 E517.42123
G1 X189.928 Y130.295 E517.46303
G1 X189.474 Y129.03 E517.50997
G1 X189.421 Y127.765 E517.55418
G1 X189.636 Y126.5 E517.59899
G1 X190.106 Y125.235 E517.64612
G1 X190.697 Y124.299 E517.68478
G1 X190.697 Y118.05 E517.90301
G1 X190.626 Y117.983 E517.90642
G1 X189.257 Y117.983 E517.95423
G1 X188.98 Y117.946 E517.96399
G1 X188.651 Y117.785 E517.97679
G1 X188.395 Y117.521 E517.98963
G1 X188.221 Y117.073 E518.00641
G1 X188.223 Y111.578 E518.19831
G1 X188.32 Y111.221 E518.21123
G1 X188.478 Y110.981 E518.22127
G1 X188.778 Y110.741 E518.23469
G1 X189.245 Y110.624 E518.2515
G1 X190.404 Y110.624 E518.29198
G1 X189.928 Y110.055 E518.31788
G1 X189.474 Y108.79 E518.36482
G1 X189.421 Y107.525 E518.40904
G1 X189.636 Y106.26 E518.45385
G1 X190.106 Y104.995 E518.50098
G1 X190.697 Y104.058 E518.53966
G1 X190.697 Y90.734 E519.00498
G1 X189.928 Y89.815 E519.04683
G1 X189.474 Y88.55 E519.09377
G1 X189.421 Y87.285 E519.13798
G1 X189.636 Y86.02 E519.18279
G1 X190.106 Y84.755 E519.22992
G1 X190.697 Y83.818 E519.26861
G1 F1500 E518.26861
G0 F9000 X46.567 Y117.771
G0 X44.176 Y117.984
G0 X43.883 Y117.946
M204 S2000
;TYPE:WALL-INNER
G1 F1500 E519.26861
G1 F3780 X43.884 Y142.566 E520.12842
G1 X43.987 Y144.655 E520.20146
G1 X44.291 Y146.7 E520.27366
G1 X44.795 Y148.721 E520.3464
G1 X45.495 Y150.673 E520.41883
G1 X46.377 Y152.538 E520.49087
G1 X47.455 Y154.338 E520.56415
G1 X48.692 Y156.006 E520.63667
G1 X50.084 Y157.541 E520.70904
G1 X51.632 Y158.944 E520.782
G1 X53.278 Y160.166 E520.85359
G1 X55.082 Y161.245 E520.927
G1 X56.957 Y162.132 E520.99944
G1 X58.906 Y162.831 E521.07175
G1 X60.927 Y163.336 E521.1445
G1 X62.97 Y163.64 E521.21663
G1 X65.077 Y163.744 E521.2903
G1 X169.923 Y163.743 E524.95186
G1 X172.03 Y163.64 E525.02553
G1 X174.073 Y163.336 E525.09766
G1 X176.094 Y162.831 E525.17041
G1 X178.043 Y162.132 E525.24272
G1 X179.918 Y161.245 E525.31516
G1 X181.722 Y160.166 E525.38857
G1 X183.368 Y158.944 E525.46016
G1 X184.916 Y157.541 E525.53312
G1 X186.308 Y156.006 E525.60549
G1 X187.545 Y154.338 E525.67801
G1 X188.623 Y152.538 E525.75129
G1 X189.505 Y150.673 E525.82333
G1 X190.205 Y148.721 E525.89575
G1 X190.709 Y146.7 E525.9685
G1 X191.013 Y144.656 E526.04066
G1 X191.116 Y142.55 E526.1143
G1 X191.117 Y117.946 E526.97355
G1 X190.975 Y117.705 E526.98332
G1 X190.728 Y117.563 E526.99327
G1 X189.14 Y117.563 E527.04873
G1 X188.842 Y117.396 E527.06066
G1 X188.718 Y117.237 E527.0677
G1 X188.641 Y117.023 E527.07564
G1 X188.645 Y111.596 E527.26517
G1 X188.676 Y111.464 E527.2699
G1 X188.89 Y111.171 E527.28257
G1 X189.143 Y111.044 E527.29246
G1 X191.117 Y111.044 E527.3614
G1 X191.117 Y76.215 E528.57774
G1 X191.035 Y75.378 E528.60711
G1 X190.796 Y74.593 E528.63576
G1 X190.412 Y73.875 E528.6642
G1 X189.892 Y73.243 E528.69278
G1 X189.26 Y72.723 E528.72136
G1 X188.542 Y72.339 E528.7498
G1 X187.757 Y72.1 E528.77846
G1 X186.92 Y72.018 E528.80783
G1 X48.08 Y72.018 E533.65656
G1 X47.243 Y72.1 E533.68593
G1 X46.458 Y72.339 E533.71458
G1 X45.74 Y72.723 E533.74302
G1 X45.108 Y73.243 E533.7716
G1 X44.588 Y73.875 E533.80018
G1 X44.204 Y74.593 E533.82862
G1 X43.965 Y75.378 E533.85728
G1 X43.883 Y76.215 E533.88665
G1 X43.883 Y111.044 E535.10299
G1 X45.857 Y111.044 E535.17192
G1 X46.11 Y111.171 E535.18181
G1 X46.297 Y111.399 E535.19211
G1 X46.359 Y111.593 E535.19922
G1 X46.356 Y117.003 E535.38816
G1 X46.251 Y117.287 E535.39873
G1 X46.158 Y117.396 E535.40373
G1 X45.86 Y117.563 E535.41566
G1 X44.272 Y117.563 E535.47112
G1 X44.025 Y117.705 E535.48107
G1 X43.883 Y117.946 E535.49084
M204 S1000
G0 F9000 X43.497 Y117.797
M204 S2000
;TYPE:WALL-OUTER
G1 F2640 X43.463 Y118.051 E535.49979
G1 X43.464 Y142.576 E536.35628
G1 X43.569 Y144.697 E536.43044
G1 X43.879 Y146.782 E536.50406
G1 X44.393 Y148.843 E536.57824
G1 X45.107 Y150.834 E536.65211
G1 X46.006 Y152.736 E536.72558
G1 X47.105 Y154.572 E536.8003
G1 X48.367 Y156.273 E536.87427
G1 X49.787 Y157.839 E536.9481
G1 X51.365 Y159.269 E537.02247
G1 X53.044 Y160.516 E537.09551
G1 X54.884 Y161.616 E537.17037
G1 X56.796 Y162.52 E537.24423
G1 X58.784 Y163.233 E537.31799
G1 X60.845 Y163.748 E537.39218
G1 X62.929 Y164.058 E537.46576
G1 X65.067 Y164.164 E537.54052
G1 X169.933 Y164.163 E541.20277
G1 X172.071 Y164.058 E541.27753
G1 X174.155 Y163.748 E541.35111
G1 X176.216 Y163.233 E541.4253
G1 X178.204 Y162.52 E541.49905
G1 X180.116 Y161.616 E541.57291
G1 X181.956 Y160.516 E541.64778
G1 X183.635 Y159.269 E541.72082
G1 X185.213 Y157.839 E541.79519
G1 X186.633 Y156.273 E541.86901
G1 X187.895 Y154.572 E541.94298
G1 X188.994 Y152.736 E542.01771
G1 X189.893 Y150.834 E542.09118
G1 X190.607 Y148.843 E542.16505
G1 X191.121 Y146.782 E542.23923
G1 X191.431 Y144.697 E542.31284
G1 X191.536 Y142.56 E542.38757
G1 X191.537 Y118.051 E543.2435
G1 X191.503 Y117.797 E543.25245
G1 X191.418 Y117.591 E543.26023
G1 X191.275 Y117.405 E543.26842
G1 X191.091 Y117.264 E543.27652
G1 X190.878 Y117.177 E543.28455
G1 X190.632 Y117.143 E543.29323
G1 X189.225 Y117.143 E543.34236
G1 X189.128 Y117.088 E543.34626
G1 X189.063 Y116.968 E543.35102
G1 X189.066 Y111.624 E543.53765
G1 X189.19 Y111.464 E543.54472
G1 X191.537 Y111.464 E543.62669
G1 X191.537 Y76.195 E544.85839
G1 X191.449 Y75.296 E544.88994
G1 X191.186 Y74.431 E544.92151
G1 X190.763 Y73.64 E544.95284
G1 X190.19 Y72.945 E544.98429
G1 X189.495 Y72.372 E545.01575
G1 X188.704 Y71.949 E545.04708
G1 X187.839 Y71.686 E545.07865
G1 X186.94 Y71.598 E545.1102
G1 X48.06 Y71.598 E549.96032
G1 X47.161 Y71.686 E549.99187
G1 X46.296 Y71.949 E550.02344
G1 X45.505 Y72.372 E550.05477
G1 X44.81 Y72.945 E550.08623
G1 X44.237 Y73.64 E550.11768
G1 X43.814 Y74.431 E550.14901
G1 X43.551 Y75.296 E550.18058
G1 X43.463 Y76.195 E550.21213
G1 X43.463 Y111.464 E551.44383
G1 X45.775 Y111.464 E551.52458
G1 X45.875 Y111.522 E551.52861
G1 X45.937 Y111.638 E551.53321
G1 X45.931 Y116.994 E551.72025
G1 X45.872 Y117.088 E551.72413
G1 X45.775 Y117.143 E551.72802
G1 X44.368 Y117.143 E551.77716
G1 X44.122 Y117.177 E551.78583
G1 X43.909 Y117.264 E551.79387
G1 X43.725 Y117.405 E551.80197
G1 X43.582 Y117.591 E551.81016
G1 X43.497 Y117.797 E551.81794
M204 S1000
G0 F9000 X43.471 Y117.995
G0 X44.48 Y118.163
;MESH:NONMESH
G0 F600 X44.48 Y118.163 Z1.4
G0 F9000 X43.883 Y117.946
;TIME_ELAPSED:3897.471354
;LAYER:6
M204 S2000
;TYPE:WALL-INNER
;MESH:Bottom_Standoffs.stl
G1 F3780 X43.884 Y142.566 E552.67775
G1 X43.987 Y144.655 E552.75079
G1 X44.291 Y146.7 E552.82299
G1 X44.795 Y148.721 E552.89574
G1 X45.495 Y150.673 E552.96816
G1 X46.377 Y152.538 E553.0402
G1 X47.455 Y154.338 E553.11348
G1 X48.692 Y156.006 E553.186
G1 X50.084 Y157.541 E553.25837
G1 X51.632 Y158.944 E553.33133
G1 X53.278 Y160.166 E553.40292
G1 X55.082 Y161.245 E553.47633
G1 X56.957 Y162.132 E553.54877
G1 X58.906 Y162.831 E553.62108
G1 X60.927 Y163.336 E553.69383
G1 X62.97 Y163.64 E553.76596
G1 X65.077 Y163.744 E553.83964
G1 X169.923 Y163.743 E557.50119
G1 X172.03 Y163.64 E557.57486
G1 X174.073 Y163.336 E557.64699
G1 X176.094 Y162.831 E557.71974
G1 X178.043 Y162.132 E557.79205
G1 X179.918 Y161.245 E557.86449
G1 X181.722 Y160.166 E557.9379
G1 X183.368 Y158.944 E558.00949
G1 X184.916 Y157.541 E558.08246
G1 X186.308 Y156.006 E558.15482
G1 X187.545 Y154.338 E558.22734
G1 X188.623 Y152.538 E558.30062
G1 X189.505 Y150.673 E558.37267
G1 X190.205 Y148.721 E558.44509
G1 X190.709 Y146.7 E558.51783
G1 X191.013 Y144.656 E558.59
G1 X191.116 Y142.55 E558.66363
G1 X191.117 Y117.946 E559.52288
G1 X190.975 Y117.705 E559.53265
G1 X190.728 Y117.563 E559.5426
G1 X189.14 Y117.563 E559.59806
G1 X188.842 Y117.396 E559.60999
G1 X188.718 Y117.237 E559.61703
G1 X188.641 Y117.023 E559.62497
G1 X188.645 Y111.596 E559.8145
G1 X188.676 Y111.464 E559.81923
G1 X188.89 Y111.171 E559.83191
G1 X189.143 Y111.044 E559.84179
G1 X191.117 Y111.044 E559.91073
G1 X191.117 Y76.215 E561.12707
G1 X191.035 Y75.378 E561.15644
G1 X190.796 Y74.593 E561.1851
G1 X190.412 Y73.875 E561.21353
G1 X189.892 Y73.243 E561.24211
G1 X189.26 Y72.723 E561.2707
G1 X188.542 Y72.339 E561.29913
G1 X187.757 Y72.1 E561.32779
G1 X186.92 Y72.018 E561.35716
G1 X48.08 Y72.018 E566.20589
G1 X47.243 Y72.1 E566.23526
G1 X46.458 Y72.339 E566.26392
G1 X45.74 Y72.723 E566.29235
G1 X45.108 Y73.243 E566.32093
G1 X44.588 Y73.875 E566.34952
G1 X44.204 Y74.593 E566.37795
G1 X43.965 Y75.378 E566.40661
G1 X43.883 Y76.215 E566.43598
G1 X43.883 Y111.044 E567.65232
G1 X45.857 Y111.044 E567.72126
G1 X46.11 Y111.171 E567.73114
G1 X46.297 Y111.399 E567.74144
G1 X46.359 Y111.593 E567.74855
G1 X46.356 Y117.003 E567.93749
G1 X46.251 Y117.287 E567.94806
G1 X46.158 Y117.396 E567.95307
G1 X45.86 Y117.563 E567.965
G1 X44.272 Y117.563 E568.02045
G1 X44.025 Y117.705 E568.0304
G1 X43.883 Y117.946 E568.04017
M204 S1000
G0 F9000 X43.497 Y117.797
M204 S2000
;TYPE:WALL-OUTER
G1 F2640 X43.463 Y118.051 E568.04912
G1 X43.464 Y142.576 E568.90561
G1 X43.569 Y144.697 E568.97977
G1 X43.879 Y146.782 E569.05339
G1 X44.393 Y148.843 E569.12757
G1 X45.107 Y150.834 E569.20144
G1 X46.006 Y152.736 E569.27491
G1 X47.105 Y154.572 E569.34964
G1 X48.367 Y156.273 E569.4236
G1 X49.787 Y157.839 E569.49743
G1 X51.365 Y159.269 E569.5718
G1 X53.044 Y160.516 E569.64484
G1 X54.884 Y161.616 E569.71971
G1 X56.796 Y162.52 E569.79357
G1 X58.784 Y163.233 E569.86732
G1 X60.845 Y163.748 E569.94151
G1 X62.929 Y164.058 E570.01509
G1 X65.067 Y164.164 E570.08985
G1 X169.933 Y164.163 E573.7521
G1 X172.071 Y164.058 E573.82686
G1 X174.155 Y163.748 E573.90044
G1 X176.216 Y163.233 E573.97463
G1 X178.204 Y162.52 E574.04838
G1 X180.116 Y161.616 E574.12225
G1 X181.956 Y160.516 E574.19711
G1 X183.635 Y159.269 E574.27015
G1 X185.213 Y157.839 E574.34452
G1 X186.633 Y156.273 E574.41835
G1 X187.895 Y154.572 E574.49231
G1 X188.994 Y152.736 E574.56704
G1 X189.893 Y150.834 E574.64051
G1 X190.607 Y148.843 E574.71438
G1 X191.121 Y146.782 E574.78856
G1 X191.431 Y144.697 E574.86218
G1 X191.536 Y142.56 E574.9369
G1 X191.537 Y118.051 E575.79283
G1 X191.503 Y117.797 E575.80178
G1 X191.418 Y117.591 E575.80956
G1 X191.275 Y117.405 E575.81775
G1 X191.091 Y117.264 E575.82585
G1 X190.878 Y117.177 E575.83389
G1 X190.632 Y117.143 E575.84256
G1 X189.225 Y117.143 E575.89169
G1 X189.128 Y117.088 E575.89559
G1 X189.063 Y116.968 E575.90036
G1 X189.066 Y111.624 E576.08698
G1 X189.19 Y111.464 E576.09405
G1 X191.537 Y111.464 E576.17602
G1 X191.537 Y76.195 E577.40772
G1 X191.449 Y75.296 E577.43927
G1 X191.186 Y74.431 E577.47084
G1 X190.763 Y73.64 E577.50217
G1 X190.19 Y72.945 E577.53363
G1 X189.495 Y72.372 E577.56508
G1 X188.704 Y71.949 E577.59641
G1 X187.839 Y71.686 E577.62798
G1 X186.94 Y71.598 E577.65953
G1 X48.06 Y71.598 E582.50965
G1 X47.161 Y71.686 E582.5412
G1 X46.296 Y71.949 E582.57277
G1 X45.505 Y72.372 E582.6041
G1 X44.81 Y72.945 E582.63556
G1 X44.237 Y73.64 E582.66701
G1 X43.814 Y74.431 E582.69834
G1 X43.551 Y75.296 E582.72991
G1 X43.463 Y76.195 E582.76146
G1 X43.463 Y111.464 E583.99317
G1 X45.775 Y111.464 E584.07391
G1 X45.875 Y111.522 E584.07794
G1 X45.937 Y111.638 E584.08254
G1 X45.931 Y116.994 E584.26959
G1 X45.872 Y117.088 E584.27346
G1 X45.775 Y117.143 E584.27736
G1 X44.368 Y117.143 E584.32649
G1 X44.122 Y117.177 E584.33517
G1 X43.909 Y117.264 E584.3432
G1 X43.725 Y117.405 E584.3513
G1 X43.582 Y117.591 E584.35949
G1 X43.497 Y117.797 E584.36727
M204 S1000
G0 F9000 X43.471 Y117.995
G0 X44.219 Y118.106
;TYPE:SKIN
G1 F2100 X44.248 Y117.974 E584.37199
G1 X44.427 Y117.899 E584.37877
G1 X45.766 Y117.894 E584.42553
G1 X46.18 Y117.785 E584.44048
G1 X46.504 Y117.51 E584.45533
G1 X46.645 Y117.243 E584.46587
G1 X46.688 Y117.043 E584.47301
G1 X46.695 Y111.647 E584.66146
G1 X46.618 Y111.291 E584.67418
G1 X46.491 Y111.082 E584.68272
G1 X46.19 Y110.828 E584.69648
G1 X45.773 Y110.714 E584.71157
G1 X44.219 Y110.708 E584.76584
G1 X44.219 Y76.228 E585.96999
G1 X44.295 Y75.448 E585.99736
G1 X44.516 Y74.728 E586.02367
G1 X44.873 Y74.057 E586.05021
G1 X45.347 Y73.482 E586.07623
G1 X45.922 Y73.008 E586.10226
G1 X46.593 Y72.651 E586.1288
G1 X47.313 Y72.43 E586.1551
G1 X48.093 Y72.354 E586.18247
G1 X186.907 Y72.354 E591.03029
G1 X187.687 Y72.43 E591.05766
G1 X188.407 Y72.651 E591.08396
G1 X189.078 Y73.008 E591.11051
G1 X189.653 Y73.482 E591.13653
G1 X190.127 Y74.057 E591.16256
G1 X190.484 Y74.728 E591.1891
G1 X190.705 Y75.448 E591.2154
G1 X190.781 Y76.228 E591.24277
G1 X190.781 Y110.708 E592.44692
G1 X189.227 Y110.714 E592.50119
G1 X188.813 Y110.825 E592.51616
G1 X188.535 Y111.045 E592.52854
G1 X188.397 Y111.261 E592.53749
G1 X188.311 Y111.57 E592.5487
G1 X188.308 Y117.059 E592.74039
G1 X188.449 Y117.436 E592.75445
G1 X188.733 Y117.733 E592.7688
G1 X189.126 Y117.9 E592.78371
G1 X190.65 Y117.9 E592.83693
G1 X190.78 Y118.027 E592.84328
G1 X190.779 Y142.533 E593.69911
G1 X190.677 Y144.63 E593.77243
G1 X190.378 Y146.63 E593.84305
G1 X189.882 Y148.625 E593.91484
G1 X189.194 Y150.543 E593.986
G1 X188.333 Y152.365 E594.05638
G1 X187.262 Y154.155 E594.12923
G1 X186.044 Y155.796 E594.2006
G1 X184.677 Y157.303 E594.27165
G1 X183.158 Y158.681 E594.34328
G1 X181.539 Y159.883 E594.4137
G1 X179.752 Y160.951 E594.4864
G1 X177.908 Y161.822 E594.55762
G1 X175.997 Y162.508 E594.62853
G1 X174.002 Y163.005 E594.70033
G1 X172.004 Y163.304 E594.77088
G1 X169.906 Y163.406 E594.84424
G1 X65.094 Y163.408 E598.5046
G1 X62.995 Y163.304 E598.578
G1 X60.998 Y163.005 E598.64852
G1 X59.003 Y162.508 E598.72032
G1 X57.092 Y161.822 E598.79123
G1 X55.248 Y160.951 E598.86245
G1 X53.461 Y159.883 E598.93515
G1 X51.842 Y158.681 E599.00557
G1 X50.323 Y157.303 E599.07719
G1 X48.956 Y155.796 E599.14825
G1 X47.738 Y154.155 E599.21962
G1 X46.667 Y152.365 E599.29247
G1 X45.806 Y150.543 E599.36284
G1 X45.118 Y148.625 E599.43401
G1 X44.622 Y146.63 E599.5058
G1 X44.323 Y144.631 E599.57639
G1 X44.221 Y142.565 E599.64863
G1 X44.219 Y118.106 E600.50281
G1 F1500 E599.50281
G0 F9000 X48.476 Y154.796
G1 F1500 E600.50281
G1 F2100 X52.835 Y159.155 E600.7181
G1 X52.909 Y159.229
G0 F9000 X54.576 Y160.303
G1 F2100 X47.32 Y153.046 E601.07649
G1 X47.246 Y152.972
G0 F9000 X46.6 Y151.733
G1 F2100 X55.886 Y161.018 E601.53509
G1 X55.96 Y161.092
G0 F9000 X57.011 Y161.55
G1 F2100 X46.068 Y150.606 E602.07557
G1 X45.994 Y150.532
G0 F9000 X45.71 Y149.655
G1 F2100 X57.967 Y161.911 E602.68091
G1 X58.041 Y161.985
G0 F9000 X58.893 Y162.244
G1 F2100 X45.378 Y148.729 E603.34839
G1 X45.304 Y148.655
G0 F9000 X45.158 Y147.915
G1 F2100 X59.708 Y162.465 E604.067
G0 F9000 X60.499 Y162.662
G1 F2100 X44.962 Y147.125 E604.83435
G0 F9000 X44.793 Y146.362
G1 F2100 X61.262 Y162.831 E605.64774
G0 F9000 X61.96 Y162.935
G1 F2100 X44.689 Y145.664 E606.50073
G0 F9000 X44.585 Y144.966
G1 F2100 X62.659 Y163.04 E607.39339
G0 F9000 X63.321 Y163.108
G1 F2100 X44.516 Y144.303 E608.32214
G0 F9000 X44.485 Y143.678
G1 F2100 X63.946 Y163.139 E609.2833
G0 F9000 X64.571 Y163.17
G1 F2100 X44.455 Y143.054 E610.2768
G0 F9000 X44.431 Y142.436
G1 F2100 X65.191 Y163.196 E611.30211
G0 F9000 X65.785 Y163.196
G1 F2100 X44.431 Y141.842 E612.35676
G0 F9000 X44.431 Y141.248
G1 F2100 X66.379 Y163.196 E613.44074
G0 F9000 X66.973 Y163.196
G1 F2100 X44.431 Y140.654 E614.55407
G0 F9000 X44.431 Y140.06
G1 F2100 X67.567 Y163.196 E615.69673
G0 F9000 X68.161 Y163.196
G1 F2100 X44.431 Y139.466 E616.86872
G0 F9000 X44.431 Y138.872
G1 F2100 X68.755 Y163.196 E618.07005
G0 F9000 X69.349 Y163.196
G1 F2100 X44.431 Y138.278 E619.30072
G0 F9000 X44.431 Y137.684
G1 F2100 X69.943 Y163.196 E620.56073
G0 F9000 X70.537 Y163.196
G1 F2100 X44.431 Y137.09 E621.85007
G0 F9000 X44.431 Y136.496
G1 F2100 X71.131 Y163.196 E623.16875
G0 F9000 X71.725 Y163.196
G1 F2100 X44.431 Y135.902 E624.51677
G0 F9000 X44.431 Y135.308
G1 F2100 X72.319 Y163.196 E625.89413
G0 F9000 X72.913 Y163.196
G1 F2100 X44.431 Y134.714 E627.30082
G0 F9000 X44.431 Y134.121
G1 F2100 X73.507 Y163.196 E628.73682
G0 F9000 X74.101 Y163.196
G1 F2100 X44.431 Y133.527 E630.20216
G0 F9000 X44.431 Y132.933
G1 F2100 X74.695 Y163.196 E631.69684
G0 F9000 X75.289 Y163.196
G1 F2100 X44.431 Y132.339 E633.22085
G0 F9000 X44.431 Y131.745
G1 F2100 X75.883 Y163.196 E634.7742
G0 F9000 X76.477 Y163.196
G1 F2100 X44.431 Y131.151 E636.35689
G0 F9000 X44.431 Y130.557
G1 F2100 X77.071 Y163.196 E637.96892
G0 F9000 X77.665 Y163.196
G1 F2100 X44.431 Y129.963 E639.61028
G0 F9000 X44.431 Y129.369
G1 F2100 X78.259 Y163.196 E641.28098
G0 F9000 X78.853 Y163.196
G1 F2100 X44.431 Y128.775 E642.98101
G0 F9000 X44.431 Y128.181
G1 F2100 X79.446 Y163.196 E644.71036
G0 F9000 X80.04 Y163.196
G1 F2100 X44.431 Y127.587 E646.46905
G0 F9000 X44.431 Y126.993
G1 F2100 X80.634 Y163.196 E648.25707
G0 F9000 X81.228 Y163.196
G1 F2100 X44.431 Y126.399 E650.07443
G0 F9000 X44.432 Y125.806
G1 F2100 X81.822 Y163.196 E651.92108
G0 F9000 X82.416 Y163.196
G1 F2100 X44.432 Y125.212 E653.79706
G0 F9000 X44.432 Y124.618
G1 F2100 X83.01 Y163.196 E655.70238
G0 F9000 X83.604 Y163.196
G1 F2100 X44.432 Y124.024 E657.63704
G0 F9000 X44.432 Y123.43
G1 F2100 X84.198 Y163.196 E659.60103
G0 F9000 X84.792 Y163.196
G1 F2100 X44.432 Y122.836 E661.59436
G0 F9000 X44.432 Y122.242
G1 F2100 X85.386 Y163.196 E663.61703
G0 F9000 X85.98 Y163.196
G1 F2100 X44.432 Y121.648 E665.66903
G0 F9000 X44.432 Y121.054
G1 F2100 X86.574 Y163.196 E667.75038
G0 F9000 X87.168 Y163.196
G1 F2100 X44.432 Y120.46 E669.86106
G0 F9000 X44.432 Y119.866
G1 F2100 X87.762 Y163.196 E672.00107
G0 F9000 X88.356 Y163.196
G1 F2100 X44.432 Y119.272 E674.17042
G0 F9000 X44.432 Y118.678
G1 F2100 X88.95 Y163.196 E676.36911
G0 F9000 X89.544 Y163.196
G1 F2100 X44.46 Y118.112 E678.59576
G0 F9000 X45.052 Y118.11
G1 F2100 X90.138 Y163.196 E680.8225
G0 F9000 X90.732 Y163.196
G1 F2100 X45.644 Y118.108 E683.04934
G0 F9000 X46.134 Y118.004
G1 F2100 X91.326 Y163.196 E685.28132
G0 F9000 X91.92 Y163.196
G1 F2100 X46.507 Y117.784 E687.52419
G0 F9000 X46.769 Y117.451
G1 F2100 X92.514 Y163.196 E689.78348
G0 F9000 X93.108 Y163.196
G1 F2100 X46.896 Y116.985 E692.06581
G0 F9000 X46.897 Y116.391
G1 F2100 X93.702 Y163.196 E694.37745
G0 F9000 X94.296 Y163.196
G1 F2100 X46.898 Y115.798 E696.71838
G0 F9000 X46.898 Y115.205
G1 F2100 X94.89 Y163.196 E699.08862
G0 F9000 X95.484 Y163.196
G1 F2100 X46.899 Y114.612 E701.48815
G0 F9000 X46.9 Y114.019
G1 F2100 X96.078 Y163.196 E703.91697
G0 F9000 X96.672 Y163.196
G1 F2100 X46.901 Y113.426 E706.37507
G0 F9000 X46.902 Y112.833
G1 F2100 X97.266 Y163.196 E708.86246
G0 F9000 X97.86 Y163.196
G1 F2100 X46.903 Y112.239 E711.37917
G0 F9000 X46.903 Y111.646
G1 F2100 X98.454 Y163.196 E713.92518
G0 F9000 X99.047 Y163.196
G1 F2100 X44.428 Y108.577 E716.62275
G0 F9000 X44.428 Y109.171
G1 F2100 X45.754 Y110.496 E716.68821
G0 F9000 X45.16 Y110.496
G1 F2100 X44.428 Y109.765 E716.72434
G0 F9000 X44.428 Y110.359
G1 F2100 X44.566 Y110.496 E716.73113
G0 F9000 X44.428 Y107.983
G1 F2100 X99.641 Y163.196 E719.45804
G0 F9000 X100.235 Y163.196
G1 F2100 X44.428 Y107.389 E722.21427
G0 F9000 X44.428 Y106.795
G1 F2100 X100.829 Y163.196 E724.99985
G0 F9000 X101.423 Y163.196
G1 F2100 X44.428 Y106.201 E727.81476
G0 F9000 X44.428 Y105.607
G1 F2100 X102.017 Y163.196 E730.65902
G0 F9000 X102.611 Y163.196
G1 F2100 X44.428 Y105.013 E733.5326
G0 F9000 X44.428 Y104.419
G1 F2100 X103.205 Y163.196 E736.43553
G0 F9000 X103.799 Y163.196
G1 F2100 X44.428 Y103.825 E739.36779
G0 F9000 X44.428 Y103.231
G1 F2100 X104.393 Y163.196 E742.32939
G0 F9000 X104.987 Y163.196
G1 F2100 X44.428 Y102.637 E745.32032
G0 F9000 X44.428 Y102.043
G1 F2100 X105.581 Y163.196 E748.34059
G0 F9000 X106.175 Y163.196
G1 F2100 X44.428 Y101.45 E751.39018
G0 F9000 X44.428 Y100.856
G1 F2100 X106.769 Y163.196 E754.4691
G0 F9000 X107.363 Y163.196
G1 F2100 X44.428 Y100.262 E757.57736
G0 F9000 X44.428 Y99.668
G1 F2100 X107.957 Y163.196 E760.71495
G0 F9000 X108.551 Y163.196
G1 F2100 X44.428 Y99.074 E763.88189
G0 F9000 X44.428 Y98.48
G1 F2100 X109.145 Y163.196 E767.07815
G0 F9000 X109.739 Y163.196
G1 F2100 X44.428 Y97.886 E770.30376
G0 F9000 X44.428 Y97.292
G1 F2100 X110.333 Y163.196 E773.5587
G0 F9000 X110.927 Y163.196
G1 F2100 X44.428 Y96.698 E776.84298
G0 F9000 X44.428 Y96.104
G1 F2100 X111.521 Y163.196 E780.1566
G0 F9000 X112.115 Y163.196
G1 F2100 X44.428 Y95.51 E783.49955
G0 F9000 X44.428 Y94.916
G1 F2100 X112.709 Y163.196 E786.87184
G0 F9000 X113.303 Y163.196
G1 F2100 X44.428 Y94.322 E790.27347
G0 F9000 X44.428 Y93.728
G1 F2100 X113.897 Y163.196 E793.70444
G0 F9000 X114.491 Y163.196
G1 F2100 X44.428 Y93.134 E797.16474
G0 F9000 X44.428 Y92.54
G1 F2100 X115.085 Y163.196 E800.65438
G0 F9000 X115.679 Y163.196
G1 F2100 X44.428 Y91.946 E804.17335
G0 F9000 X44.428 Y91.352
G1 F2100 X116.273 Y163.196 E807.72166
G0 F9000 X116.867 Y163.196
G1 F2100 X44.428 Y90.758 E811.29931
G0 F9000 X44.428 Y90.164
G1 F2100 X117.461 Y163.196 E814.9063
G0 F9000 X118.054 Y163.196
G1 F2100 X44.428 Y89.57 E818.5426
G0 F9000 X44.428 Y88.976
G1 F2100 X118.648 Y163.196 E822.20823
G0 F9000 X119.242 Y163.196
G1 F2100 X44.428 Y88.382 E825.9032
G0 F9000 X44.428 Y87.788
G1 F2100 X119.836 Y163.196 E829.62751
G0 F9000 X120.43 Y163.196
G1 F2100 X44.428 Y87.194 E833.38116
G0 F9000 X44.428 Y86.6
G1 F2100 X121.024 Y163.196 E837.16414
G0 F9000 X121.618 Y163.196
G1 F2100 X44.428 Y86.006 E840.97646
G0 F9000 X44.428 Y85.412
G1 F2100 X122.212 Y163.196 E844.81812
G0 F9000 X122.806 Y163.196
G1 F2100 X44.428 Y84.818 E848.68911
G0 F9000 X44.428 Y84.224
G1 F2100 X123.4 Y163.196 E852.58944
G0 F9000 X123.994 Y163.196
G1 F2100 X44.428 Y83.63 E856.51911
G0 F9000 X44.428 Y83.036
G1 F2100 X124.587 Y163.196 E860.47809
G0 F9000 X125.181 Y163.196
G1 F2100 X44.428 Y82.442 E864.46641
G0 F9000 X44.428 Y81.849
G1 F2100 X125.775 Y163.196 E868.48404
G0 F9000 X126.369 Y163.196
G1 F2100 X44.428 Y81.255 E872.531
G0 F9000 X44.428 Y80.661
G1 F2100 X126.963 Y163.196 E876.60731
G0 F9000 X127.557 Y163.196
G1 F2100 X44.428 Y80.067 E880.71295
G0 F9000 X44.428 Y79.473
G1 F2100 X128.151 Y163.196 E884.84792
G0 F9000 X128.745 Y163.196
G1 F2100 X44.428 Y78.879 E889.01224
G0 F9000 X44.428 Y78.285
G1 F2100 X129.339 Y163.196 E893.20589
G0 F9000 X129.933 Y163.196
G1 F2100 X44.428 Y77.691 E897.42888
G0 F9000 X44.428 Y77.097
G1 F2100 X130.527 Y163.196 E901.6812
G0 F9000 X131.121 Y163.196
G1 F2100 X44.428 Y76.503 E905.96286
G0 F9000 X44.457 Y75.938
G1 F2100 X131.715 Y163.196 E910.27243
G0 F9000 X132.309 Y163.196
G1 F2100 X44.525 Y75.411 E914.608
G0 F9000 X44.665 Y74.957
G1 F2100 X132.903 Y163.196 E918.96599
G0 F9000 X133.497 Y163.196
G1 F2100 X44.85 Y74.548 E923.34418
G0 F9000 X45.058 Y74.163
G1 F2100 X134.091 Y163.196 E927.74141
G0 F9000 X134.685 Y163.196
G1 F2100 X45.326 Y73.837 E932.15475
G0 F9000 X45.616 Y73.532
G1 F2100 X135.279 Y163.196 E936.58312
G0 F9000 X135.873 Y163.196
G1 F2100 X45.942 Y73.264 E941.02472
G0 F9000 X46.311 Y73.039
G1 F2100 X136.467 Y163.196 E945.47744
G0 F9000 X137.061 Y163.196
G1 F2100 X46.702 Y72.836 E949.94019
G0 F9000 X47.156 Y72.697
G1 F2100 X137.655 Y163.196 E954.40982
G0 F9000 X138.249 Y163.196
G1 F2100 X47.659 Y72.606 E958.88395
G0 F9000 X48.211 Y72.564
G1 F2100 X138.843 Y163.196 E963.36016
G0 F9000 X139.437 Y163.196
G1 F2100 X48.805 Y72.564 E967.83636
G0 F9000 X49.399 Y72.564
G1 F2100 X140.031 Y163.196 E972.31257
G0 F9000 X140.625 Y163.196
G1 F2100 X49.993 Y72.564 E976.78877
G0 F9000 X50.587 Y72.564
G1 F2100 X141.219 Y163.196 E981.26497
G0 F9000 X141.813 Y163.196
G1 F2100 X51.181 Y72.564 E985.74118
G0 F9000 X51.775 Y72.564
G1 F2100 X142.407 Y163.196 E990.21738
G0 F9000 X143.001 Y163.196
G1 F2100 X52.369 Y72.564 E994.69359
G0 F9000 X52.963 Y72.564
G1 F2100 X143.595 Y163.196 E999.16979
G0 F9000 X144.188 Y163.196
G1 F2100 X53.556 Y72.564 E1003.64599
G0 F9000 X54.15 Y72.564
G1 F2100 X144.782 Y163.196 E1008.1222
G0 F9000 X145.376 Y163.196
G1 F2100 X54.744 Y72.564 E1012.5984
G0 F9000 X55.338 Y72.564
G1 F2100 X145.97 Y163.196 E1017.07461
G0 F9000 X146.564 Y163.196
G1 F2100 X55.932 Y72.564 E1021.55081
G0 F9000 X56.526 Y72.564
G1 F2100 X147.158 Y163.196 E1026.02701
G0 F9000 X147.752 Y163.196
G1 F2100 X57.12 Y72.564 E1030.50322
G0 F9000 X57.714 Y72.564
G1 F2100 X148.346 Y163.196 E1034.97942
G0 F9000 X148.94 Y163.196
G1 F2100 X58.308 Y72.564 E1039.45563
G0 F9000 X58.902 Y72.564
G1 F2100 X149.534 Y163.196 E1043.93183
G0 F9000 X150.128 Y163.196
G1 F2100 X59.496 Y72.564 E1048.40803
G0 F9000 X60.09 Y72.564
G1 F2100 X150.722 Y163.196 E1052.88424
G0 F9000 X151.316 Y163.196
G1 F2100 X60.684 Y72.564 E1057.36044
G0 F9000 X61.278 Y72.564
G1 F2100 X151.91 Y163.196 E1061.83665
G0 F9000 X152.504 Y163.196
G1 F2100 X61.872 Y72.564 E1066.31285
G0 F9000 X62.466 Y72.564
G1 F2100 X153.098 Y163.196 E1070.78905
G0 F9000 X153.692 Y163.196
G1 F2100 X63.06 Y72.564 E1075.26526
G0 F9000 X63.654 Y72.564
G1 F2100 X154.286 Y163.196 E1079.74146
G0 F9000 X154.88 Y163.196
G1 F2100 X64.248 Y72.564 E1084.21767
G0 F9000 X64.842 Y72.564
G1 F2100 X155.474 Y163.196 E1088.69387
G0 F9000 X156.068 Y163.196
G1 F2100 X65.436 Y72.564 E1093.17007
G0 F9000 X66.03 Y72.564
G1 F2100 X156.662 Y163.196 E1097.64628
G0 F9000 X157.256 Y163.196
G1 F2100 X66.624 Y72.564 E1102.12248
G0 F9000 X67.218 Y72.564
G1 F2100 X157.85 Y163.196 E1106.59869
G0 F9000 X158.444 Y163.196
G1 F2100 X67.812 Y72.564 E1111.07489
G0 F9000 X68.406 Y72.564
G1 F2100 X159.038 Y163.196 E1115.55109
G0 F9000 X159.632 Y163.196
G1 F2100 X69 Y72.564 E1120.0273
G0 F9000 X69.594 Y72.564
G1 F2100 X160.226 Y163.196 E1124.5035
G0 F9000 X160.82 Y163.196
G1 F2100 X70.188 Y72.564 E1128.97971
G0 F9000 X70.782 Y72.564
G1 F2100 X161.414 Y163.196 E1133.45591
G0 F9000 X162.008 Y163.196
G1 F2100 X71.376 Y72.564 E1137.93211
G0 F9000 X71.97 Y72.564
G1 F2100 X162.602 Y163.196 E1142.40832
G0 F9000 X163.196 Y163.196
G1 F2100 X72.564 Y72.564 E1146.88452
G0 F9000 X73.157 Y72.564
G1 F2100 X163.789 Y163.196 E1151.36073
G0 F9000 X164.383 Y163.196
G1 F2100 X73.751 Y72.564 E1155.83693
G0 F9000 X74.345 Y72.564
G1 F2100 X164.977 Y163.196 E1160.31313
G0 F9000 X165.571 Y163.196
G1 F2100 X74.939 Y72.564 E1164.78934
G0 F9000 X75.533 Y72.564
G1 F2100 X166.165 Y163.196 E1169.26554
G0 F9000 X166.759 Y163.196
G1 F2100 X76.127 Y72.564 E1173.74174
G0 F9000 X76.721 Y72.564
G1 F2100 X167.353 Y163.196 E1178.21795
G0 F9000 X167.947 Y163.196
G1 F2100 X77.315 Y72.564 E1182.69415
G0 F9000 X77.909 Y72.564
G1 F2100 X168.541 Y163.196 E1187.17036
G0 F9000 X169.135 Y163.196
G1 F2100 X78.503 Y72.564 E1191.64656
G0 F9000 X79.097 Y72.564
G1 F2100 X169.729 Y163.196 E1196.12276
G0 F9000 X170.303 Y163.175
G1 F2100 X79.691 Y72.564 E1200.59796
G0 F9000 X80.285 Y72.564
G1 F2100 X170.869 Y163.147 E1205.07176
G0 F9000 X171.435 Y163.12
G1 F2100 X80.879 Y72.564 E1209.54422
G0 F9000 X81.473 Y72.564
G1 F2100 X172 Y163.091 E1214.01523
G0 F9000 X172.517 Y163.014
G1 F2100 X82.067 Y72.564 E1218.48245
G0 F9000 X82.661 Y72.564
G1 F2100 X173.034 Y162.937 E1222.94586
G0 F9000 X173.55 Y162.859
G1 F2100 X83.255 Y72.564 E1227.40542
G0 F9000 X83.849 Y72.564
G1 F2100 X174.057 Y162.772 E1231.86068
G0 F9000 X174.533 Y162.654
G1 F2100 X84.443 Y72.564 E1236.31012
G0 F9000 X85.037 Y72.564
G1 F2100 X175.009 Y162.536 E1240.75373
G0 F9000 X175.484 Y162.417
G1 F2100 X85.631 Y72.564 E1245.19146
G0 F9000 X86.225 Y72.564
G1 F2100 X175.958 Y162.297 E1249.62326
G0 F9000 X176.395 Y162.14
G1 F2100 X86.819 Y72.564 E1254.04731
G0 F9000 X87.413 Y72.564
G1 F2100 X176.833 Y161.984 E1258.46365
G0 F9000 X177.27 Y161.827
G1 F2100 X88.007 Y72.564 E1262.87225
G0 F9000 X88.601 Y72.564
G1 F2100 X177.707 Y161.67 E1267.27308
G0 F9000 X178.119 Y161.488
G1 F2100 X89.195 Y72.564 E1271.66493
G0 F9000 X89.789 Y72.564
G1 F2100 X178.523 Y161.298 E1276.04739
G0 F9000 X178.926 Y161.107
G1 F2100 X90.383 Y72.564 E1280.42042
G0 F9000 X90.977 Y72.564
G1 F2100 X179.329 Y160.916 E1284.78402
G0 F9000 X179.726 Y160.719
G1 F2100 X91.571 Y72.564 E1289.13789
G0 F9000 X92.165 Y72.564
G1 F2100 X180.098 Y160.497 E1293.48079
G0 F9000 X180.47 Y160.275
G1 F2100 X92.758 Y72.564 E1297.81276
G0 F9000 X93.352 Y72.564
G1 F2100 X180.841 Y160.052 E1302.13371
G0 F9000 X181.213 Y159.83
G1 F2100 X93.946 Y72.564 E1306.44369
G0 F9000 X94.54 Y72.564
G1 F2100 X181.572 Y159.595 E1310.74207
G0 F9000 X181.913 Y159.342
G1 F2100 X95.134 Y72.564 E1315.02796
G0 F9000 X95.728 Y72.564
G1 F2100 X182.254 Y159.089 E1319.30135
G0 F9000 X182.595 Y158.836
G1 F2100 X96.322 Y72.564 E1323.56224
G0 F9000 X96.916 Y72.564
G1 F2100 X182.936 Y158.583 E1327.81064
G0 F9000 X183.255 Y158.308
G1 F2100 X97.51 Y72.564 E1332.04546
G0 F9000 X98.104 Y72.564
G1 F2100 X183.567 Y158.026 E1336.26634
G0 F9000 X183.878 Y157.743
G1 F2100 X98.698 Y72.564 E1340.47326
G0 F9000 X99.292 Y72.564
G1 F2100 X184.189 Y157.46 E1344.66619
G0 F9000 X184.5 Y157.177
G1 F2100 X99.886 Y72.564 E1348.84515
G0 F9000 X100.48 Y72.564
G1 F2100 X184.786 Y156.869 E1353.00889
G0 F9000 X185.068 Y156.558
G1 F2100 X101.074 Y72.564 E1357.15726
G0 F9000 X101.668 Y72.564
G1 F2100 X185.351 Y156.246 E1361.29023
G0 F9000 X185.633 Y155.935
G1 F2100 X102.262 Y72.564 E1365.40782
G0 F9000 X102.856 Y72.564
G1 F2100 X185.913 Y155.62 E1369.50988
G0 F9000 X186.165 Y155.279
G1 F2100 X103.45 Y72.564 E1373.59508
G0 F9000 X104.044 Y72.564
G1 F2100 X186.418 Y154.938 E1377.66343
G0 F9000 X186.671 Y154.597
G1 F2100 X104.638 Y72.564 E1381.71494
G0 F9000 X105.232 Y72.564
G1 F2100 X186.924 Y154.256 E1385.74961
G0 F9000 X187.166 Y153.904
G1 F2100 X105.826 Y72.564 E1389.76689
G0 F9000 X106.42 Y72.564
G1 F2100 X187.388 Y153.532 E1393.7658
G0 F9000 X187.611 Y153.161
G1 F2100 X107.014 Y72.564 E1397.74639
G0 F9000 X107.608 Y72.564
G1 F2100 X187.834 Y152.79 E1401.70865
G0 F9000 X188.057 Y152.418
G1 F2100 X108.202 Y72.564 E1405.65257
G0 F9000 X108.796 Y72.564
G1 F2100 X188.26 Y152.028 E1409.5772
G0 F9000 X188.451 Y151.624
G1 F2100 X109.39 Y72.564 E1413.4819
G0 F9000 X109.984 Y72.564
G1 F2100 X188.641 Y151.221 E1417.36667
G0 F9000 X188.832 Y150.818
G1 F2100 X110.578 Y72.564 E1421.23154
G0 F9000 X111.172 Y72.564
G1 F2100 X189.017 Y150.409 E1425.07621
G0 F9000 X189.174 Y149.972
G1 F2100 X111.766 Y72.564 E1428.8993
G0 F9000 X112.359 Y72.564
G1 F2100 X189.331 Y149.535 E1432.70083
G0 F9000 X189.488 Y149.098
G1 F2100 X112.953 Y72.564 E1436.48077
G0 F9000 X113.547 Y72.564
G1 F2100 X189.645 Y148.661 E1440.23914
G0 F9000 X189.771 Y148.193
G1 F2100 X114.141 Y72.564 E1443.97439
G0 F9000 X114.735 Y72.564
G1 F2100 X189.889 Y147.717 E1447.68612
G0 F9000 X190.007 Y147.241
G1 F2100 X115.329 Y72.564 E1451.37436
G0 F9000 X115.923 Y72.564
G1 F2100 X190.126 Y146.766 E1455.03913
G0 F9000 X190.218 Y146.265
G1 F2100 X116.517 Y72.564 E1458.67913
G0 F9000 X117.111 Y72.564
G1 F2100 X190.296 Y145.748 E1462.29362
G0 F9000 X190.373 Y145.231
G1 F2100 X117.705 Y72.564 E1465.88258
G0 F9000 X118.299 Y72.564
G1 F2100 X190.451 Y144.715 E1469.44606
G0 F9000 X190.488 Y144.158
G1 F2100 X118.893 Y72.564 E1472.98202
G0 F9000 X119.487 Y72.564
G1 F2100 X190.516 Y143.592 E1476.49003
G0 F9000 X190.544 Y143.026
G1 F2100 X120.081 Y72.564 E1479.97009
G0 F9000 X120.675 Y72.564
G1 F2100 X190.568 Y142.457 E1483.42202
G0 F9000 X190.568 Y141.863
G1 F2100 X121.269 Y72.564 E1486.84461
G0 F9000 X121.863 Y72.564
G1 F2100 X190.568 Y141.269 E1490.23787
G0 F9000 X190.568 Y140.675
G1 F2100 X122.457 Y72.564 E1493.60179
G0 F9000 X123.051 Y72.564
G1 F2100 X190.568 Y140.081 E1496.93637
G0 F9000 X190.568 Y139.487
G1 F2100 X123.645 Y72.564 E1500.24162
G0 F9000 X124.239 Y72.564
G1 F2100 X190.568 Y138.893 E1503.51752
G0 F9000 X190.568 Y138.299
G1 F2100 X124.833 Y72.564 E1506.7641
G0 F9000 X125.427 Y72.564
G1 F2100 X190.568 Y137.705 E1509.98133
G0 F9000 X190.568 Y137.111
G1 F2100 X126.021 Y72.564 E1513.16923
G0 F9000 X126.615 Y72.564
G1 F2100 X190.568 Y136.517 E1516.32779
G0 F9000 X190.568 Y135.923
G1 F2100 X127.209 Y72.564 E1519.45701
G0 F9000 X127.803 Y72.564
G1 F2100 X190.568 Y135.329 E1522.5569
G0 F9000 X190.568 Y134.735
G1 F2100 X128.397 Y72.564 E1525.62745
G0 F9000 X128.991 Y72.564
G1 F2100 X190.568 Y134.141 E1528.66866
G0 F9000 X190.568 Y133.547
G1 F2100 X129.585 Y72.564 E1531.68054
G0 F9000 X130.179 Y72.564
G1 F2100 X190.568 Y132.953 E1534.66308
G0 F9000 X190.568 Y132.359
G1 F2100 X130.773 Y72.564 E1537.61628
G0 F9000 X131.367 Y72.564
G1 F2100 X190.568 Y131.765 E1540.54014
G0 F9000 X190.568 Y131.171
G1 F2100 X131.96 Y72.564 E1543.4347
G0 F9000 X132.554 Y72.564
G1 F2100 X190.568 Y130.577 E1546.29991
G0 F9000 X190.568 Y129.983
G1 F2100 X133.148 Y72.564 E1549.13579
G0 F9000 X133.742 Y72.564
G1 F2100 X190.568 Y129.389 E1551.94233
G0 F9000 X190.568 Y128.795
G1 F2100 X134.336 Y72.564 E1554.71954
G0 F9000 X134.93 Y72.564
G1 F2100 X190.568 Y128.201 E1557.46741
G0 F9000 X190.568 Y127.608
G1 F2100 X135.524 Y72.564 E1560.18596
G0 F9000 X136.118 Y72.564
G1 F2100 X190.568 Y127.014 E1562.87518
G0 F9000 X190.568 Y126.42
G1 F2100 X136.712 Y72.564 E1565.53507
G0 F9000 X137.306 Y72.564
G1 F2100 X190.568 Y125.826 E1568.16561
G0 F9000 X190.568 Y125.232
G1 F2100 X137.9 Y72.564 E1570.76682
G0 F9000 X138.494 Y72.564
G1 F2100 X190.568 Y124.638 E1573.33869
G0 F9000 X190.568 Y124.044
G1 F2100 X139.088 Y72.564 E1575.88122
G0 F9000 X139.682 Y72.564
G1 F2100 X190.568 Y123.45 E1578.39442
G0 F9000 X190.568 Y122.856
G1 F2100 X140.276 Y72.564 E1580.87828
G0 F9000 X140.87 Y72.564
G1 F2100 X190.568 Y122.262 E1583.33281
G0 F9000 X190.568 Y121.668
G1 F2100 X141.464 Y72.564 E1585.75799
G0 F9000 X142.058 Y72.564
G1 F2100 X190.568 Y121.074 E1588.15384
G0 F9000 X190.568 Y120.48
G1 F2100 X142.652 Y72.564 E1590.52036
G0 F9000 X143.246 Y72.564
G1 F2100 X190.568 Y119.886 E1592.85753
G0 F9000 X190.568 Y119.292
G1 F2100 X189.386 Y118.11 E1592.91591
G0 F9000 X189.98 Y118.11
G1 F2100 X190.568 Y118.698 E1592.94495
G0 F9000 X188.433 Y117.771
G0 X188.096 Y116.819
G1 F2100 X143.84 Y72.564 E1595.13067
G0 F9000 X144.434 Y72.564
G1 F2100 X188.096 Y116.226 E1597.28709
G0 F9000 X188.096 Y115.632
G1 F2100 X145.028 Y72.564 E1599.41416
G0 F9000 X145.622 Y72.564
G1 F2100 X188.097 Y115.039 E1601.51195
G0 F9000 X188.098 Y114.445
G1 F2100 X146.216 Y72.564 E1603.58043
G0 F9000 X146.81 Y72.564
G1 F2100 X188.098 Y113.852 E1605.61959
G0 F9000 X188.098 Y113.258
G1 F2100 X147.404 Y72.564 E1607.62942
G0 F9000 X147.998 Y72.564
G1 F2100 X188.099 Y112.665 E1609.60996
G0 F9000 X188.1 Y112.072
G1 F2100 X148.592 Y72.564 E1611.56121
G0 F9000 X149.186 Y72.564
G1 F2100 X188.117 Y111.495 E1613.48397
G0 F9000 X188.274 Y111.058
G1 F2100 X149.78 Y72.564 E1615.38514
G0 F9000 X150.374 Y72.564
G1 F2100 X188.565 Y110.755 E1617.27134
G0 F9000 X188.97 Y110.566
G1 F2100 X150.968 Y72.564 E1619.14822
G0 F9000 X151.561 Y72.564
G1 F2100 X189.495 Y110.497 E1621.02171
G0 F9000 X190.089 Y110.497
G1 F2100 X152.155 Y72.564 E1622.8952
G0 F9000 X152.749 Y72.564
G1 F2100 X190.57 Y110.384 E1624.7631
G0 F9000 X190.57 Y109.79
G1 F2100 X153.343 Y72.564 E1626.60168
G0 F9000 X153.937 Y72.564
G1 F2100 X190.57 Y109.196 E1628.41091
G0 F9000 X190.57 Y108.602
G1 F2100 X154.531 Y72.564 E1630.19081
G0 F9000 X155.125 Y72.564
G1 F2100 X190.57 Y108.008 E1631.94137
G0 F9000 X190.57 Y107.414
G1 F2100 X155.719 Y72.564 E1633.66259
G0 F9000 X156.313 Y72.564
G1 F2100 X190.57 Y106.82 E1635.35448
G0 F9000 X190.57 Y106.226
G1 F2100 X156.907 Y72.564 E1637.01703
G0 F9000 X157.501 Y72.564
G1 F2100 X190.57 Y105.632 E1638.65024
G0 F9000 X190.57 Y105.038
G1 F2100 X158.095 Y72.564 E1640.25412
G0 F9000 X158.689 Y72.564
G1 F2100 X190.57 Y104.444 E1641.82866
G0 F9000 X190.57 Y103.85
G1 F2100 X159.283 Y72.564 E1643.37386
G0 F9000 X159.877 Y72.564
G1 F2100 X190.57 Y103.256 E1644.88972
G0 F9000 X190.57 Y102.662
G1 F2100 X160.471 Y72.564 E1646.37625
G0 F9000 X161.065 Y72.564
G1 F2100 X190.57 Y102.068 E1647.83344
G0 F9000 X190.57 Y101.474
G1 F2100 X161.659 Y72.564 E1649.2613
G0 F9000 X162.253 Y72.564
G1 F2100 X190.57 Y100.88 E1650.65981
G0 F9000 X190.57 Y100.286
G1 F2100 X162.847 Y72.564 E1652.029
G0 F9000 X163.441 Y72.564
G1 F2100 X190.57 Y99.692 E1653.36884
G0 F9000 X190.57 Y99.098
G1 F2100 X164.035 Y72.564 E1654.67935
G0 F9000 X164.629 Y72.564
G1 F2100 X190.57 Y98.504 E1655.96051
G0 F9000 X190.57 Y97.91
G1 F2100 X165.223 Y72.564 E1657.21235
G0 F9000 X165.817 Y72.564
G1 F2100 X190.57 Y97.316 E1658.43484
G0 F9000 X190.57 Y96.723
G1 F2100 X166.411 Y72.564 E1659.62803
G0 F9000 X167.005 Y72.564
G1 F2100 X190.57 Y96.129 E1660.79187
G0 F9000 X190.57 Y95.535
G1 F2100 X167.599 Y72.564 E1661.92638
G0 F9000 X168.193 Y72.564
G1 F2100 X190.57 Y94.941 E1663.03156
G0 F9000 X190.57 Y94.347
G1 F2100 X168.787 Y72.564 E1664.10739
G0 F9000 X169.381 Y72.564
G1 F2100 X190.57 Y93.753 E1665.15389
G0 F9000 X190.57 Y93.159
G1 F2100 X169.975 Y72.564 E1666.17105
G0 F9000 X170.569 Y72.564
G1 F2100 X190.57 Y92.565 E1667.15888
G0 F9000 X190.57 Y91.971
G1 F2100 X171.162 Y72.564 E1668.11739
G0 F9000 X171.756 Y72.564
G1 F2100 X190.57 Y91.377 E1669.04657
G0 F9000 X190.57 Y90.783
G1 F2100 X172.35 Y72.564 E1669.94641
G0 F9000 X172.944 Y72.564
G1 F2100 X190.57 Y90.189 E1670.81691
G0 F9000 X190.57 Y89.595
G1 F2100 X173.538 Y72.564 E1671.65807
G0 F9000 X174.132 Y72.564
G1 F2100 X190.57 Y89.001 E1672.4699
G0 F9000 X190.57 Y88.407
G1 F2100 X174.726 Y72.564 E1673.25239
G0 F9000 X175.32 Y72.564
G1 F2100 X190.57 Y87.813 E1674.00555
G0 F9000 X190.57 Y87.219
G1 F2100 X175.914 Y72.564 E1674.72936
G0 F9000 X176.508 Y72.564
G1 F2100 X190.57 Y86.625 E1675.42384
G0 F9000 X190.57 Y86.031
G1 F2100 X177.102 Y72.564 E1676.08899
G0 F9000 X177.696 Y72.564
G1 F2100 X190.57 Y85.437 E1676.72479
G0 F9000 X190.57 Y84.843
G1 F2100 X178.29 Y72.564 E1677.33126
G0 F9000 X178.884 Y72.564
G1 F2100 X190.57 Y84.249 E1677.9084
G0 F9000 X190.57 Y83.655
G1 F2100 X179.478 Y72.564 E1678.45619
G0 F9000 X180.072 Y72.564
G1 F2100 X190.57 Y83.061 E1678.97465
G0 F9000 X190.57 Y82.467
G1 F2100 X180.666 Y72.564 E1679.46377
G0 F9000 X181.26 Y72.564
G1 F2100 X190.57 Y81.873 E1679.92356
G0 F9000 X190.57 Y81.279
G1 F2100 X181.854 Y72.564 E1680.354
G0 F9000 X182.448 Y72.564
G1 F2100 X190.57 Y80.685 E1680.75512
G0 F9000 X190.57 Y80.091
G1 F2100 X183.042 Y72.564 E1681.12689
G0 F9000 X183.636 Y72.564
G1 F2100 X190.57 Y79.497 E1681.46933
G0 F9000 X190.57 Y78.903
G1 F2100 X184.23 Y72.564 E1681.78243
G0 F9000 X184.824 Y72.564
G1 F2100 X190.57 Y78.309 E1682.06619
G0 F9000 X190.57 Y77.715
G1 F2100 X185.418 Y72.564 E1682.32062
G0 F9000 X186.012 Y72.564
G1 F2100 X190.57 Y77.122 E1682.54573
G0 F9000 X190.57 Y76.528
G1 F2100 X186.606 Y72.564 E1682.74151
G0 F9000 X187.233 Y72.597
G1 F2100 X190.537 Y75.901 E1682.90469
G0 F9000 X190.399 Y75.168
G1 F2100 X187.965 Y72.735 E1683.02488
G1 X187.891 Y72.661
G0 F9000 X189.235 Y73.411
G1 F2100 X189.722 Y73.898 E1683.04893
G0 F9000 X189.683 Y73.929
G1 F1500 E1682.04893
;MESH:NONMESH
G0 F600 X189.683 Y73.929 Z1.6
G0 F9000 X46.567 Y117.771
G0 X44.176 Y117.984
G0 X43.883 Y117.946
;TIME_ELAPSED:4842.368475
;LAYER:7
M204 S2000
;TYPE:WALL-INNER
;MESH:Bottom_Standoffs.stl
G1 F1500 E1683.04893
G1 F3780 X43.884 Y142.566 E1683.90874
G1 X43.987 Y144.655 E1683.98178
G1 X44.291 Y146.7 E1684.05398
G1 X44.795 Y148.721 E1684.12672
G1 X45.495 Y150.673 E1684.19914
G1 X46.377 Y152.538 E1684.27119
G1 X47.455 Y154.338 E1684.34446
G1 X48.692 Y156.006 E1684.41699
G1 X50.084 Y157.541 E1684.48935
G1 X51.632 Y158.944 E1684.56231
G1 X53.278 Y160.166 E1684.63391
G1 X55.082 Y161.245 E1684.70732
G1 X56.957 Y162.132 E1684.77976
G1 X58.906 Y162.831 E1684.85207
G1 X60.927 Y163.336 E1684.92482
G1 X62.97 Y163.64 E1684.99695
G1 X65.077 Y163.744 E1685.07062
G1 X169.923 Y163.743 E1688.73217
G1 X172.03 Y163.64 E1688.80585
G1 X174.073 Y163.336 E1688.87798
G1 X176.094 Y162.831 E1688.95073
G1 X178.043 Y162.132 E1689.02304
G1 X179.918 Y161.245 E1689.09548
G1 X181.722 Y160.166 E1689.16889
G1 X183.368 Y158.944 E1689.24048
G1 X184.916 Y157.541 E1689.31344
G1 X186.308 Y156.006 E1689.38581
G1 X187.545 Y154.338 E1689.45833
G1 X188.623 Y152.538 E1689.5316
G1 X189.505 Y150.673 E1689.60365
G1 X190.205 Y148.721 E1689.67607
G1 X190.709 Y146.7 E1689.74881
G1 X191.013 Y144.656 E1689.82098
G1 X191.116 Y142.55 E1689.89462
G1 X191.117 Y117.946 E1690.75387
G1 X190.975 Y117.705 E1690.76364
G1 X190.728 Y117.563 E1690.77359
G1 X189.14 Y117.563 E1690.82904
G1 X188.842 Y117.396 E1690.84097
G1 X188.718 Y117.237 E1690.84802
G1 X188.641 Y117.023 E1690.85596
G1 X188.645 Y111.596 E1691.04549
G1 X188.676 Y111.464 E1691.05022
G1 X188.89 Y111.171 E1691.06289
G1 X189.143 Y111.044 E1691.07278
G1 X191.117 Y111.044 E1691.14172
G1 X191.117 Y76.215 E1692.35805
G1 X191.035 Y75.378 E1692.38743
G1 X190.796 Y74.593 E1692.41608
G1 X190.412 Y73.875 E1692.44452
G1 X189.892 Y73.243 E1692.4731
G1 X189.26 Y72.723 E1692.50168
G1 X188.542 Y72.339 E1692.53012
G1 X187.757 Y72.1 E1692.55878
G1 X186.92 Y72.018 E1692.58815
G1 X48.08 Y72.018 E1697.43687
G1 X47.243 Y72.1 E1697.46625
G1 X46.458 Y72.339 E1697.4949
G1 X45.74 Y72.723 E1697.52334
G1 X45.108 Y73.243 E1697.55192
G1 X44.588 Y73.875 E1697.5805
G1 X44.204 Y74.593 E1697.60894
G1 X43.965 Y75.378 E1697.6376
G1 X43.883 Y76.215 E1697.66697
G1 X43.883 Y111.044 E1698.8833
G1 X45.857 Y111.044 E1698.95224
G1 X46.11 Y111.171 E1698.96213
G1 X46.297 Y111.399 E1698.97243
G1 X46.359 Y111.593 E1698.97954
G1 X46.356 Y117.003 E1699.16847
G1 X46.251 Y117.287 E1699.17905
G1 X46.158 Y117.396 E1699.18405
G1 X45.86 Y117.563 E1699.19598
G1 X44.272 Y117.563 E1699.25144
G1 X44.025 Y117.705 E1699.26139
G1 X43.883 Y117.946 E1699.27116
M204 S1000
G0 F9000 X43.497 Y117.797
M204 S2000
;TYPE:WALL-OUTER
G1 F2640 X43.463 Y118.051 E1699.28011
G1 X43.464 Y142.576 E1700.1366
G1 X43.569 Y144.697 E1700.21076
G1 X43.879 Y146.782 E1700.28438
G1 X44.393 Y148.843 E1700.35856
G1 X45.107 Y150.834 E1700.43242
G1 X46.006 Y152.736 E1700.50589
G1 X47.105 Y154.572 E1700.58062
G1 X48.367 Y156.273 E1700.65459
G1 X49.787 Y157.839 E1700.72842
G1 X51.365 Y159.269 E1700.80279
G1 X53.044 Y160.516 E1700.87583
G1 X54.884 Y161.616 E1700.95069
G1 X56.796 Y162.52 E1701.02455
G1 X58.784 Y163.233 E1701.09831
G1 X60.845 Y163.748 E1701.1725
G1 X62.929 Y164.058 E1701.24608
G1 X65.067 Y164.164 E1701.32084
G1 X169.933 Y164.163 E1704.98309
G1 X172.071 Y164.058 E1705.05784
G1 X174.155 Y163.748 E1705.13142
G1 X176.216 Y163.233 E1705.20561
G1 X178.204 Y162.52 E1705.27937
G1 X180.116 Y161.616 E1705.35323
G1 X181.956 Y160.516 E1705.4281
G1 X183.635 Y159.269 E1705.50114
G1 X185.213 Y157.839 E1705.57551
G1 X186.633 Y156.273 E1705.64933
G1 X187.895 Y154.572 E1705.7233
G1 X188.994 Y152.736 E1705.79803
G1 X189.893 Y150.834 E1705.8715
G1 X190.607 Y148.843 E1705.94537
G1 X191.121 Y146.782 E1706.01955
G1 X191.431 Y144.697 E1706.09316
G1 X191.536 Y142.56 E1706.16788
G1 X191.537 Y118.051 E1707.02381
G1 X191.503 Y117.797 E1707.03276
G1 X191.418 Y117.591 E1707.04055
G1 X191.275 Y117.405 E1707.04874
G1 X191.091 Y117.264 E1707.05684
G1 X190.878 Y117.177 E1707.06487
G1 X190.632 Y117.143 E1707.07354
G1 X189.225 Y117.143 E1707.12268
G1 X189.128 Y117.088 E1707.12658
G1 X189.063 Y116.968 E1707.13134
G1 X189.066 Y111.624 E1707.31797
G1 X189.19 Y111.464 E1707.32504
G1 X191.537 Y111.464 E1707.407
G1 X191.537 Y76.195 E1708.63871
G1 X191.449 Y75.296 E1708.67025
G1 X191.186 Y74.431 E1708.70183
G1 X190.763 Y73.64 E1708.73315
G1 X190.19 Y72.945 E1708.76461
G1 X189.495 Y72.372 E1708.79607
G1 X188.704 Y71.949 E1708.8274
G1 X187.839 Y71.686 E1708.85897
G1 X186.94 Y71.598 E1708.89051
G1 X48.06 Y71.598 E1713.74064
G1 X47.161 Y71.686 E1713.77219
G1 X46.296 Y71.949 E1713.80376
G1 X45.505 Y72.372 E1713.83509
G1 X44.81 Y72.945 E1713.86654
G1 X44.237 Y73.64 E1713.898
G1 X43.814 Y74.431 E1713.92933
G1 X43.551 Y75.296 E1713.9609
G1 X43.463 Y76.195 E1713.99245
G1 X43.463 Y111.464 E1715.22415
G1 X45.775 Y111.464 E1715.30489
G1 X45.875 Y111.522 E1715.30893
G1 X45.937 Y111.638 E1715.31352
G1 X45.931 Y116.994 E1715.50057
G1 X45.872 Y117.088 E1715.50445
G1 X45.775 Y117.143 E1715.50834
G1 X44.368 Y117.143 E1715.55748
G1 X44.122 Y117.177 E1715.56615
G1 X43.909 Y117.264 E1715.57419
G1 X43.725 Y117.405 E1715.58228
G1 X43.582 Y117.591 E1715.59048
G1 X43.497 Y117.797 E1715.59826
M204 S1000
G0 F9000 X43.471 Y117.995
G0 X44.219 Y118.106
;TYPE:SKIN
G1 F2100 X44.248 Y117.974 E1715.60298
G1 X44.427 Y117.899 E1715.60976
G1 X45.766 Y117.894 E1715.65652
G1 X46.18 Y117.785 E1715.67147
G1 X46.504 Y117.51 E1715.68631
G1 X46.645 Y117.243 E1715.69686
G1 X46.688 Y117.043 E1715.704
G1 X46.695 Y111.647 E1715.89245
G1 X46.618 Y111.291 E1715.90517
G1 X46.491 Y111.082 E1715.91371
G1 X46.19 Y110.828 E1715.92746
G1 X45.773 Y110.714 E1715.94256
G1 X44.219 Y110.708 E1715.99683
G1 X44.219 Y76.228 E1717.20098
G1 X44.295 Y75.448 E1717.22835
G1 X44.516 Y74.728 E1717.25465
G1 X44.873 Y74.057 E1717.28119
G1 X45.347 Y73.482 E1717.30722
G1 X45.922 Y73.008 E1717.33324
G1 X46.593 Y72.651 E1717.35979
G1 X47.313 Y72.43 E1717.38609
G1 X48.093 Y72.354 E1717.41346
G1 X186.907 Y72.354 E1722.26128
G1 X187.687 Y72.43 E1722.28865
G1 X188.407 Y72.651 E1722.31495
G1 X189.078 Y73.008 E1722.34149
G1 X189.653 Y73.482 E1722.36752
G1 X190.127 Y74.057 E1722.39354
G1 X190.484 Y74.728 E1722.42009
G1 X190.705 Y75.448 E1722.44639
G1 X190.781 Y76.228 E1722.47376
G1 X190.781 Y110.708 E1723.67791
G1 X189.227 Y110.714 E1723.73218
G1 X188.813 Y110.825 E1723.74715
G1 X188.535 Y111.045 E1723.75953
G1 X188.397 Y111.261 E1723.76848
G1 X188.311 Y111.57 E1723.77968
G1 X188.308 Y117.059 E1723.97138
G1 X188.449 Y117.436 E1723.98543
G1 X188.733 Y117.733 E1723.99978
G1 X189.126 Y117.9 E1724.0147
G1 X190.65 Y117.9 E1724.06792
G1 X190.78 Y118.027 E1724.07427
G1 X190.779 Y142.533 E1724.93009
G1 X190.677 Y144.63 E1725.00341
G1 X190.378 Y146.63 E1725.07403
G1 X189.882 Y148.625 E1725.14583
G1 X189.194 Y150.543 E1725.21699
G1 X188.333 Y152.365 E1725.28737
G1 X187.262 Y154.155 E1725.36021
G1 X186.044 Y155.796 E1725.43158
G1 X184.677 Y157.303 E1725.50264
G1 X183.158 Y158.681 E1725.57426
G1 X181.539 Y159.883 E1725.64468
G1 X179.752 Y160.951 E1725.71739
G1 X177.908 Y161.822 E1725.78861
G1 X175.997 Y162.508 E1725.85952
G1 X174.002 Y163.005 E1725.93132
G1 X172.004 Y163.304 E1726.00187
G1 X169.906 Y163.406 E1726.07523
G1 X65.094 Y163.408 E1729.73559
G1 X62.995 Y163.304 E1729.80898
G1 X60.998 Y163.005 E1729.8795
G1 X59.003 Y162.508 E1729.9513
G1 X57.092 Y161.822 E1730.02221
G1 X55.248 Y160.951 E1730.09343
G1 X53.461 Y159.883 E1730.16614
G1 X51.842 Y158.681 E1730.23656
G1 X50.323 Y157.303 E1730.30818
G1 X48.956 Y155.796 E1730.37924
G1 X47.738 Y154.155 E1730.45061
G1 X46.667 Y152.365 E1730.52345
G1 X45.806 Y150.543 E1730.59383
G1 X45.118 Y148.625 E1730.66499
G1 X44.622 Y146.63 E1730.73678
G1 X44.323 Y144.631 E1730.80737
G1 X44.221 Y142.565 E1730.87961
G1 X44.219 Y118.106 E1731.7338
G1 F1500 E1730.7338
G0 F9000 X46.567 Y117.771
G0 X46.567 Y110.836
G0 X44.862 Y74.525
G1 F1500 E1731.7338
G1 F2100 X46.391 Y72.996 E1731.80931
G1 X46.465 Y72.922
G0 F9000 X47.342 Y72.639
G1 F2100 X44.506 Y75.475 E1731.94938
G0 F9000 X44.438 Y76.137
G1 F2100 X48.003 Y72.572 E1732.12545
G0 F9000 X48.606 Y72.563
G1 F2100 X44.428 Y76.74 E1732.33177
G0 F9000 X44.428 Y77.334
G1 F2100 X49.2 Y72.563 E1732.56743
G0 F9000 X49.794 Y72.563
G1 F2100 X44.428 Y77.928 E1732.83243
G0 F9000 X44.428 Y78.522
G1 F2100 X50.388 Y72.563 E1733.12676
G0 F9000 X50.982 Y72.563
G1 F2100 X44.428 Y79.116 E1733.45043
G0 F9000 X44.428 Y79.71
G1 F2100 X51.576 Y72.563 E1733.80343
G0 F9000 X52.17 Y72.563
G1 F2100 X44.428 Y80.304 E1734.18578
G0 F9000 X44.428 Y80.898
G1 F2100 X52.764 Y72.563 E1734.59746
G0 F9000 X53.358 Y72.563
G1 F2100 X44.428 Y81.492 E1735.03847
G0 F9000 X44.428 Y82.086
G1 F2100 X53.952 Y72.563 E1735.50883
G0 F9000 X54.546 Y72.563
G1 F2100 X44.428 Y82.68 E1736.00852
G0 F9000 X44.428 Y83.274
G1 F2100 X55.14 Y72.563 E1736.53755
G0 F9000 X55.734 Y72.563
G1 F2100 X44.428 Y83.868 E1737.09591
G0 F9000 X44.428 Y84.462
G1 F2100 X56.328 Y72.563 E1737.68361
G0 F9000 X56.922 Y72.563
G1 F2100 X44.428 Y85.056 E1738.30065
G0 F9000 X44.428 Y85.65
G1 F2100 X57.516 Y72.563 E1738.94703
G0 F9000 X58.11 Y72.563
G1 F2100 X44.428 Y86.244 E1739.62274
G0 F9000 X44.428 Y86.838
G1 F2100 X58.704 Y72.563 E1740.32779
G0 F9000 X59.297 Y72.563
G1 F2100 X44.428 Y87.432 E1741.06215
G0 F9000 X44.428 Y88.026
G1 F2100 X59.891 Y72.563 E1741.82585
G0 F9000 X60.485 Y72.563
G1 F2100 X44.428 Y88.62 E1742.61889
G0 F9000 X44.428 Y89.214
G1 F2100 X61.079 Y72.563 E1743.44126
G0 F9000 X61.673 Y72.563
G1 F2100 X44.428 Y89.808 E1744.29297
G0 F9000 X44.428 Y90.402
G1 F2100 X62.267 Y72.563 E1745.17401
G0 F9000 X62.861 Y72.563
G1 F2100 X44.428 Y90.996 E1746.0844
G0 F9000 X44.428 Y91.59
G1 F2100 X63.455 Y72.563 E1747.02412
G0 F9000 X64.049 Y72.563
G1 F2100 X44.428 Y92.184 E1747.99318
G0 F9000 X44.428 Y92.778
G1 F2100 X64.643 Y72.563 E1748.99157
G0 F9000 X65.237 Y72.563
G1 F2100 X44.428 Y93.372 E1750.0193
G0 F9000 X44.428 Y93.966
G1 F2100 X65.831 Y72.563 E1751.07637
G0 F9000 X66.425 Y72.563
G1 F2100 X44.428 Y94.559 E1752.16275
G0 F9000 X44.428 Y95.153
G1 F2100 X67.019 Y72.563 E1753.27847
G0 F9000 X67.613 Y72.563
G1 F2100 X44.428 Y95.747 E1754.42352
G0 F9000 X44.428 Y96.341
G1 F2100 X68.207 Y72.563 E1755.59791
G0 F9000 X68.801 Y72.563
G1 F2100 X44.428 Y96.935 E1756.80164
G0 F9000 X44.428 Y97.529
G1 F2100 X69.395 Y72.563 E1758.03471
G0 F9000 X69.989 Y72.563
G1 F2100 X44.428 Y98.123 E1759.29711
G0 F9000 X44.428 Y98.717
G1 F2100 X70.583 Y72.563 E1760.58885
G0 F9000 X71.177 Y72.563
G1 F2100 X44.428 Y99.311 E1761.90992
G0 F9000 X44.428 Y99.905
G1 F2100 X71.771 Y72.563 E1763.26033
G0 F9000 X72.365 Y72.563
G1 F2100 X44.428 Y100.499 E1764.64008
G0 F9000 X44.428 Y101.093
G1 F2100 X72.959 Y72.563 E1766.04917
G0 F9000 X73.553 Y72.563
G1 F2100 X44.428 Y101.687 E1767.48759
G0 F9000 X44.428 Y102.281
G1 F2100 X74.147 Y72.563 E1768.95535
G0 F9000 X74.741 Y72.563
G1 F2100 X44.428 Y102.875 E1770.45245
G0 F9000 X44.428 Y103.469
G1 F2100 X75.335 Y72.563 E1771.97889
G0 F9000 X75.929 Y72.563
G1 F2100 X44.428 Y104.063 E1773.53466
G0 F9000 X44.428 Y104.657
G1 F2100 X76.523 Y72.563 E1775.11977
G0 F9000 X77.117 Y72.563
G1 F2100 X44.428 Y105.251 E1776.73421
G0 F9000 X44.428 Y105.845
G1 F2100 X77.711 Y72.563 E1778.37799
G0 F9000 X78.305 Y72.563
G1 F2100 X44.428 Y106.439 E1780.05111
G0 F9000 X44.428 Y107.033
G1 F2100 X78.898 Y72.563 E1781.75354
G0 F9000 X79.492 Y72.563
G1 F2100 X44.428 Y107.627 E1783.48531
G0 F9000 X44.428 Y108.221
G1 F2100 X80.086 Y72.563 E1785.24642
G0 F9000 X80.68 Y72.563
G1 F2100 X44.428 Y108.815 E1787.03686
G0 F9000 X44.428 Y109.409
G1 F2100 X81.274 Y72.563 E1788.85664
G0 F9000 X81.868 Y72.563
G1 F2100 X44.428 Y110.003 E1790.70575
G0 F9000 X44.529 Y110.496
G1 F2100 X82.462 Y72.563 E1792.57922
G0 F9000 X83.056 Y72.563
G1 F2100 X45.123 Y110.496 E1794.45268
G0 F9000 X45.717 Y110.496
G1 F2100 X83.65 Y72.563 E1796.32615
G0 F9000 X84.244 Y72.563
G1 F2100 X46.191 Y110.616 E1798.20554
G0 F9000 X46.543 Y110.858
G1 F2100 X84.838 Y72.563 E1800.09688
G0 F9000 X85.432 Y72.563
G1 F2100 X46.803 Y111.192 E1802.00472
G0 F9000 X46.904 Y111.685
G1 F2100 X86.026 Y72.563 E1803.93691
G0 F9000 X86.62 Y72.563
G1 F2100 X46.903 Y112.28 E1805.89848
G0 F9000 X46.903 Y112.874
G1 F2100 X87.214 Y72.563 E1807.8894
G0 F9000 X87.808 Y72.563
G1 F2100 X46.902 Y113.469 E1809.90969
G0 F9000 X46.901 Y114.064
G1 F2100 X88.402 Y72.563 E1811.95938
G0 F9000 X88.996 Y72.563
G1 F2100 X46.9 Y114.659 E1814.03845
G0 F9000 X46.899 Y115.254
G1 F2100 X89.59 Y72.563 E1816.1469
G0 F9000 X90.184 Y72.563
G1 F2100 X46.898 Y115.848 E1818.28472
G0 F9000 X46.898 Y116.443
G1 F2100 X90.778 Y72.563 E1820.4519
G0 F9000 X91.372 Y72.563
G1 F2100 X46.897 Y117.038 E1822.64847
G1 X46.823 Y117.112
G0 F9000 X45.865 Y118.07
G1 F2100 X44.433 Y119.502 E1822.71919
G0 F9000 X44.433 Y120.096
G1 F2100 X91.966 Y72.563 E1825.06679
G0 F9000 X92.56 Y72.563
G1 F2100 X44.433 Y120.69 E1827.44372
G0 F9000 X44.433 Y121.284
G1 F2100 X93.154 Y72.563 E1829.84999
G0 F9000 X93.748 Y72.563
G1 F2100 X44.433 Y121.878 E1832.2856
G0 F9000 X44.433 Y122.472
G1 F2100 X94.342 Y72.563 E1834.75055
G0 F9000 X94.936 Y72.563
G1 F2100 X44.433 Y123.066 E1837.24483
G0 F9000 X44.433 Y123.66
G1 F2100 X95.53 Y72.563 E1839.76845
G0 F9000 X96.124 Y72.563
G1 F2100 X44.433 Y124.254 E1842.3214
G0 F9000 X44.433 Y124.848
G1 F2100 X96.718 Y72.563 E1844.90369
G0 F9000 X97.312 Y72.563
G1 F2100 X44.433 Y125.442 E1847.51532
G0 F9000 X44.433 Y126.036
G1 F2100 X97.906 Y72.563 E1850.15629
G0 F9000 X98.499 Y72.563
G1 F2100 X44.432 Y126.63 E1852.82659
G0 F9000 X44.432 Y127.224
G1 F2100 X99.093 Y72.563 E1855.52623
G0 F9000 X99.687 Y72.563
G1 F2100 X44.432 Y127.818 E1858.25521
G0 F9000 X44.432 Y128.412
G1 F2100 X100.281 Y72.563 E1861.01352
G0 F9000 X100.875 Y72.563
G1 F2100 X44.432 Y129.006 E1863.80117
G0 F9000 X44.432 Y129.6
G1 F2100 X101.469 Y72.563 E1866.61816
G0 F9000 X102.063 Y72.563
G1 F2100 X44.432 Y130.194 E1869.46449
G0 F9000 X44.432 Y130.788
G1 F2100 X102.657 Y72.563 E1872.34015
G0 F9000 X103.251 Y72.563
G1 F2100 X44.432 Y131.382 E1875.24515
G0 F9000 X44.432 Y131.976
G1 F2100 X103.845 Y72.563 E1878.17948
G0 F9000 X104.439 Y72.563
G1 F2100 X44.432 Y132.57 E1881.14316
G0 F9000 X44.432 Y133.164
G1 F2100 X105.033 Y72.563 E1884.13617
G0 F9000 X105.627 Y72.563
G1 F2100 X44.432 Y133.758 E1887.15851
G0 F9000 X44.432 Y134.352
G1 F2100 X106.221 Y72.563 E1890.2102
G0 F9000 X106.815 Y72.563
G1 F2100 X44.431 Y134.947 E1893.29126
G0 F9000 X44.431 Y135.541
G1 F2100 X107.409 Y72.563 E1896.40167
G0 F9000 X108.003 Y72.563
G1 F2100 X44.431 Y136.135 E1899.54141
G0 F9000 X44.431 Y136.728
G1 F2100 X108.597 Y72.563 E1902.71047
G0 F9000 X109.191 Y72.563
G1 F2100 X44.431 Y137.322 E1905.90886
G0 F9000 X44.431 Y137.916
G1 F2100 X109.785 Y72.563 E1909.13659
G0 F9000 X110.379 Y72.563
G1 F2100 X44.431 Y138.51 E1912.39366
G0 F9000 X44.431 Y139.104
G1 F2100 X110.973 Y72.563 E1915.68006
G0 F9000 X111.567 Y72.563
G1 F2100 X44.431 Y139.698 E1918.9958
G0 F9000 X44.431 Y140.292
G1 F2100 X112.161 Y72.563 E1922.34088
G0 F9000 X112.755 Y72.563
G1 F2100 X44.431 Y140.886 E1925.7153
G0 F9000 X44.431 Y141.48
G1 F2100 X113.349 Y72.563 E1929.11905
G0 F9000 X113.943 Y72.563
G1 F2100 X44.431 Y142.074 E1932.55214
G0 F9000 X44.436 Y142.664
G1 F2100 X114.537 Y72.563 E1936.01434
G0 F9000 X115.131 Y72.563
G1 F2100 X44.464 Y143.23 E1939.5045
G0 F9000 X44.492 Y143.795
G1 F2100 X115.725 Y72.563 E1943.02258
G0 F9000 X116.319 Y72.563
G1 F2100 X44.52 Y144.362 E1946.56865
G0 F9000 X44.576 Y144.9
G1 F2100 X116.913 Y72.563 E1950.14128
G0 F9000 X117.507 Y72.563
G1 F2100 X44.653 Y145.417 E1953.73945
G0 F9000 X44.73 Y145.933
G1 F2100 X118.1 Y72.563 E1957.36311
G0 F9000 X118.694 Y72.563
G1 F2100 X44.807 Y146.45 E1961.0123
G0 F9000 X44.915 Y146.936
G1 F2100 X119.288 Y72.563 E1964.68549
G0 F9000 X119.882 Y72.563
G1 F2100 X45.034 Y147.411 E1968.38214
G0 F9000 X45.152 Y147.887
G1 F2100 X120.476 Y72.563 E1972.1023
G0 F9000 X121.07 Y72.563
G1 F2100 X45.27 Y148.363 E1975.84597
G0 F9000 X45.41 Y148.817
G1 F2100 X121.664 Y72.563 E1979.61206
G0 F9000 X122.258 Y72.563
G1 F2100 X45.567 Y149.254 E1983.39974
G0 F9000 X45.724 Y149.691
G1 F2100 X122.852 Y72.563 E1987.209
G0 F9000 X123.446 Y72.563
G1 F2100 X45.881 Y150.128 E1991.03984
G0 F9000 X46.046 Y150.557
G1 F2100 X124.04 Y72.563 E1994.89186
G0 F9000 X124.634 Y72.563
G1 F2100 X46.236 Y150.961 E1998.76385
G0 F9000 X46.427 Y151.364
G1 F2100 X125.228 Y72.563 E2002.65573
G0 F9000 X125.822 Y72.563
G1 F2100 X46.618 Y151.767 E2006.56752
G0 F9000 X46.808 Y152.171
G1 F2100 X126.416 Y72.563 E2010.49926
G0 F9000 X127.01 Y72.563
G1 F2100 X47.023 Y152.55 E2014.44972
G0 F9000 X47.246 Y152.921
G1 F2100 X127.604 Y72.563 E2018.41851
G0 F9000 X128.198 Y72.563
G1 F2100 X47.468 Y153.293 E2022.40566
G0 F9000 X47.69 Y153.664
G1 F2100 X128.792 Y72.563 E2026.41117
G0 F9000 X129.386 Y72.563
G1 F2100 X47.912 Y154.036 E2030.43504
G0 F9000 X48.165 Y154.377
G1 F2100 X129.98 Y72.563 E2034.47576
G0 F9000 X130.574 Y72.563
G1 F2100 X48.419 Y154.718 E2038.5333
G0 F9000 X48.672 Y155.059
G1 F2100 X131.168 Y72.563 E2042.60767
G0 F9000 X131.762 Y72.563
G1 F2100 X48.924 Y155.4 E2046.69892
G0 F9000 X49.184 Y155.734
G1 F2100 X132.356 Y72.563 E2050.80666
G0 F9000 X132.95 Y72.563
G1 F2100 X49.467 Y156.045 E2054.92976
G0 F9000 X49.749 Y156.357
G1 F2100 X133.544 Y72.563 E2059.06826
G0 F9000 X134.138 Y72.563
G1 F2100 X50.032 Y156.668 E2063.22213
G0 F9000 X50.315 Y156.979
G1 F2100 X134.732 Y72.563 E2067.39136
G0 F9000 X135.326 Y72.563
G1 F2100 X50.61 Y157.278 E2071.57535
G0 F9000 X50.921 Y157.561
G1 F2100 X135.92 Y72.563 E2075.77333
G0 F9000 X136.514 Y72.563
G1 F2100 X51.232 Y157.844 E2079.98528
G0 F9000 X51.543 Y158.127
G1 F2100 X137.108 Y72.563 E2084.2112
G0 F9000 X137.701 Y72.563
G1 F2100 X51.855 Y158.409 E2088.45103
G0 F9000 X52.185 Y158.674
G1 F2100 X138.295 Y72.563 E2092.70392
G0 F9000 X138.889 Y72.563
G1 F2100 X52.526 Y158.927 E2096.96931
G0 F9000 X52.866 Y159.18
G1 F2100 X139.483 Y72.563 E2101.24722
G0 F9000 X140.077 Y72.563
G1 F2100 X53.208 Y159.432 E2105.53757
G0 F9000 X53.549 Y159.685
G1 F2100 X140.671 Y72.563 E2109.84042
G0 F9000 X141.265 Y72.563
G1 F2100 X53.919 Y159.91 E2114.15436
G0 F9000 X54.29 Y160.132
G1 F2100 X141.859 Y72.563 E2118.47929
G0 F9000 X142.453 Y72.563
G1 F2100 X54.662 Y160.354 E2122.81518
G0 F9000 X55.034 Y160.576
G1 F2100 X143.047 Y72.563 E2127.16203
G0 F9000 X143.641 Y72.563
G1 F2100 X55.411 Y160.793 E2131.5196
G0 F9000 X55.814 Y160.984
G1 F2100 X144.235 Y72.563 E2135.88661
G0 F9000 X144.829 Y72.563
G1 F2100 X56.217 Y161.175 E2140.26305
G0 F9000 X56.62 Y161.366
G1 F2100 X145.423 Y72.563 E2144.64892
G0 F9000 X146.017 Y72.563
G1 F2100 X57.024 Y161.556 E2149.04418
G0 F9000 X57.448 Y161.725
G1 F2100 X146.611 Y72.563 E2153.4478
G0 F9000 X147.205 Y72.563
G1 F2100 X57.885 Y161.882 E2157.85918
G0 F9000 X58.322 Y162.039
G1 F2100 X147.799 Y72.563 E2162.27832
G0 F9000 X148.393 Y72.563
G1 F2100 X58.759 Y162.196 E2166.70521
G0 F9000 X59.209 Y162.341
G1 F2100 X148.987 Y72.563 E2171.13924
G0 F9000 X149.581 Y72.563
G1 F2100 X59.684 Y162.459 E2175.57911
G0 F9000 X60.16 Y162.577
G1 F2100 X150.175 Y72.563 E2180.02482
G0 F9000 X150.769 Y72.563
G1 F2100 X60.636 Y162.696 E2184.47638
G0 F9000 X61.117 Y162.809
G1 F2100 X151.363 Y72.563 E2188.93352
G0 F9000 X151.957 Y72.563
G1 F2100 X61.634 Y162.886 E2193.39446
G0 F9000 X62.15 Y162.964
G1 F2100 X152.551 Y72.563 E2197.85926
G0 F9000 X153.145 Y72.563
G1 F2100 X62.667 Y163.041 E2202.32786
G0 F9000 X63.2 Y163.101
G1 F2100 X153.739 Y72.563 E2206.79944
G0 F9000 X154.333 Y72.563
G1 F2100 X63.766 Y163.13 E2211.27243
G0 F9000 X64.331 Y163.158
G1 F2100 X154.927 Y72.563 E2215.74684
G0 F9000 X155.521 Y72.563
G1 F2100 X64.897 Y163.186 E2220.22262
G0 F9000 X65.481 Y163.196
G1 F2100 X156.115 Y72.563 E2224.6989
G0 F9000 X156.709 Y72.563
G1 F2100 X66.075 Y163.196 E2229.17518
G0 F9000 X66.669 Y163.196
G1 F2100 X157.302 Y72.563 E2233.65143
G0 F9000 X157.896 Y72.563
G1 F2100 X67.263 Y163.196 E2238.12768
G0 F9000 X67.857 Y163.196
G1 F2100 X158.49 Y72.563 E2242.60394
G0 F9000 X159.084 Y72.563
G1 F2100 X68.451 Y163.196 E2247.08019
G0 F9000 X69.045 Y163.196
G1 F2100 X159.678 Y72.563 E2251.55644
G0 F9000 X160.272 Y72.563
G1 F2100 X69.639 Y163.196 E2256.0327
G0 F9000 X70.233 Y163.196
G1 F2100 X160.866 Y72.563 E2260.50895
G0 F9000 X161.46 Y72.563
G1 F2100 X70.827 Y163.196 E2264.9852
G0 F9000 X71.421 Y163.196
G1 F2100 X162.054 Y72.563 E2269.46146
G0 F9000 X162.648 Y72.563
G1 F2100 X72.015 Y163.196 E2273.93771
G0 F9000 X72.609 Y163.196
G1 F2100 X163.242 Y72.563 E2278.41396
G0 F9000 X163.836 Y72.563
G1 F2100 X73.203 Y163.196 E2282.89022
G0 F9000 X73.797 Y163.196
G1 F2100 X164.43 Y72.563 E2287.36647
G0 F9000 X165.024 Y72.563
G1 F2100 X74.391 Y163.196 E2291.84272
G0 F9000 X74.985 Y163.196
G1 F2100 X165.618 Y72.563 E2296.31898
G0 F9000 X166.212 Y72.563
G1 F2100 X75.579 Y163.196 E2300.79523
G0 F9000 X76.173 Y163.196
G1 F2100 X166.806 Y72.563 E2305.27148
G0 F9000 X167.4 Y72.563
G1 F2100 X76.767 Y163.196 E2309.74774
G0 F9000 X77.361 Y163.196
G1 F2100 X167.994 Y72.563 E2314.22399
G0 F9000 X168.588 Y72.563
G1 F2100 X77.954 Y163.196 E2318.70027
G0 F9000 X78.548 Y163.196
G1 F2100 X169.182 Y72.563 E2323.17655
G0 F9000 X169.776 Y72.563
G1 F2100 X79.142 Y163.196 E2327.65282
G0 F9000 X79.736 Y163.196
G1 F2100 X170.37 Y72.563 E2332.1291
G0 F9000 X170.964 Y72.563
G1 F2100 X80.33 Y163.196 E2336.60538
G0 F9000 X80.924 Y163.196
G1 F2100 X171.558 Y72.563 E2341.08166
G0 F9000 X172.152 Y72.563
G1 F2100 X81.518 Y163.196 E2345.55794
G0 F9000 X82.112 Y163.196
G1 F2100 X172.746 Y72.563 E2350.03421
G0 F9000 X173.34 Y72.563
G1 F2100 X82.706 Y163.196 E2354.51049
G0 F9000 X83.3 Y163.196
G1 F2100 X173.934 Y72.563 E2358.98677
G0 F9000 X174.528 Y72.563
G1 F2100 X83.894 Y163.196 E2363.46305
G0 F9000 X84.488 Y163.196
G1 F2100 X175.122 Y72.563 E2367.93933
G0 F9000 X175.716 Y72.563
G1 F2100 X85.082 Y163.196 E2372.41561
G0 F9000 X85.676 Y163.196
G1 F2100 X176.31 Y72.563 E2376.89188
G0 F9000 X176.903 Y72.563
G1 F2100 X86.27 Y163.196 E2381.36814
G0 F9000 X86.864 Y163.196
G1 F2100 X177.497 Y72.563 E2385.84439
G0 F9000 X178.091 Y72.563
G1 F2100 X87.458 Y163.196 E2390.32064
G0 F9000 X88.052 Y163.196
G1 F2100 X178.685 Y72.563 E2394.7969
G0 F9000 X179.279 Y72.563
G1 F2100 X88.646 Y163.196 E2399.27315
G0 F9000 X89.24 Y163.196
G1 F2100 X179.873 Y72.563 E2403.7494
G0 F9000 X180.467 Y72.563
G1 F2100 X89.834 Y163.196 E2408.22566
G0 F9000 X90.428 Y163.196
G1 F2100 X181.061 Y72.563 E2412.70191
G0 F9000 X181.655 Y72.563
G1 F2100 X91.022 Y163.196 E2417.17816
G0 F9000 X91.616 Y163.196
G1 F2100 X182.249 Y72.563 E2421.65442
G0 F9000 X182.843 Y72.563
G1 F2100 X92.21 Y163.196 E2426.13067
G0 F9000 X92.804 Y163.196
G1 F2100 X183.437 Y72.563 E2430.60692
G0 F9000 X184.031 Y72.563
G1 F2100 X93.398 Y163.196 E2435.08318
G0 F9000 X93.992 Y163.196
G1 F2100 X184.625 Y72.563 E2439.55943
G0 F9000 X185.219 Y72.563
G1 F2100 X94.586 Y163.196 E2444.03568
G0 F9000 X95.18 Y163.196
G1 F2100 X185.813 Y72.563 E2448.51194
G0 F9000 X186.407 Y72.563
G1 F2100 X95.774 Y163.196 E2452.98819
G0 F9000 X96.368 Y163.196
G1 F2100 X186.991 Y72.573 E2457.46395
G0 F9000 X187.533 Y72.625
G1 F2100 X96.962 Y163.196 E2461.93714
G0 F9000 X97.555 Y163.196
G1 F2100 X188.005 Y72.747 E2466.40433
G0 F9000 X188.439 Y72.907
G1 F2100 X98.149 Y163.196 E2470.86362
G0 F9000 X98.743 Y163.196
G1 F2100 X188.826 Y73.114 E2475.31269
G0 F9000 X189.173 Y73.36
G1 F2100 X99.337 Y163.196 E2479.74958
G0 F9000 X99.931 Y163.196
G1 F2100 X189.499 Y73.628 E2484.17323
G0 F9000 X189.767 Y73.954
G1 F2100 X100.525 Y163.196 E2488.58078
G0 F9000 X101.119 Y163.196
G1 F2100 X190.015 Y74.3 E2492.97125
G0 F9000 X190.223 Y74.687
G1 F2100 X101.713 Y163.196 E2497.34262
G0 F9000 X102.307 Y163.196
G1 F2100 X190.383 Y75.12 E2501.69259
G0 F9000 X190.507 Y75.591
G1 F2100 X102.901 Y163.196 E2506.01932
G0 F9000 X103.495 Y163.196
G1 F2100 X190.559 Y76.132 E2510.3193
G0 F9000 X190.57 Y76.716
G1 F2100 X104.089 Y163.196 E2514.59047
G0 F9000 X104.683 Y163.196
G1 F2100 X190.57 Y77.31 E2518.8323
G0 F9000 X190.57 Y77.904
G1 F2100 X105.277 Y163.196 E2523.04479
G0 F9000 X105.871 Y163.196
G1 F2100 X190.57 Y78.498 E2527.22795
G0 F9000 X190.57 Y79.092
G1 F2100 X106.465 Y163.196 E2531.38177
G0 F9000 X107.059 Y163.196
G1 F2100 X190.57 Y79.685 E2535.50627
G0 F9000 X190.57 Y80.279
G1 F2100 X107.653 Y163.196 E2539.60144
G0 F9000 X108.247 Y163.196
G1 F2100 X190.57 Y80.873 E2543.66728
G0 F9000 X190.57 Y81.467
G1 F2100 X108.841 Y163.196 E2547.70377
G0 F9000 X109.435 Y163.196
G1 F2100 X190.57 Y82.061 E2551.71093
G0 F9000 X190.57 Y82.655
G1 F2100 X110.029 Y163.196 E2555.68875
G0 F9000 X110.623 Y163.196
G1 F2100 X190.57 Y83.249 E2559.63724
G0 F9000 X190.57 Y83.843
G1 F2100 X111.217 Y163.196 E2563.55639
G0 F9000 X111.811 Y163.196
G1 F2100 X190.57 Y84.437 E2567.4462
G0 F9000 X190.57 Y85.031
G1 F2100 X112.405 Y163.196 E2571.30667
G0 F9000 X112.999 Y163.196
G1 F2100 X190.57 Y85.625 E2575.13781
G0 F9000 X190.57 Y86.219
G1 F2100 X113.593 Y163.196 E2578.93961
G0 F9000 X114.187 Y163.196
G1 F2100 X190.57 Y86.813 E2582.71207
G0 F9000 X190.57 Y87.407
G1 F2100 X114.781 Y163.196 E2586.4552
G0 F9000 X115.375 Y163.196
G1 F2100 X190.57 Y88.001 E2590.16899
G0 F9000 X190.57 Y88.595
G1 F2100 X115.969 Y163.196 E2593.85344
G0 F9000 X116.563 Y163.196
G1 F2100 X190.57 Y89.189 E2597.50855
G0 F9000 X190.57 Y89.783
G1 F2100 X117.156 Y163.196 E2601.13436
G0 F9000 X117.751 Y163.196
G1 F2100 X190.57 Y90.377 E2604.7308
G0 F9000 X190.57 Y90.971
G1 F2100 X118.345 Y163.196 E2608.2979
G0 F9000 X118.939 Y163.196
G1 F2100 X190.57 Y91.565 E2611.83567
G0 F9000 X190.57 Y92.159
G1 F2100 X119.533 Y163.196 E2615.3441
G0 F9000 X120.127 Y163.196
G1 F2100 X190.57 Y92.753 E2618.8232
G0 F9000 X190.57 Y93.347
G1 F2100 X120.721 Y163.196 E2622.27295
G0 F9000 X121.315 Y163.196
G1 F2100 X190.57 Y93.941 E2625.69337
G0 F9000 X190.57 Y94.535
G1 F2100 X121.909 Y163.196 E2629.08446
G0 F9000 X122.503 Y163.196
G1 F2100 X190.57 Y95.129 E2632.4462
G0 F9000 X190.57 Y95.723
G1 F2100 X123.097 Y163.196 E2635.77861
G0 F9000 X123.691 Y163.196
G1 F2100 X190.57 Y96.317 E2639.08168
G0 F9000 X190.57 Y96.911
G1 F2100 X124.285 Y163.196 E2642.35542
G0 F9000 X124.879 Y163.196
G1 F2100 X190.57 Y97.505 E2645.59982
G0 F9000 X190.57 Y98.099
G1 F2100 X125.473 Y163.196 E2648.81488
G0 F9000 X126.067 Y163.196
G1 F2100 X190.57 Y98.693 E2652.0006
G0 F9000 X190.57 Y99.286
G1 F2100 X126.661 Y163.196 E2655.15702
G0 F9000 X127.255 Y163.196
G1 F2100 X190.57 Y99.88 E2658.28409
G0 F9000 X190.57 Y100.474
G1 F2100 X127.849 Y163.196 E2661.38183
G0 F9000 X128.443 Y163.196
G1 F2100 X190.57 Y101.068 E2664.45023
G0 F9000 X190.57 Y101.662
G1 F2100 X129.037 Y163.196 E2667.4893
G0 F9000 X129.631 Y163.196
G1 F2100 X190.57 Y102.256 E2670.49902
G0 F9000 X190.57 Y102.85
G1 F2100 X130.225 Y163.196 E2673.47941
G0 F9000 X130.818 Y163.196
G1 F2100 X190.57 Y103.444 E2676.43049
G0 F9000 X190.57 Y104.038
G1 F2100 X131.412 Y163.196 E2679.35223
G0 F9000 X132.006 Y163.196
G1 F2100 X190.57 Y104.632 E2682.24464
G0 F9000 X190.57 Y105.226
G1 F2100 X132.6 Y163.196 E2685.10771
G0 F9000 X133.194 Y163.196
G1 F2100 X190.57 Y105.82 E2687.94144
G0 F9000 X190.57 Y106.414
G1 F2100 X133.788 Y163.196 E2690.74583
G0 F9000 X134.382 Y163.196
G1 F2100 X190.57 Y107.008 E2693.52089
G0 F9000 X190.57 Y107.602
G1 F2100 X134.976 Y163.196 E2696.26661
G0 F9000 X135.57 Y163.196
G1 F2100 X190.57 Y108.196 E2698.98299
G0 F9000 X190.57 Y108.79
G1 F2100 X188.723 Y110.636 E2699.07419
G0 F9000 X188.226 Y111.134
G1 F2100 X136.164 Y163.196 E2701.64547
G0 F9000 X136.758 Y163.196
G1 F2100 X188.099 Y111.855 E2704.18113
G0 F9000 X188.098 Y112.449
G1 F2100 X137.352 Y163.196 E2706.68744
G0 F9000 X137.946 Y163.196
G1 F2100 X188.098 Y113.043 E2709.16441
G0 F9000 X188.098 Y113.638
G1 F2100 X138.54 Y163.196 E2711.61202
G0 F9000 X139.134 Y163.196
G1 F2100 X188.097 Y114.233 E2714.03025
G0 F9000 X188.096 Y114.827
G1 F2100 X139.728 Y163.196 E2716.41911
G0 F9000 X140.322 Y163.196
G1 F2100 X188.096 Y115.421 E2718.77863
G0 F9000 X188.096 Y116.016
G1 F2100 X140.916 Y163.196 E2721.10879
G0 F9000 X141.51 Y163.196
G1 F2100 X188.095 Y116.611 E2723.40957
G0 F9000 X188.136 Y117.164
G1 F2100 X142.104 Y163.196 E2725.68303
G0 F9000 X142.698 Y163.196
G1 F2100 X188.304 Y117.589 E2727.93548
G0 F9000 X188.596 Y117.891
G1 F2100 X143.292 Y163.196 E2730.17302
G0 F9000 X143.886 Y163.196
G1 F2100 X189.001 Y118.08 E2732.40122
G0 F9000 X189.566 Y118.11
G1 F2100 X144.48 Y163.196 E2734.62796
G0 F9000 X145.074 Y163.196
G1 F2100 X190.16 Y118.11 E2736.8547
G0 F9000 X190.568 Y118.295
G1 F2100 X145.668 Y163.196 E2739.07228
G0 F9000 X146.262 Y163.196
G1 F2100 X190.568 Y118.889 E2741.26053
G0 F9000 X190.568 Y119.483
G1 F2100 X146.856 Y163.196 E2743.41943
G0 F9000 X147.45 Y163.196
G1 F2100 X190.568 Y120.077 E2745.549
G0 F9000 X190.568 Y120.671
G1 F2100 X148.044 Y163.196 E2747.64924
G0 F9000 X148.638 Y163.196
G1 F2100 X190.568 Y121.265 E2749.72013
G0 F9000 X190.568 Y121.859
G1 F2100 X149.232 Y163.196 E2751.76169
G0 F9000 X149.826 Y163.196
G1 F2100 X190.568 Y122.453 E2753.77392
G0 F9000 X190.568 Y123.047
G1 F2100 X150.419 Y163.196 E2755.75683
G0 F9000 X151.013 Y163.196
G1 F2100 X190.568 Y123.641 E2757.7104
G0 F9000 X190.568 Y124.235
G1 F2100 X151.607 Y163.196 E2759.63464
G0 F9000 X152.201 Y163.196
G1 F2100 X190.568 Y124.829 E2761.52953
G0 F9000 X190.568 Y125.423
G1 F2100 X152.795 Y163.196 E2763.3951
G0 F9000 X153.389 Y163.196
G1 F2100 X190.568 Y126.017 E2765.23132
G0 F9000 X190.568 Y126.611
G1 F2100 X153.983 Y163.196 E2767.03821
G0 F9000 X154.577 Y163.196
G1 F2100 X190.568 Y127.204 E2768.81579
G0 F9000 X190.568 Y127.798
G1 F2100 X155.171 Y163.196 E2770.56403
G0 F9000 X155.765 Y163.196
G1 F2100 X190.568 Y128.392 E2772.28293
G0 F9000 X190.568 Y128.986
G1 F2100 X156.359 Y163.196 E2773.97249
G0 F9000 X156.953 Y163.196
G1 F2100 X190.568 Y129.58 E2775.63272
G0 F9000 X190.568 Y130.174
G1 F2100 X157.547 Y163.196 E2777.26362
G0 F9000 X158.141 Y163.196
G1 F2100 X190.568 Y130.768 E2778.86517
G0 F9000 X190.568 Y131.362
G1 F2100 X158.735 Y163.196 E2780.43739
G0 F9000 X159.329 Y163.196
G1 F2100 X190.568 Y131.956 E2781.98027
G0 F9000 X190.568 Y132.55
G1 F2100 X159.923 Y163.196 E2783.49381
G0 F9000 X160.517 Y163.196
G1 F2100 X190.568 Y133.144 E2784.97802
G0 F9000 X190.568 Y133.738
G1 F2100 X161.111 Y163.196 E2786.43289
G0 F9000 X161.705 Y163.196
G1 F2100 X190.568 Y134.332 E2787.85842
G0 F9000 X190.568 Y134.926
G1 F2100 X162.299 Y163.196 E2789.25462
G0 F9000 X162.893 Y163.196
G1 F2100 X190.568 Y135.52 E2790.62148
G0 F9000 X190.568 Y136.114
G1 F2100 X163.487 Y163.196 E2791.959
G0 F9000 X164.081 Y163.196
G1 F2100 X190.568 Y136.708 E2793.26719
G0 F9000 X190.568 Y137.302
G1 F2100 X164.675 Y163.196 E2794.54603
G0 F9000 X165.269 Y163.196
G1 F2100 X190.568 Y137.896 E2795.79555
G0 F9000 X190.568 Y138.49
G1 F2100 X165.863 Y163.196 E2797.01572
G0 F9000 X166.457 Y163.196
G1 F2100 X190.568 Y139.084 E2798.20656
G0 F9000 X190.568 Y139.678
G1 F2100 X167.051 Y163.196 E2799.36806
G0 F9000 X167.645 Y163.196
G1 F2100 X190.568 Y140.272 E2800.50022
G0 F9000 X190.568 Y140.866
G1 F2100 X168.239 Y163.196 E2801.60305
G0 F9000 X168.833 Y163.196
G1 F2100 X190.568 Y141.46 E2802.67654
G0 F9000 X190.568 Y142.054
G1 F2100 X169.427 Y163.196 E2803.72069
G0 F9000 X170.028 Y163.188
G1 F2100 X190.561 Y142.655 E2804.73479
G0 F9000 X190.531 Y143.279
G1 F2100 X170.652 Y163.158 E2805.71659
G0 F9000 X171.276 Y163.128
G1 F2100 X190.5 Y143.904 E2806.66604
G0 F9000 X190.47 Y144.528
G1 F2100 X171.9 Y163.098 E2807.58319
G0 F9000 X172.589 Y163.003
G1 F2100 X190.376 Y145.216 E2808.46167
G0 F9000 X190.271 Y145.915
G1 F2100 X173.287 Y162.899 E2809.30049
G0 F9000 X173.991 Y162.789
G1 F2100 X190.162 Y146.617 E2810.09918
G0 F9000 X189.966 Y147.408
G1 F2100 X174.781 Y162.592 E2810.84912
G0 F9000 X175.572 Y162.396
G1 F2100 X189.77 Y148.198 E2811.55034
G1 X189.844 Y148.124
G0 F9000 X189.501 Y149.06
G1 F2100 X176.435 Y162.126 E2812.19566
G1 X176.361 Y162.2
G0 F9000 X177.362 Y161.794
G1 F2100 X189.169 Y149.987 E2812.77879
G1 X189.243 Y149.913
G0 F9000 X188.74 Y151.009
G1 F2100 X178.389 Y161.361 E2813.29004
G1 X178.315 Y161.435
G0 F9000 X179.515 Y160.829
G1 F2100 X188.209 Y152.135 E2813.71943
G1 X188.283 Y152.061
G0 F9000 X187.362 Y153.575
G1 F2100 X180.948 Y159.989 E2814.0362
G1 X180.874 Y160.063
G0 F9000 X182.98 Y158.551
G1 F2100 X185.913 Y155.619 E2814.18104
G1 X185.987 Y155.545
G1 F1500 E2813.18104
G0 F9000 X188.433 Y110.836
G0 X189.456 Y110.498
G1 F1500 E2814.18104
G1 F2100 X190.57 Y109.384 E2814.23606
G0 F9000 X190.57 Y109.978
G1 F2100 X190.05 Y110.498 E2814.26174
G1 F1500 E2813.26174
G0 F9000 X45.232 Y118.109
G1 F1500 E2814.26174
G1 F2100 X44.433 Y118.908 E2814.3012
G0 F9000 X44.433 Y118.314
G1 F2100 X44.636 Y118.111 E2814.31123
G0 F9000 X44.636 Y118.163
;MESH:NONMESH
G0 F600 X44.636 Y118.163 Z1.8
G0 F9000 X43.883 Y117.946
;TIME_ELAPSED:5787.934094
;LAYER:8
M204 S2000
;TYPE:WALL-INNER
;MESH:Bottom_Standoffs.stl
G1 F3780 X43.884 Y142.566 E2815.17103
G1 X43.987 Y144.655 E2815.24408
G1 X44.291 Y146.7 E2815.31628
G1 X44.795 Y148.721 E2815.38902
G1 X45.495 Y150.673 E2815.46144
G1 X46.377 Y152.538 E2815.53349
G1 X47.455 Y154.338 E2815.60676
G1 X48.692 Y156.006 E2815.67928
G1 X50.084 Y157.541 E2815.75165
G1 X51.632 Y158.944 E2815.82461
G1 X53.278 Y160.166 E2815.89621
G1 X55.082 Y161.245 E2815.96962
G1 X56.957 Y162.132 E2816.04205
G1 X58.906 Y162.831 E2816.11437
G1 X60.927 Y163.336 E2816.18711
G1 X62.97 Y163.64 E2816.25925
G1 X65.077 Y163.744 E2816.33292
G1 X169.923 Y163.743 E2819.99447
G1 X172.03 Y163.64 E2820.06814
G1 X174.073 Y163.336 E2820.14028
G1 X176.094 Y162.831 E2820.21303
G1 X178.043 Y162.132 E2820.28534
G1 X179.918 Y161.245 E2820.35778
G1 X181.722 Y160.166 E2820.43119
G1 X183.368 Y158.944 E2820.50278
G1 X184.916 Y157.541 E2820.57574
G1 X186.308 Y156.006 E2820.64811
G1 X187.545 Y154.338 E2820.72063
G1 X188.623 Y152.538 E2820.7939
G1 X189.505 Y150.673 E2820.86595
G1 X190.205 Y148.721 E2820.93837
G1 X190.709 Y146.7 E2821.01111
G1 X191.013 Y144.656 E2821.08328
G1 X191.116 Y142.55 E2821.15692
G1 X191.117 Y117.946 E2822.01617
G1 X190.975 Y117.705 E2822.02593
G1 X190.728 Y117.563 E2822.03588
G1 X189.14 Y117.563 E2822.09134
G1 X188.842 Y117.396 E2822.10327
G1 X188.718 Y117.237 E2822.11031
G1 X188.641 Y117.023 E2822.11826
G1 X188.645 Y111.596 E2822.30778
G1 X188.676 Y111.464 E2822.31252
G1 X188.89 Y111.171 E2822.32519
G1 X189.143 Y111.044 E2822.33508
G1 X191.117 Y111.044 E2822.40402
G1 X191.117 Y76.215 E2823.62035
G1 X191.035 Y75.378 E2823.64972
G1 X190.796 Y74.593 E2823.67838
G1 X190.412 Y73.875 E2823.70682
G1 X189.892 Y73.243 E2823.7354
G1 X189.26 Y72.723 E2823.76398
G1 X188.542 Y72.339 E2823.79242
G1 X187.757 Y72.1 E2823.82107
G1 X186.92 Y72.018 E2823.85044
G1 X48.08 Y72.018 E2828.69917
G1 X47.243 Y72.1 E2828.72854
G1 X46.458 Y72.339 E2828.7572
G1 X45.74 Y72.723 E2828.78564
G1 X45.108 Y73.243 E2828.81422
G1 X44.588 Y73.875 E2828.8428
G1 X44.204 Y74.593 E2828.87124
G1 X43.965 Y75.378 E2828.89989
G1 X43.883 Y76.215 E2828.92926
G1 X43.883 Y111.044 E2830.1456
G1 X45.857 Y111.044 E2830.21454
G1 X46.11 Y111.171 E2830.22443
G1 X46.297 Y111.399 E2830.23472
G1 X46.359 Y111.593 E2830.24184
G1 X46.356 Y117.003 E2830.43077
G1 X46.251 Y117.287 E2830.44135
G1 X46.158 Y117.396 E2830.44635
G1 X45.86 Y117.563 E2830.45828
G1 X44.272 Y117.563 E2830.51374
G1 X44.025 Y117.705 E2830.52369
G1 X43.883 Y117.946 E2830.53346
M204 S1000
G0 F9000 X43.497 Y117.797
M204 S2000
;TYPE:WALL-OUTER
G1 F2640 X43.463 Y118.051 E2830.54241
G1 X43.464 Y142.576 E2831.3989
G1 X43.569 Y144.697 E2831.47306
G1 X43.879 Y146.782 E2831.54667
G1 X44.393 Y148.843 E2831.62086
G1 X45.107 Y150.834 E2831.69472
G1 X46.006 Y152.736 E2831.76819
G1 X47.105 Y154.572 E2831.84292
G1 X48.367 Y156.273 E2831.91689
G1 X49.787 Y157.839 E2831.99071
G1 X51.365 Y159.269 E2832.06509
G1 X53.044 Y160.516 E2832.13812
G1 X54.884 Y161.616 E2832.21299
G1 X56.796 Y162.52 E2832.28685
G1 X58.784 Y163.233 E2832.36061
G1 X60.845 Y163.748 E2832.4348
G1 X62.929 Y164.058 E2832.50838
G1 X65.067 Y164.164 E2832.58314
G1 X169.933 Y164.163 E2836.24539
G1 X172.071 Y164.058 E2836.32014
G1 X174.155 Y163.748 E2836.39372
G1 X176.216 Y163.233 E2836.46791
G1 X178.204 Y162.52 E2836.54167
G1 X180.116 Y161.616 E2836.61553
G1 X181.956 Y160.516 E2836.6904
G1 X183.635 Y159.269 E2836.76343
G1 X185.213 Y157.839 E2836.83781
G1 X186.633 Y156.273 E2836.91163
G1 X187.895 Y154.572 E2836.9856
G1 X188.994 Y152.736 E2837.06033
G1 X189.893 Y150.834 E2837.1338
G1 X190.607 Y148.843 E2837.20766
G1 X191.121 Y146.782 E2837.28185
G1 X191.431 Y144.697 E2837.35546
G1 X191.536 Y142.56 E2837.43018
G1 X191.537 Y118.051 E2838.28611
G1 X191.503 Y117.797 E2838.29506
G1 X191.418 Y117.591 E2838.30285
G1 X191.275 Y117.405 E2838.31104
G1 X191.091 Y117.264 E2838.31913
G1 X190.878 Y117.177 E2838.32717
G1 X190.632 Y117.143 E2838.33584
G1 X189.225 Y117.143 E2838.38498
G1 X189.128 Y117.088 E2838.38887
G1 X189.063 Y116.968 E2838.39364
G1 X189.066 Y111.624 E2838.58027
G1 X189.19 Y111.464 E2838.58734
G1 X191.537 Y111.464 E2838.6693
G1 X191.537 Y76.195 E2839.90101
G1 X191.449 Y75.296 E2839.93255
G1 X191.186 Y74.431 E2839.96413
G1 X190.763 Y73.64 E2839.99545
G1 X190.19 Y72.945 E2840.02691
G1 X189.495 Y72.372 E2840.05837
G1 X188.704 Y71.949 E2840.08969
G1 X187.839 Y71.686 E2840.12127
G1 X186.94 Y71.598 E2840.15281
G1 X48.06 Y71.598 E2845.00294
G1 X47.161 Y71.686 E2845.03449
G1 X46.296 Y71.949 E2845.06606
G1 X45.505 Y72.372 E2845.09739
G1 X44.81 Y72.945 E2845.12884
G1 X44.237 Y73.64 E2845.1603
G1 X43.814 Y74.431 E2845.19163
G1 X43.551 Y75.296 E2845.2232
G1 X43.463 Y76.195 E2845.25475
G1 X43.463 Y111.464 E2846.48645
G1 X45.775 Y111.464 E2846.56719
G1 X45.875 Y111.522 E2846.57123
G1 X45.937 Y111.638 E2846.57582
G1 X45.931 Y116.994 E2846.76287
G1 X45.872 Y117.088 E2846.76675
G1 X45.775 Y117.143 E2846.77064
G1 X44.368 Y117.143 E2846.81978
G1 X44.122 Y117.177 E2846.82845
G1 X43.909 Y117.264 E2846.83649
G1 X43.725 Y117.405 E2846.84458
G1 X43.582 Y117.591 E2846.85278
G1 X43.497 Y117.797 E2846.86056
M204 S1000
G0 F9000 X43.471 Y117.995
G0 X44.219 Y118.106
;TYPE:SKIN
G1 F2100 X44.248 Y117.974 E2846.86528
G1 X44.427 Y117.899 E2846.87206
G1 X45.766 Y117.894 E2846.91882
G1 X46.18 Y117.785 E2846.93377
G1 X46.504 Y117.51 E2846.94861
G1 X46.645 Y117.243 E2846.95915
G1 X46.688 Y117.043 E2846.9663
G1 X46.695 Y111.647 E2847.15474
G1 X46.618 Y111.291 E2847.16746
G1 X46.491 Y111.082 E2847.17601
G1 X46.19 Y110.828 E2847.18976
G1 X45.773 Y110.714 E2847.20486
G1 X44.219 Y110.708 E2847.25913
G1 X44.219 Y76.228 E2848.46328
G1 X44.295 Y75.448 E2848.49065
G1 X44.516 Y74.728 E2848.51695
G1 X44.873 Y74.057 E2848.54349
G1 X45.347 Y73.482 E2848.56952
G1 X45.922 Y73.008 E2848.59554
G1 X46.593 Y72.651 E2848.62209
G1 X47.313 Y72.43 E2848.64839
G1 X48.093 Y72.354 E2848.67576
G1 X186.907 Y72.354 E2853.52358
G1 X187.687 Y72.43 E2853.55095
G1 X188.407 Y72.651 E2853.57725
G1 X189.078 Y73.008 E2853.60379
G1 X189.653 Y73.482 E2853.62982
G1 X190.127 Y74.057 E2853.65584
G1 X190.484 Y74.728 E2853.68239
G1 X190.705 Y75.448 E2853.70869
G1 X190.781 Y76.228 E2853.73606
G1 X190.781 Y110.708 E2854.94021
G1 X189.227 Y110.714 E2854.99448
G1 X188.813 Y110.825 E2855.00945
G1 X188.535 Y111.045 E2855.02183
G1 X188.397 Y111.261 E2855.03078
G1 X188.311 Y111.57 E2855.04198
G1 X188.308 Y117.059 E2855.23367
G1 X188.449 Y117.436 E2855.24773
G1 X188.733 Y117.733 E2855.26208
G1 X189.126 Y117.9 E2855.27699
G1 X190.65 Y117.9 E2855.33022
G1 X190.78 Y118.027 E2855.33656
G1 X190.779 Y142.533 E2856.19239
G1 X190.677 Y144.63 E2856.26571
G1 X190.378 Y146.63 E2856.33633
G1 X189.882 Y148.625 E2856.40813
G1 X189.194 Y150.543 E2856.47929
G1 X188.333 Y152.365 E2856.54966
G1 X187.262 Y154.155 E2856.62251
G1 X186.044 Y155.796 E2856.69388
G1 X184.677 Y157.303 E2856.76494
G1 X183.158 Y158.681 E2856.83656
G1 X181.539 Y159.883 E2856.90698
G1 X179.752 Y160.951 E2856.97969
G1 X177.908 Y161.822 E2857.05091
G1 X175.997 Y162.508 E2857.12181
G1 X174.002 Y163.005 E2857.19362
G1 X172.004 Y163.304 E2857.26417
G1 X169.906 Y163.406 E2857.33752
G1 X65.094 Y163.408 E2860.99789
G1 X62.995 Y163.304 E2861.07128
G1 X60.998 Y163.005 E2861.1418
G1 X59.003 Y162.508 E2861.2136
G1 X57.092 Y161.822 E2861.28451
G1 X55.248 Y160.951 E2861.35573
G1 X53.461 Y159.883 E2861.42843
G1 X51.842 Y158.681 E2861.49885
G1 X50.323 Y157.303 E2861.57048
G1 X48.956 Y155.796 E2861.64153
G1 X47.738 Y154.155 E2861.7129
G1 X46.667 Y152.365 E2861.78575
G1 X45.806 Y150.543 E2861.85613
G1 X45.118 Y148.625 E2861.92729
G1 X44.622 Y146.63 E2861.99908
G1 X44.323 Y144.631 E2862.06967
G1 X44.221 Y142.565 E2862.14191
G1 X44.219 Y118.106 E2862.9961
G1 F1500 E2861.9961
G0 F9000 X48.476 Y154.796
G1 F1500 E2862.9961
G1 F2100 X52.835 Y159.155 E2863.21138
G1 X52.909 Y159.229
G0 F9000 X54.576 Y160.303
G1 F2100 X47.32 Y153.046 E2863.56977
G1 X47.246 Y152.972
G0 F9000 X46.6 Y151.733
G1 F2100 X55.886 Y161.018 E2864.02837
G1 X55.96 Y161.092
G0 F9000 X57.011 Y161.55
G1 F2100 X46.068 Y150.606 E2864.56886
G1 X45.994 Y150.532
G0 F9000 X45.71 Y149.655
G1 F2100 X57.967 Y161.911 E2865.17419
G1 X58.041 Y161.985
G0 F9000 X58.893 Y162.244
G1 F2100 X45.378 Y148.729 E2865.84168
G1 X45.304 Y148.655
G0 F9000 X45.158 Y147.915
G1 F2100 X59.708 Y162.465 E2866.56029
G0 F9000 X60.499 Y162.662
G1 F2100 X44.962 Y147.125 E2867.32764
G0 F9000 X44.793 Y146.362
G1 F2100 X61.262 Y162.831 E2868.14102
G0 F9000 X61.96 Y162.935
G1 F2100 X44.689 Y145.664 E2868.99402
G0 F9000 X44.585 Y144.966
G1 F2100 X62.659 Y163.04 E2869.88667
G0 F9000 X63.321 Y163.108
G1 F2100 X44.516 Y144.303 E2870.81543
G0 F9000 X44.485 Y143.678
G1 F2100 X63.946 Y163.139 E2871.77658
G0 F9000 X64.571 Y163.17
G1 F2100 X44.455 Y143.054 E2872.77009
G0 F9000 X44.431 Y142.436
G1 F2100 X65.191 Y163.196 E2873.7954
G0 F9000 X65.785 Y163.196
G1 F2100 X44.431 Y141.842 E2874.85004
G0 F9000 X44.431 Y141.248
G1 F2100 X66.379 Y163.196 E2875.93403
G0 F9000 X66.973 Y163.196
G1 F2100 X44.431 Y140.654 E2877.04735
G0 F9000 X44.431 Y140.06
G1 F2100 X67.567 Y163.196 E2878.19001
G0 F9000 X68.161 Y163.196
G1 F2100 X44.431 Y139.466 E2879.36201
G0 F9000 X44.431 Y138.872
G1 F2100 X68.755 Y163.196 E2880.56334
G0 F9000 X69.349 Y163.196
G1 F2100 X44.431 Y138.278 E2881.79401
G0 F9000 X44.431 Y137.684
G1 F2100 X69.943 Y163.196 E2883.05401
G0 F9000 X70.537 Y163.196
G1 F2100 X44.431 Y137.09 E2884.34336
G0 F9000 X44.431 Y136.496
G1 F2100 X71.131 Y163.196 E2885.66204
G0 F9000 X71.725 Y163.196
G1 F2100 X44.431 Y135.902 E2887.01006
G0 F9000 X44.431 Y135.308
G1 F2100 X72.319 Y163.196 E2888.38741
G0 F9000 X72.913 Y163.196
G1 F2100 X44.431 Y134.714 E2889.7941
G0 F9000 X44.431 Y134.121
G1 F2100 X73.507 Y163.196 E2891.23011
G0 F9000 X74.101 Y163.196
G1 F2100 X44.431 Y133.527 E2892.69545
G0 F9000 X44.431 Y132.933
G1 F2100 X74.695 Y163.196 E2894.19012
G0 F9000 X75.289 Y163.196
G1 F2100 X44.431 Y132.339 E2895.71414
G0 F9000 X44.431 Y131.745
G1 F2100 X75.883 Y163.196 E2897.26749
G0 F9000 X76.477 Y163.196
G1 F2100 X44.431 Y131.151 E2898.85018
G0 F9000 X44.431 Y130.557
G1 F2100 X77.071 Y163.196 E2900.4622
G0 F9000 X77.665 Y163.196
G1 F2100 X44.431 Y129.963 E2902.10356
G0 F9000 X44.431 Y129.369
G1 F2100 X78.259 Y163.196 E2903.77426
G0 F9000 X78.853 Y163.196
G1 F2100 X44.431 Y128.775 E2905.4743
G0 F9000 X44.431 Y128.181
G1 F2100 X79.446 Y163.196 E2907.20365
G0 F9000 X80.04 Y163.196
G1 F2100 X44.431 Y127.587 E2908.96233
G0 F9000 X44.431 Y126.993
G1 F2100 X80.634 Y163.196 E2910.75035
G0 F9000 X81.228 Y163.196
G1 F2100 X44.431 Y126.399 E2912.56771
G0 F9000 X44.432 Y125.806
G1 F2100 X81.822 Y163.196 E2914.41436
G0 F9000 X82.416 Y163.196
G1 F2100 X44.432 Y125.212 E2916.29034
G0 F9000 X44.432 Y124.618
G1 F2100 X83.01 Y163.196 E2918.19566
G0 F9000 X83.604 Y163.196
G1 F2100 X44.432 Y124.024 E2920.13032
G0 F9000 X44.432 Y123.43
G1 F2100 X84.198 Y163.196 E2922.09432
G0 F9000 X84.792 Y163.196
G1 F2100 X44.432 Y122.836 E2924.08765
G0 F9000 X44.432 Y122.242
G1 F2100 X85.386 Y163.196 E2926.11031
G0 F9000 X85.98 Y163.196
G1 F2100 X44.432 Y121.648 E2928.16232
G0 F9000 X44.432 Y121.054
G1 F2100 X86.574 Y163.196 E2930.24366
G0 F9000 X87.168 Y163.196
G1 F2100 X44.432 Y120.46 E2932.35434
G0 F9000 X44.432 Y119.866
G1 F2100 X87.762 Y163.196 E2934.49436
G0 F9000 X88.356 Y163.196
G1 F2100 X44.432 Y119.272 E2936.66371
G0 F9000 X44.432 Y118.678
G1 F2100 X88.95 Y163.196 E2938.8624
G0 F9000 X89.544 Y163.196
G1 F2100 X44.46 Y118.112 E2941.08904
G0 F9000 X45.052 Y118.11
G1 F2100 X90.138 Y163.196 E2943.31579
G0 F9000 X90.732 Y163.196
G1 F2100 X45.644 Y118.108 E2945.54263
G0 F9000 X46.134 Y118.004
G1 F2100 X91.326 Y163.196 E2947.7746
G0 F9000 X91.92 Y163.196
G1 F2100 X46.507 Y117.784 E2950.01747
G0 F9000 X46.769 Y117.451
G1 F2100 X92.514 Y163.196 E2952.27676
G0 F9000 X93.108 Y163.196
G1 F2100 X46.896 Y116.985 E2954.55909
G0 F9000 X46.897 Y116.391
G1 F2100 X93.702 Y163.196 E2956.87073
G0 F9000 X94.296 Y163.196
G1 F2100 X46.898 Y115.798 E2959.21166
G0 F9000 X46.898 Y115.205
G1 F2100 X94.89 Y163.196 E2961.5819
G0 F9000 X95.484 Y163.196
G1 F2100 X46.899 Y114.612 E2963.98143
G0 F9000 X46.9 Y114.019
G1 F2100 X96.078 Y163.196 E2966.41025
G0 F9000 X96.672 Y163.196
G1 F2100 X46.901 Y113.426 E2968.86836
G0 F9000 X46.902 Y112.833
G1 F2100 X97.266 Y163.196 E2971.35575
G0 F9000 X97.86 Y163.196
G1 F2100 X46.903 Y112.239 E2973.87245
G0 F9000 X46.903 Y111.646
G1 F2100 X98.454 Y163.196 E2976.41847
G0 F9000 X99.047 Y163.196
G1 F2100 X44.428 Y108.577 E2979.11603
G0 F9000 X44.428 Y109.171
G1 F2100 X45.754 Y110.496 E2979.1815
G0 F9000 X45.16 Y110.496
G1 F2100 X44.428 Y109.765 E2979.21763
G0 F9000 X44.428 Y110.359
G1 F2100 X44.566 Y110.496 E2979.22442
G0 F9000 X44.428 Y107.983
G1 F2100 X99.641 Y163.196 E2981.95132
G0 F9000 X100.235 Y163.196
G1 F2100 X44.428 Y107.389 E2984.70756
G0 F9000 X44.428 Y106.795
G1 F2100 X100.829 Y163.196 E2987.49314
G0 F9000 X101.423 Y163.196
G1 F2100 X44.428 Y106.201 E2990.30805
G0 F9000 X44.428 Y105.607
G1 F2100 X102.017 Y163.196 E2993.1523
G0 F9000 X102.611 Y163.196
G1 F2100 X44.428 Y105.013 E2996.02589
G0 F9000 X44.428 Y104.419
G1 F2100 X103.205 Y163.196 E2998.92881
G0 F9000 X103.799 Y163.196
G1 F2100 X44.428 Y103.825 E3001.86107
G0 F9000 X44.428 Y103.231
G1 F2100 X104.393 Y163.196 E3004.82267
G0 F9000 X104.987 Y163.196
G1 F2100 X44.428 Y102.637 E3007.81361
G0 F9000 X44.428 Y102.043
G1 F2100 X105.581 Y163.196 E3010.83388
G0 F9000 X106.175 Y163.196
G1 F2100 X44.428 Y101.45 E3013.88346
G0 F9000 X44.428 Y100.856
G1 F2100 X106.769 Y163.196 E3016.96238
G0 F9000 X107.363 Y163.196
G1 F2100 X44.428 Y100.262 E3020.07064
G0 F9000 X44.428 Y99.668
G1 F2100 X107.957 Y163.196 E3023.20824
G0 F9000 X108.551 Y163.196
G1 F2100 X44.428 Y99.074 E3026.37517
G0 F9000 X44.428 Y98.48
G1 F2100 X109.145 Y163.196 E3029.57144
G0 F9000 X109.739 Y163.196
G1 F2100 X44.428 Y97.886 E3032.79704
G0 F9000 X44.428 Y97.292
G1 F2100 X110.333 Y163.196 E3036.05199
G0 F9000 X110.927 Y163.196
G1 F2100 X44.428 Y96.698 E3039.33627
G0 F9000 X44.428 Y96.104
G1 F2100 X111.521 Y163.196 E3042.64988
G0 F9000 X112.115 Y163.196
G1 F2100 X44.428 Y95.51 E3045.99284
G0 F9000 X44.428 Y94.916
G1 F2100 X112.709 Y163.196 E3049.36513
G0 F9000 X113.303 Y163.196
G1 F2100 X44.428 Y94.322 E3052.76676
G0 F9000 X44.428 Y93.728
G1 F2100 X113.897 Y163.196 E3056.19772
G0 F9000 X114.491 Y163.196
G1 F2100 X44.428 Y93.134 E3059.65802
G0 F9000 X44.428 Y92.54
G1 F2100 X115.085 Y163.196 E3063.14766
G0 F9000 X115.679 Y163.196
G1 F2100 X44.428 Y91.946 E3066.66664
G0 F9000 X44.428 Y91.352
G1 F2100 X116.273 Y163.196 E3070.21495
G0 F9000 X116.867 Y163.196
G1 F2100 X44.428 Y90.758 E3073.7926
G0 F9000 X44.428 Y90.164
G1 F2100 X117.461 Y163.196 E3077.39958
G0 F9000 X118.054 Y163.196
G1 F2100 X44.428 Y89.57 E3081.03588
G0 F9000 X44.428 Y88.976
G1 F2100 X118.648 Y163.196 E3084.70152
G0 F9000 X119.242 Y163.196
G1 F2100 X44.428 Y88.382 E3088.39649
G0 F9000 X44.428 Y87.788
G1 F2100 X119.836 Y163.196 E3092.1208
G0 F9000 X120.43 Y163.196
G1 F2100 X44.428 Y87.194 E3095.87444
G0 F9000 X44.428 Y86.6
G1 F2100 X121.024 Y163.196 E3099.65743
G0 F9000 X121.618 Y163.196
G1 F2100 X44.428 Y86.006 E3103.46975
G0 F9000 X44.428 Y85.412
G1 F2100 X122.212 Y163.196 E3107.3114
G0 F9000 X122.806 Y163.196
G1 F2100 X44.428 Y84.818 E3111.1824
G0 F9000 X44.428 Y84.224
G1 F2100 X123.4 Y163.196 E3115.08273
G0 F9000 X123.994 Y163.196
G1 F2100 X44.428 Y83.63 E3119.0124
G0 F9000 X44.428 Y83.036
G1 F2100 X124.587 Y163.196 E3122.97138
G0 F9000 X125.181 Y163.196
G1 F2100 X44.428 Y82.442 E3126.95969
G0 F9000 X44.428 Y81.849
G1 F2100 X125.775 Y163.196 E3130.97732
G0 F9000 X126.369 Y163.196
G1 F2100 X44.428 Y81.255 E3135.02429
G0 F9000 X44.428 Y80.661
G1 F2100 X126.963 Y163.196 E3139.10059
G0 F9000 X127.557 Y163.196
G1 F2100 X44.428 Y80.067 E3143.20623
G0 F9000 X44.428 Y79.473
G1 F2100 X128.151 Y163.196 E3147.34121
G0 F9000 X128.745 Y163.196
G1 F2100 X44.428 Y78.879 E3151.50552
G0 F9000 X44.428 Y78.285
G1 F2100 X129.339 Y163.196 E3155.69917
G0 F9000 X129.933 Y163.196
G1 F2100 X44.428 Y77.691 E3159.92216
G0 F9000 X44.428 Y77.097
G1 F2100 X130.527 Y163.196 E3164.17449
G0 F9000 X131.121 Y163.196
G1 F2100 X44.428 Y76.503 E3168.45615
G0 F9000 X44.457 Y75.938
G1 F2100 X131.715 Y163.196 E3172.76571
G0 F9000 X132.309 Y163.196
G1 F2100 X44.525 Y75.411 E3177.10128
G0 F9000 X44.665 Y74.957
G1 F2100 X132.903 Y163.196 E3181.45928
G0 F9000 X133.497 Y163.196
G1 F2100 X44.85 Y74.548 E3185.83747
G0 F9000 X45.058 Y74.163
G1 F2100 X134.091 Y163.196 E3190.2347
G0 F9000 X134.685 Y163.196
G1 F2100 X45.326 Y73.837 E3194.64803
G0 F9000 X45.616 Y73.532
G1 F2100 X135.279 Y163.196 E3199.0764
G0 F9000 X135.873 Y163.196
G1 F2100 X45.942 Y73.264 E3203.51801
G0 F9000 X46.311 Y73.039
G1 F2100 X136.467 Y163.196 E3207.97073
G0 F9000 X137.061 Y163.196
G1 F2100 X46.702 Y72.836 E3212.43347
G0 F9000 X47.156 Y72.697
G1 F2100 X137.655 Y163.196 E3216.90311
G0 F9000 X138.249 Y163.196
G1 F2100 X47.659 Y72.606 E3221.37724
G0 F9000 X48.211 Y72.564
G1 F2100 X138.843 Y163.196 E3225.85344
G0 F9000 X139.437 Y163.196
G1 F2100 X48.805 Y72.564 E3230.32965
G0 F9000 X49.399 Y72.564
G1 F2100 X140.031 Y163.196 E3234.80585
G0 F9000 X140.625 Y163.196
G1 F2100 X49.993 Y72.564 E3239.28205
G0 F9000 X50.587 Y72.564
G1 F2100 X141.219 Y163.196 E3243.75826
G0 F9000 X141.813 Y163.196
G1 F2100 X51.181 Y72.564 E3248.23446
G0 F9000 X51.775 Y72.564
G1 F2100 X142.407 Y163.196 E3252.71067
G0 F9000 X143.001 Y163.196
G1 F2100 X52.369 Y72.564 E3257.18687
G0 F9000 X52.963 Y72.564
G1 F2100 X143.595 Y163.196 E3261.66307
G0 F9000 X144.188 Y163.196
G1 F2100 X53.556 Y72.564 E3266.13928
G0 F9000 X54.15 Y72.564
G1 F2100 X144.782 Y163.196 E3270.61548
G0 F9000 X145.376 Y163.196
G1 F2100 X54.744 Y72.564 E3275.09169
G0 F9000 X55.338 Y72.564
G1 F2100 X145.97 Y163.196 E3279.56789
G0 F9000 X146.564 Y163.196
G1 F2100 X55.932 Y72.564 E3284.04409
G0 F9000 X56.526 Y72.564
G1 F2100 X147.158 Y163.196 E3288.5203
G0 F9000 X147.752 Y163.196
G1 F2100 X57.12 Y72.564 E3292.9965
G0 F9000 X57.714 Y72.564
G1 F2100 X148.346 Y163.196 E3297.47271
G0 F9000 X148.94 Y163.196
G1 F2100 X58.308 Y72.564 E3301.94891
G0 F9000 X58.902 Y72.564
G1 F2100 X149.534 Y163.196 E3306.42511
G0 F9000 X150.128 Y163.196
G1 F2100 X59.496 Y72.564 E3310.90132
G0 F9000 X60.09 Y72.564
G1 F2100 X150.722 Y163.196 E3315.37752
G0 F9000 X151.316 Y163.196
G1 F2100 X60.684 Y72.564 E3319.85373
G0 F9000 X61.278 Y72.564
G1 F2100 X151.91 Y163.196 E3324.32993
G0 F9000 X152.504 Y163.196
G1 F2100 X61.872 Y72.564 E3328.80613
G0 F9000 X62.466 Y72.564
G1 F2100 X153.098 Y163.196 E3333.28234
G0 F9000 X153.692 Y163.196
G1 F2100 X63.06 Y72.564 E3337.75854
G0 F9000 X63.654 Y72.564
G1 F2100 X154.286 Y163.196 E3342.23475
G0 F9000 X154.88 Y163.196
G1 F2100 X64.248 Y72.564 E3346.71095
G0 F9000 X64.842 Y72.564
G1 F2100 X155.474 Y163.196 E3351.18715
G0 F9000 X156.068 Y163.196
G1 F2100 X65.436 Y72.564 E3355.66336
G0 F9000 X66.03 Y72.564
G1 F2100 X156.662 Y163.196 E3360.13956
G0 F9000 X157.256 Y163.196
G1 F2100 X66.624 Y72.564 E3364.61577
G0 F9000 X67.218 Y72.564
G1 F2100 X157.85 Y163.196 E3369.09197
G0 F9000 X158.444 Y163.196
G1 F2100 X67.812 Y72.564 E3373.56817
G0 F9000 X68.406 Y72.564
G1 F2100 X159.038 Y163.196 E3378.04438
G0 F9000 X159.632 Y163.196
G1 F2100 X69 Y72.564 E3382.52058
G0 F9000 X69.594 Y72.564
G1 F2100 X160.226 Y163.196 E3386.99679
G0 F9000 X160.82 Y163.196
G1 F2100 X70.188 Y72.564 E3391.47299
G0 F9000 X70.782 Y72.564
G1 F2100 X161.414 Y163.196 E3395.94919
G0 F9000 X162.008 Y163.196
G1 F2100 X71.376 Y72.564 E3400.4254
G0 F9000 X71.97 Y72.564
G1 F2100 X162.602 Y163.196 E3404.9016
G0 F9000 X163.196 Y163.196
G1 F2100 X72.564 Y72.564 E3409.37781
G0 F9000 X73.157 Y72.564
G1 F2100 X163.789 Y163.196 E3413.85401
G0 F9000 X164.383 Y163.196
G1 F2100 X73.751 Y72.564 E3418.33021
G0 F9000 X74.345 Y72.564
G1 F2100 X164.977 Y163.196 E3422.80642
G0 F9000 X165.571 Y163.196
G1 F2100 X74.939 Y72.564 E3427.28262
G0 F9000 X75.533 Y72.564
G1 F2100 X166.165 Y163.196 E3431.75883
G0 F9000 X166.759 Y163.196
G1 F2100 X76.127 Y72.564 E3436.23503
G0 F9000 X76.721 Y72.564
G1 F2100 X167.353 Y163.196 E3440.71123
G0 F9000 X167.947 Y163.196
G1 F2100 X77.315 Y72.564 E3445.18744
G0 F9000 X77.909 Y72.564
G1 F2100 X168.541 Y163.196 E3449.66364
G0 F9000 X169.135 Y163.196
G1 F2100 X78.503 Y72.564 E3454.13985
G0 F9000 X79.097 Y72.564
G1 F2100 X169.729 Y163.196 E3458.61605
G0 F9000 X170.303 Y163.175
G1 F2100 X79.691 Y72.564 E3463.09124
G0 F9000 X80.285 Y72.564
G1 F2100 X170.869 Y163.147 E3467.56505
G0 F9000 X171.435 Y163.12
G1 F2100 X80.879 Y72.564 E3472.0375
G0 F9000 X81.473 Y72.564
G1 F2100 X172 Y163.091 E3476.50852
G0 F9000 X172.517 Y163.014
G1 F2100 X82.067 Y72.564 E3480.97573
G0 F9000 X82.661 Y72.564
G1 F2100 X173.034 Y162.937 E3485.43915
G0 F9000 X173.55 Y162.859
G1 F2100 X83.255 Y72.564 E3489.89871
G0 F9000 X83.849 Y72.564
G1 F2100 X174.057 Y162.772 E3494.35397
G0 F9000 X174.533 Y162.654
G1 F2100 X84.443 Y72.564 E3498.8034
G0 F9000 X85.037 Y72.564
G1 F2100 X175.009 Y162.536 E3503.24701
G0 F9000 X175.484 Y162.417
G1 F2100 X85.631 Y72.564 E3507.68474
G0 F9000 X86.225 Y72.564
G1 F2100 X175.958 Y162.297 E3512.11655
G0 F9000 X176.395 Y162.14
G1 F2100 X86.819 Y72.564 E3516.54059
G0 F9000 X87.413 Y72.564
G1 F2100 X176.833 Y161.984 E3520.95694
G0 F9000 X177.27 Y161.827
G1 F2100 X88.007 Y72.564 E3525.36553
G0 F9000 X88.601 Y72.564
G1 F2100 X177.707 Y161.67 E3529.76637
G0 F9000 X178.119 Y161.488
G1 F2100 X89.195 Y72.564 E3534.15821
G0 F9000 X89.789 Y72.564
G1 F2100 X178.523 Y161.298 E3538.54068
G0 F9000 X178.926 Y161.107
G1 F2100 X90.383 Y72.564 E3542.91371
G0 F9000 X90.977 Y72.564
G1 F2100 X179.329 Y160.916 E3547.27731
G0 F9000 X179.726 Y160.719
G1 F2100 X91.571 Y72.564 E3551.63118
G0 F9000 X92.165 Y72.564
G1 F2100 X180.098 Y160.497 E3555.97408
G0 F9000 X180.47 Y160.275
G1 F2100 X92.758 Y72.564 E3560.30604
G0 F9000 X93.352 Y72.564
G1 F2100 X180.841 Y160.052 E3564.62699
G0 F9000 X181.213 Y159.83
G1 F2100 X93.946 Y72.564 E3568.93698
G0 F9000 X94.54 Y72.564
G1 F2100 X181.572 Y159.595 E3573.23536
G0 F9000 X181.913 Y159.342
G1 F2100 X95.134 Y72.564 E3577.52124
G0 F9000 X95.728 Y72.564
G1 F2100 X182.254 Y159.089 E3581.79463
G0 F9000 X182.595 Y158.836
G1 F2100 X96.322 Y72.564 E3586.05553
G0 F9000 X96.916 Y72.564
G1 F2100 X182.936 Y158.583 E3590.30392
G0 F9000 X183.255 Y158.308
G1 F2100 X97.51 Y72.564 E3594.53874
G0 F9000 X98.104 Y72.564
G1 F2100 X183.567 Y158.026 E3598.75963
G0 F9000 X183.878 Y157.743
G1 F2100 X98.698 Y72.564 E3602.96654
G0 F9000 X99.292 Y72.564
G1 F2100 X184.189 Y157.46 E3607.15948
G0 F9000 X184.5 Y157.177
G1 F2100 X99.886 Y72.564 E3611.33843
G0 F9000 X100.48 Y72.564
G1 F2100 X184.786 Y156.869 E3615.50218
G0 F9000 X185.068 Y156.558
G1 F2100 X101.074 Y72.564 E3619.65054
G0 F9000 X101.668 Y72.564
G1 F2100 X185.351 Y156.246 E3623.78352
G0 F9000 X185.633 Y155.935
G1 F2100 X102.262 Y72.564 E3627.90111
G0 F9000 X102.856 Y72.564
G1 F2100 X185.913 Y155.62 E3632.00317
G0 F9000 X186.165 Y155.279
G1 F2100 X103.45 Y72.564 E3636.08836
G0 F9000 X104.044 Y72.564
G1 F2100 X186.418 Y154.938 E3640.15671
G0 F9000 X186.671 Y154.597
G1 F2100 X104.638 Y72.564 E3644.20822
G0 F9000 X105.232 Y72.564
G1 F2100 X186.924 Y154.256 E3648.24289
G0 F9000 X187.166 Y153.904
G1 F2100 X105.826 Y72.564 E3652.26017
G0 F9000 X106.42 Y72.564
G1 F2100 X187.388 Y153.532 E3656.25908
G0 F9000 X187.611 Y153.161
G1 F2100 X107.014 Y72.564 E3660.23967
G0 F9000 X107.608 Y72.564
G1 F2100 X187.834 Y152.79 E3664.20194
G0 F9000 X188.057 Y152.418
G1 F2100 X108.202 Y72.564 E3668.14585
G0 F9000 X108.796 Y72.564
G1 F2100 X188.26 Y152.028 E3672.07048
G0 F9000 X188.451 Y151.624
G1 F2100 X109.39 Y72.564 E3675.97518
G0 F9000 X109.984 Y72.564
G1 F2100 X188.641 Y151.221 E3679.85996
G0 F9000 X188.832 Y150.818
G1 F2100 X110.578 Y72.564 E3683.72483
G0 F9000 X111.172 Y72.564
G1 F2100 X189.017 Y150.409 E3687.5695
G0 F9000 X189.174 Y149.972
G1 F2100 X111.766 Y72.564 E3691.39258
G0 F9000 X112.359 Y72.564
G1 F2100 X189.331 Y149.535 E3695.19411
G0 F9000 X189.488 Y149.098
G1 F2100 X112.953 Y72.564 E3698.97406
G0 F9000 X113.547 Y72.564
G1 F2100 X189.645 Y148.661 E3702.73242
G0 F9000 X189.771 Y148.193
G1 F2100 X114.141 Y72.564 E3706.46767
G0 F9000 X114.735 Y72.564
G1 F2100 X189.889 Y147.717 E3710.17941
G0 F9000 X190.007 Y147.241
G1 F2100 X115.329 Y72.564 E3713.86764
G0 F9000 X115.923 Y72.564
G1 F2100 X190.126 Y146.766 E3717.53241
G0 F9000 X190.218 Y146.265
G1 F2100 X116.517 Y72.564 E3721.17241
G0 F9000 X117.111 Y72.564
G1 F2100 X190.296 Y145.748 E3724.78691
G0 F9000 X190.373 Y145.231
G1 F2100 X117.705 Y72.564 E3728.37587
G0 F9000 X118.299 Y72.564
G1 F2100 X190.451 Y144.715 E3731.93934
G0 F9000 X190.488 Y144.158
G1 F2100 X118.893 Y72.564 E3735.47531
G0 F9000 X119.487 Y72.564
G1 F2100 X190.516 Y143.592 E3738.98332
G0 F9000 X190.544 Y143.026
G1 F2100 X120.081 Y72.564 E3742.46337
G0 F9000 X120.675 Y72.564
G1 F2100 X190.568 Y142.457 E3745.9153
G0 F9000 X190.568 Y141.863
G1 F2100 X121.269 Y72.564 E3749.3379
G0 F9000 X121.863 Y72.564
G1 F2100 X190.568 Y141.269 E3752.73115
G0 F9000 X190.568 Y140.675
G1 F2100 X122.457 Y72.564 E3756.09507
G0 F9000 X123.051 Y72.564
G1 F2100 X190.568 Y140.081 E3759.42965
G0 F9000 X190.568 Y139.487
G1 F2100 X123.645 Y72.564 E3762.7349
G0 F9000 X124.239 Y72.564
G1 F2100 X190.568 Y138.893 E3766.01081
G0 F9000 X190.568 Y138.299
G1 F2100 X124.833 Y72.564 E3769.25738
G0 F9000 X125.427 Y72.564
G1 F2100 X190.568 Y137.705 E3772.47461
G0 F9000 X190.568 Y137.111
G1 F2100 X126.021 Y72.564 E3775.66251
G0 F9000 X126.615 Y72.564
G1 F2100 X190.568 Y136.517 E3778.82107
G0 F9000 X190.568 Y135.923
G1 F2100 X127.209 Y72.564 E3781.9503
G0 F9000 X127.803 Y72.564
G1 F2100 X190.568 Y135.329 E3785.05018
G0 F9000 X190.568 Y134.735
G1 F2100 X128.397 Y72.564 E3788.12073
G0 F9000 X128.991 Y72.564
G1 F2100 X190.568 Y134.141 E3791.16195
G0 F9000 X190.568 Y133.547
G1 F2100 X129.585 Y72.564 E3794.17382
G0 F9000 X130.179 Y72.564
G1 F2100 X190.568 Y132.953 E3797.15636
G0 F9000 X190.568 Y132.359
G1 F2100 X130.773 Y72.564 E3800.10956
G0 F9000 X131.367 Y72.564
G1 F2100 X190.568 Y131.765 E3803.03343
G0 F9000 X190.568 Y131.171
G1 F2100 X131.96 Y72.564 E3805.92798
G0 F9000 X132.554 Y72.564
G1 F2100 X190.568 Y130.577 E3808.7932
G0 F9000 X190.568 Y129.983
G1 F2100 X133.148 Y72.564 E3811.62908
G0 F9000 X133.742 Y72.564
G1 F2100 X190.568 Y129.389 E3814.43562
G0 F9000 X190.568 Y128.795
G1 F2100 X134.336 Y72.564 E3817.21282
G0 F9000 X134.93 Y72.564
G1 F2100 X190.568 Y128.201 E3819.96069
G0 F9000 X190.568 Y127.608
G1 F2100 X135.524 Y72.564 E3822.67925
G0 F9000 X136.118 Y72.564
G1 F2100 X190.568 Y127.014 E3825.36847
G0 F9000 X190.568 Y126.42
G1 F2100 X136.712 Y72.564 E3828.02835
G0 F9000 X137.306 Y72.564
G1 F2100 X190.568 Y125.826 E3830.6589
G0 F9000 X190.568 Y125.232
G1 F2100 X137.9 Y72.564 E3833.2601
G0 F9000 X138.494 Y72.564
G1 F2100 X190.568 Y124.638 E3835.83197
G0 F9000 X190.568 Y124.044
G1 F2100 X139.088 Y72.564 E3838.37451
G0 F9000 X139.682 Y72.564
G1 F2100 X190.568 Y123.45 E3840.88771
G0 F9000 X190.568 Y122.856
G1 F2100 X140.276 Y72.564 E3843.37157
G0 F9000 X140.87 Y72.564
G1 F2100 X190.568 Y122.262 E3845.82609
G0 F9000 X190.568 Y121.668
G1 F2100 X141.464 Y72.564 E3848.25128
G0 F9000 X142.058 Y72.564
G1 F2100 X190.568 Y121.074 E3850.64713
G0 F9000 X190.568 Y120.48
G1 F2100 X142.652 Y72.564 E3853.01364
G0 F9000 X143.246 Y72.564
G1 F2100 X190.568 Y119.886 E3855.35082
G0 F9000 X190.568 Y119.292
G1 F2100 X189.386 Y118.11 E3855.40919
G0 F9000 X189.98 Y118.11
G1 F2100 X190.568 Y118.698 E3855.43823
G0 F9000 X188.433 Y117.771
G0 X188.096 Y116.819
G1 F2100 X143.84 Y72.564 E3857.62396
G0 F9000 X144.434 Y72.564
G1 F2100 X188.096 Y116.226 E3859.78037
G0 F9000 X188.096 Y115.632
G1 F2100 X145.028 Y72.564 E3861.90745
G0 F9000 X145.622 Y72.564
G1 F2100 X188.097 Y115.039 E3864.00524
G0 F9000 X188.098 Y114.445
G1 F2100 X146.216 Y72.564 E3866.07371
G0 F9000 X146.81 Y72.564
G1 F2100 X188.098 Y113.852 E3868.11288
G0 F9000 X188.098 Y113.258
G1 F2100 X147.404 Y72.564 E3870.1227
G0 F9000 X147.998 Y72.564
G1 F2100 X188.099 Y112.665 E3872.10324
G0 F9000 X188.1 Y112.072
G1 F2100 X148.592 Y72.564 E3874.0545
G0 F9000 X149.186 Y72.564
G1 F2100 X188.117 Y111.495 E3875.97725
G0 F9000 X188.274 Y111.058
G1 F2100 X149.78 Y72.564 E3877.87842
G0 F9000 X150.374 Y72.564
G1 F2100 X188.565 Y110.755 E3879.76463
G0 F9000 X188.97 Y110.566
G1 F2100 X150.968 Y72.564 E3881.6415
G0 F9000 X151.561 Y72.564
G1 F2100 X189.495 Y110.497 E3883.51499
G0 F9000 X190.089 Y110.497
G1 F2100 X152.155 Y72.564 E3885.38848
G0 F9000 X152.749 Y72.564
G1 F2100 X190.57 Y110.384 E3887.25639
G0 F9000 X190.57 Y109.79
G1 F2100 X153.343 Y72.564 E3889.09496
G0 F9000 X153.937 Y72.564
G1 F2100 X190.57 Y109.196 E3890.90419
G0 F9000 X190.57 Y108.602
G1 F2100 X154.531 Y72.564 E3892.68409
G0 F9000 X155.125 Y72.564
G1 F2100 X190.57 Y108.008 E3894.43465
G0 F9000 X190.57 Y107.414
G1 F2100 X155.719 Y72.564 E3896.15588
G0 F9000 X156.313 Y72.564
G1 F2100 X190.57 Y106.82 E3897.84776
G0 F9000 X190.57 Y106.226
G1 F2100 X156.907 Y72.564 E3899.51031
G0 F9000 X157.501 Y72.564
G1 F2100 X190.57 Y105.632 E3901.14353
G0 F9000 X190.57 Y105.038
G1 F2100 X158.095 Y72.564 E3902.7474
G0 F9000 X158.689 Y72.564
G1 F2100 X190.57 Y104.444 E3904.32194
G0 F9000 X190.57 Y103.85
G1 F2100 X159.283 Y72.564 E3905.86714
G0 F9000 X159.877 Y72.564
G1 F2100 X190.57 Y103.256 E3907.38301
G0 F9000 X190.57 Y102.662
G1 F2100 X160.471 Y72.564 E3908.86954
G0 F9000 X161.065 Y72.564
G1 F2100 X190.57 Y102.068 E3910.32673
G0 F9000 X190.57 Y101.474
G1 F2100 X161.659 Y72.564 E3911.75458
G0 F9000 X162.253 Y72.564
G1 F2100 X190.57 Y100.88 E3913.1531
G0 F9000 X190.57 Y100.286
G1 F2100 X162.847 Y72.564 E3914.52228
G0 F9000 X163.441 Y72.564
G1 F2100 X190.57 Y99.692 E3915.86212
G0 F9000 X190.57 Y99.098
G1 F2100 X164.035 Y72.564 E3917.17263
G0 F9000 X164.629 Y72.564
G1 F2100 X190.57 Y98.504 E3918.4538
G0 F9000 X190.57 Y97.91
G1 F2100 X165.223 Y72.564 E3919.70563
G0 F9000 X165.817 Y72.564
G1 F2100 X190.57 Y97.316 E3920.92813
G0 F9000 X190.57 Y96.723
G1 F2100 X166.411 Y72.564 E3922.12131
G0 F9000 X167.005 Y72.564
G1 F2100 X190.57 Y96.129 E3923.28516
G0 F9000 X190.57 Y95.535
G1 F2100 X167.599 Y72.564 E3924.41967
G0 F9000 X168.193 Y72.564
G1 F2100 X190.57 Y94.941 E3925.52484
G0 F9000 X190.57 Y94.347
G1 F2100 X168.787 Y72.564 E3926.60068
G0 F9000 X169.381 Y72.564
G1 F2100 X190.57 Y93.753 E3927.64718
G0 F9000 X190.57 Y93.159
G1 F2100 X169.975 Y72.564 E3928.66434
G0 F9000 X170.569 Y72.564
G1 F2100 X190.57 Y92.565 E3929.65216
G0 F9000 X190.57 Y91.971
G1 F2100 X171.162 Y72.564 E3930.61068
G0 F9000 X171.756 Y72.564
G1 F2100 X190.57 Y91.377 E3931.53985
G0 F9000 X190.57 Y90.783
G1 F2100 X172.35 Y72.564 E3932.43969
G0 F9000 X172.944 Y72.564
G1 F2100 X190.57 Y90.189 E3933.31019
G0 F9000 X190.57 Y89.595
G1 F2100 X173.538 Y72.564 E3934.15136
G0 F9000 X174.132 Y72.564
G1 F2100 X190.57 Y89.001 E3934.96318
G0 F9000 X190.57 Y88.407
G1 F2100 X174.726 Y72.564 E3935.74568
G0 F9000 X175.32 Y72.564
G1 F2100 X190.57 Y87.813 E3936.49883
G0 F9000 X190.57 Y87.219
G1 F2100 X175.914 Y72.564 E3937.22265
G0 F9000 X176.508 Y72.564
G1 F2100 X190.57 Y86.625 E3937.91713
G0 F9000 X190.57 Y86.031
G1 F2100 X177.102 Y72.564 E3938.58227
G0 F9000 X177.696 Y72.564
G1 F2100 X190.57 Y85.437 E3939.21808
G0 F9000 X190.57 Y84.843
G1 F2100 X178.29 Y72.564 E3939.82455
G0 F9000 X178.884 Y72.564
G1 F2100 X190.57 Y84.249 E3940.40168
G0 F9000 X190.57 Y83.655
G1 F2100 X179.478 Y72.564 E3940.94948
G0 F9000 X180.072 Y72.564
G1 F2100 X190.57 Y83.061 E3941.46793
G0 F9000 X190.57 Y82.467
G1 F2100 X180.666 Y72.564 E3941.95706
G0 F9000 X181.26 Y72.564
G1 F2100 X190.57 Y81.873 E3942.41684
G0 F9000 X190.57 Y81.279
G1 F2100 X181.854 Y72.564 E3942.84729
G0 F9000 X182.448 Y72.564
G1 F2100 X190.57 Y80.685 E3943.2484
G0 F9000 X190.57 Y80.091
G1 F2100 X183.042 Y72.564 E3943.62017
G0 F9000 X183.636 Y72.564
G1 F2100 X190.57 Y79.497 E3943.96261
G0 F9000 X190.57 Y78.903
G1 F2100 X184.23 Y72.564 E3944.27571
G0 F9000 X184.824 Y72.564
G1 F2100 X190.57 Y78.309 E3944.55947
G0 F9000 X190.57 Y77.715
G1 F2100 X185.418 Y72.564 E3944.8139
G0 F9000 X186.012 Y72.564
G1 F2100 X190.57 Y77.122 E3945.03901
G0 F9000 X190.57 Y76.528
G1 F2100 X186.606 Y72.564 E3945.23479
G0 F9000 X187.233 Y72.597
G1 F2100 X190.537 Y75.901 E3945.39797
G0 F9000 X190.399 Y75.168
G1 F2100 X187.965 Y72.735 E3945.51816
G1 X187.891 Y72.661
G0 F9000 X189.235 Y73.411
G1 F2100 X189.722 Y73.898 E3945.54221
G0 F9000 X189.683 Y73.929
G1 F1500 E3944.54221
;MESH:NONMESH
G0 F600 X189.683 Y73.929 Z2
G0 F9000 X46.567 Y117.771
G0 X44.176 Y117.984
G0 X43.883 Y117.946
;TIME_ELAPSED:6732.831214
;LAYER:9
M204 S2000
;TYPE:WALL-INNER
;MESH:Bottom_Standoffs.stl
G1 F1500 E3945.54221
G1 F3780 X43.884 Y142.566 E3946.40202
G1 X43.987 Y144.655 E3946.47506
G1 X44.291 Y146.7 E3946.54727
G1 X44.795 Y148.721 E3946.62001
G1 X45.495 Y150.673 E3946.69243
G1 X46.377 Y152.538 E3946.76448
G1 X47.455 Y154.338 E3946.83775
G1 X48.692 Y156.006 E3946.91027
G1 X50.084 Y157.541 E3946.98264
G1 X51.632 Y158.944 E3947.0556
G1 X53.278 Y160.166 E3947.12719
G1 X55.082 Y161.245 E3947.2006
G1 X56.957 Y162.132 E3947.27304
G1 X58.906 Y162.831 E3947.34535
G1 X60.927 Y163.336 E3947.4181
G1 X62.97 Y163.64 E3947.49023
G1 X65.077 Y163.744 E3947.56391
G1 X169.923 Y163.743 E3951.22546
G1 X172.03 Y163.64 E3951.29913
G1 X174.073 Y163.336 E3951.37126
G1 X176.094 Y162.831 E3951.44401
G1 X178.043 Y162.132 E3951.51632
G1 X179.918 Y161.245 E3951.58876
G1 X181.722 Y160.166 E3951.66217
G1 X183.368 Y158.944 E3951.73377
G1 X184.916 Y157.541 E3951.80673
G1 X186.308 Y156.006 E3951.87909
G1 X187.545 Y154.338 E3951.95162
G1 X188.623 Y152.538 E3952.02489
G1 X189.505 Y150.673 E3952.09694
G1 X190.205 Y148.721 E3952.16936
G1 X190.709 Y146.7 E3952.2421
G1 X191.013 Y144.656 E3952.31427
G1 X191.116 Y142.55 E3952.3879
G1 X191.117 Y117.946 E3953.24715
G1 X190.975 Y117.705 E3953.25692
G1 X190.728 Y117.563 E3953.26687
G1 X189.14 Y117.563 E3953.32233
G1 X188.842 Y117.396 E3953.33426
G1 X188.718 Y117.237 E3953.3413
G1 X188.641 Y117.023 E3953.34924
G1 X188.645 Y111.596 E3953.53877
G1 X188.676 Y111.464 E3953.54351
G1 X188.89 Y111.171 E3953.55618
G1 X189.143 Y111.044 E3953.56606
G1 X191.117 Y111.044 E3953.635
G1 X191.117 Y76.215 E3954.85134
G1 X191.035 Y75.378 E3954.88071
G1 X190.796 Y74.593 E3954.90937
G1 X190.412 Y73.875 E3954.9378
G1 X189.892 Y73.243 E3954.96638
G1 X189.26 Y72.723 E3954.99497
G1 X188.542 Y72.339 E3955.0234
G1 X187.757 Y72.1 E3955.05206
G1 X186.92 Y72.018 E3955.08143
G1 X48.08 Y72.018 E3959.93016
G1 X47.243 Y72.1 E3959.95953
G1 X46.458 Y72.339 E3959.98819
G1 X45.74 Y72.723 E3960.01662
G1 X45.108 Y73.243 E3960.0452
G1 X44.588 Y73.875 E3960.07379
G1 X44.204 Y74.593 E3960.10222
G1 X43.965 Y75.378 E3960.13088
G1 X43.883 Y76.215 E3960.16025
G1 X43.883 Y111.044 E3961.37659
G1 X45.857 Y111.044 E3961.44553
G1 X46.11 Y111.171 E3961.45541
G1 X46.297 Y111.399 E3961.46571
G1 X46.359 Y111.593 E3961.47282
G1 X46.356 Y117.003 E3961.66176
G1 X46.251 Y117.287 E3961.67233
G1 X46.158 Y117.396 E3961.67734
G1 X45.86 Y117.563 E3961.68927
G1 X44.272 Y117.563 E3961.74472
G1 X44.025 Y117.705 E3961.75467
G1 X43.883 Y117.946 E3961.76444
M204 S1000
G0 F9000 X43.497 Y117.797
M204 S2000
;TYPE:WALL-OUTER
G1 F2640 X43.463 Y118.051 E3961.77339
G1 X43.464 Y142.576 E3962.62988
G1 X43.569 Y144.697 E3962.70405
G1 X43.879 Y146.782 E3962.77766
G1 X44.393 Y148.843 E3962.85184
G1 X45.107 Y150.834 E3962.92571
G1 X46.006 Y152.736 E3962.99918
G1 X47.105 Y154.572 E3963.07391
G1 X48.367 Y156.273 E3963.14788
G1 X49.787 Y157.839 E3963.2217
G1 X51.365 Y159.269 E3963.29607
G1 X53.044 Y160.516 E3963.36911
G1 X54.884 Y161.616 E3963.44398
G1 X56.796 Y162.52 E3963.51784
G1 X58.784 Y163.233 E3963.59159
G1 X60.845 Y163.748 E3963.66578
G1 X62.929 Y164.058 E3963.73936
G1 X65.067 Y164.164 E3963.81412
G1 X169.933 Y164.163 E3967.47637
G1 X172.071 Y164.058 E3967.55113
G1 X174.155 Y163.748 E3967.62471
G1 X176.216 Y163.233 E3967.6989
G1 X178.204 Y162.52 E3967.77266
G1 X180.116 Y161.616 E3967.84652
G1 X181.956 Y160.516 E3967.92138
G1 X183.635 Y159.269 E3967.99442
G1 X185.213 Y157.839 E3968.06879
G1 X186.633 Y156.273 E3968.14262
G1 X187.895 Y154.572 E3968.21659
G1 X188.994 Y152.736 E3968.29131
G1 X189.893 Y150.834 E3968.36478
G1 X190.607 Y148.843 E3968.43865
G1 X191.121 Y146.782 E3968.51283
G1 X191.431 Y144.697 E3968.58645
G1 X191.536 Y142.56 E3968.66117
G1 X191.537 Y118.051 E3969.5171
G1 X191.503 Y117.797 E3969.52605
G1 X191.418 Y117.591 E3969.53383
G1 X191.275 Y117.405 E3969.54203
G1 X191.091 Y117.264 E3969.55012
G1 X190.878 Y117.177 E3969.55816
G1 X190.632 Y117.143 E3969.56683
G1 X189.225 Y117.143 E3969.61597
G1 X189.128 Y117.088 E3969.61986
G1 X189.063 Y116.968 E3969.62463
G1 X189.066 Y111.624 E3969.81126
G1 X189.19 Y111.464 E3969.81832
G1 X191.537 Y111.464 E3969.90029
G1 X191.537 Y76.195 E3971.13199
G1 X191.449 Y75.296 E3971.16354
G1 X191.186 Y74.431 E3971.19511
G1 X190.763 Y73.64 E3971.22644
G1 X190.19 Y72.945 E3971.2579
G1 X189.495 Y72.372 E3971.28935
G1 X188.704 Y71.949 E3971.32068
G1 X187.839 Y71.686 E3971.35225
G1 X186.94 Y71.598 E3971.3838
G1 X48.06 Y71.598 E3976.23393
G1 X47.161 Y71.686 E3976.26547
G1 X46.296 Y71.949 E3976.29705
G1 X45.505 Y72.372 E3976.32837
G1 X44.81 Y72.945 E3976.35983
G1 X44.237 Y73.64 E3976.39129
G1 X43.814 Y74.431 E3976.42261
G1 X43.551 Y75.296 E3976.45419
G1 X43.463 Y76.195 E3976.48573
G1 X43.463 Y111.464 E3977.71744
G1 X45.775 Y111.464 E3977.79818
G1 X45.875 Y111.522 E3977.80222
G1 X45.937 Y111.638 E3977.80681
G1 X45.931 Y116.994 E3977.99386
G1 X45.872 Y117.088 E3977.99773
G1 X45.775 Y117.143 E3978.00163
G1 X44.368 Y117.143 E3978.05076
G1 X44.122 Y117.177 E3978.05944
G1 X43.909 Y117.264 E3978.06747
G1 X43.725 Y117.405 E3978.07557
G1 X43.582 Y117.591 E3978.08376
G1 X43.497 Y117.797 E3978.09154
M204 S1000
G0 F9000 X43.471 Y117.995
G0 X44.219 Y118.106
;TYPE:SKIN
G1 F2100 X44.248 Y117.974 E3978.09626
G1 X44.427 Y117.899 E3978.10304
G1 X45.766 Y117.894 E3978.1498
G1 X46.18 Y117.785 E3978.16475
G1 X46.504 Y117.51 E3978.1796
G1 X46.645 Y117.243 E3978.19014
G1 X46.688 Y117.043 E3978.19729
G1 X46.695 Y111.647 E3978.38573
G1 X46.618 Y111.291 E3978.39845
G1 X46.491 Y111.082 E3978.40699
G1 X46.19 Y110.828 E3978.42075
G1 X45.773 Y110.714 E3978.43584
G1 X44.219 Y110.708 E3978.49011
G1 X44.219 Y76.228 E3979.69426
G1 X44.295 Y75.448 E3979.72163
G1 X44.516 Y74.728 E3979.74794
G1 X44.873 Y74.057 E3979.77448
G1 X45.347 Y73.482 E3979.8005
G1 X45.922 Y73.008 E3979.82653
G1 X46.593 Y72.651 E3979.85307
G1 X47.313 Y72.43 E3979.87937
G1 X48.093 Y72.354 E3979.90674
G1 X186.907 Y72.354 E3984.75456
G1 X187.687 Y72.43 E3984.78193
G1 X188.407 Y72.651 E3984.80824
G1 X189.078 Y73.008 E3984.83478
G1 X189.653 Y73.482 E3984.8608
G1 X190.127 Y74.057 E3984.88683
G1 X190.484 Y74.728 E3984.91337
G1 X190.705 Y75.448 E3984.93967
G1 X190.781 Y76.228 E3984.96704
G1 X190.781 Y110.708 E3986.17119
G1 X189.227 Y110.714 E3986.22546
G1 X188.813 Y110.825 E3986.24043
G1 X188.535 Y111.045 E3986.25281
G1 X188.397 Y111.261 E3986.26177
G1 X188.311 Y111.57 E3986.27297
G1 X188.308 Y117.059 E3986.46466
G1 X188.449 Y117.436 E3986.47872
G1 X188.733 Y117.733 E3986.49307
G1 X189.126 Y117.9 E3986.50798
G1 X190.65 Y117.9 E3986.5612
G1 X190.78 Y118.027 E3986.56755
G1 X190.779 Y142.533 E3987.42338
G1 X190.677 Y144.63 E3987.4967
G1 X190.378 Y146.63 E3987.56732
G1 X189.882 Y148.625 E3987.63911
G1 X189.194 Y150.543 E3987.71027
G1 X188.333 Y152.365 E3987.78065
G1 X187.262 Y154.155 E3987.8535
G1 X186.044 Y155.796 E3987.92487
G1 X184.677 Y157.303 E3987.99592
G1 X183.158 Y158.681 E3988.06755
G1 X181.539 Y159.883 E3988.13797
G1 X179.752 Y160.951 E3988.21067
G1 X177.908 Y161.822 E3988.28189
G1 X175.997 Y162.508 E3988.3528
G1 X174.002 Y163.005 E3988.4246
G1 X172.004 Y163.304 E3988.49515
G1 X169.906 Y163.406 E3988.56851
G1 X65.094 Y163.408 E3992.22887
G1 X62.995 Y163.304 E3992.30227
G1 X60.998 Y163.005 E3992.37279
G1 X59.003 Y162.508 E3992.44459
G1 X57.092 Y161.822 E3992.5155
G1 X55.248 Y160.951 E3992.58672
G1 X53.461 Y159.883 E3992.65942
G1 X51.842 Y158.681 E3992.72984
G1 X50.323 Y157.303 E3992.80146
G1 X48.956 Y155.796 E3992.87252
G1 X47.738 Y154.155 E3992.94389
G1 X46.667 Y152.365 E3993.01674
G1 X45.806 Y150.543 E3993.08711
G1 X45.118 Y148.625 E3993.15828
G1 X44.622 Y146.63 E3993.23007
G1 X44.323 Y144.631 E3993.30066
G1 X44.221 Y142.565 E3993.3729
G1 X44.219 Y118.106 E3994.22708
G1 F1500 E3993.22708
G0 F9000 X44.002 Y118.048
G0 X46.167 Y117.371
G0 X46.167 Y111.236
G0 X44.065 Y110.862
G0 X44.054 Y76.224
G0 X44.363 Y74.659
G0 X45.229 Y73.364
G0 X46.524 Y72.498
G0 X47.968 Y72.23
G0 X47.593 Y73.791
G0 X44.86 Y74.526
G1 F1500 E3994.22708
G1 F2100 X46.393 Y72.994 E3994.30277
G1 X46.467 Y72.92
G0 F9000 X47.342 Y72.639
G1 F2100 X44.506 Y75.475 E3994.44284
G0 F9000 X44.438 Y76.137
G1 F2100 X48.003 Y72.572 E3994.61891
G0 F9000 X48.606 Y72.563
G1 F2100 X44.428 Y76.74 E3994.82523
G0 F9000 X44.428 Y77.334
G1 F2100 X49.2 Y72.563 E3995.06089
G0 F9000 X49.794 Y72.563
G1 F2100 X44.428 Y77.928 E3995.32588
G0 F9000 X44.428 Y78.522
G1 F2100 X50.388 Y72.563 E3995.62022
G0 F9000 X50.982 Y72.563
G1 F2100 X44.428 Y79.116 E3995.94388
G0 F9000 X44.428 Y79.71
G1 F2100 X51.576 Y72.563 E3996.29689
G0 F9000 X52.17 Y72.563
G1 F2100 X44.428 Y80.304 E3996.67923
G0 F9000 X44.428 Y80.898
G1 F2100 X52.764 Y72.563 E3997.09091
G0 F9000 X53.358 Y72.563
G1 F2100 X44.428 Y81.492 E3997.53193
G0 F9000 X44.428 Y82.086
G1 F2100 X53.952 Y72.563 E3998.00229
G0 F9000 X54.546 Y72.563
G1 F2100 X44.428 Y82.68 E3998.50198
G0 F9000 X44.428 Y83.274
G1 F2100 X55.14 Y72.563 E3999.031
G0 F9000 X55.734 Y72.563
G1 F2100 X44.428 Y83.868 E3999.58937
G0 F9000 X44.428 Y84.462
G1 F2100 X56.328 Y72.563 E4000.17707
G0 F9000 X56.922 Y72.563
G1 F2100 X44.428 Y85.056 E4000.79411
G0 F9000 X44.428 Y85.65
G1 F2100 X57.516 Y72.563 E4001.44049
G0 F9000 X58.11 Y72.563
G1 F2100 X44.428 Y86.244 E4002.1162
G0 F9000 X44.428 Y86.838
G1 F2100 X58.704 Y72.563 E4002.82125
G0 F9000 X59.297 Y72.563
G1 F2100 X44.428 Y87.432 E4003.55561
G0 F9000 X44.428 Y88.026
G1 F2100 X59.891 Y72.563 E4004.31931
G0 F9000 X60.485 Y72.563
G1 F2100 X44.428 Y88.62 E4005.11234
G0 F9000 X44.428 Y89.214
G1 F2100 X61.079 Y72.563 E4005.93472
G0 F9000 X61.673 Y72.563
G1 F2100 X44.428 Y89.808 E4006.78643
G0 F9000 X44.428 Y90.402
G1 F2100 X62.267 Y72.563 E4007.66747
G0 F9000 X62.861 Y72.563
G1 F2100 X44.428 Y90.996 E4008.57786
G0 F9000 X44.428 Y91.59
G1 F2100 X63.455 Y72.563 E4009.51758
G0 F9000 X64.049 Y72.563
G1 F2100 X44.428 Y92.184 E4010.48663
G0 F9000 X44.428 Y92.778
G1 F2100 X64.643 Y72.563 E4011.48503
G0 F9000 X65.237 Y72.563
G1 F2100 X44.428 Y93.372 E4012.51276
G0 F9000 X44.428 Y93.966
G1 F2100 X65.831 Y72.563 E4013.56983
G0 F9000 X66.425 Y72.563
G1 F2100 X44.428 Y94.559 E4014.65621
G0 F9000 X44.428 Y95.153
G1 F2100 X67.019 Y72.563 E4015.77192
G0 F9000 X67.613 Y72.563
G1 F2100 X44.428 Y95.747 E4016.91698
G0 F9000 X44.428 Y96.341
G1 F2100 X68.207 Y72.563 E4018.09137
G0 F9000 X68.801 Y72.563
G1 F2100 X44.428 Y96.935 E4019.2951
G0 F9000 X44.428 Y97.529
G1 F2100 X69.395 Y72.563 E4020.52816
G0 F9000 X69.989 Y72.563
G1 F2100 X44.428 Y98.123 E4021.79056
G0 F9000 X44.428 Y98.717
G1 F2100 X70.583 Y72.563 E4023.0823
G0 F9000 X71.177 Y72.563
G1 F2100 X44.428 Y99.311 E4024.40338
G0 F9000 X44.428 Y99.905
G1 F2100 X71.771 Y72.563 E4025.75379
G0 F9000 X72.365 Y72.563
G1 F2100 X44.428 Y100.499 E4027.13354
G0 F9000 X44.428 Y101.093
G1 F2100 X72.959 Y72.563 E4028.54263
G0 F9000 X73.553 Y72.563
G1 F2100 X44.428 Y101.687 E4029.98105
G0 F9000 X44.428 Y102.281
G1 F2100 X74.147 Y72.563 E4031.44881
G0 F9000 X74.741 Y72.563
G1 F2100 X44.428 Y102.875 E4032.94591
G0 F9000 X44.428 Y103.469
G1 F2100 X75.335 Y72.563 E4034.47234
G0 F9000 X75.929 Y72.563
G1 F2100 X44.428 Y104.063 E4036.02812
G0 F9000 X44.428 Y104.657
G1 F2100 X76.523 Y72.563 E4037.61322
G0 F9000 X77.117 Y72.563
G1 F2100 X44.428 Y105.251 E4039.22767
G0 F9000 X44.428 Y105.845
G1 F2100 X77.711 Y72.563 E4040.87145
G0 F9000 X78.305 Y72.563
G1 F2100 X44.428 Y106.439 E4042.54457
G0 F9000 X44.428 Y107.033
G1 F2100 X78.898 Y72.563 E4044.247
G0 F9000 X79.492 Y72.563
G1 F2100 X44.428 Y107.627 E4045.97877
G0 F9000 X44.428 Y108.221
G1 F2100 X80.086 Y72.563 E4047.73987
G0 F9000 X80.68 Y72.563
G1 F2100 X44.428 Y108.815 E4049.53032
G0 F9000 X44.428 Y109.409
G1 F2100 X81.274 Y72.563 E4051.3501
G0 F9000 X81.868 Y72.563
G1 F2100 X44.428 Y110.003 E4053.19921
G0 F9000 X44.529 Y110.496
G1 F2100 X82.462 Y72.563 E4055.07268
G0 F9000 X83.056 Y72.563
G1 F2100 X45.123 Y110.496 E4056.94614
G0 F9000 X45.717 Y110.496
G1 F2100 X83.65 Y72.563 E4058.81961
G0 F9000 X84.244 Y72.563
G1 F2100 X46.191 Y110.616 E4060.699
G0 F9000 X46.543 Y110.858
G1 F2100 X84.838 Y72.563 E4062.59034
G0 F9000 X85.432 Y72.563
G1 F2100 X46.803 Y111.192 E4064.49818
G0 F9000 X46.904 Y111.685
G1 F2100 X86.026 Y72.563 E4066.43037
G0 F9000 X86.62 Y72.563
G1 F2100 X46.903 Y112.28 E4068.39194
G0 F9000 X46.903 Y112.874
G1 F2100 X87.214 Y72.563 E4070.38285
G0 F9000 X87.808 Y72.563
G1 F2100 X46.902 Y113.469 E4072.40315
G0 F9000 X46.901 Y114.064
G1 F2100 X88.402 Y72.563 E4074.45283
G0 F9000 X88.996 Y72.563
G1 F2100 X46.9 Y114.658 E4076.53188
G0 F9000 X46.9 Y115.253
G1 F2100 X89.59 Y72.563 E4078.64029
G0 F9000 X90.184 Y72.563
G1 F2100 X46.899 Y115.848 E4080.77808
G0 F9000 X46.898 Y116.442
G1 F2100 X90.778 Y72.563 E4082.94523
G0 F9000 X91.372 Y72.563
G1 F2100 X46.898 Y117.037 E4085.14175
G1 X46.824 Y117.111
G0 F9000 X46.465 Y117.005
G0 X45.738 Y117.668
G0 X45.865 Y118.07
G1 F2100 X44.433 Y119.502 E4085.21248
G0 F9000 X44.433 Y120.096
G1 F2100 X91.966 Y72.563 E4087.56007
G0 F9000 X92.56 Y72.563
G1 F2100 X44.433 Y120.69 E4089.93701
G0 F9000 X44.433 Y121.284
G1 F2100 X93.154 Y72.563 E4092.34328
G0 F9000 X93.748 Y72.563
G1 F2100 X44.433 Y121.878 E4094.77889
G0 F9000 X44.433 Y122.472
G1 F2100 X94.342 Y72.563 E4097.24383
G0 F9000 X94.936 Y72.563
G1 F2100 X44.433 Y123.066 E4099.73811
G0 F9000 X44.433 Y123.66
G1 F2100 X95.53 Y72.563 E4102.26173
G0 F9000 X96.124 Y72.563
G1 F2100 X44.433 Y124.254 E4104.81469
G0 F9000 X44.433 Y124.848
G1 F2100 X96.718 Y72.563 E4107.39698
G0 F9000 X97.312 Y72.563
G1 F2100 X44.433 Y125.442 E4110.00861
G0 F9000 X44.433 Y126.036
G1 F2100 X97.906 Y72.563 E4112.64957
G0 F9000 X98.499 Y72.563
G1 F2100 X44.432 Y126.63 E4115.31988
G0 F9000 X44.432 Y127.224
G1 F2100 X99.093 Y72.563 E4118.01952
G0 F9000 X99.687 Y72.563
G1 F2100 X44.432 Y127.818 E4120.74849
G0 F9000 X44.432 Y128.412
G1 F2100 X100.281 Y72.563 E4123.50681
G0 F9000 X100.875 Y72.563
G1 F2100 X44.432 Y129.006 E4126.29446
G0 F9000 X44.432 Y129.6
G1 F2100 X101.469 Y72.563 E4129.11145
G0 F9000 X102.063 Y72.563
G1 F2100 X44.432 Y130.194 E4131.95777
G0 F9000 X44.432 Y130.788
G1 F2100 X102.657 Y72.563 E4134.83343
G0 F9000 X103.251 Y72.563
G1 F2100 X44.432 Y131.382 E4137.73843
G0 F9000 X44.432 Y131.976
G1 F2100 X103.845 Y72.563 E4140.67277
G0 F9000 X104.439 Y72.563
G1 F2100 X44.432 Y132.57 E4143.63644
G0 F9000 X44.432 Y133.164
G1 F2100 X105.033 Y72.563 E4146.62945
G0 F9000 X105.627 Y72.563
G1 F2100 X44.432 Y133.758 E4149.6518
G0 F9000 X44.432 Y134.352
G1 F2100 X106.221 Y72.563 E4152.70348
G0 F9000 X106.815 Y72.563
G1 F2100 X44.431 Y134.947 E4155.78455
G0 F9000 X44.431 Y135.541
G1 F2100 X107.409 Y72.563 E4158.89496
G0 F9000 X108.003 Y72.563
G92 E0
G1 F2100 X44.431 Y136.135 E3.13974
G0 F9000 X44.431 Y136.728
G1 F2100 X108.597 Y72.563 E6.3088
G0 F9000 X109.191 Y72.563
G1 F2100 X44.431 Y137.322 E9.50719
G0 F9000 X44.431 Y137.916
G1 F2100 X109.785 Y72.563 E12.73492
G0 F9000 X110.379 Y72.563
G1 F2100 X44.431 Y138.51 E15.99199
G0 F9000 X44.431 Y139.104
G1 F2100 X110.973 Y72.563 E19.27839
G0 F9000 X111.567 Y72.563
G1 F2100 X44.431 Y139.698 E22.59413
G0 F9000 X44.431 Y140.292
G1 F2100 X112.161 Y72.563 E25.93921
G0 F9000 X112.755 Y72.563
G1 F2100 X44.431 Y140.886 E29.31362
G0 F9000 X44.431 Y141.48
G1 F2100 X113.349 Y72.563 E32.71738
G0 F9000 X113.943 Y72.563
G1 F2100 X44.431 Y142.074 E36.15046
G0 F9000 X44.436 Y142.663
G1 F2100 X114.537 Y72.563 E39.61264
G0 F9000 X115.131 Y72.563
G1 F2100 X44.464 Y143.23 E43.1028
G0 F9000 X44.492 Y143.795
G1 F2100 X115.725 Y72.563 E46.62089
G0 F9000 X116.319 Y72.563
G1 F2100 X44.52 Y144.362 E50.16695
G0 F9000 X44.576 Y144.9
G1 F2100 X116.913 Y72.563 E53.73959
G0 F9000 X117.507 Y72.563
G1 F2100 X44.653 Y145.416 E57.33773
G0 F9000 X44.73 Y145.933
G1 F2100 X118.1 Y72.563 E60.96139
G0 F9000 X118.694 Y72.563
G1 F2100 X44.807 Y146.45 E64.61058
G0 F9000 X44.915 Y146.936
G1 F2100 X119.288 Y72.563 E68.28377
G0 F9000 X119.882 Y72.563
G1 F2100 X45.033 Y147.412 E71.98047
G0 F9000 X45.151 Y147.888
G1 F2100 X120.476 Y72.563 E75.70068
G0 F9000 X121.07 Y72.563
G1 F2100 X45.269 Y148.364 E79.4444
G0 F9000 X45.41 Y148.817
G1 F2100 X121.664 Y72.563 E83.21049
G0 F9000 X122.258 Y72.563
G1 F2100 X45.567 Y149.254 E86.99816
G0 F9000 X45.724 Y149.691
G1 F2100 X122.852 Y72.563 E90.80742
G0 F9000 X123.446 Y72.563
G1 F2100 X45.88 Y150.129 E94.63831
G0 F9000 X46.046 Y150.557
G1 F2100 X124.04 Y72.563 E98.49034
G0 F9000 X124.634 Y72.563
G1 F2100 X46.236 Y150.961 E102.36232
G0 F9000 X46.427 Y151.364
G1 F2100 X125.228 Y72.563 E106.25421
G0 F9000 X125.822 Y72.563
G1 F2100 X46.618 Y151.767 E110.166
G0 F9000 X46.808 Y152.171
G1 F2100 X126.416 Y72.563 E114.09774
G0 F9000 X127.01 Y72.563
G1 F2100 X47.023 Y152.55 E118.0482
G0 F9000 X47.246 Y152.921
G1 F2100 X127.604 Y72.563 E122.01698
G0 F9000 X128.198 Y72.563
G1 F2100 X47.468 Y153.293 E126.00414
G0 F9000 X47.69 Y153.664
G1 F2100 X128.792 Y72.563 E130.00964
G0 F9000 X129.386 Y72.563
G1 F2100 X47.912 Y154.036 E134.03352
G0 F9000 X48.165 Y154.377
G1 F2100 X129.98 Y72.563 E138.07424
G0 F9000 X130.574 Y72.563
G1 F2100 X48.419 Y154.718 E142.13177
G0 F9000 X48.672 Y155.059
G1 F2100 X131.168 Y72.563 E146.20615
G0 F9000 X131.762 Y72.563
G1 F2100 X48.924 Y155.4 E150.29739
G0 F9000 X49.184 Y155.734
G1 F2100 X132.356 Y72.563 E154.40513
G0 F9000 X132.95 Y72.563
G1 F2100 X49.467 Y156.045 E158.52823
G0 F9000 X49.749 Y156.357
G1 F2100 X133.544 Y72.563 E162.66674
G0 F9000 X134.138 Y72.563
G1 F2100 X50.032 Y156.668 E166.82061
G0 F9000 X50.315 Y156.979
G1 F2100 X134.732 Y72.563 E170.98984
G0 F9000 X135.326 Y72.563
G1 F2100 X50.61 Y157.278 E175.17383
G0 F9000 X50.921 Y157.561
G1 F2100 X135.92 Y72.563 E179.3718
G0 F9000 X136.514 Y72.563
G1 F2100 X51.232 Y157.844 E183.58375
G0 F9000 X51.543 Y158.127
G1 F2100 X137.108 Y72.563 E187.80968
G0 F9000 X137.701 Y72.563
G1 F2100 X51.855 Y158.409 E192.04951
G0 F9000 X52.185 Y158.674
G1 F2100 X138.295 Y72.563 E196.3024
G0 F9000 X138.889 Y72.563
G1 F2100 X52.526 Y158.927 E200.56779
G0 F9000 X52.866 Y159.18
G1 F2100 X139.483 Y72.563 E204.8457
G0 F9000 X140.077 Y72.563
G1 F2100 X53.207 Y159.433 E209.1361
G0 F9000 X53.548 Y159.686
G1 F2100 X140.671 Y72.563 E213.439
G0 F9000 X141.265 Y72.563
G1 F2100 X53.918 Y159.91 E217.75296
G0 F9000 X54.289 Y160.133
G1 F2100 X141.859 Y72.563 E222.07794
G0 F9000 X142.453 Y72.563
G1 F2100 X54.661 Y160.355 E226.41388
G0 F9000 X55.033 Y160.577
G1 F2100 X143.047 Y72.563 E230.76078
G0 F9000 X143.641 Y72.563
G1 F2100 X55.41 Y160.794 E235.1184
G0 F9000 X55.814 Y160.984
G1 F2100 X144.235 Y72.563 E239.48541
G0 F9000 X144.829 Y72.563
G1 F2100 X56.217 Y161.175 E243.86185
G0 F9000 X56.62 Y161.366
G1 F2100 X145.423 Y72.563 E248.24772
G0 F9000 X146.017 Y72.563
G1 F2100 X57.023 Y161.556 E252.643
G0 F9000 X57.448 Y161.726
G1 F2100 X146.611 Y72.563 E257.04665
G0 F9000 X147.205 Y72.563
G1 F2100 X57.885 Y161.882 E261.45803
G0 F9000 X58.322 Y162.039
G1 F2100 X147.799 Y72.563 E265.87717
G0 F9000 X148.393 Y72.563
G1 F2100 X58.759 Y162.196 E270.30406
G0 F9000 X59.208 Y162.342
G1 F2100 X148.987 Y72.563 E274.73813
G0 F9000 X149.581 Y72.563
G1 F2100 X59.684 Y162.46 E279.17803
G0 F9000 X60.159 Y162.579
G1 F2100 X150.175 Y72.563 E283.62382
G0 F9000 X150.769 Y72.563
G1 F2100 X60.634 Y162.698 E288.07547
G0 F9000 X61.115 Y162.81
G1 F2100 X151.363 Y72.563 E292.53269
G0 F9000 X151.957 Y72.563
G1 F2100 X61.632 Y162.887 E296.9937
G0 F9000 X62.149 Y162.964
G1 F2100 X152.551 Y72.563 E301.45852
G0 F9000 X153.145 Y72.563
G1 F2100 X62.665 Y163.042 E305.9272
G0 F9000 X63.199 Y163.103
G1 F2100 X153.739 Y72.563 E310.39886
G0 F9000 X154.333 Y72.563
G1 F2100 X63.764 Y163.131 E314.87192
G0 F9000 X64.33 Y163.159
G1 F2100 X154.927 Y72.563 E319.34637
G0 F9000 X155.521 Y72.563
G1 F2100 X64.896 Y163.187 E323.82221
G0 F9000 X65.48 Y163.197
G1 F2100 X156.115 Y72.563 E328.29854
G0 F9000 X156.709 Y72.563
G1 F2100 X66.074 Y163.197 E332.77486
G0 F9000 X66.668 Y163.197
G1 F2100 X157.302 Y72.563 E337.25117
G0 F9000 X157.896 Y72.563
G1 F2100 X67.262 Y163.197 E341.72747
G0 F9000 X67.856 Y163.197
G1 F2100 X158.49 Y72.563 E346.20377
G0 F9000 X159.084 Y72.563
G1 F2100 X68.45 Y163.197 E350.68007
G0 F9000 X69.044 Y163.197
G1 F2100 X159.678 Y72.563 E355.15638
G0 F9000 X160.272 Y72.563
G1 F2100 X69.638 Y163.197 E359.63268
G0 F9000 X70.232 Y163.197
G1 F2100 X160.866 Y72.563 E364.10898
G0 F9000 X161.46 Y72.563
G1 F2100 X70.826 Y163.197 E368.58529
G0 F9000 X71.42 Y163.197
G1 F2100 X162.054 Y72.563 E373.06159
G0 F9000 X162.648 Y72.563
G1 F2100 X72.014 Y163.197 E377.53789
G0 F9000 X72.608 Y163.197
G1 F2100 X163.242 Y72.563 E382.01419
G0 F9000 X163.836 Y72.563
G1 F2100 X73.202 Y163.197 E386.4905
G0 F9000 X73.796 Y163.197
G1 F2100 X164.43 Y72.563 E390.9668
G0 F9000 X165.024 Y72.563
G1 F2100 X74.39 Y163.197 E395.4431
G0 F9000 X74.984 Y163.197
G1 F2100 X165.618 Y72.563 E399.9194
G0 F9000 X166.212 Y72.563
G1 F2100 X75.578 Y163.197 E404.39571
G0 F9000 X76.172 Y163.197
G1 F2100 X166.806 Y72.563 E408.87201
G0 F9000 X167.4 Y72.563
G1 F2100 X76.766 Y163.197 E413.34831
G0 F9000 X77.36 Y163.197
G1 F2100 X167.994 Y72.563 E417.82462
G0 F9000 X168.588 Y72.563
G1 F2100 X77.954 Y163.197 E422.30092
G0 F9000 X78.548 Y163.197
G1 F2100 X169.182 Y72.563 E426.77722
G0 F9000 X169.776 Y72.563
G1 F2100 X79.142 Y163.197 E431.25352
G0 F9000 X79.736 Y163.197
G1 F2100 X170.37 Y72.563 E435.72983
G0 F9000 X170.964 Y72.563
G1 F2100 X80.33 Y163.197 E440.20613
G0 F9000 X80.924 Y163.197
G1 F2100 X171.558 Y72.563 E444.68243
G0 F9000 X172.152 Y72.563
G1 F2100 X81.518 Y163.197 E449.15873
G0 F9000 X82.112 Y163.197
G1 F2100 X172.746 Y72.563 E453.63504
G0 F9000 X173.34 Y72.563
G1 F2100 X82.706 Y163.197 E458.11134
G0 F9000 X83.3 Y163.197
G1 F2100 X173.934 Y72.563 E462.58764
G0 F9000 X174.528 Y72.563
G1 F2100 X83.893 Y163.197 E467.06397
G0 F9000 X84.487 Y163.197
G1 F2100 X175.122 Y72.563 E471.5403
G0 F9000 X175.716 Y72.563
G1 F2100 X85.081 Y163.197 E476.01663
G0 F9000 X85.675 Y163.197
G1 F2100 X176.31 Y72.563 E480.49295
G0 F9000 X176.903 Y72.563
G1 F2100 X86.269 Y163.197 E484.96926
G0 F9000 X86.863 Y163.197
G1 F2100 X177.497 Y72.563 E489.44556
G0 F9000 X178.091 Y72.563
G1 F2100 X87.457 Y163.197 E493.92186
G0 F9000 X88.051 Y163.197
G1 F2100 X178.685 Y72.563 E498.39816
G0 F9000 X179.279 Y72.563
G1 F2100 X88.645 Y163.197 E502.87447
G0 F9000 X89.239 Y163.197
G1 F2100 X179.873 Y72.563 E507.35077
G0 F9000 X180.467 Y72.563
G1 F2100 X89.833 Y163.197 E511.82707
G0 F9000 X90.427 Y163.197
G1 F2100 X181.061 Y72.563 E516.30338
G0 F9000 X181.655 Y72.563
G1 F2100 X91.021 Y163.197 E520.77968
G0 F9000 X91.615 Y163.197
G1 F2100 X182.249 Y72.563 E525.25598
G0 F9000 X182.843 Y72.563
G1 F2100 X92.209 Y163.197 E529.73228
G0 F9000 X92.803 Y163.197
G1 F2100 X183.437 Y72.563 E534.20859
G0 F9000 X184.031 Y72.563
G1 F2100 X93.397 Y163.197 E538.68489
G0 F9000 X93.991 Y163.197
G1 F2100 X184.625 Y72.563 E543.16119
G0 F9000 X185.219 Y72.563
G1 F2100 X94.585 Y163.197 E547.63749
G0 F9000 X95.179 Y163.197
G1 F2100 X185.813 Y72.563 E552.1138
G0 F9000 X186.407 Y72.563
G1 F2100 X95.773 Y163.197 E556.5901
G0 F9000 X96.367 Y163.197
G1 F2100 X186.991 Y72.573 E561.06591
G0 F9000 X187.533 Y72.625
G1 F2100 X96.961 Y163.197 E565.53915
G0 F9000 X97.555 Y163.197
G1 F2100 X188.005 Y72.747 E570.00636
G0 F9000 X188.439 Y72.906
G1 F2100 X98.149 Y163.197 E574.4657
G0 F9000 X98.743 Y163.197
G1 F2100 X188.827 Y73.112 E578.91487
G0 F9000 X189.174 Y73.36
G1 F2100 X99.337 Y163.197 E583.35181
G0 F9000 X99.931 Y163.197
G1 F2100 X189.5 Y73.628 E587.77551
G0 F9000 X189.768 Y73.954
G1 F2100 X100.525 Y163.197 E592.18311
G0 F9000 X101.119 Y163.197
G1 F2100 X190.016 Y74.299 E596.57365
G0 F9000 X190.223 Y74.687
G1 F2100 X101.713 Y163.197 E600.94505
G0 F9000 X102.307 Y163.197
G1 F2100 X190.383 Y75.12 E605.29504
G0 F9000 X190.507 Y75.591
G1 F2100 X102.901 Y163.197 E609.6218
G0 F9000 X103.494 Y163.197
G1 F2100 X190.559 Y76.132 E613.92183
G0 F9000 X190.57 Y76.716
G1 F2100 X104.088 Y163.197 E618.19305
G0 F9000 X104.682 Y163.197
G1 F2100 X190.57 Y77.31 E622.43493
G0 F9000 X190.57 Y77.904
G1 F2100 X105.276 Y163.197 E626.64747
G0 F9000 X105.87 Y163.197
G1 F2100 X190.57 Y78.498 E630.83067
G0 F9000 X190.57 Y79.092
G1 F2100 X106.464 Y163.197 E634.98454
G0 F9000 X107.058 Y163.197
G1 F2100 X190.57 Y79.685 E639.1091
G0 F9000 X190.57 Y80.279
G1 F2100 X107.652 Y163.197 E643.20432
G0 F9000 X108.246 Y163.197
G1 F2100 X190.57 Y80.873 E647.2702
G0 F9000 X190.57 Y81.467
G1 F2100 X108.84 Y163.197 E651.30674
G0 F9000 X109.434 Y163.197
G1 F2100 X190.57 Y82.061 E655.31395
G0 F9000 X190.57 Y82.655
G1 F2100 X110.028 Y163.197 E659.29182
G0 F9000 X110.622 Y163.197
G1 F2100 X190.57 Y83.249 E663.24036
G0 F9000 X190.57 Y83.843
G1 F2100 X111.216 Y163.197 E667.15955
G0 F9000 X111.81 Y163.197
G1 F2100 X190.57 Y84.437 E671.04941
G0 F9000 X190.57 Y85.031
G1 F2100 X112.404 Y163.197 E674.90994
G0 F9000 X112.998 Y163.197
G1 F2100 X190.57 Y85.625 E678.74112
G0 F9000 X190.57 Y86.219
G1 F2100 X113.592 Y163.197 E682.54297
G0 F9000 X114.186 Y163.197
G1 F2100 X190.57 Y86.813 E686.31549
G0 F9000 X190.57 Y87.407
G1 F2100 X114.78 Y163.197 E690.05866
G0 F9000 X115.374 Y163.197
G1 F2100 X190.57 Y88.001 E693.7725
G0 F9000 X190.57 Y88.595
G1 F2100 X115.968 Y163.197 E697.457
G0 F9000 X116.562 Y163.197
G1 F2100 X190.57 Y89.189 E701.11217
G0 F9000 X190.57 Y89.783
G1 F2100 X117.156 Y163.197 E704.738
G0 F9000 X117.75 Y163.196
G1 F2100 X190.57 Y90.377 E708.33446
G0 F9000 X190.57 Y90.971
G1 F2100 X118.344 Y163.196 E711.90159
G0 F9000 X118.938 Y163.196
G1 F2100 X190.57 Y91.565 E715.43938
G0 F9000 X190.57 Y92.159
G1 F2100 X119.532 Y163.196 E718.94784
G0 F9000 X120.126 Y163.196
G1 F2100 X190.57 Y92.753 E722.42696
G0 F9000 X190.57 Y93.347
G1 F2100 X120.72 Y163.196 E725.87674
G0 F9000 X121.314 Y163.196
G1 F2100 X190.57 Y93.941 E729.29718
G0 F9000 X190.57 Y94.535
G1 F2100 X121.908 Y163.196 E732.68829
G0 F9000 X122.502 Y163.196
G1 F2100 X190.57 Y95.129 E736.05006
G0 F9000 X190.57 Y95.723
G1 F2100 X123.096 Y163.196 E739.3825
G0 F9000 X123.69 Y163.196
G1 F2100 X190.57 Y96.317 E742.68559
G0 F9000 X190.57 Y96.911
G1 F2100 X124.284 Y163.196 E745.95935
G0 F9000 X124.878 Y163.196
G1 F2100 X190.57 Y97.505 E749.20378
G0 F9000 X190.57 Y98.099
G1 F2100 X125.472 Y163.196 E752.41886
G0 F9000 X126.066 Y163.196
G1 F2100 X190.57 Y98.693 E755.60461
G0 F9000 X190.57 Y99.286
G1 F2100 X126.66 Y163.196 E758.76105
G0 F9000 X127.254 Y163.196
G1 F2100 X190.57 Y99.88 E761.88815
G0 F9000 X190.57 Y100.474
G1 F2100 X127.848 Y163.196 E764.98591
G0 F9000 X128.442 Y163.196
G1 F2100 X190.57 Y101.068 E768.05434
G0 F9000 X190.57 Y101.662
G1 F2100 X129.036 Y163.196 E771.09343
G0 F9000 X129.63 Y163.196
G1 F2100 X190.57 Y102.256 E774.10318
G0 F9000 X190.57 Y102.85
G1 F2100 X130.224 Y163.196 E777.0836
G0 F9000 X130.818 Y163.196
G1 F2100 X190.57 Y103.444 E780.03467
G0 F9000 X190.57 Y104.038
G1 F2100 X131.412 Y163.196 E782.95642
G0 F9000 X132.006 Y163.196
G1 F2100 X190.57 Y104.632 E785.84882
G0 F9000 X190.57 Y105.226
G1 F2100 X132.6 Y163.196 E788.71189
G0 F9000 X133.194 Y163.196
G1 F2100 X190.57 Y105.82 E791.54562
G0 F9000 X190.57 Y106.414
G1 F2100 X133.788 Y163.196 E794.35001
G0 F9000 X134.382 Y163.196
G1 F2100 X190.57 Y107.008 E797.12507
G0 F9000 X190.57 Y107.602
G1 F2100 X134.976 Y163.196 E799.87079
G0 F9000 X135.57 Y163.196
G1 F2100 X190.57 Y108.196 E802.58717
G0 F9000 X190.57 Y108.79
G1 F2100 X188.723 Y110.637 E802.67839
G0 F9000 X188.226 Y111.134
G1 F2100 X136.164 Y163.196 E805.24967
G0 F9000 X136.757 Y163.196
G1 F2100 X188.099 Y111.855 E807.78537
G0 F9000 X188.098 Y112.449
G1 F2100 X137.351 Y163.196 E810.2917
G0 F9000 X137.945 Y163.196
G1 F2100 X188.098 Y113.043 E812.76869
G0 F9000 X188.098 Y113.638
G1 F2100 X138.539 Y163.196 E815.21633
G0 F9000 X139.133 Y163.196
G1 F2100 X188.097 Y114.233 E817.63457
G0 F9000 X188.096 Y114.827
G1 F2100 X139.727 Y163.196 E820.02346
G0 F9000 X140.321 Y163.196
G1 F2100 X188.096 Y115.421 E822.38301
G0 F9000 X188.096 Y116.016
G1 F2100 X140.915 Y163.196 E824.7132
G0 F9000 X141.509 Y163.196
G1 F2100 X188.095 Y116.611 E827.014
G0 F9000 X188.136 Y117.164
G1 F2100 X142.103 Y163.196 E829.28749
G0 F9000 X142.697 Y163.196
G1 F2100 X188.304 Y117.589 E831.53996
G0 F9000 X188.596 Y117.891
G1 F2100 X143.291 Y163.196 E833.77752
G0 F9000 X143.885 Y163.196
G1 F2100 X189.001 Y118.08 E836.00574
G0 F9000 X189.566 Y118.11
G1 F2100 X144.479 Y163.196 E838.23251
G0 F9000 X145.073 Y163.196
G1 F2100 X190.16 Y118.11 E840.45928
G0 F9000 X190.568 Y118.295
G1 F2100 X145.667 Y163.196 E842.67688
G0 F9000 X146.261 Y163.196
G1 F2100 X190.568 Y118.889 E844.86515
G0 F9000 X190.568 Y119.483
G1 F2100 X146.855 Y163.196 E847.02408
G0 F9000 X147.449 Y163.196
G1 F2100 X190.568 Y120.077 E849.15368
G0 F9000 X190.568 Y120.671
G1 F2100 X148.043 Y163.196 E851.25394
G0 F9000 X148.637 Y163.196
G1 F2100 X190.568 Y121.265 E853.32486
G0 F9000 X190.568 Y121.859
G1 F2100 X149.231 Y163.196 E855.36644
G0 F9000 X149.825 Y163.196
G1 F2100 X190.568 Y122.453 E857.37869
G0 F9000 X190.568 Y123.047
G1 F2100 X150.419 Y163.196 E859.3616
G0 F9000 X151.013 Y163.196
G1 F2100 X190.568 Y123.641 E861.31517
G0 F9000 X190.568 Y124.235
G1 F2100 X151.607 Y163.196 E863.23941
G0 F9000 X152.201 Y163.196
G1 F2100 X190.568 Y124.829 E865.13431
G0 F9000 X190.568 Y125.423
G1 F2100 X152.795 Y163.196 E866.99987
G0 F9000 X153.389 Y163.196
G1 F2100 X190.568 Y126.017 E868.8361
G0 F9000 X190.568 Y126.611
G1 F2100 X153.983 Y163.196 E870.64299
G0 F9000 X154.577 Y163.196
G1 F2100 X190.568 Y127.204 E872.42056
G0 F9000 X190.568 Y127.798
G1 F2100 X155.171 Y163.196 E874.1688
G0 F9000 X155.765 Y163.196
G1 F2100 X190.568 Y128.392 E875.8877
G0 F9000 X190.568 Y128.986
G1 F2100 X156.358 Y163.196 E877.57729
G0 F9000 X156.952 Y163.196
G1 F2100 X190.568 Y129.58 E879.23755
G0 F9000 X190.568 Y130.174
G1 F2100 X157.546 Y163.196 E880.86846
G0 F9000 X158.14 Y163.196
G1 F2100 X190.568 Y130.768 E882.47004
G0 F9000 X190.568 Y131.362
G1 F2100 X158.734 Y163.196 E884.04228
G0 F9000 X159.328 Y163.196
G1 F2100 X190.568 Y131.956 E885.58519
G0 F9000 X190.568 Y132.55
G1 F2100 X159.922 Y163.196 E887.09876
G0 F9000 X160.516 Y163.196
G1 F2100 X190.568 Y133.144 E888.58299
G0 F9000 X190.568 Y133.738
G1 F2100 X161.11 Y163.196 E890.03789
G0 F9000 X161.704 Y163.196
G1 F2100 X190.568 Y134.332 E891.46344
G0 F9000 X190.568 Y134.926
G1 F2100 X162.298 Y163.196 E892.85966
G0 F9000 X162.892 Y163.196
G1 F2100 X190.568 Y135.52 E894.22655
G0 F9000 X190.568 Y136.114
G1 F2100 X163.486 Y163.196 E895.56409
G0 F9000 X164.08 Y163.196
G1 F2100 X190.568 Y136.708 E896.8723
G0 F9000 X190.568 Y137.302
G1 F2100 X164.674 Y163.196 E898.15118
G0 F9000 X165.268 Y163.196
G1 F2100 X190.568 Y137.896 E899.40071
G0 F9000 X190.568 Y138.49
G1 F2100 X165.862 Y163.196 E900.62091
G0 F9000 X166.456 Y163.196
G1 F2100 X190.568 Y139.084 E901.81178
G0 F9000 X190.568 Y139.678
G1 F2100 X167.05 Y163.196 E902.9733
G0 F9000 X167.644 Y163.196
G1 F2100 X190.568 Y140.272 E904.10549
G0 F9000 X190.568 Y140.866
G1 F2100 X168.238 Y163.196 E905.20834
G0 F9000 X168.832 Y163.196
G1 F2100 X190.568 Y141.46 E906.28186
G0 F9000 X190.568 Y142.054
G1 F2100 X169.426 Y163.196 E907.32603
G0 F9000 X170.026 Y163.19
G1 F2100 X190.562 Y142.654 E908.34028
G0 F9000 X190.532 Y143.278
G1 F2100 X170.651 Y163.159 E909.32218
G0 F9000 X171.275 Y163.129
G1 F2100 X190.501 Y143.903 E910.27173
G0 F9000 X190.471 Y144.527
G1 F2100 X171.899 Y163.099 E911.18898
G0 F9000 X172.588 Y163.004
G1 F2100 X190.376 Y145.216 E912.0675
G0 F9000 X190.271 Y145.915
G1 F2100 X173.286 Y162.9 E912.90637
G0 F9000 X173.987 Y162.792
G1 F2100 X190.163 Y146.617 E913.70526
G0 F9000 X189.967 Y147.407
G1 F2100 X174.779 Y162.594 E914.45535
G0 F9000 X175.571 Y162.397
G1 F2100 X189.771 Y148.197 E915.15667
G1 X189.845 Y148.123
G0 F9000 X189.502 Y149.06
G1 F2100 X176.435 Y162.126 E915.80201
G1 X176.361 Y162.2
G0 F9000 X176.493 Y162.571
G0 X177.509 Y162.207
G0 X177.362 Y161.794
G1 F2100 X189.169 Y149.987 E916.38515
G1 X189.243 Y149.913
G0 F9000 X189.613 Y150.046
G0 X189.136 Y151.196
G0 X188.74 Y151.009
G1 F2100 X178.388 Y161.361 E916.89642
G1 X178.314 Y161.435
G0 F9000 X178.485 Y161.801
G0 X179.7 Y161.226
G0 X179.514 Y160.83
G1 F2100 X188.209 Y152.135 E917.32585
G1 X188.283 Y152.061
G0 F9000 X188.645 Y152.232
G0 X187.737 Y153.801
G0 X187.362 Y153.575
G1 F2100 X180.947 Y159.991 E917.64271
G1 X180.873 Y160.065
G0 F9000 X181.084 Y160.418
G0 X183.24 Y158.902
G0 X182.98 Y158.551
G1 F2100 X185.913 Y155.619 E917.78754
G1 X185.987 Y155.545
G1 F1500 E916.78754
G0 F9000 X186.325 Y155.797
G0 X187.403 Y154.243
G0 X188.473 Y152.457
G0 X189.347 Y150.608
G0 X190.042 Y148.671
G0 X190.542 Y146.666
G0 X190.843 Y144.638
G0 X190.945 Y142.545
G0 X190.945 Y117.982
G0 X188.608 Y117.384
G0 X188.664 Y111.15
G0 X190.935 Y110.862
G0 X190.946 Y76.224
G0 X190.637 Y74.659
G0 X189.771 Y73.364
G0 X188.476 Y72.498
G0 X186.911 Y72.189
G0 X50.098 Y72.216
G0 X50.493 Y73.791
G0 X189.457 Y110.497
G1 F1500 E917.78754
G1 F2100 X190.57 Y109.384 E917.84251
G0 F9000 X190.57 Y109.978
G1 F2100 X190.051 Y110.497 E917.86814
G1 F1500 E916.86814
G0 F9000 X50.493 Y73.791
G0 X48.786 Y74.576
G0 X47.913 Y73.043
G0 X47.277 Y72.268
G0 X45.835 Y72.865
G0 X44.73 Y73.97
G0 X44.133 Y75.412
G0 X44.065 Y110.862
G0 X46.167 Y111.236
G0 X46.167 Y117.371
G0 X45.232 Y117.673
G0 X45.232 Y118.109
G1 F1500 E917.86814
G1 F2100 X44.433 Y118.908 E917.9076
G0 F9000 X44.433 Y118.314
G1 F2100 X44.636 Y118.111 E917.91763
G1 F1500 E916.91763
;MESH:NONMESH
G0 F600 X44.636 Y118.111 Z2.2
G0 F9000 X44.636 Y117.673
G0 X46.167 Y117.371
G0 X46.167 Y111.236
G0 X44.065 Y110.862
G0 X44.054 Y76.224
G0 X44.363 Y74.659
G0 X45.229 Y73.364
G0 X46.524 Y72.498
G0 X47.968 Y72.23
G0 X47.652 Y73.653
G0 X48.128 Y74.334
;TIME_ELAPSED:7684.209264
;LAYER:10
M204 S2000
;TYPE:WALL-OUTER
;MESH:Bottom_Standoffs.stl
G1 F1500 E917.91763
G1 F805.9 X47.923 Y74.065 E917.9345
G1 F810 X47.788 Y73.743 E917.95184
G1 F811.3 X47.745 Y73.402 E917.96887
G1 X47.788 Y73.06 E917.98595
G1 F810 X47.918 Y72.746 E918.00282
G1 F807.3 X48.125 Y72.473 E918.01988
G1 F805.9 X48.39 Y72.266 E918.03666
G1 F804.6 X48.705 Y72.133 E918.05375
G1 F800.6 X49.032 Y72.091 E918.07031
G1 X49.383 Y72.135 E918.08807
G1 F801.9 X49.691 Y72.264 E918.10482
G1 X49.957 Y72.469 E918.12165
G1 F805.9 X50.163 Y72.738 E918.13856
G1 F810 X50.297 Y73.061 E918.15592
G1 X50.341 Y73.405 E918.17313
G1 F811.3 X50.297 Y73.742 E918.18997
G1 F812.7 X50.161 Y74.069 E918.2075
G1 F810 X49.957 Y74.334 E918.2241
G1 F807.3 X49.687 Y74.543 E918.2411
G1 F805.9 X49.377 Y74.671 E918.25784
G1 F803.3 X49.041 Y74.714 E918.27479
G1 F801.9 X48.706 Y74.67 E918.29173
G1 X48.394 Y74.54 E918.30868
G1 X48.128 Y74.334 E918.32555
M204 S1000
G1 F1500 E917.32555
G0 F9000 X47.905 Y75.382
G0 X63.072 Y133.409
G0 X63.788 Y134.202
M204 S2000
G1 F1500 E918.32555
G1 F810 X63.745 Y134.544 E918.34266
G1 F811.3 X63.788 Y134.885 E918.35969
G1 F810 X63.923 Y135.207 E918.37703
G1 F805.9 X64.128 Y135.476 E918.3939
G1 F801.9 X64.396 Y135.681 E918.41082
G1 X64.706 Y135.811 E918.42767
G1 X65.042 Y135.855 E918.44466
G1 X65.377 Y135.812 E918.4616
G1 F803.3 X65.685 Y135.685 E918.47827
G1 X65.959 Y135.474 E918.49558
G1 F805.9 X66.16 Y135.211 E918.5121
G1 F811.3 X66.297 Y134.884 E918.52967
G1 X66.341 Y134.545 E918.54661
G1 F810 X66.297 Y134.203 E918.56373
G1 F811.3 X66.164 Y133.88 E918.58104
G1 F810 X65.958 Y133.611 E918.59786
G1 F805.9 X65.692 Y133.407 E918.61458
G1 F801.9 X65.38 Y133.277 E918.63153
G1 F800.6 X65.032 Y133.232 E918.64915
G1 F801.9 X64.706 Y133.275 E918.66564
G1 F804.6 X64.391 Y133.407 E918.68271
G1 X64.123 Y133.616 E918.69969
G1 F805.9 X63.918 Y133.887 E918.71664
G1 F808.6 X63.788 Y134.202 E918.73359
M204 S1000
G1 F1500 E917.73359
G0 F9000 X99.286 Y155.432
M204 S2000
G1 F1500 E918.73359
G1 F810 X99.422 Y155.106 E918.75112
G1 F808.6 X99.623 Y154.84 E918.7677
G1 F807.3 X99.889 Y154.633 E918.78449
G1 F805.9 X100.203 Y154.499 E918.80152
G1 X100.549 Y154.454 E918.81893
G1 F804.6 X100.881 Y154.499 E918.83567
G1 F803.3 X101.192 Y154.629 E918.85254
G1 F804.6 X101.457 Y154.834 E918.86929
G1 F805.9 X101.663 Y155.103 E918.88619
G1 F808.6 X101.797 Y155.425 E918.90353
G1 F810 X101.841 Y155.766 E918.9206
G1 F811.3 X101.797 Y156.107 E918.93764
G1 X101.664 Y156.428 E918.95486
G1 F810 X101.457 Y156.698 E918.97175
G1 F807.3 X101.186 Y156.908 E918.98882
G1 F804.6 X100.884 Y157.033 E919.00516
G1 F801.9 X100.54 Y157.078 E919.02255
G1 X100.206 Y157.034 E919.03944
G1 F803.3 X99.895 Y156.903 E919.05634
G1 X99.627 Y156.699 E919.07319
G1 F805.9 X99.423 Y156.429 E919.09008
G1 F810 X99.289 Y156.108 E919.10735
G1 F811.3 X99.245 Y155.766 E919.12443
G1 F810 X99.286 Y155.432 E919.14114
M204 S1000
G1 F1500 E918.14114
G0 F9000 X169.245 Y131.007
M204 S2000
G1 F1500 E919.14114
G1 F810 X169.288 Y130.665 E919.15825
G1 F808.6 X169.418 Y130.35 E919.17519
G1 F807.3 X169.623 Y130.08 E919.19208
G1 F805.9 X169.892 Y129.87 E919.2091
G1 F804.6 X170.205 Y129.738 E919.22608
G1 F801.9 X170.532 Y129.695 E919.24262
G1 X170.88 Y129.739 E919.2602
G1 F803.3 X171.192 Y129.87 E919.27714
G1 F805.9 X171.458 Y130.074 E919.29387
G1 F808.6 X171.663 Y130.343 E919.31068
G1 F810 X171.797 Y130.666 E919.32804
G1 X171.841 Y131.008 E919.34516
G1 F811.3 X171.797 Y131.347 E919.3621
G1 X171.66 Y131.674 E919.37967
G1 F805.9 X171.459 Y131.937 E919.39619
G1 F803.3 X171.185 Y132.148 E919.4135
G1 X170.877 Y132.275 E919.43017
G1 F801.9 X170.542 Y132.318 E919.44711
G1 X170.206 Y132.274 E919.4641
G1 X169.896 Y132.144 E919.48095
G1 F803.3 X169.628 Y131.94 E919.49781
G1 F805.9 X169.422 Y131.67 E919.51476
G1 F808.6 X169.288 Y131.348 E919.5321
G1 F811.3 X169.245 Y131.007 E919.54913
M204 S1000
G1 F1500 E918.54913
G0 F9000 X184.789 Y90.418
M204 S2000
G1 F1500 E919.54913
G1 F811.3 X184.745 Y90.077 E919.56617
G1 F810 X184.787 Y89.74 E919.58303
G1 F808.6 X184.916 Y89.424 E919.6
G1 F807.3 X185.124 Y89.149 E919.61717
G1 F805.9 X185.387 Y88.943 E919.63384
G1 X185.703 Y88.809 E919.65096
G1 F803.3 X186.03 Y88.765 E919.66748
G1 F800.6 X186.382 Y88.81 E919.6853
G1 X186.691 Y88.939 E919.70212
G1 F804.6 X186.958 Y89.144 E919.71894
G1 F808.6 X187.163 Y89.413 E919.73576
G1 X187.297 Y89.735 E919.7531
G1 X187.341 Y90.076 E919.7702
G1 F812.7 X187.297 Y90.421 E919.7874
G1 X187.162 Y90.743 E919.80468
G1 F808.6 X186.961 Y91.006 E919.82114
G1 F807.3 X186.69 Y91.216 E919.83821
G1 F805.9 X186.374 Y91.348 E919.8553
G1 F803.3 X186.043 Y91.389 E919.87199
G1 F801.9 X185.705 Y91.345 E919.88909
G1 X185.394 Y91.215 E919.90599
G1 F803.3 X185.128 Y91.009 E919.92283
G1 F807.3 X184.923 Y90.74 E919.93967
G1 F810 X184.789 Y90.418 E919.95699
M204 S1000
G1 F1500 E918.95699
G0 F9000 X115.288 Y74.248
M204 S2000
G1 F1500 E919.95699
G1 F811.3 X115.245 Y73.907 E919.97402
G1 X115.289 Y73.564 E919.99116
G1 F810 X115.416 Y73.255 E920.00774
G1 F805.9 X115.628 Y72.975 E920.02526
G1 F804.6 X115.889 Y72.773 E920.04175
G1 F805.9 X116.207 Y72.639 E920.05897
G1 F801.9 X116.532 Y72.595 E920.07541
G1 F800.6 X116.881 Y72.64 E920.09309
G1 F803.3 X117.192 Y72.771 E920.10998
G1 F805.9 X117.458 Y72.975 E920.1267
G1 F808.6 X117.663 Y73.244 E920.14352
G1 F810 X117.797 Y73.566 E920.16083
G1 X117.841 Y73.91 E920.17805
G1 F811.3 X117.797 Y74.247 E920.19489
G1 F812.7 X117.661 Y74.574 E920.21241
G1 F810 X117.457 Y74.839 E920.22902
G1 F807.3 X117.187 Y75.048 E920.24602
G1 F805.9 X116.877 Y75.176 E920.26275
G1 F803.3 X116.541 Y75.219 E920.27971
G1 F800.6 X116.206 Y75.175 E920.29668
G1 F801.9 X115.895 Y75.044 E920.3136
G1 F803.3 X115.628 Y74.839 E920.33045
G1 F804.6 X115.422 Y74.57 E920.34738
G1 F808.6 X115.288 Y74.248 E920.36472
M204 S1000
G1 F1500 E919.36472
;MESH:NONMESH
G0 F600 X115.288 Y74.248 Z2.4
G0 F9000 X48.128 Y74.304
;TIME_ELAPSED:7691.899743
;LAYER:11
M204 S2000
;TYPE:WALL-OUTER
;MESH:Bottom_Standoffs.stl
G1 F1500 E920.36472
G1 F857.9 X47.923 Y74.035 E920.3816
G1 F862.2 X47.788 Y73.713 E920.39893
G1 F863.7 X47.745 Y73.371 E920.41601
G1 X47.788 Y73.032 E920.43295
G1 F862.2 X47.922 Y72.71 E920.45026
G1 F859.3 X48.128 Y72.44 E920.46717
G1 F857.9 X48.395 Y72.233 E920.48403
G1 X48.702 Y72.105 E920.50062
G1 X49.045 Y72.061 E920.51788
G1 F856.5 X49.383 Y72.105 E920.53491
G1 F855 X49.691 Y72.233 E920.55161
G1 X49.957 Y72.439 E920.56845
G1 F857.9 X50.163 Y72.708 E920.58535
G1 F860.8 X50.297 Y73.03 E920.60269
G1 F862.2 X50.341 Y73.371 E920.61976
G1 F865.1 X50.298 Y73.712 E920.63676
G1 X50.163 Y74.035 E920.65408
G1 F862.2 X49.958 Y74.304 E920.67087
G1 F859.3 X49.692 Y74.51 E920.68763
G1 F857.9 X49.381 Y74.64 E920.70445
G1 F855 X49.04 Y74.684 E920.72166
G1 F852.2 X48.705 Y74.641 E920.73862
G1 F853.6 X48.394 Y74.51 E920.75554
G1 F855 X48.128 Y74.304 E920.77238
M204 S1000
G1 F1500 E919.77238
G0 F9000 X47.905 Y75.352
G0 X63.076 Y133.374
G0 X63.788 Y134.174
M204 S2000
G1 F1500 E920.77238
G1 F862.2 X63.922 Y133.852 E920.7897
G1 F857.9 X64.127 Y133.582 E920.80661
G1 F856.5 X64.393 Y133.376 E920.82342
G1 F857.9 X64.705 Y133.246 E920.84028
G1 F856.5 X65.046 Y133.202 E920.85747
G1 F855 X65.381 Y133.245 E920.87437
G1 F856.5 X65.692 Y133.376 E920.89124
G1 X65.957 Y133.582 E920.90801
G1 F857.9 X66.163 Y133.85 E920.92487
G1 F860.8 X66.297 Y134.172 E920.94222
G1 F862.2 X66.341 Y134.513 E920.95928
G1 F865.1 X66.298 Y134.854 E920.97629
G1 X66.163 Y135.177 E920.99361
G1 F860.8 X65.957 Y135.446 E921.01046
G1 F856.5 X65.691 Y135.652 E921.02727
G1 F855 X65.384 Y135.78 E921.04392
G1 F853.6 X65.04 Y135.825 E921.06131
G1 F852.2 X64.706 Y135.782 E921.07823
G1 X64.395 Y135.651 E921.09518
G1 F855 X64.128 Y135.446 E921.11203
G1 F857.9 X63.922 Y135.177 E921.12893
G1 F860.8 X63.788 Y134.855 E921.14627
G1 F863.7 X63.745 Y134.513 E921.16335
G1 X63.788 Y134.174 E921.18029
M204 S1000
G1 F1500 E920.18029
G0 F9000 X99.288 Y155.397
M204 S2000
G1 F1500 E921.18029
G1 F862.2 X99.422 Y155.075 E921.1976
G1 F857.9 X99.627 Y154.805 E921.21451
G1 X99.894 Y154.6 E921.23131
G1 F859.3 X100.205 Y154.469 E921.24812
G1 F856.5 X100.546 Y154.425 E921.2653
G1 F855 X100.881 Y154.468 E921.28221
G1 X101.191 Y154.599 E921.29905
G1 X101.457 Y154.805 E921.31589
G1 F857.9 X101.663 Y155.073 E921.33276
G1 F860.8 X101.797 Y155.395 E921.3501
G1 F862.2 X101.841 Y155.736 E921.36717
G1 F863.7 X101.797 Y156.077 E921.38421
G1 X101.664 Y156.398 E921.40142
G1 F860.8 X101.458 Y156.668 E921.41831
G1 F856.5 X101.192 Y156.873 E921.43509
G1 X100.881 Y157.004 E921.45196
G1 X100.54 Y157.048 E921.46914
G1 F853.6 X100.206 Y157.004 E921.48603
G1 X99.894 Y156.873 E921.503
G1 F855 X99.628 Y156.668 E921.51981
G1 F856.5 X99.422 Y156.399 E921.53674
G1 F859.3 X99.288 Y156.078 E921.55407
G1 F862.2 X99.245 Y155.736 E921.57118
G1 F863.7 X99.288 Y155.397 E921.58811
M204 S1000
G1 F1500 E920.58811
G0 F9000 X169.245 Y130.976
M204 S2000
G1 F1500 E921.58811
G1 F863.7 X169.288 Y130.637 E921.60505
G1 F862.2 X169.422 Y130.315 E921.62236
G1 F857.9 X169.627 Y130.045 E921.63927
G1 F856.5 X169.893 Y129.839 E921.65609
G1 F857.9 X170.205 Y129.709 E921.67295
G1 F856.5 X170.546 Y129.665 E921.69013
G1 F855 X170.881 Y129.708 E921.70704
G1 F856.5 X171.192 Y129.839 E921.7239
G1 X171.457 Y130.045 E921.74067
G1 F857.9 X171.663 Y130.313 E921.75754
G1 F860.8 X171.797 Y130.635 E921.77488
G1 F862.2 X171.841 Y130.976 E921.79195
G1 F863.7 X171.797 Y131.317 E921.80899
G1 X171.663 Y131.64 E921.82632
G1 F860.8 X171.457 Y131.909 E921.84317
G1 F856.5 X171.191 Y132.115 E921.85998
G1 F855 X170.884 Y132.243 E921.87663
G1 F853.6 X170.54 Y132.288 E921.89402
G1 F852.2 X170.206 Y132.245 E921.91094
G1 X169.895 Y132.115 E921.92786
G1 X169.628 Y131.909 E921.9448
G1 F856.5 X169.423 Y131.64 E921.9617
G1 F860.8 X169.288 Y131.318 E921.97906
G1 F862.2 X169.245 Y130.976 E921.99617
M204 S1000
G1 F1500 E920.99617
G0 F9000 X184.788 Y90.388
M204 S2000
G1 F1500 E921.99617
G1 F863.7 X184.745 Y90.046 E922.01326
G1 X184.788 Y89.707 E922.03019
G1 F862.2 X184.922 Y89.385 E922.0475
G1 F859.3 X185.128 Y89.115 E922.06442
G1 F857.9 X185.395 Y88.908 E922.08128
G1 X185.702 Y88.78 E922.09787
G1 X186.045 Y88.736 E922.11512
G1 F856.5 X186.383 Y88.78 E922.13216
G1 F855 X186.691 Y88.908 E922.14885
G1 X186.957 Y89.114 E922.16569
G1 F857.9 X187.163 Y89.383 E922.1826
G1 F860.8 X187.297 Y89.705 E922.19994
G1 F862.2 X187.341 Y90.046 E922.21701
G1 F865.1 X187.298 Y90.387 E922.23401
G1 X187.163 Y90.71 E922.25133
G1 F862.2 X186.958 Y90.979 E922.26812
G1 F859.3 X186.692 Y91.185 E922.28488
G1 F857.9 X186.381 Y91.315 E922.30169
G1 F855 X186.04 Y91.359 E922.3189
G1 F852.2 X185.705 Y91.316 E922.33587
G1 F853.6 X185.394 Y91.185 E922.35279
G1 F855 X185.128 Y90.979 E922.36963
G1 F857.9 X184.923 Y90.71 E922.3865
G1 F862.2 X184.788 Y90.388 E922.40383
M204 S1000
G1 F1500 E921.40383
G0 F9000 X115.288 Y74.218
M204 S2000
G1 F1500 E922.40383
G1 F863.7 X115.245 Y73.876 E922.42092
G1 X115.288 Y73.537 E922.43785
G1 F862.2 X115.422 Y73.216 E922.45512
G1 F859.3 X115.625 Y72.949 E922.47182
G1 F857.9 X115.896 Y72.739 E922.48893
G1 X116.205 Y72.61 E922.50563
G1 F856.5 X116.546 Y72.566 E922.52282
G1 F855 X116.881 Y72.609 E922.53972
G1 X117.191 Y72.74 E922.55657
G1 F853.6 X117.457 Y72.946 E922.57344
G1 F856.5 X117.663 Y73.215 E922.59037
G1 F860.8 X117.797 Y73.536 E922.60767
G1 F862.2 X117.841 Y73.876 E922.62468
G1 F865.1 X117.798 Y74.217 E922.64169
G1 X117.663 Y74.54 E922.65901
G1 F862.2 X117.458 Y74.809 E922.6758
G1 F857.9 X117.192 Y75.014 E922.69255
G1 F856.5 X116.881 Y75.145 E922.70942
G1 F855 X116.54 Y75.189 E922.72663
G1 F852.2 X116.205 Y75.146 E922.74359
G1 F853.6 X115.894 Y75.015 E922.76051
G1 F855 X115.628 Y74.809 E922.77735
G1 F856.5 X115.422 Y74.54 E922.79428
G1 F860.8 X115.288 Y74.218 E922.81162
M204 S1000
G1 F1500 E921.81162
;MESH:NONMESH
G0 F600 X115.288 Y74.218 Z2.6
G0 F9000 X48.128 Y74.275
;TIME_ELAPSED:7699.371933
;LAYER:12
M204 S2000
;TYPE:WALL-OUTER
;MESH:Bottom_Standoffs.stl
G1 F1500 E922.81162
G1 F857.9 X47.923 Y74.006 E922.8285
G1 F862.2 X47.788 Y73.684 E922.84583
G1 F863.7 X47.745 Y73.342 E922.86291
G1 X47.788 Y73.003 E922.87985
G1 F862.2 X47.922 Y72.681 E922.89716
G1 F859.3 X48.128 Y72.411 E922.91408
G1 F857.9 X48.395 Y72.204 E922.93093
G1 X48.702 Y72.076 E922.94752
G1 X49.045 Y72.032 E922.96478
G1 F856.5 X49.383 Y72.076 E922.98181
G1 F855.1 X49.691 Y72.204 E922.99851
G1 X49.957 Y72.41 E923.01535
G1 F857.9 X50.163 Y72.679 E923.03225
G1 F860.8 X50.297 Y73.001 E923.04959
G1 F862.2 X50.341 Y73.342 E923.06666
G1 F865.1 X50.298 Y73.683 E923.08367
G1 X50.163 Y74.006 E923.10099
G1 F862.2 X49.958 Y74.275 E923.11777
G1 F859.3 X49.692 Y74.481 E923.13453
G1 F857.9 X49.381 Y74.611 E923.15135
G1 F855.1 X49.04 Y74.655 E923.16856
G1 F852.2 X48.705 Y74.612 E923.18552
G1 F853.6 X48.394 Y74.481 E923.20244
G1 F855.1 X48.128 Y74.275 E923.21928
M204 S1000
G1 F1500 E922.21928
G0 F9000 X47.905 Y75.323
G0 X63.076 Y133.345
G0 X63.788 Y134.145
M204 S2000
G1 F1500 E923.21928
G1 F863.7 X63.745 Y134.484 E923.23622
G1 X63.788 Y134.826 E923.2533
G1 F862.2 X63.923 Y135.148 E923.27063
G1 F857.9 X64.128 Y135.417 E923.28751
G1 F853.6 X64.395 Y135.623 E923.30441
G1 F852.2 X64.706 Y135.753 E923.32134
G1 X65.04 Y135.796 E923.33826
G1 F853.6 X65.384 Y135.751 E923.35565
G1 F855.1 X65.691 Y135.623 E923.3723
G1 F856.5 X65.957 Y135.417 E923.38911
G1 F860.8 X66.163 Y135.148 E923.40596
G1 F865.1 X66.298 Y134.825 E923.42328
G1 X66.341 Y134.484 E923.44029
G1 F862.2 X66.297 Y134.143 E923.45735
G1 F860.8 X66.163 Y133.821 E923.4747
G1 F857.9 X65.957 Y133.553 E923.49156
G1 F856.5 X65.692 Y133.347 E923.50833
G1 X65.381 Y133.216 E923.5252
G1 F855.1 X65.046 Y133.173 E923.5421
G1 F856.5 X64.705 Y133.217 E923.55929
G1 F857.9 X64.393 Y133.347 E923.57615
G1 F856.5 X64.127 Y133.553 E923.59296
G1 F857.9 X63.922 Y133.823 E923.60987
G1 F862.2 X63.788 Y134.145 E923.62719
M204 S1000
G1 F1500 E922.62719
G0 F9000 X99.288 Y155.368
M204 S2000
G1 F1500 E923.62719
G1 F862.2 X99.422 Y155.046 E923.6445
G1 F857.9 X99.627 Y154.776 E923.66141
G1 X99.894 Y154.571 E923.67821
G1 F859.3 X100.205 Y154.44 E923.69502
G1 F856.5 X100.546 Y154.396 E923.7122
G1 F855.1 X100.881 Y154.439 E923.72911
G1 X101.191 Y154.57 E923.74595
G1 X101.457 Y154.776 E923.76279
G1 F857.9 X101.663 Y155.044 E923.77966
G1 F860.8 X101.797 Y155.366 E923.797
G1 F862.2 X101.841 Y155.707 E923.81407
G1 F863.7 X101.797 Y156.048 E923.83111
G1 X101.664 Y156.369 E923.84832
G1 F860.8 X101.458 Y156.639 E923.86521
G1 F856.5 X101.192 Y156.844 E923.88199
G1 X100.881 Y156.975 E923.89886
G1 F855.1 X100.54 Y157.019 E923.91607
G1 F852.2 X100.205 Y156.976 E923.93303
G1 F853.6 X99.894 Y156.845 E923.94995
G1 F855.1 X99.628 Y156.639 E923.96679
G1 F856.5 X99.422 Y156.37 E923.98373
G1 F859.3 X99.288 Y156.049 E924.00105
G1 F862.2 X99.245 Y155.707 E924.01816
G1 F863.7 X99.288 Y155.368 E924.0351
M204 S1000
G1 F1500 E923.0351
G0 F9000 X169.245 Y130.947
M204 S2000
G1 F1500 E924.0351
G1 F863.7 X169.288 Y130.608 E924.05203
G1 F862.2 X169.422 Y130.286 E924.06934
G1 F857.9 X169.627 Y130.016 E924.08626
G1 F856.5 X169.893 Y129.81 E924.10307
G1 F857.9 X170.205 Y129.68 E924.11993
G1 F856.5 X170.546 Y129.636 E924.13711
G1 F855.1 X170.881 Y129.679 E924.15402
G1 F856.5 X171.192 Y129.81 E924.17089
G1 X171.457 Y130.016 E924.18766
G1 F857.9 X171.663 Y130.284 E924.20452
G1 F860.8 X171.797 Y130.606 E924.22187
G1 F862.2 X171.841 Y130.947 E924.23893
G1 F863.7 X171.797 Y131.288 E924.25597
G1 X171.663 Y131.611 E924.2733
G1 F860.8 X171.457 Y131.88 E924.29015
G1 F856.5 X171.191 Y132.086 E924.30696
G1 F855.1 X170.884 Y132.214 E924.32361
G1 F853.6 X170.54 Y132.259 E924.34101
G1 F852.2 X170.206 Y132.216 E924.35792
G1 X169.895 Y132.086 E924.37485
G1 X169.628 Y131.88 E924.39179
G1 F856.5 X169.423 Y131.611 E924.40869
G1 F860.8 X169.288 Y131.289 E924.42605
G1 F862.2 X169.245 Y130.947 E924.44316
M204 S1000
G1 F1500 E923.44316
G0 F9000 X184.788 Y90.359
M204 S2000
G1 F1500 E924.44316
G1 F863.7 X184.745 Y90.017 E924.46024
G1 X184.788 Y89.678 E924.47718
G1 F862.2 X184.922 Y89.356 E924.49449
G1 F859.3 X185.128 Y89.086 E924.5114
G1 F857.9 X185.395 Y88.879 E924.52826
G1 X185.702 Y88.751 E924.54485
G1 X186.045 Y88.707 E924.56211
G1 F856.5 X186.383 Y88.751 E924.57914
G1 F855.1 X186.691 Y88.879 E924.59584
G1 X186.957 Y89.085 E924.61268
G1 F857.9 X187.163 Y89.354 E924.62958
G1 F860.8 X187.297 Y89.676 E924.64692
G1 F862.2 X187.341 Y90.017 E924.66399
G1 F865.1 X187.298 Y90.358 E924.68099
G1 X187.163 Y90.681 E924.69831
G1 F862.2 X186.958 Y90.95 E924.7151
G1 F859.3 X186.692 Y91.156 E924.73186
G1 F857.9 X186.381 Y91.286 E924.74868
G1 F855.1 X186.04 Y91.33 E924.76589
G1 F852.2 X185.705 Y91.287 E924.78285
G1 F853.6 X185.394 Y91.156 E924.79977
G1 F855.1 X185.128 Y90.95 E924.81661
G1 F857.9 X184.923 Y90.681 E924.83349
G1 F862.2 X184.788 Y90.359 E924.85082
M204 S1000
G1 F1500 E923.85082
G0 F9000 X115.288 Y74.189
M204 S2000
G1 F1500 E924.85082
G1 F863.7 X115.245 Y73.847 E924.8679
G1 X115.288 Y73.508 E924.88483
G1 F862.2 X115.422 Y73.187 E924.9021
G1 F859.3 X115.625 Y72.92 E924.91881
G1 F857.9 X115.896 Y72.71 E924.93591
G1 X116.205 Y72.581 E924.95262
G1 F856.5 X116.546 Y72.537 E924.9698
G1 F855.1 X116.881 Y72.58 E924.98671
G1 X117.191 Y72.711 E925.00355
G1 F853.6 X117.457 Y72.917 E925.02042
G1 F856.5 X117.663 Y73.186 E925.03735
G1 F860.8 X117.797 Y73.507 E925.05465
G1 F862.2 X117.841 Y73.847 E925.07167
G1 F865.1 X117.798 Y74.188 E925.08867
G1 X117.663 Y74.511 E925.10599
G1 F862.2 X117.458 Y74.78 E925.12278
G1 F857.9 X117.192 Y74.985 E925.13954
G1 F856.5 X116.881 Y75.116 E925.1564
G1 F855.1 X116.54 Y75.16 E925.17361
G1 F852.2 X116.205 Y75.117 E925.19057
G1 F853.6 X115.894 Y74.986 E925.20749
G1 F855.1 X115.628 Y74.78 E925.22433
G1 F856.5 X115.422 Y74.511 E925.24127
G1 F860.8 X115.288 Y74.189 E925.25861
M204 S1000
G1 F1500 E924.25861
;MESH:NONMESH
G0 F600 X115.288 Y74.189 Z2.8
G0 F9000 X48.128 Y74.246
;TIME_ELAPSED:7706.844197
;LAYER:13
M204 S2000
;TYPE:WALL-OUTER
;MESH:Bottom_Standoffs.stl
G1 F1500 E925.25861
G1 F857.9 X47.923 Y73.977 E925.27548
G1 F862.2 X47.788 Y73.655 E925.29281
G1 F863.7 X47.745 Y73.313 E925.3099
G1 X47.788 Y72.974 E925.32683
G1 F862.2 X47.922 Y72.652 E925.34414
G1 F859.3 X48.128 Y72.382 E925.36106
G1 F857.9 X48.395 Y72.175 E925.37791
G1 X48.702 Y72.047 E925.39451
G1 X49.045 Y72.003 E925.41176
G1 F856.5 X49.383 Y72.047 E925.4288
G1 F855.1 X49.691 Y72.175 E925.44549
G1 X49.957 Y72.381 E925.46233
G1 F857.9 X50.163 Y72.65 E925.47924
G1 F860.8 X50.297 Y72.972 E925.49658
G1 F862.2 X50.341 Y73.313 E925.51365
G1 F865.1 X50.298 Y73.654 E925.53065
G1 X50.163 Y73.977 E925.54797
G1 F862.2 X49.958 Y74.246 E925.56476
G1 F859.3 X49.692 Y74.452 E925.58152
G1 F857.9 X49.381 Y74.582 E925.59833
G1 F855.1 X49.04 Y74.626 E925.61554
G1 F852.2 X48.705 Y74.583 E925.63251
G1 F853.6 X48.394 Y74.452 E925.64943
G1 F855.1 X48.128 Y74.246 E925.66627
M204 S1000
G1 F1500 E924.66627
G0 F9000 X47.905 Y75.294
G0 X63.076 Y133.316
G0 X63.788 Y134.116
M204 S2000
G1 F1500 E925.66627
G1 F863.7 X63.745 Y134.455 E925.6832
G1 X63.788 Y134.797 E925.70028
G1 F862.2 X63.923 Y135.119 E925.71762
G1 F857.9 X64.128 Y135.388 E925.73449
G1 F853.6 X64.395 Y135.594 E925.7514
G1 F852.2 X64.706 Y135.724 E925.76833
G1 X65.04 Y135.767 E925.78524
G1 F853.6 X65.384 Y135.722 E925.80264
G1 F855.1 X65.691 Y135.594 E925.81928
G1 F856.5 X65.957 Y135.388 E925.8361
G1 F860.8 X66.163 Y135.119 E925.85295
G1 F865.1 X66.298 Y134.796 E925.87027
G1 X66.341 Y134.455 E925.88727
G1 F862.2 X66.297 Y134.114 E925.90434
G1 F860.8 X66.163 Y133.792 E925.92168
G1 F857.9 X65.957 Y133.524 E925.93854
G1 F856.5 X65.692 Y133.318 E925.95532
G1 X65.381 Y133.187 E925.97218
G1 F855.1 X65.046 Y133.144 E925.98909
G1 F856.5 X64.705 Y133.188 E926.00627
G1 F857.9 X64.393 Y133.318 E926.02313
G1 F856.5 X64.127 Y133.524 E926.03995
G1 F857.9 X63.922 Y133.794 E926.05686
G1 F862.2 X63.788 Y134.116 E926.07417
M204 S1000
G1 F1500 E925.07417
G0 F9000 X99.288 Y155.339
M204 S2000
G1 F1500 E926.07417
G1 F862.2 X99.422 Y155.017 E926.09149
G1 F857.9 X99.627 Y154.747 E926.1084
G1 X99.894 Y154.542 E926.12519
G1 F859.3 X100.205 Y154.411 E926.142
G1 F856.5 X100.546 Y154.367 E926.15918
G1 F855.1 X100.881 Y154.41 E926.17609
G1 X101.191 Y154.541 E926.19294
G1 X101.457 Y154.747 E926.20978
G1 F857.9 X101.663 Y155.015 E926.22664
G1 F860.8 X101.797 Y155.337 E926.24398
G1 F862.2 X101.841 Y155.678 E926.26105
G1 F863.7 X101.797 Y156.019 E926.27809
G1 X101.664 Y156.34 E926.29531
G1 F860.8 X101.458 Y156.61 E926.3122
G1 F856.5 X101.192 Y156.815 E926.32898
G1 X100.881 Y156.946 E926.34584
G1 F855.1 X100.54 Y156.99 E926.36305
G1 F852.2 X100.205 Y156.947 E926.38002
G1 F853.6 X99.894 Y156.816 E926.39694
G1 F855.1 X99.628 Y156.61 E926.41378
G1 F856.5 X99.422 Y156.341 E926.43071
G1 F859.3 X99.288 Y156.02 E926.44803
G1 F862.2 X99.245 Y155.678 E926.46515
G1 F863.7 X99.288 Y155.339 E926.48208
M204 S1000
G1 F1500 E925.48208
G0 F9000 X169.245 Y130.918
M204 S2000
G1 F1500 E926.48208
G1 F863.7 X169.288 Y130.579 E926.49901
G1 F862.2 X169.422 Y130.257 E926.51633
G1 F857.9 X169.627 Y129.987 E926.53324
G1 F856.5 X169.893 Y129.781 E926.55005
G1 F857.9 X170.205 Y129.651 E926.56692
G1 F856.5 X170.546 Y129.607 E926.5841
G1 F855.1 X170.881 Y129.65 E926.60101
G1 F856.5 X171.192 Y129.781 E926.61787
G1 X171.457 Y129.987 E926.63464
G1 F857.9 X171.663 Y130.255 E926.65151
G1 F860.8 X171.797 Y130.577 E926.66885
G1 F862.2 X171.841 Y130.918 E926.68592
G1 F863.7 X171.797 Y131.259 E926.70296
G1 X171.663 Y131.582 E926.72029
G1 F860.8 X171.457 Y131.851 E926.73713
G1 F856.5 X171.191 Y132.057 E926.75395
G1 F855.1 X170.884 Y132.185 E926.7706
G1 F853.6 X170.54 Y132.23 E926.78799
G1 F852.2 X170.206 Y132.187 E926.8049
G1 X169.895 Y132.057 E926.82183
G1 X169.628 Y131.851 E926.83877
G1 F856.5 X169.423 Y131.582 E926.85567
G1 F860.8 X169.288 Y131.26 E926.87303
G1 F862.2 X169.245 Y130.918 E926.89014
M204 S1000
G1 F1500 E925.89014
G0 F9000 X184.788 Y90.33
M204 S2000
G1 F1500 E926.89014
G1 F863.7 X184.745 Y89.988 E926.90723
G1 X184.788 Y89.649 E926.92416
G1 F862.2 X184.922 Y89.327 E926.94147
G1 F859.3 X185.128 Y89.057 E926.95839
G1 F857.9 X185.395 Y88.85 E926.97524
G1 X185.702 Y88.722 E926.99184
G1 X186.045 Y88.678 E927.00909
G1 F856.5 X186.383 Y88.722 E927.02612
G1 F855.1 X186.691 Y88.85 E927.04282
G1 X186.957 Y89.056 E927.05966
G1 F857.9 X187.163 Y89.325 E927.07656
G1 F860.8 X187.297 Y89.647 E927.09391
G1 F862.2 X187.341 Y89.988 E927.11097
G1 F865.1 X187.298 Y90.329 E927.12798
G1 X187.163 Y90.652 E927.1453
G1 F862.2 X186.958 Y90.921 E927.16209
G1 F859.3 X186.692 Y91.127 E927.17884
G1 F857.9 X186.381 Y91.257 E927.19566
G1 F855.1 X186.04 Y91.301 E927.21287
G1 F852.2 X185.705 Y91.258 E927.22984
G1 F853.6 X185.394 Y91.127 E927.24676
G1 F855.1 X185.128 Y90.921 E927.2636
G1 F857.9 X184.923 Y90.652 E927.28047
G1 F862.2 X184.788 Y90.33 E927.2978
M204 S1000
G1 F1500 E926.2978
G0 F9000 X115.288 Y74.16
M204 S2000
G1 F1500 E927.2978
G1 F863.7 X115.245 Y73.818 E927.31488
G1 X115.288 Y73.479 E927.33182
G1 F862.2 X115.422 Y73.158 E927.34909
G1 F859.3 X115.625 Y72.891 E927.36579
G1 F857.9 X115.896 Y72.681 E927.3829
G1 X116.205 Y72.552 E927.3996
G1 F856.5 X116.546 Y72.508 E927.41678
G1 F855.1 X116.881 Y72.551 E927.43369
G1 X117.191 Y72.682 E927.45054
G1 F853.6 X117.457 Y72.888 E927.46741
G1 F856.5 X117.663 Y73.157 E927.48434
G1 F860.8 X117.797 Y73.478 E927.50163
G1 F862.2 X117.841 Y73.818 E927.51865
G1 F865.1 X117.798 Y74.159 E927.53566
G1 X117.663 Y74.482 E927.55298
G1 F862.2 X117.458 Y74.751 E927.56977
G1 F857.9 X117.192 Y74.956 E927.58652
G1 F856.5 X116.881 Y75.087 E927.60338
G1 F855.1 X116.54 Y75.131 E927.6206
G1 F852.2 X116.205 Y75.088 E927.63756
G1 F853.6 X115.894 Y74.957 E927.65448
G1 F855.1 X115.628 Y74.751 E927.67132
G1 F856.5 X115.422 Y74.482 E927.68825
G1 F860.8 X115.288 Y74.16 E927.70559
M204 S1000
G1 F1500 E926.70559
;MESH:NONMESH
G0 F600 X115.288 Y74.16 Z3
G0 F9000 X48.128 Y74.217
;TIME_ELAPSED:7714.316460
;LAYER:14
M204 S2000
;TYPE:WALL-OUTER
;MESH:Bottom_Standoffs.stl
G1 F1500 E927.70559
G1 F857.9 X47.923 Y73.948 E927.72247
G1 F862.2 X47.788 Y73.626 E927.7398
G1 F863.7 X47.745 Y73.284 E927.75688
G1 X47.788 Y72.945 E927.77382
G1 F862.2 X47.922 Y72.623 E927.79113
G1 F859.3 X48.128 Y72.353 E927.80804
G1 F857.9 X48.395 Y72.146 E927.8249
G1 X48.702 Y72.018 E927.84149
G1 X49.045 Y71.974 E927.85875
G1 F856.5 X49.383 Y72.018 E927.87578
G1 F855.1 X49.691 Y72.146 E927.89248
G1 X49.957 Y72.352 E927.90932
G1 F857.9 X50.163 Y72.621 E927.92622
G1 F860.8 X50.297 Y72.943 E927.94356
G1 F862.2 X50.341 Y73.284 E927.96063
G1 F865.1 X50.298 Y73.625 E927.97763
G1 X50.163 Y73.948 E927.99495
G1 F862.2 X49.958 Y74.217 E928.01174
G1 F859.3 X49.692 Y74.423 E928.0285
G1 F857.9 X49.381 Y74.553 E928.04532
G1 F855.1 X49.04 Y74.597 E928.06253
G1 F852.2 X48.705 Y74.554 E928.07949
G1 F853.6 X48.394 Y74.423 E928.09641
G1 F855.1 X48.128 Y74.217 E928.11325
M204 S1000
G1 F1500 E927.11325
G0 F9000 X47.905 Y75.265
G0 X63.076 Y133.287
G0 X63.788 Y134.087
M204 S2000
G1 F1500 E928.11325
G1 F862.2 X63.922 Y133.765 E928.13056
G1 F857.9 X64.127 Y133.495 E928.14748
G1 F856.5 X64.393 Y133.289 E928.16429
G1 F857.9 X64.705 Y133.159 E928.18115
G1 F856.5 X65.046 Y133.115 E928.19834
G1 F855.1 X65.381 Y133.158 E928.21524
G1 F856.5 X65.692 Y133.289 E928.23211
G1 X65.957 Y133.495 E928.24888
G1 F857.9 X66.163 Y133.763 E928.26574
G1 F860.8 X66.297 Y134.085 E928.28309
G1 F862.2 X66.341 Y134.426 E928.30015
G1 F865.1 X66.298 Y134.767 E928.31716
G1 X66.163 Y135.09 E928.33448
G1 F860.8 X65.957 Y135.359 E928.35133
G1 F856.5 X65.691 Y135.565 E928.36814
G1 F855.1 X65.384 Y135.693 E928.38479
G1 F853.6 X65.04 Y135.738 E928.40218
G1 F852.2 X64.706 Y135.695 E928.4191
G1 X64.395 Y135.565 E928.43603
G1 F853.6 X64.128 Y135.359 E928.45293
G1 F857.9 X63.923 Y135.09 E928.46981
G1 F862.2 X63.788 Y134.768 E928.48714
G1 F863.7 X63.745 Y134.426 E928.50422
G1 X63.788 Y134.087 E928.52116
M204 S1000
G1 F1500 E927.52116
G0 F9000 X99.288 Y155.31
M204 S2000
G1 F1500 E928.52116
G1 F862.2 X99.422 Y154.988 E928.53847
G1 F857.9 X99.627 Y154.718 E928.55538
G1 X99.894 Y154.513 E928.57218
G1 F859.3 X100.205 Y154.382 E928.58899
G1 F856.5 X100.546 Y154.338 E928.60617
G1 F855.1 X100.881 Y154.381 E928.62307
G1 X101.191 Y154.512 E928.63992
G1 X101.457 Y154.718 E928.65676
G1 F857.9 X101.663 Y154.986 E928.67363
G1 F860.8 X101.797 Y155.308 E928.69097
G1 F862.2 X101.841 Y155.649 E928.70804
G1 F863.7 X101.797 Y155.99 E928.72507
G1 X101.664 Y156.311 E928.74229
G1 F860.8 X101.458 Y156.581 E928.75918
G1 F856.5 X101.192 Y156.786 E928.77596
G1 X100.881 Y156.917 E928.79283
G1 F855.1 X100.54 Y156.961 E928.81004
G1 F852.2 X100.205 Y156.918 E928.827
G1 F853.6 X99.894 Y156.787 E928.84392
G1 F855.1 X99.628 Y156.581 E928.86076
G1 F856.5 X99.422 Y156.312 E928.87769
G1 F859.3 X99.288 Y155.991 E928.89502
G1 F862.2 X99.245 Y155.649 E928.91213
G1 F863.7 X99.288 Y155.31 E928.92906
M204 S1000
G1 F1500 E927.92906
G0 F9000 X169.245 Y130.889
M204 S2000
G1 F1500 E928.92906
G1 F863.7 X169.288 Y130.55 E928.946
G1 F862.2 X169.422 Y130.228 E928.96331
G1 F857.9 X169.627 Y129.958 E928.98023
G1 F856.5 X169.893 Y129.752 E928.99704
G1 F857.9 X170.205 Y129.622 E929.0139
G1 F856.5 X170.546 Y129.578 E929.03108
G1 F855.1 X170.881 Y129.621 E929.04799
G1 F856.5 X171.192 Y129.752 E929.06485
G1 X171.457 Y129.958 E929.08163
G1 F857.9 X171.663 Y130.226 E929.09849
G1 F860.8 X171.797 Y130.548 E929.11583
G1 F862.2 X171.841 Y130.889 E929.1329
G1 F863.7 X171.797 Y131.23 E929.14994
G1 X171.663 Y131.553 E929.16727
G1 F860.8 X171.457 Y131.822 E929.18412
G1 F856.5 X171.191 Y132.028 E929.20093
G1 F855.1 X170.884 Y132.156 E929.21758
G1 F853.6 X170.54 Y132.201 E929.23498
G1 F852.2 X170.206 Y132.158 E929.25189
G1 X169.895 Y132.028 E929.26882
G1 X169.628 Y131.822 E929.28575
G1 F856.5 X169.423 Y131.553 E929.30266
G1 F860.8 X169.288 Y131.231 E929.32002
G1 F862.2 X169.245 Y130.889 E929.33713
M204 S1000
G1 F1500 E928.33713
G0 F9000 X184.788 Y90.301
M204 S2000
G1 F1500 E929.33713
G1 F863.7 X184.745 Y89.959 E929.35421
G1 X184.788 Y89.62 E929.37114
G1 F862.2 X184.922 Y89.298 E929.38846
G1 F859.3 X185.128 Y89.028 E929.40537
G1 F857.9 X185.395 Y88.821 E929.42223
G1 X185.702 Y88.693 E929.43882
G1 X186.045 Y88.649 E929.45607
G1 F856.5 X186.383 Y88.693 E929.47311
G1 F855.1 X186.691 Y88.821 E929.4898
G1 X186.957 Y89.027 E929.50665
G1 F857.9 X187.163 Y89.296 E929.52355
G1 F860.8 X187.297 Y89.618 E929.54089
G1 F862.2 X187.341 Y89.959 E929.55796
G1 F865.1 X187.298 Y90.3 E929.57496
G1 X187.163 Y90.623 E929.59228
G1 F862.2 X186.958 Y90.892 E929.60907
G1 F859.3 X186.692 Y91.098 E929.62583
G1 F857.9 X186.381 Y91.228 E929.64265
G1 F855.1 X186.04 Y91.272 E929.65986
G1 F852.2 X185.705 Y91.229 E929.67682
G1 F853.6 X185.394 Y91.098 E929.69374
G1 F855.1 X185.128 Y90.892 E929.71058
G1 F857.9 X184.923 Y90.623 E929.72745
G1 F862.2 X184.788 Y90.301 E929.74479
M204 S1000
G1 F1500 E928.74479
G0 F9000 X115.288 Y74.131
M204 S2000
G1 F1500 E929.74479
G1 F863.7 X115.245 Y73.789 E929.76187
G1 X115.288 Y73.45 E929.7788
G1 F862.2 X115.422 Y73.129 E929.79607
G1 F859.3 X115.625 Y72.862 E929.81278
G1 F857.9 X115.896 Y72.652 E929.82988
G1 X116.205 Y72.523 E929.84659
G1 F856.5 X116.546 Y72.479 E929.86377
G1 F855.1 X116.881 Y72.522 E929.88067
G1 X117.191 Y72.653 E929.89752
G1 F853.6 X117.457 Y72.859 E929.91439
G1 F856.5 X117.663 Y73.128 E929.93132
G1 F860.8 X117.797 Y73.449 E929.94862
G1 F862.2 X117.841 Y73.789 E929.96564
G1 F865.1 X117.798 Y74.13 E929.98264
G1 X117.663 Y74.453 E929.99996
G1 F862.2 X117.458 Y74.722 E930.01675
G1 F857.9 X117.192 Y74.927 E930.0335
G1 F856.5 X116.881 Y75.058 E930.05037
G1 F855.1 X116.54 Y75.102 E930.06758
G1 F852.2 X116.205 Y75.059 E930.08454
G1 F853.6 X115.894 Y74.928 E930.10146
G1 F855.1 X115.628 Y74.722 E930.1183
G1 F856.5 X115.422 Y74.453 E930.13524
G1 F860.8 X115.288 Y74.131 E930.15258
M204 S1000
G1 F1500 E929.15258
;MESH:NONMESH
G0 F600 X115.288 Y74.131 Z3.2
G0 F9000 X48.128 Y74.188
;TIME_ELAPSED:7721.788729
;LAYER:15
M204 S2000
;TYPE:WALL-OUTER
;MESH:Bottom_Standoffs.stl
G1 F1500 E930.15258
G1 F857.9 X47.923 Y73.919 E930.16945
G1 F862.2 X47.788 Y73.597 E930.18678
G1 F863.6 X47.745 Y73.255 E930.20387
G1 X47.788 Y72.916 E930.2208
G1 F862.2 X47.922 Y72.594 E930.23811
G1 F859.3 X48.128 Y72.324 E930.25503
G1 F857.9 X48.395 Y72.117 E930.27188
G1 X48.702 Y71.989 E930.28848
G1 X49.045 Y71.945 E930.30573
G1 F856.4 X49.383 Y71.989 E930.32276
G1 F855 X49.691 Y72.117 E930.33946
G1 X49.957 Y72.323 E930.3563
G1 F857.9 X50.163 Y72.592 E930.3732
G1 F860.7 X50.297 Y72.914 E930.39055
G1 F862.2 X50.341 Y73.255 E930.40761
G1 F865.1 X50.298 Y73.596 E930.42462
G1 X50.163 Y73.919 E930.44194
G1 F862.2 X49.958 Y74.188 E930.45873
G1 F859.3 X49.692 Y74.394 E930.47548
G1 F857.9 X49.381 Y74.524 E930.4923
G1 F855 X49.04 Y74.568 E930.50951
G1 F852.2 X48.705 Y74.525 E930.52647
G1 F853.6 X48.394 Y74.394 E930.5434
G1 F855 X48.128 Y74.188 E930.56024
M204 S1000
G1 F1500 E929.56024
G0 F9000 X47.905 Y75.236
G0 X63.076 Y133.258
G0 X63.788 Y134.058
M204 S2000
G1 F1500 E930.56024
G1 F862.2 X63.922 Y133.736 E930.57755
G1 F857.9 X64.127 Y133.466 E930.59446
G1 F856.4 X64.393 Y133.26 E930.61128
G1 F857.9 X64.705 Y133.13 E930.62814
G1 F856.4 X65.046 Y133.086 E930.64532
G1 F855 X65.381 Y133.129 E930.66223
G1 F856.4 X65.692 Y133.26 E930.67909
G1 X65.957 Y133.466 E930.69586
G1 F857.9 X66.163 Y133.734 E930.71273
G1 F860.7 X66.297 Y134.056 E930.73007
G1 F862.2 X66.341 Y134.397 E930.74714
G1 F863.6 X66.297 Y134.738 E930.76418
G1 X66.163 Y135.061 E930.78151
G1 F860.7 X65.957 Y135.33 E930.79836
G1 F856.4 X65.691 Y135.536 E930.81517
G1 F855 X65.384 Y135.664 E930.83182
G1 F853.6 X65.04 Y135.709 E930.84921
G1 F852.2 X64.706 Y135.666 E930.86613
G1 X64.395 Y135.536 E930.88305
G1 X64.128 Y135.33 E930.89999
G1 F856.4 X63.923 Y135.061 E930.91689
G1 F860.7 X63.788 Y134.739 E930.93425
G1 F862.2 X63.745 Y134.397 E930.95137
G1 F863.6 X63.788 Y134.058 E930.9683
M204 S1000
G1 F1500 E929.9683
G0 F9000 X99.288 Y155.28
M204 S2000
G1 F1500 E930.9683
G1 F862.2 X99.422 Y154.959 E930.98557
G1 F859.3 X99.625 Y154.691 E931.00231
G1 F857.9 X99.896 Y154.481 E931.01942
G1 X100.205 Y154.352 E931.03612
G1 F856.4 X100.546 Y154.309 E931.0533
G1 F855 X100.881 Y154.352 E931.0702
G1 F856.4 X101.192 Y154.483 E931.08707
G1 F857.9 X101.457 Y154.688 E931.10378
G1 F859.3 X101.663 Y154.958 E931.1207
G1 F860.7 X101.797 Y155.279 E931.138
G1 F862.2 X101.841 Y155.62 E931.15506
G1 F863.6 X101.797 Y155.961 E931.1721
G1 X101.664 Y156.282 E931.18932
G1 F860.7 X101.458 Y156.552 E931.20621
G1 F856.4 X101.192 Y156.757 E931.22299
G1 X100.881 Y156.888 E931.23986
G1 F855 X100.54 Y156.932 E931.25707
G1 F852.2 X100.205 Y156.889 E931.27403
G1 F853.6 X99.894 Y156.758 E931.29095
G1 F855 X99.628 Y156.552 E931.30779
G1 F857.9 X99.422 Y156.283 E931.32469
G1 F860.7 X99.289 Y155.962 E931.34197
G1 F862.2 X99.245 Y155.62 E931.35909
G1 F863.6 X99.288 Y155.28 E931.37607
M204 S1000
G1 F1500 E930.37607
G0 F9000 X169.245 Y130.86
M204 S2000
G1 F1500 E931.37607
G1 F862.2 X169.288 Y130.521 E931.39303
G1 X169.422 Y130.199 E931.41035
G1 F859.3 X169.627 Y129.929 E931.42723
G1 F857.9 X169.894 Y129.724 E931.44403
G1 F859.3 X170.205 Y129.593 E931.46084
G1 F856.4 X170.546 Y129.549 E931.47802
G1 F855 X170.881 Y129.592 E931.49492
G1 F856.4 X171.192 Y129.723 E931.51179
G1 X171.457 Y129.929 E931.52856
G1 F857.9 X171.663 Y130.197 E931.54543
G1 F860.7 X171.797 Y130.519 E931.56277
G1 F862.2 X171.841 Y130.86 E931.57984
G1 F863.6 X171.797 Y131.201 E931.59687
G1 F862.2 X171.663 Y131.523 E931.61419
G1 F860.7 X171.46 Y131.79 E931.63087
G1 X171.19 Y131.999 E931.64784
G1 F857.9 X170.881 Y132.128 E931.66455
G1 F853.6 X170.54 Y132.172 E931.68179
G1 F852.2 X170.205 Y132.129 E931.69875
G1 F853.6 X169.897 Y131.999 E931.71551
G1 F856.4 X169.627 Y131.79 E931.73258
G1 F859.3 X169.423 Y131.523 E931.74931
G1 F860.7 X169.288 Y131.202 E931.76663
G1 F862.2 X169.245 Y130.86 E931.78374
M204 S1000
G1 F1500 E930.78374
G0 F9000 X184.788 Y90.272
M204 S2000
G1 F1500 E931.78374
G1 F863.6 X184.745 Y89.93 E931.80082
G1 X184.788 Y89.591 E931.81776
G1 F862.2 X184.922 Y89.269 E931.83507
G1 F859.3 X185.128 Y88.999 E931.85198
G1 F857.9 X185.395 Y88.792 E931.86884
G1 X185.702 Y88.664 E931.88543
G1 X186.045 Y88.62 E931.90269
G1 F856.4 X186.383 Y88.664 E931.91972
G1 F855 X186.691 Y88.792 E931.93641
G1 X186.957 Y88.998 E931.95326
G1 F857.9 X187.163 Y89.267 E931.97016
G1 F860.7 X187.297 Y89.589 E931.9875
G1 F862.2 X187.341 Y89.93 E932.00457
G1 F865.1 X187.298 Y90.271 E932.02157
G1 X187.163 Y90.594 E932.03889
G1 F862.2 X186.958 Y90.863 E932.05568
G1 F859.3 X186.691 Y91.07 E932.07251
G1 F857.9 X186.384 Y91.198 E932.0891
G1 F856.4 X186.04 Y91.242 E932.10643
G1 F855 X185.706 Y91.199 E932.12329
G1 X185.395 Y91.07 E932.14015
G1 X185.128 Y90.863 E932.15706
G1 F857.9 X184.923 Y90.594 E932.17393
G1 F862.2 X184.788 Y90.272 E932.19126
M204 S1000
G1 F1500 E931.19126
G0 F9000 X115.289 Y74.102
M204 S2000
G1 F1500 E932.19126
G1 F863.6 X115.245 Y73.76 E932.20835
G1 X115.288 Y73.421 E932.22529
G1 X115.422 Y73.1 E932.24252
G1 F860.7 X115.625 Y72.833 E932.2592
G1 F857.9 X115.896 Y72.623 E932.27631
G1 X116.205 Y72.494 E932.29301
G1 F856.4 X116.546 Y72.45 E932.31019
G1 F855 X116.881 Y72.493 E932.3271
G1 X117.191 Y72.624 E932.34395
G1 F853.6 X117.457 Y72.83 E932.36082
G1 F856.4 X117.663 Y73.099 E932.37775
G1 F860.7 X117.797 Y73.42 E932.39504
G1 F862.2 X117.841 Y73.76 E932.41206
G1 F863.6 X117.797 Y74.101 E932.4291
G1 X117.663 Y74.424 E932.44643
G1 F862.2 X117.458 Y74.693 E932.46322
G1 F857.9 X117.192 Y74.898 E932.47997
G1 F856.4 X116.881 Y75.029 E932.49684
G1 F855 X116.54 Y75.073 E932.51405
G1 F852.2 X116.205 Y75.03 E932.53101
G1 F853.6 X115.894 Y74.899 E932.54793
G1 F855 X115.628 Y74.693 E932.56477
G1 F857.9 X115.422 Y74.424 E932.58168
G1 F862.2 X115.289 Y74.102 E932.59897
M204 S1000
G1 F1500 E931.59897
;MESH:NONMESH
G0 F600 X115.289 Y74.102 Z3.4
G0 F9000 X48.128 Y74.158
;TIME_ELAPSED:7729.260309
;LAYER:16
M204 S2000
;TYPE:WALL-OUTER
;MESH:Bottom_Standoffs.stl
G1 F1500 E932.59897
G1 F856.4 X47.922 Y73.889 E932.6159
G1 F860.7 X47.788 Y73.567 E932.63325
G1 F863.6 X47.745 Y73.225 E932.65033
G1 X47.788 Y72.886 E932.66726
G1 X47.922 Y72.564 E932.68455
G1 F860.7 X48.128 Y72.295 E932.70139
G1 F857.9 X48.394 Y72.089 E932.71818
G1 X48.704 Y71.959 E932.73495
G1 F856.4 X49.045 Y71.915 E932.75213
G1 F855 X49.38 Y71.958 E932.76904
G1 F853.6 X49.691 Y72.089 E932.78596
G1 F855 X49.957 Y72.294 E932.80277
G1 F859.3 X50.163 Y72.564 E932.81968
G1 F860.7 X50.297 Y72.885 E932.83698
G1 F862.2 X50.341 Y73.225 E932.854
G1 F865.1 X50.298 Y73.566 E932.871
G1 X50.163 Y73.889 E932.88832
G1 F862.2 X49.958 Y74.158 E932.90511
G1 F857.9 X49.692 Y74.363 E932.92187
G1 F856.4 X49.381 Y74.494 E932.93873
G1 F855 X49.04 Y74.538 E932.95594
G1 F852.2 X48.705 Y74.495 E932.9729
G1 F853.6 X48.394 Y74.364 E932.98982
G1 F855 X48.128 Y74.158 E933.00667
M204 S1000
G1 F1500 E932.00667
G0 F9000 X47.905 Y75.206
G0 X63.076 Y133.228
G0 X63.788 Y134.028
M204 S2000
G1 F1500 E933.00667
G1 F862.2 X63.922 Y133.706 E933.02398
G1 F859.3 X64.128 Y133.437 E933.04085
G1 F856.4 X64.394 Y133.231 E933.05767
G1 X64.705 Y133.1 E933.07453
G1 X65.046 Y133.056 E933.09171
G1 F853.6 X65.38 Y133.099 E933.1086
G1 F852.2 X65.691 Y133.231 E933.12557
G1 F853.6 X65.957 Y133.436 E933.14241
G1 F857.9 X66.163 Y133.704 E933.15927
G1 F860.7 X66.297 Y134.026 E933.17661
G1 F862.2 X66.341 Y134.367 E933.19368
G1 F865.1 X66.298 Y134.708 E933.21068
G1 X66.163 Y135.031 E933.228
G1 F862.2 X65.958 Y135.3 E933.24479
G1 F859.3 X65.691 Y135.507 E933.26162
G1 F856.4 X65.384 Y135.634 E933.27822
G1 F853.6 X65.04 Y135.679 E933.29562
G1 F852.2 X64.706 Y135.636 E933.31253
G1 F853.6 X64.395 Y135.506 E933.32943
G1 F855 X64.128 Y135.3 E933.34631
G1 F857.9 X63.923 Y135.031 E933.36318
G1 F862.2 X63.788 Y134.709 E933.38052
G1 F863.6 X63.745 Y134.367 E933.3976
G1 X63.788 Y134.028 E933.41453
M204 S1000
G1 F1500 E932.41453
G0 F9000 X99.288 Y155.251
M204 S2000
G1 F1500 E933.41453
G1 F862.2 X99.422 Y154.929 E933.43185
G1 F857.9 X99.627 Y154.659 E933.44876
G1 F856.4 X99.893 Y154.453 E933.46557
G1 F857.9 X100.205 Y154.323 E933.48244
G1 F856.4 X100.546 Y154.279 E933.49962
G1 F855 X100.881 Y154.322 E933.51652
G1 F856.4 X101.192 Y154.453 E933.53339
G1 X101.457 Y154.659 E933.55016
G1 F857.9 X101.663 Y154.927 E933.56703
G1 F860.7 X101.797 Y155.249 E933.58437
G1 F862.2 X101.841 Y155.59 E933.60144
G1 F865.1 X101.798 Y155.931 E933.61844
G1 F863.6 X101.663 Y156.253 E933.63574
G1 F860.7 X101.46 Y156.52 E933.65242
G1 X101.19 Y156.729 E933.6694
G1 F857.9 X100.881 Y156.858 E933.68611
G1 F853.6 X100.54 Y156.902 E933.70334
G1 F852.2 X100.205 Y156.859 E933.72031
G1 F853.6 X99.897 Y156.729 E933.73707
G1 F856.4 X99.627 Y156.52 E933.75413
G1 F859.3 X99.422 Y156.253 E933.7709
G1 F862.2 X99.288 Y155.932 E933.78817
G1 F863.6 X99.245 Y155.59 E933.80525
G1 X99.288 Y155.251 E933.82218
M204 S1000
G1 F1500 E932.82218
G0 F9000 X169.245 Y130.83
M204 S2000
G1 F1500 E933.82218
G1 F863.6 X169.288 Y130.491 E933.83912
G1 F862.2 X169.422 Y130.169 E933.85643
G1 F857.9 X169.627 Y129.899 E933.87334
G1 F856.4 X169.893 Y129.693 E933.89016
G1 F857.9 X170.205 Y129.563 E933.90702
G1 F856.4 X170.546 Y129.519 E933.9242
G1 F855 X170.881 Y129.562 E933.94111
G1 F856.4 X171.192 Y129.693 E933.95797
G1 X171.457 Y129.899 E933.97475
G1 F857.9 X171.663 Y130.167 E933.99161
G1 F860.7 X171.797 Y130.489 E934.00895
G1 F862.2 X171.841 Y130.83 E934.02602
G1 F865.1 X171.798 Y131.171 E934.04302
G1 X171.663 Y131.494 E934.06034
G1 F860.7 X171.457 Y131.763 E934.07719
G1 F856.4 X171.191 Y131.969 E934.094
G1 F855 X170.884 Y132.097 E934.11065
G1 X170.54 Y132.142 E934.12802
G1 X170.206 Y132.099 E934.14488
G1 F853.6 X169.895 Y131.969 E934.16178
G1 X169.628 Y131.763 E934.17869
G1 F857.9 X169.423 Y131.494 E934.19556
G1 F862.2 X169.288 Y131.172 E934.21289
G1 F863.6 X169.245 Y130.83 E934.22997
M204 S1000
G1 F1500 E933.22997
G0 F9000 X184.788 Y90.242
M204 S2000
G1 F1500 E934.22997
G1 F863.6 X184.745 Y89.9 E934.24706
G1 X184.788 Y89.561 E934.26399
G1 X184.922 Y89.239 E934.28128
G1 F860.7 X185.128 Y88.97 E934.29812
G1 F857.9 X185.394 Y88.764 E934.31491
G1 X185.704 Y88.634 E934.33168
G1 F856.4 X186.045 Y88.59 E934.34886
G1 F855 X186.38 Y88.633 E934.36577
G1 F853.6 X186.691 Y88.764 E934.38269
G1 F855 X186.957 Y88.969 E934.3995
G1 F859.3 X187.163 Y89.239 E934.41641
G1 F860.7 X187.297 Y89.56 E934.43371
G1 F862.2 X187.341 Y89.9 E934.45073
G1 F865.1 X187.298 Y90.241 E934.46773
G1 X187.163 Y90.564 E934.48505
G1 F862.2 X186.958 Y90.833 E934.50184
G1 F859.3 X186.692 Y91.039 E934.5186
G1 F857.9 X186.381 Y91.169 E934.53542
G1 F855 X186.04 Y91.213 E934.55263
G1 F852.2 X185.705 Y91.17 E934.56959
G1 F853.6 X185.394 Y91.039 E934.58651
G1 F855 X185.128 Y90.833 E934.60335
G1 F857.9 X184.923 Y90.564 E934.62022
G1 F862.2 X184.788 Y90.242 E934.63756
M204 S1000
G1 F1500 E933.63756
G0 F9000 X115.288 Y74.073
M204 S2000
G1 F1500 E934.63756
G1 F863.6 X115.245 Y73.731 E934.65464
G1 X115.289 Y73.391 E934.67163
G1 F862.2 X115.422 Y73.069 E934.68892
G1 F857.9 X115.625 Y72.802 E934.70566
G1 F856.4 X115.897 Y72.592 E934.72283
G1 F859.3 X116.203 Y72.465 E934.73933
G1 X116.543 Y72.42 E934.75641
G1 F856.4 X116.884 Y72.465 E934.7736
G1 F855 X117.191 Y72.593 E934.79025
G1 F856.4 X117.457 Y72.799 E934.80706
G1 F859.3 X117.663 Y73.069 E934.82398
G1 F860.7 X117.797 Y73.39 E934.84127
G1 F862.2 X117.841 Y73.731 E934.85834
G1 F865.1 X117.797 Y74.073 E934.8754
G1 X117.664 Y74.393 E934.89255
G1 F860.7 X117.458 Y74.663 E934.90943
G1 F856.4 X117.192 Y74.868 E934.92622
G1 F857.9 X116.881 Y75 E934.94307
G1 X116.54 Y75.043 E934.96022
G1 F855 X116.205 Y75 E934.97713
G1 X115.894 Y74.868 E934.99404
G1 X115.628 Y74.663 E935.01085
G1 F857.9 X115.422 Y74.394 E935.02775
G1 F862.2 X115.288 Y74.073 E935.04502
M204 S1000
G1 F1500 E934.04502
;MESH:NONMESH
G0 F600 X115.288 Y74.073 Z3.6
G0 F9000 X48.128 Y74.129
;TIME_ELAPSED:7736.731470
;LAYER:17
M204 S2000
;TYPE:WALL-OUTER
;MESH:Bottom_Standoffs.stl
G1 F1500 E935.04502
G1 F857.9 X47.923 Y73.86 E935.06189
G1 F862.2 X47.788 Y73.538 E935.07922
G1 F863.7 X47.745 Y73.196 E935.09631
G1 X47.788 Y72.857 E935.11324
G1 F862.2 X47.922 Y72.535 E935.13055
G1 F859.3 X48.128 Y72.265 E935.14747
G1 F857.9 X48.395 Y72.058 E935.16432
G1 X48.702 Y71.93 E935.18092
G1 X49.045 Y71.886 E935.19817
G1 F856.5 X49.383 Y71.93 E935.2152
G1 F855.1 X49.691 Y72.058 E935.2319
G1 X49.957 Y72.264 E935.24874
G1 F857.9 X50.163 Y72.533 E935.26565
G1 F860.8 X50.297 Y72.855 E935.28299
G1 F862.2 X50.341 Y73.196 E935.30006
G1 F865.1 X50.298 Y73.537 E935.31706
G1 X50.163 Y73.86 E935.33438
G1 F862.2 X49.958 Y74.129 E935.35117
G1 F859.3 X49.692 Y74.335 E935.36793
G1 F857.9 X49.381 Y74.465 E935.38474
G1 F855.1 X49.04 Y74.509 E935.40195
G1 F852.2 X48.705 Y74.466 E935.41892
G1 F853.6 X48.394 Y74.335 E935.43584
G1 F855.1 X48.128 Y74.129 E935.45268
M204 S1000
G1 F1500 E934.45268
G0 F9000 X47.905 Y75.177
G0 X63.076 Y133.199
G0 X63.788 Y133.999
M204 S2000
G1 F1500 E935.45268
G1 F862.2 X63.922 Y133.677 E935.46999
G1 F857.9 X64.127 Y133.407 E935.4869
G1 F856.5 X64.393 Y133.201 E935.50372
G1 F857.9 X64.705 Y133.071 E935.52058
G1 F856.5 X65.046 Y133.027 E935.53776
G1 F855.1 X65.381 Y133.07 E935.55467
G1 F856.5 X65.692 Y133.201 E935.57153
G1 X65.957 Y133.407 E935.58831
G1 F857.9 X66.163 Y133.675 E935.60517
G1 F860.8 X66.297 Y133.997 E935.62251
G1 F862.2 X66.341 Y134.338 E935.63958
G1 F865.1 X66.298 Y134.679 E935.65658
G1 X66.163 Y135.002 E935.6739
G1 F860.8 X65.957 Y135.271 E935.69075
G1 F856.5 X65.691 Y135.477 E935.70756
G1 F855.1 X65.384 Y135.605 E935.72421
G1 F853.6 X65.04 Y135.65 E935.74161
G1 F852.2 X64.706 Y135.607 E935.75852
G1 X64.395 Y135.477 E935.77545
G1 F853.6 X64.128 Y135.271 E935.79236
G1 F857.9 X63.923 Y135.002 E935.80923
G1 F862.2 X63.788 Y134.68 E935.82657
G1 F863.7 X63.745 Y134.338 E935.84365
G1 X63.788 Y133.999 E935.86058
M204 S1000
G1 F1500 E934.86058
G0 F9000 X99.288 Y155.222
M204 S2000
G1 F1500 E935.86058
G1 F862.2 X99.422 Y154.9 E935.8779
G1 F857.9 X99.627 Y154.63 E935.89481
G1 X99.894 Y154.425 E935.9116
G1 F859.3 X100.205 Y154.294 E935.92841
G1 F856.5 X100.546 Y154.25 E935.94559
G1 F855.1 X100.881 Y154.293 E935.9625
G1 X101.191 Y154.424 E935.97935
G1 X101.457 Y154.63 E935.99619
G1 F857.9 X101.663 Y154.898 E936.01305
G1 F860.8 X101.797 Y155.22 E936.03039
G1 F862.2 X101.841 Y155.561 E936.04746
G1 F863.7 X101.797 Y155.902 E936.0645
G1 X101.664 Y156.223 E936.08172
G1 F860.8 X101.458 Y156.493 E936.09861
G1 F856.5 X101.192 Y156.698 E936.11539
G1 X100.881 Y156.829 E936.13225
G1 F855.1 X100.54 Y156.873 E936.14946
G1 F852.2 X100.205 Y156.83 E936.16643
G1 F853.6 X99.894 Y156.699 E936.18335
G1 F855.1 X99.628 Y156.493 E936.20019
G1 F856.5 X99.422 Y156.224 E936.21712
G1 F859.3 X99.288 Y155.903 E936.23444
G1 F862.2 X99.245 Y155.561 E936.25156
G1 F863.7 X99.288 Y155.222 E936.26849
M204 S1000
G1 F1500 E935.26849
G0 F9000 X169.245 Y130.801
M204 S2000
G1 F1500 E936.26849
G1 F863.7 X169.288 Y130.462 E936.28542
G1 F862.2 X169.422 Y130.14 E936.30274
G1 F857.9 X169.627 Y129.87 E936.31965
G1 F856.5 X169.893 Y129.664 E936.33646
G1 F857.9 X170.205 Y129.534 E936.35333
G1 F856.5 X170.546 Y129.49 E936.37051
G1 F855.1 X170.881 Y129.533 E936.38742
G1 F856.5 X171.192 Y129.664 E936.40428
G1 X171.457 Y129.87 E936.42105
G1 F857.9 X171.663 Y130.138 E936.43792
G1 F860.8 X171.797 Y130.46 E936.45526
G1 F862.2 X171.841 Y130.801 E936.47233
G1 F863.7 X171.797 Y131.142 E936.48937
G1 X171.663 Y131.465 E936.5067
G1 F860.8 X171.457 Y131.734 E936.52354
G1 F856.5 X171.191 Y131.94 E936.54036
G1 F855.1 X170.884 Y132.068 E936.55701
G1 F853.6 X170.54 Y132.113 E936.5744
G1 F852.2 X170.206 Y132.07 E936.59131
G1 X169.895 Y131.94 E936.60824
G1 X169.628 Y131.734 E936.62518
G1 F856.5 X169.423 Y131.465 E936.64208
G1 F860.8 X169.288 Y131.143 E936.65944
G1 F862.2 X169.245 Y130.801 E936.67655
M204 S1000
G1 F1500 E935.67655
G0 F9000 X184.788 Y90.213
M204 S2000
G1 F1500 E936.67655
G1 F863.7 X184.745 Y89.871 E936.69364
G1 X184.788 Y89.532 E936.71057
G1 F862.2 X184.922 Y89.21 E936.72788
G1 F859.3 X185.128 Y88.94 E936.7448
G1 F857.9 X185.395 Y88.733 E936.76165
G1 X185.702 Y88.605 E936.77825
G1 X186.045 Y88.561 E936.7955
G1 F856.5 X186.383 Y88.605 E936.81253
G1 F855.1 X186.691 Y88.733 E936.82923
G1 X186.957 Y88.939 E936.84607
G1 F857.9 X187.163 Y89.208 E936.86297
G1 F860.8 X187.297 Y89.53 E936.88032
G1 F862.2 X187.341 Y89.871 E936.89738
G1 F865.1 X187.298 Y90.212 E936.91439
G1 X187.163 Y90.535 E936.93171
G1 F862.2 X186.958 Y90.804 E936.9485
G1 F859.3 X186.692 Y91.01 E936.96525
G1 F857.9 X186.381 Y91.14 E936.98207
G1 F855.1 X186.04 Y91.184 E936.99928
G1 F852.2 X185.705 Y91.141 E937.01624
G1 F853.6 X185.394 Y91.01 E937.03317
G1 F855.1 X185.128 Y90.804 E937.05001
G1 F857.9 X184.923 Y90.535 E937.06688
G1 F862.2 X184.788 Y90.213 E937.08421
M204 S1000
G1 F1500 E936.08421
G0 F9000 X115.288 Y74.043
M204 S2000
G1 F1500 E937.08421
G1 F860.8 X115.422 Y74.365 E937.10155
G1 F856.5 X115.628 Y74.634 E937.11849
G1 F855.1 X115.894 Y74.84 E937.13533
G1 F853.6 X116.205 Y74.971 E937.15225
G1 F852.2 X116.54 Y75.014 E937.16921
G1 F855.1 X116.881 Y74.97 E937.18642
G1 F856.5 X117.192 Y74.839 E937.20328
G1 F857.9 X117.458 Y74.634 E937.22004
G1 F862.2 X117.663 Y74.365 E937.23683
G1 F865.1 X117.798 Y74.042 E937.25415
G1 X117.841 Y73.701 E937.27115
G1 F862.2 X117.797 Y73.361 E937.28817
G1 F860.8 X117.663 Y73.04 E937.30547
G1 F856.5 X117.457 Y72.771 E937.3224
G1 F853.6 X117.191 Y72.565 E937.33927
G1 F855.1 X116.881 Y72.434 E937.35611
G1 X116.546 Y72.391 E937.37302
G1 F856.5 X116.205 Y72.435 E937.3902
G1 F857.9 X115.896 Y72.564 E937.40691
G1 X115.625 Y72.774 E937.42401
G1 F859.3 X115.422 Y73.041 E937.44072
G1 F862.2 X115.288 Y73.362 E937.45799
G1 F863.7 X115.245 Y73.701 E937.47492
G1 X115.288 Y74.043 E937.492
M204 S1000
G1 F1500 E936.492
;MESH:NONMESH
G0 F600 X115.288 Y74.043 Z3.8
G0 F9000 X48.128 Y74.1
;TIME_ELAPSED:7744.203749
;LAYER:18
M204 S2000
;TYPE:WALL-OUTER
;MESH:Bottom_Standoffs.stl
G1 F1500 E937.492
G1 F857.9 X47.923 Y73.831 E937.50888
G1 F862.2 X47.788 Y73.509 E937.52621
G1 F863.7 X47.745 Y73.167 E937.54329
G1 X47.788 Y72.828 E937.56023
G1 F862.2 X47.922 Y72.506 E937.57754
G1 F859.3 X48.128 Y72.236 E937.59445
G1 F857.9 X48.395 Y72.029 E937.61131
G1 X48.702 Y71.901 E937.6279
G1 X49.045 Y71.857 E937.64516
G1 F856.5 X49.383 Y71.901 E937.66219
G1 F855.1 X49.691 Y72.029 E937.67888
G1 X49.957 Y72.235 E937.69573
G1 F857.9 X50.163 Y72.504 E937.71263
G1 F860.8 X50.297 Y72.826 E937.72997
G1 F862.2 X50.341 Y73.167 E937.74704
G1 F865.1 X50.298 Y73.508 E937.76404
G1 X50.163 Y73.831 E937.78136
G1 F862.2 X49.958 Y74.1 E937.79815
G1 F859.3 X49.692 Y74.306 E937.81491
G1 F857.9 X49.381 Y74.436 E937.83173
G1 F855.1 X49.04 Y74.48 E937.84894
G1 F852.2 X48.705 Y74.437 E937.8659
G1 F853.6 X48.394 Y74.306 E937.88282
G1 F855.1 X48.128 Y74.1 E937.89966
M204 S1000
G1 F1500 E936.89966
G0 F9000 X47.905 Y75.148
G0 X63.076 Y133.17
G0 X63.788 Y133.97
M204 S2000
G1 F1500 E937.89966
G1 F862.2 X63.922 Y133.648 E937.91697
G1 F857.9 X64.127 Y133.378 E937.93389
G1 F856.5 X64.393 Y133.172 E937.9507
G1 F857.9 X64.705 Y133.042 E937.96756
G1 F856.5 X65.046 Y132.998 E937.98475
G1 F855.1 X65.381 Y133.041 E938.00165
G1 F856.5 X65.692 Y133.172 E938.01852
G1 X65.957 Y133.378 E938.03529
G1 F857.9 X66.163 Y133.646 E938.05215
G1 F860.8 X66.297 Y133.968 E938.0695
G1 F862.2 X66.341 Y134.309 E938.08656
G1 F865.1 X66.298 Y134.65 E938.10357
G1 X66.163 Y134.973 E938.12089
G1 F860.8 X65.957 Y135.242 E938.13774
G1 F856.5 X65.691 Y135.448 E938.15455
G1 F855.1 X65.384 Y135.576 E938.1712
G1 F853.6 X65.04 Y135.621 E938.18859
G1 F852.2 X64.706 Y135.578 E938.20551
G1 X64.395 Y135.448 E938.22244
G1 F853.6 X64.128 Y135.242 E938.23934
G1 F857.9 X63.923 Y134.973 E938.25622
G1 F862.2 X63.788 Y134.651 E938.27355
G1 F863.7 X63.745 Y134.309 E938.29063
G1 X63.788 Y133.97 E938.30757
M204 S1000
G1 F1500 E937.30757
G0 F9000 X99.288 Y155.193
M204 S2000
G1 F1500 E938.30757
G1 F862.2 X99.422 Y154.871 E938.32488
G1 F857.9 X99.627 Y154.601 E938.34179
G1 X99.894 Y154.396 E938.35859
G1 F859.3 X100.205 Y154.265 E938.37539
G1 F856.5 X100.546 Y154.221 E938.39258
G1 F855.1 X100.881 Y154.264 E938.40948
G1 X101.191 Y154.395 E938.42633
G1 X101.457 Y154.601 E938.44317
G1 F857.9 X101.663 Y154.869 E938.46003
G1 F860.8 X101.797 Y155.191 E938.47738
G1 F862.2 X101.841 Y155.532 E938.49444
G1 F863.7 X101.797 Y155.873 E938.51148
G1 X101.664 Y156.194 E938.5287
G1 F860.8 X101.458 Y156.464 E938.54559
G1 F856.5 X101.192 Y156.669 E938.56237
G1 X100.881 Y156.8 E938.57924
G1 F855.1 X100.54 Y156.844 E938.59645
G1 F852.2 X100.205 Y156.801 E938.61341
G1 F853.6 X99.894 Y156.67 E938.63033
G1 F855.1 X99.628 Y156.464 E938.64717
G1 F856.5 X99.422 Y156.195 E938.6641
G1 F859.3 X99.288 Y155.874 E938.68143
G1 F862.2 X99.245 Y155.532 E938.69854
G1 F863.7 X99.288 Y155.193 E938.71547
M204 S1000
G1 F1500 E937.71547
G0 F9000 X169.245 Y130.772
M204 S2000
G1 F1500 E938.71547
G1 F863.7 X169.288 Y130.433 E938.73241
G1 F862.2 X169.422 Y130.111 E938.74972
G1 F857.9 X169.627 Y129.841 E938.76663
G1 F856.5 X169.893 Y129.635 E938.78345
G1 F857.9 X170.205 Y129.505 E938.80031
G1 F856.5 X170.546 Y129.461 E938.81749
G1 F855.1 X170.881 Y129.504 E938.8344
G1 F856.5 X171.192 Y129.635 E938.85126
G1 X171.457 Y129.841 E938.86804
G1 F857.9 X171.663 Y130.109 E938.8849
G1 F860.8 X171.797 Y130.431 E938.90224
G1 F862.2 X171.841 Y130.772 E938.91931
G1 F863.7 X171.797 Y131.113 E938.93635
G1 X171.663 Y131.436 E938.95368
G1 F860.8 X171.457 Y131.705 E938.97053
G1 F856.5 X171.191 Y131.911 E938.98734
G1 F855.1 X170.884 Y132.039 E939.00399
G1 F853.6 X170.54 Y132.084 E939.02139
G1 F852.2 X170.206 Y132.041 E939.0383
G1 X169.895 Y131.911 E939.05523
G1 X169.628 Y131.705 E939.07216
G1 F856.5 X169.423 Y131.436 E939.08907
G1 F860.8 X169.288 Y131.114 E939.10643
G1 F862.2 X169.245 Y130.772 E939.12354
M204 S1000
G1 F1500 E938.12354
G0 F9000 X184.788 Y90.184
M204 S2000
G1 F1500 E939.12354
G1 F863.7 X184.745 Y89.842 E939.14062
G1 X184.788 Y89.503 E939.15755
G1 F862.2 X184.922 Y89.181 E939.17487
G1 F859.3 X185.128 Y88.911 E939.19178
G1 F857.9 X185.395 Y88.704 E939.20864
G1 X185.702 Y88.576 E939.22523
G1 X186.045 Y88.532 E939.24248
G1 F856.5 X186.383 Y88.576 E939.25952
G1 F855.1 X186.691 Y88.704 E939.27621
G1 X186.957 Y88.91 E939.29305
G1 F857.9 X187.163 Y89.179 E939.30996
G1 F860.8 X187.297 Y89.501 E939.3273
G1 F862.2 X187.341 Y89.842 E939.34437
G1 F865.1 X187.298 Y90.183 E939.36137
G1 X187.163 Y90.506 E939.37869
G1 F862.2 X186.958 Y90.775 E939.39548
G1 F859.3 X186.692 Y90.981 E939.41224
G1 F857.9 X186.381 Y91.111 E939.42906
G1 F855.1 X186.04 Y91.155 E939.44627
G1 F852.2 X185.705 Y91.112 E939.46323
G1 F853.6 X185.394 Y90.981 E939.48015
G1 F855.1 X185.128 Y90.775 E939.49699
G1 F857.9 X184.923 Y90.506 E939.51386
G1 F862.2 X184.788 Y90.184 E939.5312
M204 S1000
G1 F1500 E938.5312
G0 F9000 X115.288 Y74.014
M204 S2000
G1 F1500 E939.5312
G1 F863.7 X115.245 Y73.672 E939.54828
G1 X115.288 Y73.333 E939.56521
G1 F862.2 X115.422 Y73.012 E939.58248
G1 F859.3 X115.625 Y72.745 E939.59919
G1 F857.9 X115.896 Y72.535 E939.61629
G1 X116.205 Y72.406 E939.633
G1 F856.5 X116.546 Y72.362 E939.65018
G1 F855.1 X116.881 Y72.405 E939.66708
G1 X117.191 Y72.536 E939.68393
G1 F853.6 X117.457 Y72.742 E939.7008
G1 F856.5 X117.663 Y73.011 E939.71773
G1 F860.8 X117.797 Y73.332 E939.73503
G1 F862.2 X117.841 Y73.672 E939.75205
G1 F865.1 X117.798 Y74.013 E939.76905
G1 X117.663 Y74.336 E939.78637
G1 F862.2 X117.458 Y74.605 E939.80316
G1 F857.9 X117.192 Y74.81 E939.81991
G1 F856.5 X116.881 Y74.941 E939.83678
G1 F855.1 X116.54 Y74.985 E939.85399
G1 F852.2 X116.205 Y74.942 E939.87095
G1 F853.6 X115.894 Y74.811 E939.88787
G1 F855.1 X115.628 Y74.605 E939.90471
G1 F856.5 X115.422 Y74.336 E939.92165
G1 F860.8 X115.288 Y74.014 E939.93899
M204 S1000
G1 F1500 E938.93899
;MESH:NONMESH
G0 F600 X115.288 Y74.014 Z4
G0 F9000 X48.128 Y74.071
;TIME_ELAPSED:7751.676018
;LAYER:19
M204 S2000
;TYPE:WALL-OUTER
;MESH:Bottom_Standoffs.stl
G1 F1500 E939.93899
G1 F857.9 X47.923 Y73.802 E939.95586
G1 F862.2 X47.788 Y73.48 E939.97319
G1 F863.7 X47.745 Y73.138 E939.99028
G1 X47.788 Y72.799 E940.00721
G1 F862.2 X47.922 Y72.477 E940.02452
G1 F859.3 X48.128 Y72.207 E940.04144
G1 F857.9 X48.395 Y72 E940.05829
G1 X48.702 Y71.872 E940.07489
G1 X49.045 Y71.828 E940.09214
G1 F856.5 X49.383 Y71.872 E940.10917
G1 F855.1 X49.691 Y72 E940.12587
G1 X49.957 Y72.206 E940.14271
G1 F857.9 X50.163 Y72.475 E940.15961
G1 F860.8 X50.297 Y72.797 E940.17696
G1 F862.2 X50.341 Y73.138 E940.19402
G1 F865.1 X50.298 Y73.479 E940.21103
G1 X50.163 Y73.802 E940.22835
G1 F862.2 X49.958 Y74.071 E940.24514
G1 F859.3 X49.692 Y74.277 E940.26189
G1 F857.9 X49.381 Y74.407 E940.27871
G1 F855.1 X49.04 Y74.451 E940.29592
G1 F852.2 X48.705 Y74.408 E940.31288
G1 F853.6 X48.394 Y74.277 E940.3298
G1 F855.1 X48.128 Y74.071 E940.34665
M204 S1000
G1 F1500 E939.34665
G0 F9000 X47.905 Y75.119
G0 X63.076 Y133.141
G0 X63.788 Y133.941
M204 S2000
G1 F1500 E940.34665
G1 F862.2 X63.922 Y133.619 E940.36396
G1 F857.9 X64.127 Y133.349 E940.38087
G1 F856.5 X64.393 Y133.143 E940.39769
G1 F857.9 X64.705 Y133.013 E940.41455
G1 F856.5 X65.046 Y132.969 E940.43173
G1 F855.1 X65.381 Y133.012 E940.44864
G1 F856.5 X65.692 Y133.143 E940.4655
G1 X65.957 Y133.349 E940.48227
G1 F857.9 X66.163 Y133.617 E940.49914
G1 F860.8 X66.297 Y133.939 E940.51648
G1 F862.2 X66.341 Y134.28 E940.53355
G1 F865.1 X66.298 Y134.621 E940.55055
G1 X66.163 Y134.944 E940.56787
G1 F860.8 X65.957 Y135.213 E940.58472
G1 F856.5 X65.691 Y135.419 E940.60153
G1 F855.1 X65.384 Y135.547 E940.61818
G1 F853.6 X65.04 Y135.592 E940.63558
G1 F852.2 X64.706 Y135.549 E940.65249
G1 X64.395 Y135.419 E940.66942
G1 F853.6 X64.128 Y135.213 E940.68633
G1 F857.9 X63.923 Y134.944 E940.7032
G1 F862.2 X63.788 Y134.622 E940.72053
G1 F863.7 X63.745 Y134.28 E940.73762
G1 X63.788 Y133.941 E940.75455
M204 S1000
G1 F1500 E939.75455
G0 F9000 X99.288 Y155.164
M204 S2000
G1 F1500 E940.75455
G1 F862.2 X99.422 Y154.842 E940.77186
G1 F857.9 X99.627 Y154.572 E940.78878
G1 X99.894 Y154.367 E940.80557
G1 F859.3 X100.205 Y154.236 E940.82238
G1 F856.5 X100.546 Y154.192 E940.83956
G1 F855.1 X100.881 Y154.235 E940.85647
G1 X101.191 Y154.366 E940.87331
G1 X101.457 Y154.572 E940.89015
G1 F857.9 X101.663 Y154.84 E940.90702
G1 F860.8 X101.797 Y155.162 E940.92436
G1 F862.2 X101.841 Y155.503 E940.94143
G1 F863.7 X101.797 Y155.844 E940.95847
G1 X101.664 Y156.165 E940.97569
G1 F860.8 X101.458 Y156.435 E940.99257
G1 F856.5 X101.192 Y156.64 E941.00936
G1 X100.881 Y156.771 E941.02622
G1 F855.1 X100.54 Y156.815 E941.04343
G1 F852.2 X100.205 Y156.772 E941.06039
G1 F853.6 X99.894 Y156.641 E941.07731
G1 F855.1 X99.628 Y156.435 E941.09416
G1 F856.5 X99.422 Y156.166 E941.11109
G1 F859.3 X99.288 Y155.845 E941.12841
G1 F862.2 X99.245 Y155.503 E941.14552
G1 F863.7 X99.288 Y155.164 E941.16246
M204 S1000
G1 F1500 E940.16246
G0 F9000 X169.245 Y130.743
M204 S2000
G1 F1500 E941.16246
G1 F862.2 X169.288 Y130.404 E941.17942
G1 X169.422 Y130.082 E941.19673
G1 F859.3 X169.627 Y129.812 E941.21362
G1 F857.9 X169.894 Y129.607 E941.23041
G1 F859.3 X170.205 Y129.476 E941.24722
G1 F856.5 X170.546 Y129.432 E941.2644
G1 F855.1 X170.881 Y129.475 E941.28131
G1 F856.5 X171.192 Y129.606 E941.29817
G1 X171.457 Y129.812 E941.31495
G1 F857.9 X171.663 Y130.08 E941.33181
G1 F860.8 X171.797 Y130.402 E941.34915
G1 F862.2 X171.841 Y130.743 E941.36622
G1 F863.7 X171.797 Y131.084 E941.38326
G1 X171.663 Y131.407 E941.40059
G1 F860.8 X171.457 Y131.676 E941.41744
G1 F856.5 X171.191 Y131.882 E941.43425
G1 F855.1 X170.884 Y132.01 E941.4509
G1 F853.6 X170.54 Y132.055 E941.4683
G1 F852.2 X170.206 Y132.012 E941.48521
G1 X169.895 Y131.882 E941.50214
G1 X169.628 Y131.676 E941.51907
G1 F856.5 X169.423 Y131.407 E941.53598
G1 F860.8 X169.288 Y131.085 E941.55334
G1 F862.2 X169.245 Y130.743 E941.57045
M204 S1000
G1 F1500 E940.57045
G0 F9000 X184.788 Y90.155
M204 S2000
G1 F1500 E941.57045
G1 F863.7 X184.745 Y89.813 E941.58753
G1 X184.788 Y89.474 E941.60447
G1 F862.2 X184.922 Y89.152 E941.62178
G1 F859.3 X185.128 Y88.882 E941.63869
G1 F857.9 X185.395 Y88.675 E941.65555
G1 X185.702 Y88.547 E941.67214
G1 X186.045 Y88.503 E941.6894
G1 F856.5 X186.383 Y88.547 E941.70643
G1 F855.1 X186.691 Y88.675 E941.72312
G1 X186.957 Y88.881 E941.73997
G1 F857.9 X187.163 Y89.15 E941.75687
G1 F860.8 X187.297 Y89.472 E941.77421
G1 F862.2 X187.341 Y89.813 E941.79128
G1 F865.1 X187.298 Y90.154 E941.80828
G1 X187.163 Y90.477 E941.8256
G1 F862.2 X186.958 Y90.746 E941.84239
G1 F859.3 X186.692 Y90.953 E941.85918
G1 F857.9 X186.383 Y91.081 E941.87587
G1 F855.1 X186.043 Y91.126 E941.89303
G1 F853.6 X185.702 Y91.081 E941.91028
G1 F855.1 X185.395 Y90.953 E941.92693
G1 X185.129 Y90.747 E941.94377
G1 F856.5 X184.922 Y90.477 E941.96077
G1 F860.8 X184.788 Y90.155 E941.97811
M204 S1000
G1 F1500 E940.97811
G0 F9000 X115.288 Y73.985
M204 S2000
G1 F1500 E941.97811
G1 F860.8 X115.422 Y74.307 E941.99546
G1 F856.5 X115.628 Y74.576 E942.01239
G1 F855.1 X115.894 Y74.782 E942.02923
G1 F853.6 X116.205 Y74.913 E942.04615
G1 F852.2 X116.54 Y74.956 E942.06311
G1 F855.1 X116.881 Y74.912 E942.08032
G1 F856.5 X117.192 Y74.781 E942.09719
G1 F857.9 X117.458 Y74.576 E942.11394
G1 F862.2 X117.663 Y74.307 E942.13073
G1 F865.1 X117.798 Y73.984 E942.14805
G1 X117.841 Y73.643 E942.16506
G1 F862.2 X117.797 Y73.303 E942.18207
G1 F860.8 X117.663 Y72.982 E942.19937
G1 F856.5 X117.457 Y72.713 E942.2163
G1 F853.6 X117.191 Y72.507 E942.23317
G1 F855.1 X116.881 Y72.376 E942.25002
G1 X116.546 Y72.333 E942.26692
G1 F856.5 X116.205 Y72.377 E942.28411
G1 F857.9 X115.896 Y72.506 E942.30081
G1 X115.625 Y72.716 E942.31792
G1 F859.3 X115.422 Y72.983 E942.33462
G1 F862.2 X115.288 Y73.304 E942.35189
G1 F863.7 X115.245 Y73.643 E942.36882
G1 X115.288 Y73.985 E942.38591
M204 S1000
G1 F1500 E941.38591
;MESH:NONMESH
G0 F600 X115.288 Y73.985 Z4.2
G0 F9000 X48.128 Y74.042
;TIME_ELAPSED:7759.148205
;LAYER:20
M204 S2000
;TYPE:WALL-OUTER
;MESH:Bottom_Standoffs.stl
G1 F1500 E942.38591
G1 F857.9 X47.923 Y73.773 E942.40278
G1 F862.2 X47.788 Y73.451 E942.42011
G1 F863.7 X47.745 Y73.109 E942.43719
G1 X47.788 Y72.77 E942.45413
G1 F862.2 X47.922 Y72.448 E942.47144
G1 F859.3 X48.128 Y72.178 E942.48836
G1 F857.9 X48.395 Y71.971 E942.50521
G1 X48.702 Y71.843 E942.52181
G1 X49.045 Y71.799 E942.53906
G1 F855.1 X49.382 Y71.843 E942.55607
G1 F853.6 X49.691 Y71.971 E942.57284
G1 F855.1 X49.957 Y72.177 E942.58968
G1 F857.9 X50.163 Y72.446 E942.60659
G1 F860.8 X50.297 Y72.768 E942.62393
G1 F862.2 X50.341 Y73.109 E942.641
G1 F865.1 X50.298 Y73.45 E942.658
G1 X50.163 Y73.773 E942.67532
G1 F862.2 X49.958 Y74.042 E942.69211
G1 F859.3 X49.691 Y74.249 E942.70894
G1 F857.9 X49.384 Y74.377 E942.72553
G1 F856.5 X49.04 Y74.421 E942.74286
G1 F855.1 X48.706 Y74.378 E942.75972
G1 X48.395 Y74.249 E942.77657
G1 X48.128 Y74.042 E942.79348
M204 S1000
G1 F1500 E941.79348
G0 F9000 X47.906 Y75.09
G0 X63.076 Y133.112
G0 X63.788 Y133.912
M204 S2000
G1 F1500 E942.79348
G1 F862.2 X63.922 Y133.589 E942.81084
G1 F859.3 X64.128 Y133.32 E942.82772
G1 F857.9 X64.394 Y133.114 E942.8445
G1 X64.704 Y132.984 E942.86127
G1 F856.5 X65.045 Y132.94 E942.87845
G1 F855.1 X65.38 Y132.983 E942.89536
G1 F853.6 X65.691 Y133.114 E942.91228
G1 X65.957 Y133.319 E942.92912
G1 F857.9 X66.163 Y133.588 E942.94602
G1 F860.8 X66.297 Y133.91 E942.96337
G1 F862.2 X66.341 Y134.251 E942.98043
G1 F863.7 X66.297 Y134.592 E942.99747
G1 F862.2 X66.163 Y134.914 E943.01479
G1 F860.8 X65.958 Y135.183 E943.0316
G1 F859.3 X65.692 Y135.389 E943.04836
G1 F857.9 X65.382 Y135.519 E943.06513
G1 F855.1 X65.041 Y135.563 E943.08234
G1 F853.6 X64.704 Y135.519 E943.09938
G1 X64.395 Y135.391 E943.11615
G1 X64.128 Y135.183 E943.13312
G1 F856.5 X63.923 Y134.915 E943.14998
G1 F860.8 X63.788 Y134.592 E943.16739
G1 F863.7 X63.745 Y134.251 E943.18442
G1 X63.788 Y133.912 E943.20136
M204 S1000
G1 F1500 E942.20136
G0 F9000 X99.288 Y155.134
M204 S2000
G1 F1500 E943.20136
G1 F862.2 X99.422 Y154.812 E943.21867
G1 F859.3 X99.627 Y154.543 E943.23552
G1 F857.9 X99.894 Y154.336 E943.25237
G1 X100.204 Y154.206 E943.26914
G1 F856.5 X100.545 Y154.163 E943.28632
G1 F855.1 X100.88 Y154.206 E943.30323
G1 F856.5 X101.192 Y154.336 E943.32012
G1 F857.9 X101.457 Y154.542 E943.33686
G1 F859.3 X101.663 Y154.812 E943.35378
G1 F860.8 X101.797 Y155.133 E943.37107
G1 F862.2 X101.841 Y155.473 E943.38809
G1 F865.1 X101.798 Y155.814 E943.4051
G1 X101.663 Y156.137 E943.42242
G1 F862.2 X101.458 Y156.406 E943.43921
G1 F859.3 X101.192 Y156.613 E943.45599
G1 F857.9 X100.883 Y156.741 E943.47268
G1 F855.1 X100.543 Y156.786 E943.48985
G1 F853.6 X100.202 Y156.741 E943.50709
G1 F855.1 X99.895 Y156.613 E943.52374
G1 X99.629 Y156.407 E943.54058
G1 F856.5 X99.422 Y156.137 E943.55759
G1 F860.8 X99.288 Y155.815 E943.57493
G1 F863.7 X99.245 Y155.473 E943.59201
G1 X99.288 Y155.134 E943.60894
M204 S1000
G1 F1500 E942.60894
G0 F9000 X169.245 Y130.714
M204 S2000
G1 F1500 E943.60894
G1 F863.7 X169.288 Y130.375 E943.62588
G1 F862.2 X169.422 Y130.052 E943.64324
G1 F859.3 X169.627 Y129.783 E943.66008
G1 F857.9 X169.894 Y129.576 E943.67694
G1 F856.5 X170.204 Y129.447 E943.69372
G1 F853.6 X170.545 Y129.404 E943.71095
G1 X170.88 Y129.446 E943.72788
G1 F856.5 X171.192 Y129.576 E943.74477
G1 X171.457 Y129.782 E943.76154
G1 F857.9 X171.663 Y130.051 E943.77845
G1 F860.8 X171.797 Y130.373 E943.79579
G1 F862.2 X171.841 Y130.714 E943.81286
G1 F863.7 X171.797 Y131.055 E943.8299
G1 F865.1 X171.664 Y131.377 E943.84713
G1 F863.7 X171.458 Y131.646 E943.86392
G1 F857.9 X171.192 Y131.851 E943.88068
G1 F856.5 X170.881 Y131.982 E943.89754
G1 F855.1 X170.54 Y132.026 E943.91475
G1 F852.2 X170.205 Y131.983 E943.93172
G1 F853.6 X169.894 Y131.852 E943.94864
G1 F855.1 X169.628 Y131.646 E943.96548
G1 F857.9 X169.422 Y131.377 E943.98238
G1 F862.2 X169.289 Y131.055 E943.99968
G1 F863.7 X169.245 Y130.714 E944.01671
M204 S1000
G1 F1500 E943.01671
G0 F9000 X184.788 Y90.126
M204 S2000
G1 F1500 E944.01671
G1 F863.7 X184.745 Y89.784 E944.0338
G1 X184.788 Y89.444 E944.05078
G1 F862.2 X184.922 Y89.123 E944.06805
G1 F859.3 X185.128 Y88.853 E944.08496
G1 F857.9 X185.395 Y88.646 E944.10182
G1 F859.3 X185.703 Y88.518 E944.11843
G1 X186.043 Y88.473 E944.13551
G1 F856.5 X186.384 Y88.518 E944.1527
G1 F855.1 X186.691 Y88.646 E944.16935
G1 F856.5 X186.957 Y88.852 E944.18616
G1 F859.3 X187.163 Y89.122 E944.20308
G1 F860.8 X187.297 Y89.443 E944.22037
G1 F862.2 X187.341 Y89.784 E944.23744
G1 F865.1 X187.298 Y90.125 E944.25445
G1 F866.6 X187.164 Y90.447 E944.27167
G1 F863.7 X186.96 Y90.714 E944.28833
G1 F860.8 X186.69 Y90.923 E944.3053
G1 X186.381 Y91.053 E944.32197
G1 F857.9 X186.04 Y91.096 E944.33912
G1 F855.1 X185.705 Y91.053 E944.35603
G1 X185.396 Y90.924 E944.37279
G1 F856.5 X185.127 Y90.714 E944.38984
G1 F859.3 X184.922 Y90.448 E944.40657
G1 F862.2 X184.788 Y90.126 E944.42388
M204 S1000
G1 F1500 E943.42388
G0 F9000 X115.289 Y73.956
M204 S2000
G1 F1500 E944.42388
G1 F863.7 X115.245 Y73.614 E944.44097
G1 X115.288 Y73.275 E944.4579
G1 F862.2 X115.422 Y72.953 E944.47522
G1 F860.8 X115.626 Y72.686 E944.49193
G1 F859.3 X115.896 Y72.476 E944.50896
G1 F857.9 X116.204 Y72.347 E944.52562
G1 F856.5 X116.545 Y72.304 E944.5428
G1 X116.881 Y72.347 E944.55973
G1 F857.9 X117.189 Y72.476 E944.57638
G1 X117.46 Y72.685 E944.59346
G1 F859.3 X117.663 Y72.952 E944.61016
G1 F860.8 X117.797 Y73.273 E944.62746
G1 F862.2 X117.841 Y73.614 E944.64453
G1 F863.7 X117.797 Y73.955 E944.66157
G1 X117.663 Y74.278 E944.6789
G1 F862.2 X117.458 Y74.547 E944.69569
G1 F857.9 X117.192 Y74.752 E944.71244
G1 F856.5 X116.881 Y74.883 E944.72931
G1 F855.1 X116.54 Y74.927 E944.74652
G1 F852.2 X116.205 Y74.884 E944.76348
G1 F853.6 X115.894 Y74.753 E944.7804
G1 F855.1 X115.628 Y74.547 E944.79724
G1 F857.9 X115.422 Y74.278 E944.81414
G1 F862.2 X115.289 Y73.956 E944.83144
M204 S1000
G1 F1500 E943.83144
;MESH:NONMESH
G0 F600 X115.289 Y73.956 Z4.4
G0 F9000 X48.127 Y74.011
;TIME_ELAPSED:7766.618416
;LAYER:21
M204 S2000
;TYPE:WALL-OUTER
;MESH:Bottom_Standoffs.stl
G1 F1500 E944.83144
G1 F856.4 X47.921 Y73.742 E944.84837
G1 F860.7 X47.788 Y73.422 E944.8656
G1 F863.6 X47.745 Y73.079 E944.88273
G1 X47.789 Y72.74 E944.89967
G1 F862.2 X47.922 Y72.418 E944.91697
G1 F859.3 X48.125 Y72.152 E944.93363
G1 F857.9 X48.396 Y71.942 E944.95074
G1 X48.705 Y71.813 E944.96744
G1 F856.4 X49.046 Y71.769 E944.98463
G1 F855 X49.381 Y71.812 E945.00153
G1 X49.691 Y71.943 E945.01838
G1 F853.6 X49.957 Y72.149 E945.03525
G1 F856.4 X50.163 Y72.418 E945.05218
G1 F860.7 X50.297 Y72.739 E945.06948
G1 F862.2 X50.341 Y73.079 E945.08649
G1 F865.1 X50.297 Y73.422 E945.1036
G1 F863.6 X50.164 Y73.741 E945.12073
G1 F859.3 X49.96 Y74.01 E945.13755
G1 X49.69 Y74.219 E945.15455
G1 F857.9 X49.381 Y74.348 E945.17126
G1 F853.6 X49.04 Y74.392 E945.1885
G1 F852.2 X48.705 Y74.349 E945.20546
G1 F855 X48.397 Y74.219 E945.22219
G1 F856.4 X48.127 Y74.011 E945.23923
M204 S1000
G1 F1500 E944.23923
G0 F9000 X47.906 Y75.06
G0 X63.076 Y133.082
G0 X63.788 Y133.882
M204 S2000
G1 F1500 E945.23923
G1 F862.2 X63.922 Y133.56 E945.25654
G1 F859.3 X64.128 Y133.291 E945.27341
G1 F856.4 X64.394 Y133.085 E945.29023
G1 X64.705 Y132.954 E945.30709
G1 X65.046 Y132.91 E945.32427
G1 F853.6 X65.38 Y132.953 E945.34116
G1 F852.2 X65.691 Y133.085 E945.35813
G1 F853.6 X65.957 Y133.29 E945.37497
G1 F857.9 X66.163 Y133.558 E945.39183
G1 F860.7 X66.297 Y133.88 E945.40917
G1 F862.2 X66.341 Y134.221 E945.42624
G1 F865.1 X66.298 Y134.562 E945.44324
G1 X66.163 Y134.885 E945.46056
G1 F862.2 X65.958 Y135.154 E945.47735
G1 F857.9 X65.691 Y135.36 E945.49418
G1 F855 X65.383 Y135.488 E945.51087
G1 F853.6 X65.043 Y135.533 E945.52807
G1 X64.702 Y135.488 E945.54532
G1 X64.395 Y135.361 E945.56197
G1 X64.129 Y135.155 E945.57884
G1 F856.4 X63.922 Y134.885 E945.59584
G1 F860.7 X63.788 Y134.563 E945.61319
G1 F863.6 X63.745 Y134.221 E945.63027
G1 X63.788 Y133.882 E945.6472
M204 S1000
G1 F1500 E944.6472
G0 F9000 X99.288 Y155.105
M204 S2000
G1 F1500 E945.6472
G1 F862.2 X99.422 Y154.783 E945.66452
G1 F857.9 X99.627 Y154.513 E945.68143
G1 F856.4 X99.893 Y154.307 E945.69824
G1 F857.9 X100.205 Y154.177 E945.71511
G1 F856.4 X100.546 Y154.133 E945.73229
G1 F855 X100.881 Y154.176 E945.74919
G1 F856.4 X101.192 Y154.307 E945.76606
G1 X101.457 Y154.513 E945.78283
G1 F857.9 X101.663 Y154.781 E945.7997
G1 F860.7 X101.797 Y155.103 E945.81704
G1 F862.2 X101.841 Y155.444 E945.83411
G1 F865.1 X101.798 Y155.785 E945.85111
G1 F863.6 X101.663 Y156.107 E945.86841
G1 F860.7 X101.46 Y156.374 E945.88509
G1 X101.19 Y156.583 E945.90207
G1 F857.9 X100.881 Y156.712 E945.91877
G1 F853.6 X100.54 Y156.756 E945.93601
G1 F852.2 X100.205 Y156.713 E945.95298
G1 F853.6 X99.897 Y156.583 E945.96974
G1 F856.4 X99.627 Y156.374 E945.9868
G1 F859.3 X99.422 Y156.107 E946.00357
G1 F862.2 X99.288 Y155.786 E946.02083
G1 F863.6 X99.245 Y155.444 E946.03792
G1 X99.288 Y155.105 E946.05485
M204 S1000
G1 F1500 E945.05485
G0 F9000 X169.245 Y130.684
M204 S2000
G1 F1500 E946.05485
G1 F863.6 X169.288 Y130.345 E946.07179
G1 F862.2 X169.422 Y130.023 E946.0891
G1 F857.9 X169.627 Y129.753 E946.10601
G1 F856.4 X169.893 Y129.547 E946.12283
G1 F857.9 X170.205 Y129.417 E946.13969
G1 F856.4 X170.546 Y129.373 E946.15687
G1 F855 X170.881 Y129.416 E946.17378
G1 F856.4 X171.192 Y129.547 E946.19064
G1 X171.457 Y129.753 E946.20742
G1 F857.9 X171.663 Y130.021 E946.22428
G1 F860.7 X171.797 Y130.343 E946.24162
G1 F862.2 X171.841 Y130.684 E946.25869
G1 F865.1 X171.798 Y131.025 E946.27569
G1 X171.663 Y131.348 E946.29301
G1 F860.7 X171.457 Y131.617 E946.30986
G1 F856.4 X171.191 Y131.823 E946.32667
G1 X170.883 Y131.952 E946.34336
G1 F855 X170.543 Y131.997 E946.36053
G1 F853.6 X170.202 Y131.952 E946.37777
G1 X169.896 Y131.823 E946.39442
G1 X169.629 Y131.617 E946.41133
G1 F856.4 X169.422 Y131.348 E946.4283
G1 F860.7 X169.288 Y131.026 E946.44564
G1 F863.6 X169.245 Y130.684 E946.46272
M204 S1000
G1 F1500 E945.46272
G0 F9000 X184.788 Y90.097
M204 S2000
G1 F1500 E946.46272
G1 F863.6 X184.745 Y89.755 E946.4798
G1 X184.789 Y89.415 E946.49679
G1 X184.922 Y89.094 E946.51401
G1 F859.3 X185.127 Y88.824 E946.5309
G1 F857.9 X185.394 Y88.619 E946.54769
G1 F859.3 X185.705 Y88.488 E946.5645
G1 F856.4 X186.046 Y88.444 E946.58168
G1 F855 X186.381 Y88.487 E946.59859
G1 X186.691 Y88.618 E946.61543
G1 F853.6 X186.957 Y88.824 E946.6323
G1 F856.4 X187.163 Y89.093 E946.64923
G1 F860.7 X187.297 Y89.414 E946.66653
G1 F862.2 X187.341 Y89.755 E946.6836
G1 F865.1 X187.298 Y90.096 E946.7006
G1 F866.5 X187.164 Y90.418 E946.71783
G1 F863.6 X186.96 Y90.685 E946.73448
G1 F860.7 X186.69 Y90.894 E946.75146
G1 F857.9 X186.381 Y91.023 E946.76816
G1 F853.6 X186.04 Y91.067 E946.7854
G1 F852.2 X185.705 Y91.024 E946.80237
G1 F853.6 X185.396 Y90.895 E946.81916
G1 F855 X185.127 Y90.685 E946.83624
G1 F857.9 X184.922 Y90.419 E946.85299
G1 F862.2 X184.788 Y90.097 E946.87031
M204 S1000
G1 F1500 E945.87031
G0 F9000 X115.288 Y73.927
M204 S2000
G1 F1500 E946.87031
G1 F863.6 X115.245 Y73.585 E946.88739
G1 X115.289 Y73.245 E946.90438
G1 F862.2 X115.422 Y72.923 E946.92167
G1 F859.3 X115.625 Y72.657 E946.93834
G1 F857.9 X115.896 Y72.447 E946.95544
G1 F859.3 X116.203 Y72.319 E946.97201
G1 X116.545 Y72.275 E946.98918
G1 F855 X116.882 Y72.319 E947.0062
G1 F853.6 X117.191 Y72.447 E947.02297
G1 F856.4 X117.457 Y72.653 E947.03978
G1 F859.3 X117.663 Y72.923 E947.05669
G1 F860.7 X117.797 Y73.244 E947.07399
G1 F862.2 X117.841 Y73.585 E947.09106
G1 F865.1 X117.797 Y73.927 E947.10812
G1 X117.664 Y74.247 E947.12526
G1 F860.7 X117.458 Y74.517 E947.14215
G1 F859.3 X117.193 Y74.723 E947.15887
G1 F860.7 X116.881 Y74.854 E947.17569
G1 F857.9 X116.54 Y74.897 E947.19284
G1 F855 X116.205 Y74.854 E947.20975
G1 F856.4 X115.894 Y74.723 E947.22661
G1 F857.9 X115.628 Y74.517 E947.2434
G1 F859.3 X115.422 Y74.248 E947.26027
G1 F862.2 X115.288 Y73.927 E947.27754
M204 S1000
G1 F1500 E946.27754
;MESH:NONMESH
G0 F600 X115.288 Y73.927 Z4.6
G0 F9000 X48.128 Y73.983
;TIME_ELAPSED:7774.089575
;LAYER:22
M204 S2000
;TYPE:WALL-OUTER
;MESH:Bottom_Standoffs.stl
G1 F1500 E947.27754
G1 F857.9 X47.922 Y73.714 E947.29444
G1 F862.2 X47.789 Y73.392 E947.31174
G1 F863.7 X47.745 Y73.05 E947.32882
G1 X47.788 Y72.711 E947.34576
G1 F862.2 X47.922 Y72.389 E947.36307
G1 F859.3 X48.128 Y72.119 E947.37999
G1 F857.9 X48.395 Y71.912 E947.39684
G1 X48.702 Y71.784 E947.41344
G1 X49.045 Y71.74 E947.43069
G1 F856.5 X49.383 Y71.784 E947.44772
G1 F855.1 X49.691 Y71.912 E947.46442
G1 X49.957 Y72.118 E947.48126
G1 F857.9 X50.163 Y72.387 E947.49816
G1 F860.8 X50.297 Y72.709 E947.51551
G1 F862.2 X50.341 Y73.05 E947.53257
G1 F863.7 X50.297 Y73.391 E947.54961
G1 X50.163 Y73.714 E947.56694
G1 F862.2 X49.958 Y73.983 E947.58373
G1 F857.9 X49.692 Y74.188 E947.60049
G1 F856.5 X49.381 Y74.319 E947.61735
G1 F855.1 X49.04 Y74.363 E947.63456
G1 F852.2 X48.705 Y74.32 E947.65152
G1 F853.6 X48.394 Y74.189 E947.66844
G1 F855.1 X48.128 Y73.983 E947.68529
M204 S1000
G1 F1500 E946.68529
G0 F9000 X47.905 Y75.031
G0 X63.076 Y133.053
G0 X63.788 Y133.853
M204 S2000
G1 F1500 E947.68529
G1 F862.2 X63.922 Y133.531 E947.7026
G1 F857.9 X64.127 Y133.261 E947.71951
G1 F856.5 X64.393 Y133.055 E947.73632
G1 F857.9 X64.705 Y132.925 E947.75319
G1 F856.5 X65.046 Y132.881 E947.77037
G1 F855.1 X65.381 Y132.924 E947.78728
G1 F856.5 X65.692 Y133.055 E947.80414
G1 X65.957 Y133.261 E947.82091
G1 F857.9 X66.163 Y133.529 E947.83778
G1 F860.8 X66.297 Y133.851 E947.85512
G1 F862.2 X66.341 Y134.192 E947.87219
G1 F865.1 X66.298 Y134.533 E947.88919
G1 X66.163 Y134.856 E947.90651
G1 F862.2 X65.958 Y135.125 E947.9233
G1 F859.3 X65.691 Y135.332 E947.94013
G1 F856.5 X65.384 Y135.459 E947.95673
G1 F853.6 X65.04 Y135.504 E947.97413
G1 F852.2 X64.706 Y135.461 E947.99104
G1 F853.6 X64.395 Y135.331 E948.00794
G1 F855.1 X64.128 Y135.125 E948.02482
G1 F857.9 X63.923 Y134.856 E948.04169
G1 F862.2 X63.788 Y134.534 E948.05903
G1 F863.7 X63.745 Y134.192 E948.07611
G1 X63.788 Y133.853 E948.09304
M204 S1000
G1 F1500 E947.09304
G0 F9000 X99.288 Y155.076
M204 S2000
G1 F1500 E948.09304
G1 F862.2 X99.422 Y154.754 E948.11036
G1 F857.9 X99.627 Y154.484 E948.12727
G1 F856.5 X99.893 Y154.278 E948.14408
G1 F857.9 X100.205 Y154.148 E948.16095
G1 F856.5 X100.546 Y154.104 E948.17813
G1 F855.1 X100.881 Y154.147 E948.19503
G1 F856.5 X101.192 Y154.278 E948.2119
G1 X101.457 Y154.484 E948.22867
G1 F857.9 X101.663 Y154.752 E948.24554
G1 F860.8 X101.797 Y155.074 E948.26288
G1 F862.2 X101.841 Y155.415 E948.27995
G1 F863.7 X101.797 Y155.756 E948.29698
G1 X101.664 Y156.077 E948.3142
G1 F860.8 X101.458 Y156.347 E948.33109
G1 F856.5 X101.192 Y156.552 E948.34787
G1 X100.881 Y156.683 E948.36474
G1 F855.1 X100.54 Y156.727 E948.38195
G1 F852.2 X100.205 Y156.684 E948.39891
G1 F853.6 X99.894 Y156.553 E948.41583
G1 F855.1 X99.628 Y156.347 E948.43267
G1 F856.5 X99.422 Y156.078 E948.4496
G1 F859.3 X99.288 Y155.757 E948.46693
G1 F862.2 X99.245 Y155.415 E948.48404
G1 F863.7 X99.288 Y155.076 E948.50097
M204 S1000
G1 F1500 E947.50097
G0 F9000 X169.245 Y130.655
M204 S2000
G1 F1500 E948.50097
G1 F863.7 X169.288 Y130.316 E948.51791
G1 F862.2 X169.422 Y129.994 E948.53522
G1 F857.9 X169.627 Y129.724 E948.55214
G1 F856.5 X169.893 Y129.518 E948.56895
G1 F857.9 X170.205 Y129.388 E948.58581
G1 F856.5 X170.546 Y129.344 E948.60299
G1 F855.1 X170.881 Y129.387 E948.6199
G1 F856.5 X171.192 Y129.518 E948.63676
G1 X171.457 Y129.724 E948.65354
G1 F857.9 X171.663 Y129.992 E948.6704
G1 F860.8 X171.797 Y130.314 E948.68774
G1 F862.2 X171.841 Y130.655 E948.70481
G1 F863.7 X171.797 Y130.996 E948.72185
G1 X171.663 Y131.319 E948.73918
G1 F860.8 X171.457 Y131.588 E948.75603
G1 F856.5 X171.191 Y131.794 E948.77284
G1 F855.1 X170.884 Y131.922 E948.78949
G1 F853.6 X170.54 Y131.967 E948.80689
G1 F852.2 X170.206 Y131.924 E948.8238
G1 X169.895 Y131.794 E948.84073
G1 X169.628 Y131.588 E948.85766
G1 F856.5 X169.423 Y131.319 E948.87457
G1 F860.8 X169.288 Y130.997 E948.89193
G1 F862.2 X169.245 Y130.655 E948.90904
M204 S1000
G1 F1500 E947.90904
G0 F9000 X184.788 Y90.067
M204 S2000
G1 F1500 E948.90904
G1 F863.7 X184.745 Y89.725 E948.92612
G1 X184.788 Y89.386 E948.94306
G1 F862.2 X184.922 Y89.064 E948.96037
G1 F859.3 X185.128 Y88.794 E948.97728
G1 F857.9 X185.395 Y88.587 E948.99414
G1 X185.702 Y88.459 E949.01073
G1 X186.045 Y88.415 E949.02799
G1 F856.5 X186.383 Y88.459 E949.04502
G1 F855.1 X186.691 Y88.587 E949.06171
G1 X186.957 Y88.793 E949.07856
G1 F857.9 X187.163 Y89.062 E949.09546
G1 F860.8 X187.297 Y89.384 E949.1128
G1 F862.2 X187.341 Y89.725 E949.12987
G1 F865.1 X187.298 Y90.066 E949.14687
G1 X187.163 Y90.389 E949.16419
G1 F862.2 X186.958 Y90.658 E949.18098
G1 F859.3 X186.692 Y90.864 E949.19774
G1 F857.9 X186.381 Y90.994 E949.21456
G1 F855.1 X186.04 Y91.038 E949.23177
G1 F852.2 X185.705 Y90.995 E949.24873
G1 F853.6 X185.394 Y90.864 E949.26565
G1 F855.1 X185.128 Y90.658 E949.28249
G1 F857.9 X184.923 Y90.389 E949.29936
G1 F862.2 X184.788 Y90.067 E949.3167
M204 S1000
G1 F1500 E948.3167
G0 F9000 X115.288 Y73.897
M204 S2000
G1 F1500 E949.3167
G1 F863.7 X115.245 Y73.555 E949.33378
G1 X115.289 Y73.216 E949.35072
G1 F862.2 X115.422 Y72.894 E949.36801
G1 F859.3 X115.625 Y72.628 E949.38468
G1 F857.9 X115.896 Y72.418 E949.40178
G1 X116.205 Y72.289 E949.41849
G1 F856.5 X116.546 Y72.245 E949.43567
G1 F855.1 X116.881 Y72.288 E949.45258
G1 X117.191 Y72.419 E949.46943
G1 F853.6 X117.457 Y72.625 E949.48629
G1 F856.5 X117.663 Y72.894 E949.50323
G1 F860.8 X117.797 Y73.215 E949.52052
G1 F862.2 X117.841 Y73.555 E949.53754
G1 F865.1 X117.798 Y73.896 E949.55455
G1 X117.663 Y74.219 E949.57187
G1 F862.2 X117.458 Y74.488 E949.58865
G1 F857.9 X117.192 Y74.693 E949.60541
G1 F856.5 X116.881 Y74.824 E949.62227
G1 F855.1 X116.54 Y74.868 E949.63948
G1 F852.2 X116.205 Y74.825 E949.65645
G1 F853.6 X115.894 Y74.694 E949.67337
G1 F855.1 X115.628 Y74.488 E949.69021
G1 F857.9 X115.422 Y74.219 E949.70711
G1 F862.2 X115.288 Y73.897 E949.72442
M204 S1000
G1 F1500 E948.72442
;MESH:NONMESH
G0 F600 X115.288 Y73.897 Z4.8
G0 F9000 X48.128 Y73.954
;TIME_ELAPSED:7781.561699
;LAYER:23
M204 S2000
;TYPE:WALL-OUTER
;MESH:Bottom_Standoffs.stl
G1 F1500 E949.72442
G1 F857.9 X47.923 Y73.685 E949.7413
G1 F862.2 X47.788 Y73.363 E949.75863
G1 F863.7 X47.745 Y73.021 E949.77571
G1 X47.788 Y72.682 E949.79265
G1 F862.2 X47.922 Y72.36 E949.80996
G1 F859.3 X48.128 Y72.09 E949.82688
G1 F857.9 X48.395 Y71.883 E949.84373
G1 X48.702 Y71.755 E949.86032
G1 X49.045 Y71.711 E949.87758
G1 F856.5 X49.383 Y71.755 E949.89461
G1 F855.1 X49.691 Y71.883 E949.91131
G1 X49.957 Y72.089 E949.92815
G1 F857.9 X50.163 Y72.358 E949.94505
G1 F860.8 X50.297 Y72.68 E949.96239
G1 F862.2 X50.341 Y73.021 E949.97946
G1 F865.1 X50.298 Y73.362 E949.99647
G1 X50.163 Y73.685 E950.01379
G1 F862.2 X49.958 Y73.954 E950.03057
G1 F859.3 X49.692 Y74.16 E950.04733
G1 F857.9 X49.381 Y74.29 E950.06415
G1 F855.1 X49.04 Y74.334 E950.08136
G1 F852.2 X48.705 Y74.291 E950.09832
G1 F853.6 X48.394 Y74.16 E950.11524
G1 F855.1 X48.128 Y73.954 E950.13208
M204 S1000
G1 F1500 E949.13208
G0 F9000 X47.905 Y75.002
G0 X63.076 Y133.024
G0 X63.788 Y133.824
M204 S2000
G1 F1500 E950.13208
G1 F862.2 X63.922 Y133.502 E950.1494
G1 F857.9 X64.127 Y133.232 E950.16631
G1 F856.5 X64.393 Y133.026 E950.18312
G1 F857.9 X64.705 Y132.896 E950.19999
G1 F856.5 X65.046 Y132.852 E950.21717
G1 F855.1 X65.381 Y132.895 E950.23407
G1 F856.5 X65.692 Y133.026 E950.25094
G1 X65.957 Y133.232 E950.26771
G1 F857.9 X66.163 Y133.5 E950.28458
G1 F860.8 X66.297 Y133.822 E950.30192
G1 F862.2 X66.341 Y134.163 E950.31899
G1 F865.1 X66.298 Y134.504 E950.33599
G1 X66.163 Y134.827 E950.35331
G1 F860.8 X65.957 Y135.096 E950.37016
G1 F856.5 X65.691 Y135.302 E950.38697
G1 F855.1 X65.384 Y135.43 E950.40362
G1 F853.6 X65.04 Y135.475 E950.42101
G1 F852.2 X64.706 Y135.432 E950.43793
G1 X64.395 Y135.302 E950.45486
G1 F853.6 X64.128 Y135.096 E950.47177
G1 F857.9 X63.923 Y134.827 E950.48864
G1 F862.2 X63.788 Y134.505 E950.50597
G1 F863.7 X63.745 Y134.163 E950.52305
G1 X63.788 Y133.824 E950.53999
M204 S1000
G1 F1500 E949.53999
G0 F9000 X99.288 Y155.047
M204 S2000
G1 F1500 E950.53999
G1 F862.2 X99.422 Y154.725 E950.5573
G1 F857.9 X99.627 Y154.455 E950.57421
G1 X99.894 Y154.25 E950.59101
G1 F859.3 X100.205 Y154.119 E950.60782
G1 F856.5 X100.546 Y154.075 E950.625
G1 F855.1 X100.881 Y154.118 E950.6419
G1 X101.191 Y154.249 E950.65875
G1 X101.457 Y154.455 E950.67559
G1 F857.9 X101.663 Y154.723 E950.69246
G1 F860.8 X101.797 Y155.045 E950.7098
G1 F862.2 X101.841 Y155.386 E950.72687
G1 F863.7 X101.797 Y155.727 E950.74391
G1 X101.664 Y156.048 E950.76112
G1 F860.8 X101.458 Y156.318 E950.77801
G1 F856.5 X101.192 Y156.523 E950.79479
G1 X100.881 Y156.654 E950.81166
G1 F855.1 X100.54 Y156.698 E950.82887
G1 F852.2 X100.205 Y156.655 E950.84583
G1 F853.6 X99.894 Y156.524 E950.86275
G1 F855.1 X99.628 Y156.318 E950.87959
G1 F856.5 X99.422 Y156.049 E950.89652
G1 F859.3 X99.288 Y155.728 E950.91385
G1 F862.2 X99.245 Y155.386 E950.93096
G1 F863.7 X99.288 Y155.047 E950.9479
M204 S1000
G1 F1500 E949.9479
G0 F9000 X169.245 Y130.626
M204 S2000
G1 F1500 E950.9479
G1 F863.7 X169.288 Y130.287 E950.96483
G1 F862.2 X169.422 Y129.965 E950.98214
G1 F857.9 X169.627 Y129.695 E950.99906
G1 F856.5 X169.893 Y129.489 E951.01587
G1 F857.9 X170.205 Y129.359 E951.03273
G1 F856.5 X170.546 Y129.315 E951.04991
G1 F855.1 X170.881 Y129.358 E951.06682
G1 F856.5 X171.192 Y129.489 E951.08369
G1 X171.457 Y129.695 E951.10046
G1 F857.9 X171.663 Y129.963 E951.11732
G1 F860.8 X171.797 Y130.285 E951.13467
G1 F862.2 X171.841 Y130.626 E951.15173
G1 F863.7 X171.797 Y130.967 E951.16877
G1 X171.663 Y131.29 E951.1861
G1 F860.8 X171.457 Y131.559 E951.20295
G1 F856.5 X171.191 Y131.765 E951.21976
G1 F855.1 X170.884 Y131.893 E951.23641
G1 F853.6 X170.54 Y131.938 E951.25381
G1 F852.2 X170.206 Y131.895 E951.27072
G1 X169.895 Y131.765 E951.28765
G1 X169.628 Y131.559 E951.30459
G1 F856.5 X169.423 Y131.29 E951.32149
G1 F860.8 X169.288 Y130.968 E951.33885
G1 F862.2 X169.245 Y130.626 E951.35596
M204 S1000
G1 F1500 E950.35596
G0 F9000 X184.788 Y90.038
M204 S2000
G1 F1500 E951.35596
G1 F863.7 X184.745 Y89.696 E951.37304
G1 X184.788 Y89.357 E951.38998
G1 F862.2 X184.922 Y89.035 E951.40729
G1 F859.3 X185.128 Y88.765 E951.4242
G1 F857.9 X185.395 Y88.558 E951.44106
G1 X185.702 Y88.43 E951.45765
G1 X186.045 Y88.386 E951.47491
G1 F856.5 X186.383 Y88.43 E951.49194
G1 F855.1 X186.691 Y88.558 E951.50864
G1 X186.957 Y88.764 E951.52548
G1 F857.9 X187.163 Y89.033 E951.54238
G1 F860.8 X187.297 Y89.355 E951.55972
G1 F862.2 X187.341 Y89.696 E951.57679
G1 F865.1 X187.298 Y90.037 E951.59379
G1 X187.163 Y90.36 E951.61111
G1 F862.2 X186.958 Y90.629 E951.6279
G1 F859.3 X186.692 Y90.835 E951.64466
G1 F857.9 X186.381 Y90.965 E951.66148
G1 F855.1 X186.04 Y91.009 E951.67869
G1 F852.2 X185.705 Y90.966 E951.69565
G1 F853.6 X185.394 Y90.835 E951.71257
G1 F855.1 X185.128 Y90.629 E951.72941
G1 F857.9 X184.923 Y90.36 E951.74629
G1 F862.2 X184.788 Y90.038 E951.76362
M204 S1000
G1 F1500 E950.76362
G0 F9000 X115.288 Y73.868
M204 S2000
G1 F1500 E951.76362
G1 F863.7 X115.245 Y73.526 E951.7807
G1 X115.288 Y73.187 E951.79763
G1 F862.2 X115.422 Y72.866 E951.8149
G1 F859.3 X115.625 Y72.599 E951.83161
G1 F857.9 X115.896 Y72.389 E951.84871
G1 X116.205 Y72.26 E951.86542
G1 F856.5 X116.546 Y72.216 E951.8826
G1 F855.1 X116.881 Y72.259 E951.89951
G1 X117.191 Y72.39 E951.91635
G1 F853.6 X117.457 Y72.596 E951.93322
G1 F856.5 X117.663 Y72.865 E951.95015
G1 F860.8 X117.797 Y73.186 E951.96745
G1 F862.2 X117.841 Y73.526 E951.98447
G1 F865.1 X117.798 Y73.867 E952.00147
G1 X117.663 Y74.19 E952.01879
G1 F862.2 X117.458 Y74.459 E952.03558
G1 F857.9 X117.192 Y74.664 E952.05234
G1 F856.5 X116.881 Y74.795 E952.0692
G1 F855.1 X116.54 Y74.839 E952.08641
G1 F852.2 X116.205 Y74.796 E952.10337
G1 F853.6 X115.894 Y74.665 E952.12029
G1 F855.1 X115.628 Y74.459 E952.13713
G1 F856.5 X115.422 Y74.19 E952.15407
G1 F860.8 X115.288 Y73.868 E952.17141
M204 S1000
G1 F1500 E951.17141
;MESH:NONMESH
G0 F600 X115.288 Y73.868 Z5
G0 F9000 X48.129 Y73.926
;TIME_ELAPSED:7789.033961
;LAYER:24
M204 S2000
;TYPE:WALL-OUTER
;MESH:Bottom_Standoffs.stl
G1 F1500 E952.17141
G1 F856.4 X47.922 Y73.656 E952.18841
G1 F860.7 X47.788 Y73.334 E952.20575
G1 F863.6 X47.745 Y72.992 E952.22284
G1 X47.788 Y72.653 E952.23977
G1 F862.2 X47.922 Y72.331 E952.25708
G1 F859.3 X48.128 Y72.061 E952.274
G1 F857.9 X48.395 Y71.854 E952.29085
G1 X48.702 Y71.726 E952.30745
G1 X49.045 Y71.682 E952.3247
G1 F856.4 X49.383 Y71.726 E952.34173
G1 F855 X49.691 Y71.854 E952.35843
G1 X49.957 Y72.06 E952.37527
G1 F857.9 X50.163 Y72.329 E952.39217
G1 F860.7 X50.297 Y72.651 E952.40952
G1 F862.2 X50.341 Y72.992 E952.42658
G1 F865.1 X50.298 Y73.333 E952.44359
G1 X50.163 Y73.656 E952.46091
G1 F862.2 X49.958 Y73.925 E952.4777
G1 F859.3 X49.692 Y74.132 E952.49448
G1 F857.9 X49.383 Y74.26 E952.51117
G1 F855 X49.043 Y74.305 E952.52834
G1 F853.6 X48.702 Y74.26 E952.54558
G1 F855 X48.395 Y74.132 E952.56223
G1 X48.129 Y73.926 E952.57908
M204 S1000
G1 F1500 E951.57908
G0 F9000 X47.906 Y74.973
G0 X63.076 Y132.995
G0 X63.788 Y133.795
M204 S2000
G1 F1500 E952.57908
G1 F862.2 X63.922 Y133.473 E952.59639
G1 F857.9 X64.127 Y133.203 E952.6133
G1 F856.4 X64.393 Y132.997 E952.63011
G1 F857.9 X64.705 Y132.867 E952.64698
G1 F856.4 X65.046 Y132.823 E952.66416
G1 F855 X65.381 Y132.866 E952.68107
G1 F856.4 X65.692 Y132.997 E952.69793
G1 X65.957 Y133.203 E952.7147
G1 F857.9 X66.163 Y133.471 E952.73157
G1 F860.7 X66.297 Y133.793 E952.74891
G1 F862.2 X66.341 Y134.134 E952.76598
G1 F863.6 X66.297 Y134.475 E952.78302
G1 X66.163 Y134.798 E952.80035
G1 F860.7 X65.957 Y135.067 E952.81719
G1 F856.4 X65.691 Y135.273 E952.83401
G1 F855 X65.384 Y135.401 E952.85066
G1 F853.6 X65.04 Y135.446 E952.86805
G1 F852.2 X64.706 Y135.403 E952.88496
G1 X64.395 Y135.273 E952.90189
G1 X64.128 Y135.067 E952.91883
G1 F856.4 X63.923 Y134.798 E952.93573
G1 F860.7 X63.788 Y134.476 E952.95309
G1 F862.2 X63.745 Y134.134 E952.9702
G1 F863.6 X63.788 Y133.795 E952.98714
M204 S1000
G1 F1500 E951.98714
G0 F9000 X99.288 Y155.017
M204 S2000
G1 F1500 E952.98714
G1 F862.2 X99.422 Y154.696 E953.00441
G1 F859.3 X99.625 Y154.428 E953.02115
G1 F857.9 X99.896 Y154.218 E953.03826
G1 X100.205 Y154.089 E953.05496
G1 F856.4 X100.546 Y154.046 E953.07214
G1 F855 X100.881 Y154.089 E953.08904
G1 F856.4 X101.192 Y154.22 E953.10591
G1 F857.9 X101.457 Y154.425 E953.12262
G1 F859.3 X101.663 Y154.695 E953.13954
G1 F860.7 X101.797 Y155.016 E953.15683
G1 F862.2 X101.841 Y155.357 E953.1739
G1 F863.6 X101.797 Y155.698 E953.19094
G1 X101.664 Y156.019 E953.20816
G1 F860.7 X101.458 Y156.289 E953.22505
G1 F856.4 X101.192 Y156.494 E953.24183
G1 X100.881 Y156.625 E953.25869
G1 F855 X100.54 Y156.669 E953.27591
G1 F852.2 X100.205 Y156.626 E953.29287
G1 F853.6 X99.894 Y156.495 E953.30979
G1 F855 X99.628 Y156.289 E953.32663
G1 F857.9 X99.422 Y156.02 E953.34353
G1 F860.7 X99.289 Y155.699 E953.36081
G1 F862.2 X99.245 Y155.357 E953.37793
G1 F863.6 X99.288 Y155.017 E953.39491
M204 S1000
G1 F1500 E952.39491
G0 F9000 X169.245 Y130.597
M204 S2000
G1 F1500 E953.39491
G1 F863.6 X169.288 Y130.258 E953.41185
G1 X169.422 Y129.936 E953.42913
G1 F859.3 X169.627 Y129.666 E953.44601
G1 F857.9 X169.894 Y129.461 E953.46281
G1 F859.3 X170.205 Y129.33 E953.47962
G1 F856.4 X170.546 Y129.286 E953.4968
G1 F855 X170.881 Y129.329 E953.51371
G1 F856.4 X171.192 Y129.46 E953.53057
G1 X171.457 Y129.666 E953.54734
G1 F857.9 X171.663 Y129.934 E953.56421
G1 F860.7 X171.797 Y130.256 E953.58155
G1 F862.2 X171.841 Y130.597 E953.59862
G1 F863.6 X171.797 Y130.938 E953.61566
G1 F862.2 X171.663 Y131.26 E953.63297
G1 F860.7 X171.46 Y131.527 E953.64965
G1 X171.19 Y131.736 E953.66663
G1 F857.9 X170.881 Y131.865 E953.68333
G1 F853.6 X170.54 Y131.909 E953.70057
G1 F852.2 X170.205 Y131.866 E953.71753
G1 F853.6 X169.897 Y131.736 E953.73429
G1 F856.4 X169.627 Y131.527 E953.75136
G1 F859.3 X169.423 Y131.26 E953.76809
G1 F860.7 X169.288 Y130.939 E953.78541
G1 F862.2 X169.245 Y130.597 E953.80252
M204 S1000
G1 F1500 E952.80252
G0 F9000 X184.788 Y90.009
M204 S2000
G1 F1500 E953.80252
G1 F863.6 X184.745 Y89.667 E953.8196
G1 X184.788 Y89.328 E953.83654
G1 F862.2 X184.922 Y89.006 E953.85385
G1 F859.3 X185.128 Y88.736 E953.87076
G1 F857.9 X185.395 Y88.529 E953.88762
G1 X185.702 Y88.401 E953.90421
G1 X186.045 Y88.357 E953.92147
G1 F856.4 X186.383 Y88.401 E953.9385
G1 F855 X186.691 Y88.529 E953.9552
G1 X186.957 Y88.735 E953.97204
G1 F857.9 X187.163 Y89.004 E953.98894
G1 F860.7 X187.297 Y89.326 E954.00628
G1 F862.2 X187.341 Y89.667 E954.02335
G1 F865.1 X187.298 Y90.008 E954.04036
G1 X187.163 Y90.331 E954.05768
G1 F862.2 X186.958 Y90.6 E954.07446
G1 F859.3 X186.691 Y90.807 E954.09129
G1 F857.9 X186.384 Y90.935 E954.10789
G1 F856.4 X186.04 Y90.979 E954.12522
G1 F855 X185.706 Y90.936 E954.14207
G1 X185.395 Y90.807 E954.15893
G1 X185.128 Y90.6 E954.17584
G1 F857.9 X184.923 Y90.331 E954.19271
G1 F862.2 X184.788 Y90.009 E954.21004
M204 S1000
G1 F1500 E953.21004
G0 F9000 X115.289 Y73.839
M204 S2000
G1 F1500 E954.21004
G1 F863.6 X115.245 Y73.497 E954.22713
G1 X115.288 Y73.158 E954.24407
G1 X115.422 Y72.837 E954.26131
G1 F860.7 X115.625 Y72.57 E954.27798
G1 F857.9 X115.896 Y72.36 E954.29509
G1 X116.205 Y72.231 E954.31179
G1 F856.4 X116.546 Y72.187 E954.32898
G1 F855 X116.881 Y72.23 E954.34588
G1 X117.191 Y72.361 E954.36273
G1 F853.6 X117.457 Y72.567 E954.3796
G1 F856.4 X117.663 Y72.836 E954.39653
G1 F860.7 X117.797 Y73.157 E954.41382
G1 F862.2 X117.841 Y73.497 E954.43084
G1 F863.6 X117.797 Y73.838 E954.44788
G1 X117.663 Y74.161 E954.46521
G1 F862.2 X117.458 Y74.43 E954.482
G1 F857.9 X117.192 Y74.635 E954.49876
G1 F856.4 X116.881 Y74.766 E954.51562
G1 F855 X116.54 Y74.81 E954.53283
G1 F852.2 X116.205 Y74.767 E954.54979
G1 F853.6 X115.894 Y74.636 E954.56671
G1 F855 X115.628 Y74.43 E954.58356
G1 F857.9 X115.422 Y74.161 E954.60046
G1 F862.2 X115.289 Y73.839 E954.61775
M204 S1000
G1 F1500 E953.61775
;MESH:NONMESH
G0 F600 X115.289 Y73.839 Z5.2
G0 F9000 X48.128 Y73.896
;TIME_ELAPSED:7796.505465
;LAYER:25
M204 S2000
;TYPE:WALL-OUTER
;MESH:Bottom_Standoffs.stl
G1 F1500 E954.61775
G1 F857.9 X47.923 Y73.627 E954.63463
G1 F862.2 X47.788 Y73.305 E954.65196
G1 F863.6 X47.745 Y72.963 E954.66904
G1 X47.789 Y72.623 E954.68603
G1 F862.2 X47.921 Y72.302 E954.70326
G1 F859.3 X48.125 Y72.035 E954.72
G1 F857.9 X48.397 Y71.825 E954.73714
G1 F859.3 X48.703 Y71.697 E954.75366
G1 X49.045 Y71.653 E954.77084
G1 F855 X49.382 Y71.697 E954.78785
G1 F853.6 X49.691 Y71.825 E954.80462
G1 F855 X49.957 Y72.031 E954.82146
G1 F857.9 X50.164 Y72.302 E954.83847
G1 F860.8 X50.297 Y72.622 E954.8557
G1 F862.2 X50.341 Y72.963 E954.87277
G1 F865.1 X50.298 Y73.304 E954.88977
G1 X50.163 Y73.627 E954.90709
G1 F862.2 X49.958 Y73.896 E954.92388
G1 F859.3 X49.691 Y74.103 E954.94071
G1 F856.5 X49.384 Y74.23 E954.95731
G1 F853.6 X49.04 Y74.274 E954.9747
G1 X48.706 Y74.232 E954.99158
G1 F855 X48.395 Y74.103 E955.00843
G1 X48.128 Y73.896 E955.02535
M204 S1000
G1 F1500 E954.02535
G0 F9000 X47.906 Y74.944
G0 X63.076 Y132.966
G0 X63.789 Y133.765
M204 S2000
G1 F1500 E955.02535
G1 F862.2 X63.92 Y133.446 E955.04246
G1 F857.9 X64.13 Y133.171 E955.05973
G1 F855 X64.395 Y132.967 E955.07647
G1 F856.5 X64.702 Y132.839 E955.09309
G1 F857.9 X65.045 Y132.794 E955.11035
G1 F855 X65.382 Y132.838 E955.12736
G1 F852.2 X65.691 Y132.967 E955.14418
G1 X65.955 Y133.171 E955.16093
G1 F856.5 X66.165 Y133.446 E955.17822
G1 F862.2 X66.297 Y133.763 E955.19527
G1 F863.6 X66.341 Y134.105 E955.21236
G1 X66.297 Y134.446 E955.2294
G1 F862.2 X66.163 Y134.768 E955.24671
G1 F860.8 X65.958 Y135.037 E955.26353
G1 F859.3 X65.692 Y135.243 E955.28029
G1 F857.9 X65.382 Y135.373 E955.29706
G1 F855 X65.041 Y135.417 E955.31427
G1 F853.6 X64.704 Y135.373 E955.33131
G1 X64.395 Y135.245 E955.34808
G1 X64.128 Y135.037 E955.36505
G1 F856.5 X63.923 Y134.769 E955.38191
G1 F860.8 X63.788 Y134.446 E955.39932
G1 F863.6 X63.745 Y134.105 E955.41635
G1 X63.789 Y133.765 E955.43334
M204 S1000
G1 F1500 E954.43334
G0 F9000 X99.288 Y154.988
M204 S2000
G1 F1500 E955.43334
G1 F862.2 X99.422 Y154.666 E955.45065
G1 F859.3 X99.627 Y154.397 E955.4675
G1 F857.9 X99.894 Y154.19 E955.48435
G1 X100.204 Y154.06 E955.50112
G1 F856.5 X100.545 Y154.017 E955.5183
G1 F855 X100.88 Y154.06 E955.53521
G1 F856.5 X101.192 Y154.19 E955.5521
G1 F857.9 X101.457 Y154.396 E955.56884
G1 F859.3 X101.663 Y154.666 E955.58576
G1 F860.8 X101.797 Y154.987 E955.60305
G1 F862.2 X101.841 Y155.327 E955.62007
G1 F865.1 X101.798 Y155.668 E955.63708
G1 X101.663 Y155.991 E955.6544
G1 F862.2 X101.458 Y156.26 E955.67119
G1 F859.3 X101.191 Y156.467 E955.68801
G1 F857.9 X100.884 Y156.595 E955.70461
G1 F856.5 X100.54 Y156.639 E955.72194
G1 F855 X100.206 Y156.596 E955.73879
G1 X99.895 Y156.467 E955.75565
G1 X99.628 Y156.26 E955.77256
G1 F857.9 X99.423 Y155.991 E955.78943
G1 F862.2 X99.288 Y155.669 E955.80677
G1 F863.6 X99.245 Y155.327 E955.82385
G1 X99.288 Y154.988 E955.84078
M204 S1000
G1 F1500 E954.84078
G0 F9000 X169.245 Y130.567
M204 S2000
G1 F1500 E955.84078
G1 F863.6 X169.288 Y130.229 E955.85767
G1 F862.2 X169.422 Y129.906 E955.87503
G1 F859.3 X169.627 Y129.637 E955.89187
G1 F857.9 X169.894 Y129.43 E955.90873
G1 F856.5 X170.204 Y129.301 E955.92551
G1 F853.6 X170.545 Y129.258 E955.94274
G1 X170.88 Y129.3 E955.95967
G1 F856.5 X171.192 Y129.43 E955.97656
G1 X171.457 Y129.636 E955.99333
G1 F857.9 X171.663 Y129.905 E956.01024
G1 F860.8 X171.797 Y130.227 E956.02758
G1 F862.2 X171.841 Y130.567 E956.0446
G1 F863.6 X171.797 Y130.908 E956.06164
G1 X171.663 Y131.231 E956.07897
G1 F862.2 X171.458 Y131.5 E956.09575
G1 F857.9 X171.192 Y131.705 E956.11251
G1 F856.5 X170.881 Y131.836 E956.12937
G1 F855 X170.54 Y131.88 E956.14658
G1 F852.2 X170.205 Y131.837 E956.16355
G1 F853.6 X169.894 Y131.706 E956.18047
G1 F855 X169.628 Y131.5 E956.19731
G1 F857.9 X169.422 Y131.231 E956.21421
G1 F862.2 X169.289 Y130.909 E956.23151
G1 F863.6 X169.245 Y130.567 E956.24859
M204 S1000
G1 F1500 E955.24859
G0 F9000 X184.788 Y89.98
M204 S2000
G1 F1500 E956.24859
G1 F863.6 X184.745 Y89.638 E956.26568
G1 X184.788 Y89.298 E956.28266
G1 F862.2 X184.922 Y88.977 E956.29993
G1 F859.3 X185.128 Y88.707 E956.31684
G1 F857.9 X185.395 Y88.5 E956.3337
G1 F859.3 X185.703 Y88.372 E956.35031
G1 X186.043 Y88.327 E956.36739
G1 F856.5 X186.384 Y88.372 E956.38458
G1 F855 X186.691 Y88.5 E956.40123
G1 F856.5 X186.957 Y88.706 E956.41804
G1 F859.3 X187.163 Y88.976 E956.43496
G1 F860.8 X187.297 Y89.297 E956.45226
G1 F862.2 X187.341 Y89.638 E956.46932
G1 F865.1 X187.298 Y89.979 E956.48633
G1 F866.6 X187.164 Y90.301 E956.50355
G1 F863.6 X186.96 Y90.568 E956.52021
G1 F860.8 X186.69 Y90.777 E956.53718
G1 X186.381 Y90.907 E956.55385
G1 F857.9 X186.04 Y90.95 E956.571
G1 F855 X185.705 Y90.907 E956.58791
G1 X185.396 Y90.778 E956.60467
G1 F856.5 X185.127 Y90.568 E956.62172
G1 F859.3 X184.922 Y90.302 E956.63845
G1 F862.2 X184.788 Y89.98 E956.65576
M204 S1000
G1 F1500 E955.65576
G0 F9000 X115.288 Y73.81
M204 S2000
G1 F1500 E956.65576
G1 F863.6 X115.245 Y73.468 E956.67284
G1 X115.288 Y73.129 E956.68978
G1 F862.2 X115.422 Y72.807 E956.70709
G1 F860.8 X115.626 Y72.54 E956.7238
G1 F859.3 X115.896 Y72.33 E956.74084
G1 F857.9 X116.204 Y72.201 E956.7575
G1 F856.5 X116.545 Y72.158 E956.77467
G1 X116.881 Y72.201 E956.7916
G1 F857.9 X117.189 Y72.33 E956.80826
G1 X117.46 Y72.539 E956.82533
G1 F859.3 X117.663 Y72.806 E956.84204
G1 F860.8 X117.797 Y73.127 E956.85933
G1 F862.2 X117.841 Y73.468 E956.8764
G1 F865.1 X117.798 Y73.809 E956.89341
G1 X117.663 Y74.132 E956.91073
G1 F862.2 X117.458 Y74.401 E956.92752
G1 F859.3 X117.192 Y74.608 E956.9443
G1 F857.9 X116.883 Y74.736 E956.96099
G1 F855 X116.543 Y74.781 E956.97816
G1 F853.6 X116.202 Y74.736 E956.9954
G1 F855 X115.895 Y74.608 E957.01205
G1 X115.629 Y74.402 E957.02889
G1 F856.5 X115.422 Y74.132 E957.0459
G1 F860.8 X115.288 Y73.81 E957.06324
M204 S1000
G1 F1500 E956.06324
;MESH:NONMESH
G0 F600 X115.288 Y73.81 Z5.4
G0 F9000 X48.127 Y73.864
;TIME_ELAPSED:7803.975710
;LAYER:26
M204 S2000
;TYPE:WALL-OUTER
;MESH:Bottom_Standoffs.stl
G1 F1500 E957.06324
G1 F859.3 X47.922 Y73.597 E957.08
G1 F862.2 X47.788 Y73.276 E957.09727
G1 F863.6 X47.745 Y72.934 E957.11435
G1 X47.789 Y72.594 E957.13134
G1 F862.2 X47.922 Y72.272 E957.14864
G1 F859.3 X48.125 Y72.006 E957.1653
G1 F857.9 X48.396 Y71.796 E957.18241
G1 X48.705 Y71.667 E957.19911
G1 F856.4 X49.046 Y71.623 E957.2163
G1 F855 X49.381 Y71.666 E957.2332
G1 X49.691 Y71.797 E957.25005
G1 F853.6 X49.957 Y72.003 E957.26692
G1 F856.4 X50.163 Y72.272 E957.28385
G1 F860.7 X50.297 Y72.593 E957.30115
G1 F862.2 X50.341 Y72.934 E957.31821
G1 F865.1 X50.298 Y73.275 E957.33522
G1 F863.6 X50.163 Y73.597 E957.35252
G1 F860.7 X49.96 Y73.864 E957.3692
G1 X49.69 Y74.073 E957.38618
G1 F857.9 X49.381 Y74.202 E957.40288
G1 F853.6 X49.04 Y74.246 E957.42012
G1 F852.2 X48.705 Y74.203 E957.43708
G1 F855 X48.397 Y74.073 E957.45382
G1 F857.9 X48.127 Y73.864 E957.47085
M204 S1000
G1 F1500 E956.47085
G0 F9000 X47.906 Y74.914
G0 X63.076 Y132.936
G0 X63.788 Y133.736
M204 S2000
G1 F1500 E957.47085
G1 F863.6 X63.922 Y133.414 E957.48814
G1 F860.7 X64.128 Y133.145 E957.50498
G1 F856.4 X64.394 Y132.939 E957.5218
G1 X64.705 Y132.808 E957.53866
G1 X65.046 Y132.764 E957.55584
G1 F853.6 X65.38 Y132.807 E957.57273
G1 F852.2 X65.691 Y132.939 E957.5897
G1 F853.6 X65.957 Y133.144 E957.60654
G1 F857.9 X66.163 Y133.412 E957.6234
G1 F860.7 X66.297 Y133.734 E957.64074
G1 F862.2 X66.341 Y134.075 E957.65781
G1 F865.1 X66.298 Y134.416 E957.67481
G1 X66.163 Y134.739 E957.69213
G1 F862.2 X65.958 Y135.008 E957.70892
G1 F857.9 X65.691 Y135.214 E957.72575
G1 F855 X65.383 Y135.342 E957.74244
G1 F853.6 X65.043 Y135.387 E957.75964
G1 X64.702 Y135.342 E957.77688
G1 X64.395 Y135.215 E957.79354
G1 X64.129 Y135.009 E957.81041
G1 F856.4 X63.922 Y134.739 E957.82741
G1 F860.7 X63.788 Y134.417 E957.84476
G1 F863.6 X63.745 Y134.075 E957.86184
G1 X63.788 Y133.736 E957.87877
M204 S1000
G1 F1500 E956.87877
G0 F9000 X99.288 Y154.959
M204 S2000
G1 F1500 E957.87877
G1 F862.2 X99.422 Y154.637 E957.89609
G1 F857.9 X99.627 Y154.367 E957.913
G1 F856.4 X99.893 Y154.161 E957.92981
G1 F857.9 X100.205 Y154.031 E957.94667
G1 F856.4 X100.546 Y153.987 E957.96386
G1 F855 X100.881 Y154.03 E957.98076
G1 F856.4 X101.192 Y154.161 E957.99763
G1 X101.457 Y154.367 E958.0144
G1 F857.9 X101.663 Y154.635 E958.03127
G1 F860.7 X101.797 Y154.957 E958.04861
G1 F862.2 X101.841 Y155.298 E958.06568
G1 F865.1 X101.798 Y155.639 E958.08268
G1 F863.6 X101.663 Y155.961 E958.09998
G1 F860.7 X101.46 Y156.228 E958.11666
G1 X101.19 Y156.437 E958.13364
G1 F857.9 X100.881 Y156.566 E958.15034
G1 F853.6 X100.54 Y156.61 E958.16758
G1 F852.2 X100.205 Y156.567 E958.18455
G1 F853.6 X99.897 Y156.437 E958.20131
G1 F856.4 X99.627 Y156.228 E958.21837
G1 F859.3 X99.422 Y155.961 E958.23514
G1 F862.2 X99.288 Y155.64 E958.2524
G1 F863.6 X99.245 Y155.298 E958.26949
G1 X99.288 Y154.959 E958.28642
M204 S1000
G1 F1500 E957.28642
G0 F9000 X169.245 Y130.538
M204 S2000
G1 F1500 E958.28642
G1 F863.6 X169.288 Y130.199 E958.30336
G1 F862.2 X169.422 Y129.877 E958.32067
G1 F857.9 X169.627 Y129.607 E958.33758
G1 F856.4 X169.893 Y129.401 E958.3544
G1 F857.9 X170.205 Y129.271 E958.37126
G1 F856.4 X170.546 Y129.227 E958.38844
G1 F855 X170.881 Y129.27 E958.40535
G1 F856.4 X171.192 Y129.401 E958.42221
G1 X171.457 Y129.607 E958.43898
G1 F857.9 X171.663 Y129.875 E958.45585
G1 F860.7 X171.797 Y130.197 E958.47319
G1 F862.2 X171.841 Y130.538 E958.49026
G1 F865.1 X171.798 Y130.879 E958.50726
G1 X171.663 Y131.202 E958.52458
G1 F862.2 X171.458 Y131.471 E958.54137
G1 F859.3 X171.192 Y131.678 E958.55816
G1 F857.9 X170.883 Y131.806 E958.57485
G1 F855 X170.543 Y131.851 E958.59201
G1 F853.6 X170.202 Y131.806 E958.60926
G1 F855 X169.895 Y131.678 E958.62591
G1 X169.629 Y131.472 E958.64275
G1 F856.4 X169.422 Y131.202 E958.65975
G1 F860.7 X169.288 Y130.88 E958.67709
G1 F863.6 X169.245 Y130.538 E958.69418
M204 S1000
G1 F1500 E957.69418
G0 F9000 X184.788 Y89.951
M204 S2000
G1 F1500 E958.69418
G1 F863.6 X184.745 Y89.609 E958.71126
G1 X184.789 Y89.269 E958.72825
G1 X184.922 Y88.948 E958.74547
G1 F859.3 X185.127 Y88.678 E958.76235
G1 F857.9 X185.394 Y88.473 E958.77915
G1 F859.3 X185.705 Y88.342 E958.79596
G1 F856.4 X186.046 Y88.298 E958.81314
G1 F855 X186.381 Y88.341 E958.83004
G1 X186.691 Y88.472 E958.84689
G1 F853.6 X186.957 Y88.678 E958.86376
G1 F856.4 X187.163 Y88.947 E958.88069
G1 F860.7 X187.297 Y89.268 E958.89799
G1 F862.2 X187.341 Y89.609 E958.91505
G1 F865.1 X187.298 Y89.95 E958.93206
G1 F866.5 X187.164 Y90.272 E958.94929
G1 F863.6 X186.96 Y90.539 E958.96594
G1 F859.3 X186.689 Y90.748 E958.98298
G1 F856.4 X186.381 Y90.877 E958.99967
G1 F852.2 X186.04 Y90.92 E959.01693
G1 X185.705 Y90.878 E959.03389
G1 F855 X185.397 Y90.748 E959.05062
G1 X185.127 Y90.539 E959.06771
G1 F857.9 X184.922 Y90.273 E959.08447
G1 F862.2 X184.788 Y89.951 E959.10178
M204 S1000
G1 F1500 E958.10178
G0 F9000 X115.288 Y73.781
M204 S2000
G1 F1500 E959.10178
G1 F863.6 X115.245 Y73.439 E959.11886
G1 X115.289 Y73.099 E959.13585
G1 F862.2 X115.421 Y72.778 E959.15308
G1 F859.3 X115.625 Y72.511 E959.16982
G1 F857.9 X115.897 Y72.301 E959.18696
G1 F859.3 X116.203 Y72.173 E959.20348
G1 X116.545 Y72.129 E959.22066
G1 F855 X116.882 Y72.173 E959.23767
G1 F853.6 X117.191 Y72.301 E959.25444
G1 F855 X117.457 Y72.507 E959.27128
G1 F857.9 X117.664 Y72.778 E959.28829
G1 F860.7 X117.797 Y73.098 E959.30553
G1 F862.2 X117.841 Y73.439 E959.32259
G1 F865.1 X117.797 Y73.781 E959.33965
G1 X117.664 Y74.101 E959.3568
G1 F860.7 X117.458 Y74.371 E959.37368
G1 F859.3 X117.193 Y74.577 E959.3904
G1 F860.7 X116.881 Y74.708 E959.40723
G1 F857.9 X116.54 Y74.751 E959.42438
G1 F855 X116.205 Y74.708 E959.44128
G1 F856.4 X115.894 Y74.577 E959.45815
G1 F857.9 X115.628 Y74.371 E959.47493
G1 F859.3 X115.422 Y74.102 E959.49181
G1 F862.2 X115.288 Y73.781 E959.50907
M204 S1000
G1 F1500 E958.50907
;MESH:NONMESH
G0 F600 X115.288 Y73.781 Z5.6
G0 F9000 X48.128 Y73.837
;TIME_ELAPSED:7811.446519
;LAYER:27
M204 S2000
;TYPE:WALL-OUTER
;MESH:Bottom_Standoffs.stl
G1 F1500 E959.50907
G1 F857.9 X47.922 Y73.568 E959.52598
G1 F862.2 X47.789 Y73.246 E959.54327
G1 F863.6 X47.745 Y72.904 E959.56036
G1 X47.788 Y72.565 E959.5773
G1 F862.2 X47.922 Y72.243 E959.59461
G1 F859.3 X48.129 Y71.973 E959.61155
G1 F856.4 X48.395 Y71.767 E959.62837
G1 X48.702 Y71.639 E959.64499
G1 F857.9 X49.045 Y71.594 E959.66225
G1 F855 X49.382 Y71.638 E959.67926
G1 F850.8 X49.69 Y71.767 E959.69606
G1 F852.2 X49.957 Y71.973 E959.71299
G1 F857.9 X50.163 Y72.241 E959.72986
G1 F860.7 X50.297 Y72.563 E959.7472
G1 F862.2 X50.341 Y72.904 E959.76427
G1 F863.6 X50.297 Y73.245 E959.78131
G1 X50.163 Y73.568 E959.79864
G1 F862.2 X49.958 Y73.837 E959.81543
G1 F857.9 X49.692 Y74.042 E959.83218
G1 F856.4 X49.381 Y74.173 E959.84905
G1 F855 X49.04 Y74.217 E959.86626
G1 F852.2 X48.705 Y74.174 E959.88322
G1 F853.6 X48.394 Y74.043 E959.90014
G1 F855 X48.128 Y73.837 E959.91698
M204 S1000
G1 F1500 E958.91698
G0 F9000 X47.905 Y74.885
G0 X63.076 Y132.907
G0 X63.788 Y133.707
M204 S2000
G1 F1500 E959.91698
G1 F862.2 X63.922 Y133.385 E959.93429
G1 F857.9 X64.127 Y133.115 E959.95121
G1 F856.4 X64.393 Y132.909 E959.96802
G1 F857.9 X64.705 Y132.779 E959.98488
G1 F856.4 X65.046 Y132.735 E960.00207
G1 F855 X65.381 Y132.778 E960.01897
G1 F856.4 X65.692 Y132.909 E960.03584
G1 X65.957 Y133.115 E960.05261
G1 F857.9 X66.163 Y133.383 E960.06947
G1 F860.7 X66.297 Y133.705 E960.08682
G1 F862.2 X66.341 Y134.046 E960.10388
G1 F865.1 X66.298 Y134.387 E960.12089
G1 X66.163 Y134.71 E960.13821
G1 F862.2 X65.958 Y134.979 E960.155
G1 F859.3 X65.691 Y135.186 E960.17182
G1 F856.4 X65.384 Y135.313 E960.18843
G1 F853.6 X65.04 Y135.358 E960.20582
G1 F852.2 X64.706 Y135.315 E960.22273
G1 F853.6 X64.395 Y135.185 E960.23964
G1 F855 X64.128 Y134.979 E960.25652
G1 F857.9 X63.923 Y134.71 E960.27339
G1 F862.2 X63.788 Y134.388 E960.29072
G1 F863.6 X63.745 Y134.046 E960.3078
G1 X63.788 Y133.707 E960.32474
M204 S1000
G1 F1500 E959.32474
G0 F9000 X99.288 Y154.93
M204 S2000
G1 F1500 E960.32474
G1 F862.2 X99.422 Y154.608 E960.34205
G1 F857.9 X99.627 Y154.338 E960.35896
G1 F856.4 X99.893 Y154.132 E960.37578
G1 F857.9 X100.205 Y154.002 E960.39264
G1 F856.4 X100.546 Y153.958 E960.40982
G1 F855 X100.881 Y154.001 E960.42673
G1 F856.4 X101.192 Y154.132 E960.44359
G1 X101.457 Y154.338 E960.46037
G1 F857.9 X101.663 Y154.606 E960.47723
G1 F860.7 X101.797 Y154.928 E960.49457
G1 F862.2 X101.841 Y155.269 E960.51164
G1 F863.6 X101.797 Y155.61 E960.52868
G1 F862.2 X101.663 Y155.932 E960.54599
G1 F860.7 X101.46 Y156.199 E960.56267
G1 X101.19 Y156.408 E960.57965
G1 F857.9 X100.881 Y156.537 E960.59635
G1 F853.6 X100.54 Y156.581 E960.61359
G1 F852.2 X100.205 Y156.538 E960.63056
G1 F853.6 X99.897 Y156.408 E960.64732
G1 F856.4 X99.627 Y156.199 E960.66438
G1 F859.3 X99.423 Y155.932 E960.68112
G1 F860.7 X99.288 Y155.611 E960.69843
G1 F862.2 X99.245 Y155.269 E960.71554
G1 F863.6 X99.288 Y154.93 E960.73248
M204 S1000
G1 F1500 E959.73248
G0 F9000 X169.245 Y130.509
M204 S2000
G1 F1500 E960.73248
G1 F863.6 X169.288 Y130.17 E960.74941
G1 F862.2 X169.422 Y129.848 E960.76673
G1 F857.9 X169.627 Y129.578 E960.78364
G1 F856.4 X169.893 Y129.372 E960.80045
G1 F857.9 X170.205 Y129.242 E960.81732
G1 F856.4 X170.546 Y129.198 E960.8345
G1 F855 X170.881 Y129.241 E960.8514
G1 F856.4 X171.192 Y129.372 E960.86827
G1 X171.457 Y129.578 E960.88504
G1 F857.9 X171.663 Y129.846 E960.90191
G1 F860.7 X171.797 Y130.168 E960.91925
G1 F862.2 X171.841 Y130.509 E960.93632
G1 F865.1 X171.798 Y130.85 E960.95332
G1 X171.663 Y131.173 E960.97064
G1 F860.7 X171.457 Y131.442 E960.98749
G1 F856.4 X171.191 Y131.648 E961.0043
G1 F855 X170.884 Y131.776 E961.02095
G1 F853.6 X170.54 Y131.821 E961.03834
G1 F852.2 X170.206 Y131.778 E961.05526
G1 X169.895 Y131.648 E961.07219
G1 F853.6 X169.628 Y131.442 E961.0891
G1 F857.9 X169.423 Y131.173 E961.10597
G1 F862.2 X169.288 Y130.851 E961.1233
G1 F863.6 X169.245 Y130.509 E961.14038
M204 S1000
G1 F1500 E960.14038
G0 F9000 X184.788 Y89.921
M204 S2000
G1 F1500 E961.14038
G1 F863.6 X184.745 Y89.579 E961.15747
G1 X184.788 Y89.24 E961.1744
G1 F862.2 X184.922 Y88.918 E961.19171
G1 F859.3 X185.128 Y88.649 E961.20859
G1 F856.4 X185.394 Y88.443 E961.2254
G1 X185.704 Y88.313 E961.2422
G1 X186.045 Y88.269 E961.25938
G1 F855 X186.38 Y88.312 E961.27629
G1 F853.6 X186.691 Y88.443 E961.29321
G1 F855 X186.957 Y88.648 E961.31002
G1 F859.3 X187.163 Y88.918 E961.32693
G1 F860.7 X187.297 Y89.239 E961.34423
G1 F862.2 X187.341 Y89.579 E961.36125
G1 F865.1 X187.298 Y89.92 E961.37825
G1 X187.163 Y90.243 E961.39557
G1 F862.2 X186.958 Y90.512 E961.41236
G1 F859.3 X186.692 Y90.718 E961.42912
G1 F857.9 X186.381 Y90.848 E961.44594
G1 F855 X186.04 Y90.892 E961.46315
G1 F852.2 X185.705 Y90.849 E961.48011
G1 F853.6 X185.394 Y90.718 E961.49703
G1 F855 X185.128 Y90.512 E961.51387
G1 F857.9 X184.923 Y90.243 E961.53075
G1 F862.2 X184.788 Y89.921 E961.54808
M204 S1000
G1 F1500 E960.54808
G0 F9000 X115.288 Y73.752
M204 S2000
G1 F1500 E961.54808
G1 F863.6 X115.245 Y73.41 E961.56516
G1 X115.289 Y73.07 E961.58215
G1 F862.2 X115.422 Y72.748 E961.59944
G1 F859.3 X115.625 Y72.482 E961.61611
G1 F857.9 X115.896 Y72.272 E961.63321
G1 X116.205 Y72.143 E961.64992
G1 F856.4 X116.546 Y72.099 E961.6671
G1 F855 X116.881 Y72.142 E961.68401
G1 X117.191 Y72.273 E961.70085
G1 F853.6 X117.457 Y72.479 E961.71772
G1 F856.4 X117.663 Y72.748 E961.73466
G1 F860.7 X117.797 Y73.069 E961.75195
G1 F862.2 X117.841 Y73.41 E961.76902
G1 F865.1 X117.797 Y73.752 E961.78608
G1 X117.664 Y74.072 E961.80322
G1 F860.7 X117.458 Y74.342 E961.82011
G1 F856.4 X117.192 Y74.547 E961.83689
G1 X116.881 Y74.678 E961.85376
G1 F853.6 X116.54 Y74.721 E961.87099
G1 F852.2 X116.205 Y74.679 E961.88795
G1 F855 X115.894 Y74.548 E961.90484
G1 X115.628 Y74.342 E961.92168
G1 F857.9 X115.422 Y74.073 E961.93858
G1 F862.2 X115.288 Y73.752 E961.95585
M204 S1000
G1 F1500 E960.95585
;MESH:NONMESH
G0 F600 X115.288 Y73.752 Z5.8
G0 F9000 X48.128 Y73.808
;TIME_ELAPSED:7818.918726
;LAYER:28
M204 S2000
;TYPE:WALL-OUTER
;MESH:Bottom_Standoffs.stl
G1 F1500 E961.95585
G1 F857.9 X47.922 Y73.539 E961.97275
G1 F862.2 X47.789 Y73.217 E961.99005
G1 F863.6 X47.745 Y72.875 E962.00714
G1 X47.788 Y72.536 E962.02407
G1 F862.2 X47.922 Y72.214 E962.04139
G1 F859.3 X48.128 Y71.944 E962.0583
G1 F857.9 X48.395 Y71.737 E962.07516
G1 X48.702 Y71.609 E962.09175
G1 X49.045 Y71.565 E962.109
G1 F856.5 X49.383 Y71.609 E962.12604
G1 F855 X49.691 Y71.737 E962.14273
G1 X49.957 Y71.943 E962.15957
G1 F857.9 X50.163 Y72.212 E962.17648
G1 F860.8 X50.297 Y72.534 E962.19382
G1 F862.2 X50.341 Y72.875 E962.21089
G1 F865.1 X50.298 Y73.216 E962.22789
G1 X50.163 Y73.539 E962.24521
G1 F862.2 X49.958 Y73.808 E962.262
G1 F859.3 X49.692 Y74.014 E962.27876
G1 F857.9 X49.381 Y74.144 E962.29557
G1 F855 X49.04 Y74.188 E962.31278
G1 F852.2 X48.705 Y74.145 E962.32975
G1 F853.6 X48.394 Y74.014 E962.34667
G1 F855 X48.128 Y73.808 E962.36351
M204 S1000
G1 F1500 E961.36351
G0 F9000 X47.905 Y74.856
G0 X63.076 Y132.878
G0 X63.788 Y133.678
M204 S2000
G1 F1500 E962.36351
G1 F862.2 X63.922 Y133.356 E962.38082
G1 F857.9 X64.127 Y133.086 E962.39773
G1 F856.5 X64.393 Y132.88 E962.41455
G1 F857.9 X64.705 Y132.75 E962.43141
G1 F856.5 X65.046 Y132.706 E962.44859
G1 F855 X65.381 Y132.749 E962.4655
G1 F856.5 X65.692 Y132.88 E962.48236
G1 X65.957 Y133.086 E962.49914
G1 F857.9 X66.163 Y133.354 E962.516
G1 F860.8 X66.297 Y133.676 E962.53334
G1 F862.2 X66.341 Y134.017 E962.55041
G1 F863.6 X66.297 Y134.358 E962.56745
G1 X66.163 Y134.681 E962.58478
G1 F862.2 X65.958 Y134.95 E962.60157
G1 F859.3 X65.691 Y135.157 E962.6184
G1 F856.5 X65.384 Y135.284 E962.635
G1 F853.6 X65.04 Y135.329 E962.65239
G1 F852.2 X64.706 Y135.286 E962.66931
G1 F853.6 X64.395 Y135.156 E962.68621
G1 F855 X64.128 Y134.95 E962.70309
G1 F857.9 X63.923 Y134.681 E962.71996
G1 F860.8 X63.788 Y134.359 E962.73732
G1 F862.2 X63.745 Y134.017 E962.75443
G1 F863.6 X63.788 Y133.678 E962.77137
M204 S1000
G1 F1500 E961.77137
G0 F9000 X99.288 Y154.9
M204 S2000
G1 F1500 E962.77137
G1 F862.2 X99.422 Y154.579 E962.78864
G1 F859.3 X99.625 Y154.312 E962.80534
G1 F857.9 X99.896 Y154.102 E962.82245
G1 F859.3 X100.205 Y153.973 E962.83912
G1 F857.9 X100.546 Y153.929 E962.85628
G1 F855 X100.881 Y153.972 E962.87318
G1 X101.191 Y154.103 E962.89003
G1 F853.6 X101.457 Y154.309 E962.9069
G1 F856.5 X101.663 Y154.578 E962.92383
G1 F860.8 X101.797 Y154.899 E962.94113
G1 F862.2 X101.841 Y155.24 E962.95819
G1 F863.6 X101.797 Y155.581 E962.97523
G1 X101.664 Y155.902 E962.99245
G1 F860.8 X101.458 Y156.172 E963.00934
G1 F856.5 X101.192 Y156.377 E963.02612
G1 X100.881 Y156.508 E963.04299
G1 F855 X100.54 Y156.552 E963.0602
G1 F852.2 X100.205 Y156.509 E963.07716
G1 F853.6 X99.894 Y156.378 E963.09408
G1 F855 X99.628 Y156.172 E963.11092
G1 F857.9 X99.422 Y155.903 E963.12783
G1 F860.8 X99.289 Y155.582 E963.1451
G1 F862.2 X99.245 Y155.24 E963.16222
G1 F863.6 X99.288 Y154.9 E963.1792
M204 S1000
G1 F1500 E962.1792
G0 F9000 X169.245 Y130.48
M204 S2000
G1 F1500 E963.1792
G1 F862.2 X169.288 Y130.141 E963.19617
G1 X169.422 Y129.819 E963.21348
G1 F859.3 X169.627 Y129.549 E963.23036
G1 F857.9 X169.894 Y129.344 E963.24716
G1 F859.3 X170.205 Y129.213 E963.26397
G1 F856.5 X170.546 Y129.169 E963.28115
G1 F855 X170.881 Y129.212 E963.29806
G1 F856.5 X171.192 Y129.343 E963.31492
G1 X171.457 Y129.549 E963.33169
G1 F857.9 X171.663 Y129.817 E963.34856
G1 F860.8 X171.797 Y130.139 E963.3659
G1 F862.2 X171.841 Y130.48 E963.38297
G1 F863.6 X171.797 Y130.821 E963.40001
G1 X171.663 Y131.144 E963.41734
G1 F860.8 X171.457 Y131.413 E963.43418
G1 F856.5 X171.191 Y131.619 E963.451
G1 F855 X170.884 Y131.747 E963.46765
G1 F853.6 X170.54 Y131.792 E963.48504
G1 F852.2 X170.206 Y131.749 E963.50195
G1 X169.895 Y131.619 E963.51888
G1 X169.628 Y131.413 E963.53582
G1 F856.5 X169.423 Y131.144 E963.55272
G1 F860.8 X169.288 Y130.822 E963.57008
G1 F862.2 X169.245 Y130.48 E963.58719
M204 S1000
G1 F1500 E962.58719
G0 F9000 X184.788 Y89.892
M204 S2000
G1 F1500 E963.58719
G1 F863.6 X184.745 Y89.55 E963.60428
G1 X184.788 Y89.211 E963.62121
G1 F862.2 X184.922 Y88.889 E963.63852
G1 F859.3 X185.128 Y88.619 E963.65544
G1 F857.9 X185.395 Y88.412 E963.67229
G1 X185.702 Y88.284 E963.68889
G1 X186.045 Y88.24 E963.70614
G1 F856.5 X186.383 Y88.284 E963.72317
G1 F855 X186.691 Y88.412 E963.73987
G1 X186.957 Y88.618 E963.75671
G1 F857.9 X187.163 Y88.887 E963.77361
G1 F860.8 X187.297 Y89.209 E963.79096
G1 F862.2 X187.341 Y89.55 E963.80802
G1 F865.1 X187.298 Y89.891 E963.82503
G1 X187.163 Y90.214 E963.84235
G1 F862.2 X186.958 Y90.483 E963.85914
G1 F859.3 X186.691 Y90.69 E963.87596
G1 F857.9 X186.384 Y90.818 E963.89256
G1 F856.5 X186.04 Y90.862 E963.90989
G1 F855 X185.706 Y90.819 E963.92675
G1 X185.395 Y90.69 E963.9436
G1 X185.128 Y90.483 E963.96051
G1 F857.9 X184.923 Y90.214 E963.97738
G1 F862.2 X184.788 Y89.892 E963.99472
M204 S1000
G1 F1500 E962.99472
G0 F9000 X115.288 Y73.722
M204 S2000
G1 F1500 E963.99472
G1 F863.6 X115.245 Y73.38 E964.0118
G1 X115.288 Y73.041 E964.02873
G1 X115.422 Y72.72 E964.04597
G1 F860.8 X115.625 Y72.453 E964.06265
G1 F857.9 X115.896 Y72.243 E964.07975
G1 X116.205 Y72.114 E964.09646
G1 F856.5 X116.546 Y72.07 E964.11364
G1 F855 X116.881 Y72.113 E964.13055
G1 X117.191 Y72.244 E964.14739
G1 F853.6 X117.457 Y72.45 E964.16426
G1 F856.5 X117.663 Y72.719 E964.1812
G1 F860.8 X117.797 Y73.04 E964.19849
G1 F862.2 X117.841 Y73.38 E964.21551
G1 F865.1 X117.798 Y73.721 E964.23251
G1 X117.663 Y74.044 E964.24983
G1 F862.2 X117.458 Y74.313 E964.26662
G1 F857.9 X117.192 Y74.518 E964.28338
G1 F856.5 X116.881 Y74.649 E964.30024
G1 F855 X116.54 Y74.693 E964.31745
G1 F852.2 X116.205 Y74.65 E964.33442
G1 F853.6 X115.894 Y74.519 E964.35134
G1 F855 X115.628 Y74.313 E964.36818
G1 F857.9 X115.422 Y74.044 E964.38508
G1 F862.2 X115.288 Y73.722 E964.40239
M204 S1000
G1 F1500 E963.40239
;MESH:NONMESH
G0 F600 X115.288 Y73.722 Z6
G0 F9000 X48.128 Y73.779
;TIME_ELAPSED:7826.390451
;LAYER:29
M204 S2000
;TYPE:WALL-OUTER
;MESH:Bottom_Standoffs.stl
G1 F1500 E964.40239
G1 F857.9 X47.923 Y73.51 E964.41927
G1 F862.2 X47.788 Y73.188 E964.4366
G1 F863.6 X47.745 Y72.846 E964.45368
G1 X47.788 Y72.507 E964.47062
G1 F862.2 X47.922 Y72.185 E964.48793
G1 F859.3 X48.128 Y71.915 E964.50484
G1 F856.5 X48.395 Y71.708 E964.52173
G1 X48.702 Y71.581 E964.53833
G1 F857.9 X49.045 Y71.536 E964.55559
G1 F855 X49.382 Y71.58 E964.5726
G1 F853.6 X49.691 Y71.708 E964.58937
G1 F855 X49.957 Y71.914 E964.60621
G1 F859.3 X50.164 Y72.183 E964.62312
G1 F862.2 X50.297 Y72.505 E964.64041
G1 X50.341 Y72.846 E964.65748
G1 F863.6 X50.297 Y73.187 E964.67452
G1 X50.163 Y73.51 E964.69185
G1 F862.2 X49.958 Y73.779 E964.70864
G1 F859.3 X49.691 Y73.986 E964.72547
G1 F857.9 X49.384 Y74.114 E964.74206
G1 F856.5 X49.04 Y74.158 E964.75939
G1 F855 X48.706 Y74.115 E964.77625
G1 X48.395 Y73.986 E964.7931
G1 X48.128 Y73.779 E964.81001
M204 S1000
G1 F1500 E963.81001
G0 F9000 X47.906 Y74.827
G0 X63.076 Y132.849
G0 X63.788 Y133.649
M204 S2000
G1 F1500 E964.81001
G1 F862.2 X63.922 Y133.327 E964.82733
G1 F857.9 X64.127 Y133.057 E964.84424
G1 F856.5 X64.393 Y132.851 E964.86105
G1 F857.9 X64.705 Y132.721 E964.87791
G1 F856.5 X65.046 Y132.677 E964.8951
G1 F855 X65.381 Y132.72 E964.912
G1 F856.5 X65.692 Y132.851 E964.92887
G1 X65.957 Y133.057 E964.94564
G1 F857.9 X66.163 Y133.325 E964.96251
G1 F860.8 X66.297 Y133.647 E964.97985
G1 F862.2 X66.341 Y133.988 E964.99692
G1 F863.6 X66.297 Y134.329 E965.01395
G1 X66.163 Y134.652 E965.03128
G1 F860.8 X65.957 Y134.921 E965.04813
G1 F856.5 X65.691 Y135.127 E965.06494
G1 F855 X65.384 Y135.255 E965.08159
G1 F853.6 X65.04 Y135.3 E965.09899
G1 F852.2 X64.706 Y135.257 E965.1159
G1 F853.6 X64.395 Y135.127 E965.1328
G1 F855 X64.128 Y134.921 E965.14968
G1 F856.5 X63.923 Y134.652 E965.16659
G1 F859.3 X63.788 Y134.33 E965.18398
G1 F862.2 X63.745 Y133.988 E965.20109
G1 F863.6 X63.788 Y133.649 E965.21802
M204 S1000
G1 F1500 E964.21802
G0 F9000 X99.288 Y154.871
M204 S2000
G1 F1500 E965.21802
G1 F862.2 X99.422 Y154.55 E965.23529
G1 F859.3 X99.625 Y154.282 E965.25203
G1 F857.9 X99.896 Y154.072 E965.26914
G1 X100.205 Y153.943 E965.28584
G1 F856.5 X100.546 Y153.9 E965.30302
G1 F855 X100.881 Y153.943 E965.31993
G1 F856.5 X101.192 Y154.074 E965.33679
G1 F857.9 X101.457 Y154.279 E965.35351
G1 F859.3 X101.663 Y154.549 E965.37042
G1 F860.8 X101.797 Y154.87 E965.38772
G1 F862.2 X101.841 Y155.21 E965.40474
G1 F863.6 X101.797 Y155.552 E965.42182
G1 X101.664 Y155.873 E965.43904
G1 F860.8 X101.457 Y156.143 E965.45596
G1 F857.9 X101.191 Y156.35 E965.47278
G1 X100.883 Y156.478 E965.48942
G1 F855 X100.543 Y156.523 E965.50658
G1 F853.6 X100.202 Y156.478 E965.52383
G1 X99.895 Y156.35 E965.54051
G1 X99.629 Y156.144 E965.55738
G1 F857.9 X99.422 Y155.874 E965.57435
G1 F860.8 X99.289 Y155.553 E965.59163
G1 F862.2 X99.245 Y155.21 E965.60879
G1 F863.6 X99.288 Y154.871 E965.62573
M204 S1000
G1 F1500 E964.62573
G0 F9000 X169.245 Y130.451
M204 S2000
G1 F1500 E965.62573
G1 F863.6 X169.288 Y130.112 E965.64266
G1 X169.422 Y129.79 E965.65995
G1 F859.3 X169.627 Y129.52 E965.67683
G1 F857.9 X169.894 Y129.315 E965.69363
G1 F859.3 X170.205 Y129.184 E965.71043
G1 F856.5 X170.546 Y129.14 E965.72762
G1 F855 X170.881 Y129.183 E965.74452
G1 F856.5 X171.192 Y129.314 E965.76139
G1 X171.457 Y129.52 E965.77816
G1 F857.9 X171.663 Y129.788 E965.79502
G1 F860.8 X171.797 Y130.11 E965.81237
G1 F862.2 X171.841 Y130.451 E965.82943
G1 F863.6 X171.797 Y130.792 E965.84647
G1 F865.1 X171.664 Y131.114 E965.86371
G1 F863.6 X171.46 Y131.381 E965.88036
G1 F860.8 X171.19 Y131.59 E965.89734
G1 F857.9 X170.881 Y131.719 E965.91404
G1 F853.6 X170.54 Y131.763 E965.93128
G1 F852.2 X170.205 Y131.72 E965.94825
G1 F853.6 X169.897 Y131.59 E965.96501
G1 F856.5 X169.627 Y131.381 E965.98207
G1 F857.9 X169.422 Y131.115 E965.99883
G1 F859.3 X169.289 Y130.793 E966.01618
G1 F862.2 X169.245 Y130.451 E966.0333
M204 S1000
G1 F1500 E965.0333
G0 F9000 X184.788 Y89.863
M204 S2000
G1 F1500 E966.0333
G1 F863.6 X184.745 Y89.521 E966.05038
G1 X184.788 Y89.182 E966.06731
G1 F862.2 X184.922 Y88.86 E966.08463
G1 F859.3 X185.128 Y88.59 E966.10154
G1 F857.9 X185.395 Y88.383 E966.1184
G1 X185.702 Y88.255 E966.13499
G1 X186.045 Y88.211 E966.15224
G1 F856.5 X186.383 Y88.255 E966.16928
G1 F855 X186.691 Y88.383 E966.18597
G1 X186.957 Y88.589 E966.20281
G1 F857.9 X187.163 Y88.858 E966.21972
G1 F860.8 X187.297 Y89.18 E966.23706
G1 F862.2 X187.341 Y89.521 E966.25413
G1 F865.1 X187.298 Y89.862 E966.27113
G1 X187.163 Y90.185 E966.28845
G1 F862.2 X186.958 Y90.454 E966.30524
G1 F859.3 X186.691 Y90.661 E966.32207
G1 F857.9 X186.384 Y90.789 E966.33866
G1 F856.5 X186.04 Y90.833 E966.35599
G1 F855 X185.706 Y90.79 E966.37285
G1 X185.395 Y90.661 E966.3897
G1 X185.128 Y90.454 E966.40661
G1 F857.9 X184.923 Y90.185 E966.42349
G1 F862.2 X184.788 Y89.863 E966.44082
M204 S1000
G1 F1500 E965.44082
G0 F9000 X115.289 Y73.693
M204 S2000
G1 F1500 E966.44082
G1 F863.6 X115.245 Y73.351 E966.45791
G1 X115.288 Y73.012 E966.47484
G1 F862.2 X115.422 Y72.69 E966.49216
G1 F860.8 X115.626 Y72.423 E966.50886
G1 F859.3 X115.896 Y72.213 E966.5259
G1 F857.9 X116.204 Y72.084 E966.54256
G1 F856.5 X116.545 Y72.041 E966.55974
G1 F855 X116.88 Y72.084 E966.57664
G1 F856.5 X117.189 Y72.214 E966.59339
G1 F857.9 X117.46 Y72.422 E966.61044
G1 F860.8 X117.664 Y72.689 E966.62715
G1 F862.2 X117.797 Y73.011 E966.64444
G1 X117.841 Y73.351 E966.66146
G1 F863.6 X117.797 Y73.692 E966.6785
G1 X117.663 Y74.015 E966.69583
G1 F862.2 X117.458 Y74.284 E966.71262
G1 F857.9 X117.192 Y74.489 E966.72937
G1 F856.5 X116.881 Y74.62 E966.74624
G1 F855 X116.54 Y74.664 E966.76345
G1 F852.2 X116.205 Y74.621 E966.78041
G1 F853.6 X115.894 Y74.49 E966.79733
G1 F855 X115.628 Y74.284 E966.81417
G1 F857.9 X115.422 Y74.015 E966.83107
G1 F862.2 X115.289 Y73.693 E966.84837
M204 S1000
G1 F1500 E965.84837
;MESH:NONMESH
G0 F600 X115.289 Y73.693 Z6.2
G0 F9000 X48.126 Y73.748
;TIME_ELAPSED:7833.861369
;LAYER:30
M204 S2000
;TYPE:WALL-OUTER
;MESH:Bottom_Standoffs.stl
G1 F1500 E966.84837
G1 F860.8 X47.922 Y73.48 E966.86512
G1 F862.2 X47.788 Y73.159 E966.88238
G1 F863.6 X47.745 Y72.816 E966.89951
G1 X47.788 Y72.477 E966.91645
G1 F862.2 X47.922 Y72.155 E966.93376
G1 F859.3 X48.125 Y71.889 E966.95043
G1 F857.9 X48.396 Y71.679 E966.96753
G1 X48.705 Y71.55 E966.98424
G1 F856.5 X49.046 Y71.506 E967.00142
G1 F855 X49.381 Y71.549 E967.01833
G1 F856.5 X49.692 Y71.68 E967.03519
G1 F857.9 X49.957 Y71.885 E967.05191
G1 F859.3 X50.163 Y72.155 E967.06882
G1 F860.8 X50.297 Y72.476 E967.08612
G1 F862.2 X50.341 Y72.816 E967.10314
G1 F865.1 X50.297 Y73.158 E967.1202
G1 F863.6 X50.163 Y73.48 E967.13748
G1 F860.8 X49.96 Y73.747 E967.15416
G1 X49.69 Y73.956 E967.17114
G1 F857.9 X49.381 Y74.085 E967.18784
G1 F853.6 X49.04 Y74.129 E967.20508
G1 X48.705 Y74.086 E967.22202
G1 F855 X48.396 Y73.957 E967.23878
G1 F857.9 X48.126 Y73.748 E967.25581
M204 S1000
G1 F1500 E966.25581
G0 F9000 X47.906 Y74.797
G0 X63.076 Y132.82
G0 X63.789 Y133.619
M204 S2000
G1 F1500 E967.25581
G1 F862.2 X63.92 Y133.3 E967.27293
G1 F857.9 X64.13 Y133.025 E967.29019
G1 F855 X64.395 Y132.821 E967.30693
G1 F856.5 X64.702 Y132.693 E967.32355
G1 F857.9 X65.045 Y132.648 E967.34081
G1 F855 X65.382 Y132.692 E967.35783
G1 F852.2 X65.691 Y132.821 E967.37464
G1 X65.955 Y133.025 E967.3914
G1 F856.5 X66.165 Y133.3 E967.40869
G1 F862.2 X66.297 Y133.617 E967.42574
G1 F863.6 X66.341 Y133.959 E967.44282
G1 X66.297 Y134.3 E967.45986
G1 F862.2 X66.163 Y134.622 E967.47718
G1 F860.8 X65.958 Y134.891 E967.49399
G1 F859.3 X65.692 Y135.097 E967.51075
G1 F857.9 X65.382 Y135.227 E967.52752
G1 F855 X65.041 Y135.271 E967.54473
G1 F853.6 X64.704 Y135.227 E967.56177
G1 X64.395 Y135.099 E967.57854
G1 X64.128 Y134.891 E967.59551
G1 F856.5 X63.923 Y134.623 E967.61237
G1 F860.8 X63.788 Y134.3 E967.62978
G1 F863.6 X63.745 Y133.959 E967.64681
G1 X63.789 Y133.619 E967.6638
M204 S1000
G1 F1500 E966.6638
G0 F9000 X99.288 Y154.842
M204 S2000
G1 F1500 E967.6638
G1 F862.2 X99.422 Y154.52 E967.68112
G1 F859.3 X99.627 Y154.251 E967.69796
G1 F857.9 X99.894 Y154.044 E967.71482
G1 X100.204 Y153.914 E967.73159
G1 F856.5 X100.545 Y153.871 E967.74876
G1 F855 X100.88 Y153.914 E967.76567
G1 F856.5 X101.192 Y154.044 E967.78256
G1 F857.9 X101.457 Y154.25 E967.79931
G1 F859.3 X101.663 Y154.52 E967.81622
G1 F860.8 X101.797 Y154.841 E967.83352
G1 F862.2 X101.841 Y155.181 E967.85054
G1 F865.1 X101.798 Y155.522 E967.86754
G1 X101.663 Y155.845 E967.88486
G1 F862.2 X101.458 Y156.114 E967.90165
G1 F859.3 X101.191 Y156.321 E967.91848
G1 F857.9 X100.884 Y156.449 E967.93507
G1 F856.5 X100.54 Y156.493 E967.9524
G1 F855 X100.206 Y156.45 E967.96926
G1 X99.895 Y156.321 E967.98611
G1 X99.628 Y156.114 E968.00303
G1 F857.9 X99.423 Y155.845 E968.0199
G1 F862.2 X99.288 Y155.523 E968.03723
G1 F863.6 X99.245 Y155.181 E968.05431
G1 X99.288 Y154.842 E968.07125
M204 S1000
G1 F1500 E967.07125
G0 F9000 X169.245 Y130.421
M204 S2000
G1 F1500 E968.07125
G1 F863.6 X169.289 Y130.763 E968.08834
G1 F862.2 X169.422 Y131.085 E968.10563
G1 F857.9 X169.628 Y131.354 E968.12253
G1 F855 X169.894 Y131.56 E968.13937
G1 F853.6 X170.205 Y131.691 E968.1563
G1 F852.2 X170.54 Y131.734 E968.17326
G1 F855 X170.881 Y131.69 E968.19047
G1 F856.5 X171.192 Y131.559 E968.20733
G1 F857.9 X171.458 Y131.354 E968.22409
G1 F862.2 X171.663 Y131.085 E968.24088
G1 F863.6 X171.797 Y130.762 E968.25821
G1 X171.841 Y130.421 E968.27525
G1 X171.797 Y130.079 E968.29233
G1 F862.2 X171.665 Y129.763 E968.30933
G1 F859.3 X171.455 Y129.487 E968.32661
G1 F856.5 X171.191 Y129.283 E968.34328
G1 F855 X170.883 Y129.155 E968.35998
G1 F853.6 X170.545 Y129.112 E968.37706
G1 F855 X170.202 Y129.156 E968.39437
G1 F856.5 X169.894 Y129.283 E968.41102
G1 X169.63 Y129.488 E968.42772
G1 F859.3 X169.42 Y129.764 E968.445
G1 F862.2 X169.288 Y130.082 E968.46209
G1 F863.6 X169.245 Y130.421 E968.47902
M204 S1000
G1 F1500 E967.47902
G0 F9000 X184.788 Y89.834
M204 S2000
G1 F1500 E968.47902
G1 F863.6 X184.745 Y89.492 E968.4961
G1 X184.789 Y89.152 E968.51309
G1 X184.922 Y88.831 E968.53031
G1 F859.3 X185.127 Y88.561 E968.5472
G1 F857.9 X185.394 Y88.356 E968.56399
G1 F859.3 X185.705 Y88.225 E968.5808
G1 F856.5 X186.046 Y88.181 E968.59798
G1 F855 X186.381 Y88.224 E968.61489
G1 X186.691 Y88.355 E968.63174
G1 F853.6 X186.957 Y88.561 E968.6486
G1 F856.5 X187.163 Y88.83 E968.66554
G1 F860.8 X187.297 Y89.151 E968.68283
G1 F862.2 X187.341 Y89.492 E968.6999
G1 F865.1 X187.298 Y89.833 E968.71691
G1 F866.6 X187.164 Y90.155 E968.73413
G1 F863.6 X186.96 Y90.422 E968.75078
G1 F860.8 X186.69 Y90.631 E968.76776
G1 X186.381 Y90.761 E968.78443
G1 F857.9 X186.04 Y90.804 E968.80158
G1 F855 X185.705 Y90.761 E968.81848
G1 X185.396 Y90.632 E968.83525
G1 F856.5 X185.127 Y90.422 E968.8523
G1 F859.3 X184.922 Y90.156 E968.86903
G1 F862.2 X184.788 Y89.834 E968.88634
M204 S1000
G1 F1500 E967.88634
G0 F9000 X115.288 Y73.664
M204 S2000
G1 F1500 E968.88634
G1 F863.6 X115.245 Y73.322 E968.90342
G1 X115.288 Y72.983 E968.92036
G1 F862.2 X115.422 Y72.661 E968.93767
G1 F860.8 X115.626 Y72.394 E968.95438
G1 F859.3 X115.896 Y72.184 E968.97141
G1 X116.204 Y72.056 E968.98803
G1 X116.545 Y72.011 E969.00516
G1 F857.9 X116.881 Y72.054 E969.02206
G1 X117.189 Y72.184 E969.03874
G1 X117.46 Y72.393 E969.05581
G1 F859.3 X117.663 Y72.66 E969.07252
G1 F860.8 X117.797 Y72.982 E969.08986
G1 F862.2 X117.841 Y73.322 E969.10688
G1 F865.1 X117.798 Y73.663 E969.12388
G1 X117.663 Y73.986 E969.1412
G1 F862.2 X117.458 Y74.255 E969.15799
G1 F859.3 X117.191 Y74.462 E969.17482
G1 F856.5 X116.884 Y74.589 E969.19142
G1 F855 X116.54 Y74.634 E969.20879
G1 F853.6 X116.206 Y74.59 E969.22568
G1 F852.2 X115.895 Y74.461 E969.24259
G1 F855 X115.628 Y74.255 E969.25947
G1 F859.3 X115.422 Y73.986 E969.27634
G1 F862.2 X115.288 Y73.664 E969.29366
M204 S1000
G1 F1500 E968.29366
;MESH:NONMESH
G0 F600 X115.288 Y73.664 Z6.4
G0 F9000 X48.127 Y73.718
;TIME_ELAPSED:7841.331302
;LAYER:31
M204 S2000
;TYPE:WALL-OUTER
;MESH:Bottom_Standoffs.stl
G1 F1500 E969.29366
G1 F859.3 X47.922 Y73.451 E969.31042
G1 F862.2 X47.788 Y73.13 E969.32769
G1 F863.6 X47.745 Y72.788 E969.34477
G1 X47.789 Y72.448 E969.36176
G1 F862.2 X47.922 Y72.126 E969.37906
G1 F859.3 X48.125 Y71.86 E969.39572
G1 F857.8 X48.396 Y71.65 E969.41283
G1 X48.705 Y71.521 E969.42953
G1 F856.4 X49.046 Y71.477 E969.44671
G1 F855 X49.381 Y71.52 E969.46362
G1 F856.4 X49.692 Y71.651 E969.48048
G1 F857.8 X49.957 Y71.856 E969.4972
G1 F860.7 X50.164 Y72.126 E969.51412
G1 F862.2 X50.297 Y72.447 E969.53137
G1 X50.341 Y72.788 E969.54843
G1 F863.6 X50.297 Y73.129 E969.56547
G1 F862.2 X50.163 Y73.451 E969.58279
G1 F860.7 X49.96 Y73.718 E969.59946
G1 F857.8 X49.689 Y73.926 E969.61651
G1 F855 X49.381 Y74.056 E969.63324
G1 F853.6 X49.04 Y74.099 E969.65047
G1 F852.2 X48.705 Y74.056 E969.66744
G1 F853.6 X48.397 Y73.927 E969.68418
G1 F856.4 X48.127 Y73.718 E969.70124
M204 S1000
G1 F1500 E968.70124
G0 F9000 X47.906 Y74.768
G0 X63.076 Y132.79
G0 X63.788 Y133.59
M204 S2000
G1 F1500 E969.70124
G1 F863.6 X63.922 Y133.268 E969.71853
G1 F860.7 X64.128 Y132.999 E969.73537
G1 F857.8 X64.394 Y132.793 E969.75216
G1 F856.4 X64.705 Y132.662 E969.76902
G1 F853.6 X65.046 Y132.619 E969.78626
G1 F852.2 X65.38 Y132.662 E969.80317
G1 X65.691 Y132.793 E969.82012
G1 F853.6 X65.957 Y132.998 E969.83696
G1 F857.8 X66.163 Y133.266 E969.85382
G1 F860.7 X66.297 Y133.588 E969.87116
G1 F862.2 X66.341 Y133.929 E969.88823
G1 F865.1 X66.298 Y134.27 E969.90523
G1 X66.163 Y134.593 E969.92255
G1 F862.2 X65.958 Y134.862 E969.93934
G1 F857.8 X65.691 Y135.068 E969.95617
G1 F855 X65.383 Y135.196 E969.97286
G1 F853.6 X65.043 Y135.241 E969.99006
G1 X64.702 Y135.196 E970.00731
G1 X64.395 Y135.069 E970.02396
G1 X64.129 Y134.863 E970.04083
G1 F856.4 X63.922 Y134.593 E970.05783
G1 F860.7 X63.788 Y134.271 E970.07518
G1 F863.6 X63.745 Y133.929 E970.09226
G1 X63.788 Y133.59 E970.10919
M204 S1000
G1 F1500 E969.10919
G0 F9000 X99.288 Y154.813
M204 S2000
G1 F1500 E970.10919
G1 F862.2 X99.422 Y154.491 E970.12651
G1 F859.3 X99.628 Y154.221 E970.14342
G1 F857.8 X99.895 Y154.014 E970.16028
G1 F859.3 X100.203 Y153.886 E970.17689
G1 X100.543 Y153.841 E970.19397
G1 F856.4 X100.884 Y153.886 E970.21116
G1 F855 X101.191 Y154.014 E970.22781
G1 X101.457 Y154.22 E970.24465
G1 F857.8 X101.663 Y154.489 E970.26155
G1 F860.7 X101.797 Y154.811 E970.2789
G1 F862.2 X101.841 Y155.152 E970.29596
G1 F865.1 X101.798 Y155.493 E970.31297
G1 F863.6 X101.663 Y155.815 E970.33027
G1 F860.7 X101.46 Y156.082 E970.34695
G1 X101.19 Y156.291 E970.36393
G1 F857.8 X100.881 Y156.42 E970.38063
G1 F853.6 X100.54 Y156.464 E970.39787
G1 F852.2 X100.205 Y156.421 E970.41483
G1 F853.6 X99.897 Y156.291 E970.4316
G1 F856.4 X99.627 Y156.082 E970.44866
G1 F859.3 X99.422 Y155.815 E970.46543
G1 F862.2 X99.288 Y155.494 E970.48269
G1 F863.6 X99.245 Y155.152 E970.49978
G1 X99.288 Y154.813 E970.51671
M204 S1000
G1 F1500 E969.51671
G0 F9000 X169.245 Y130.392
M204 S2000
G1 F1500 E970.51671
G1 F863.6 X169.288 Y130.053 E970.53364
G1 F862.2 X169.422 Y129.731 E970.55096
G1 F857.8 X169.627 Y129.461 E970.56787
G1 F856.4 X169.893 Y129.255 E970.58468
G1 F857.8 X170.205 Y129.125 E970.60155
G1 F856.4 X170.546 Y129.081 E970.61873
G1 F855 X170.881 Y129.124 E970.63564
G1 F856.4 X171.192 Y129.255 E970.6525
G1 X171.457 Y129.461 E970.66927
G1 F857.8 X171.663 Y129.729 E970.68614
G1 F860.7 X171.797 Y130.051 E970.70348
G1 F862.2 X171.841 Y130.392 E970.72055
G1 F865.1 X171.798 Y130.733 E970.73755
G1 X171.663 Y131.056 E970.75487
G1 F862.2 X171.458 Y131.325 E970.77166
G1 F859.3 X171.192 Y131.531 E970.78842
G1 F857.8 X170.881 Y131.661 E970.80523
G1 F855 X170.54 Y131.705 E970.82245
G1 F852.2 X170.205 Y131.662 E970.83941
G1 F853.6 X169.894 Y131.531 E970.85633
G1 F855 X169.628 Y131.325 E970.87317
G1 F857.8 X169.423 Y131.056 E970.89004
G1 F862.2 X169.288 Y130.734 E970.90738
G1 F863.6 X169.245 Y130.392 E970.92446
M204 S1000
G1 F1500 E969.92446
G0 F9000 X184.788 Y89.805
M204 S2000
G1 F1500 E970.92446
G1 F863.6 X184.745 Y89.463 E970.94154
G1 X184.789 Y89.123 E970.95853
G1 X184.922 Y88.802 E970.97575
G1 F859.3 X185.127 Y88.532 E970.99263
G1 F857.8 X185.394 Y88.327 E971.00943
G1 F859.3 X185.705 Y88.196 E971.02624
G1 F856.4 X186.046 Y88.152 E971.04342
G1 F855 X186.381 Y88.195 E971.06032
G1 X186.691 Y88.326 E971.07717
G1 F853.6 X186.957 Y88.532 E971.09404
G1 F856.4 X187.163 Y88.801 E971.11097
G1 F860.7 X187.297 Y89.122 E971.12827
G1 F862.2 X187.341 Y89.463 E971.14534
G1 F865.1 X187.298 Y89.804 E971.16234
G1 F866.5 X187.164 Y90.126 E971.17957
G1 F863.6 X186.96 Y90.393 E971.19622
G1 F859.3 X186.689 Y90.602 E971.21326
G1 F856.4 X186.381 Y90.731 E971.22995
G1 F852.2 X186.04 Y90.774 E971.24721
G1 X185.705 Y90.732 E971.26417
G1 F855 X185.397 Y90.602 E971.2809
G1 X185.127 Y90.393 E971.29799
G1 F857.8 X184.922 Y90.127 E971.31475
G1 F862.2 X184.788 Y89.805 E971.33206
M204 S1000
G1 F1500 E970.33206
G0 F9000 X115.288 Y73.635
M204 S2000
G1 F1500 E971.33206
G1 F863.6 X115.245 Y73.293 E971.34914
G1 X115.289 Y72.953 E971.36613
G1 F862.2 X115.421 Y72.632 E971.38336
G1 F859.3 X115.625 Y72.365 E971.4001
G1 F857.8 X115.897 Y72.155 E971.41724
G1 X116.203 Y72.027 E971.43379
G1 F859.3 X116.545 Y71.982 E971.45097
G1 X116.883 Y72.026 E971.46795
G1 F856.4 X117.191 Y72.155 E971.48464
G1 F855 X117.457 Y72.361 E971.50148
G1 F857.8 X117.664 Y72.632 E971.51849
G1 F862.2 X117.797 Y72.951 E971.53565
G1 F863.6 X117.841 Y73.293 E971.55274
G1 X117.797 Y73.634 E971.56978
G1 X117.664 Y73.956 E971.58704
G1 F860.7 X117.457 Y74.225 E971.60392
G1 F857.8 X117.192 Y74.431 E971.62066
G1 X116.882 Y74.561 E971.63743
G1 F856.4 X116.541 Y74.605 E971.65462
G1 F855 X116.204 Y74.561 E971.67163
G1 F853.6 X115.896 Y74.432 E971.68837
G1 F855 X115.627 Y74.226 E971.70533
G1 F859.3 X115.422 Y73.957 E971.72218
G1 F862.2 X115.288 Y73.635 E971.73949
M204 S1000
G1 F1500 E970.73949
;MESH:NONMESH
G0 F600 X115.288 Y73.635 Z6.6
G0 F9000 X48.128 Y73.691
;TIME_ELAPSED:7848.802174
;LAYER:32
M204 S2000
;TYPE:WALL-OUTER
;MESH:Bottom_Standoffs.stl
G1 F1500 E971.73949
G1 F857.9 X47.922 Y73.422 E971.75639
G1 F862.2 X47.789 Y73.1 E971.77369
G1 F863.6 X47.745 Y72.758 E971.79078
G1 X47.788 Y72.419 E971.80771
G1 F862.2 X47.922 Y72.097 E971.82502
G1 F859.3 X48.128 Y71.828 E971.8419
G1 F856.4 X48.394 Y71.622 E971.85871
G1 X48.704 Y71.492 E971.87551
G1 X49.045 Y71.448 E971.89269
G1 F855 X49.38 Y71.491 E971.9096
G1 F856.4 X49.692 Y71.621 E971.92649
G1 F857.9 X49.957 Y71.827 E971.94324
G1 F859.3 X50.163 Y72.097 E971.96015
G1 F860.7 X50.297 Y72.418 E971.97745
G1 F862.2 X50.341 Y72.758 E971.99447
G1 F863.6 X50.297 Y73.099 E972.01151
G1 X50.163 Y73.422 E972.02884
G1 F862.2 X49.958 Y73.691 E972.04563
G1 F857.9 X49.692 Y73.896 E972.06238
G1 F856.4 X49.381 Y74.027 E972.07924
G1 F855 X49.04 Y74.071 E972.09645
G1 F852.2 X48.705 Y74.028 E972.11342
G1 F853.6 X48.394 Y73.897 E972.13034
G1 F855 X48.128 Y73.691 E972.14718
M204 S1000
G1 F1500 E971.14718
G0 F9000 X47.905 Y74.739
G0 X63.076 Y132.761
G0 X63.788 Y133.561
M204 S2000
G1 F1500 E972.14718
G1 F862.2 X63.922 Y133.239 E972.16449
G1 F857.9 X64.127 Y132.969 E972.18141
G1 F856.4 X64.393 Y132.763 E972.19822
G1 F857.9 X64.705 Y132.633 E972.21508
G1 F856.4 X65.046 Y132.589 E972.23226
G1 F855 X65.381 Y132.632 E972.24917
G1 F856.4 X65.692 Y132.763 E972.26603
G1 X65.957 Y132.969 E972.28281
G1 F857.9 X66.163 Y133.237 E972.29967
G1 F860.7 X66.297 Y133.559 E972.31701
G1 F862.2 X66.341 Y133.9 E972.33408
G1 F863.6 X66.297 Y134.241 E972.35112
G1 X66.163 Y134.564 E972.36845
G1 F862.2 X65.958 Y134.833 E972.38524
G1 F859.3 X65.691 Y135.04 E972.40207
G1 F856.4 X65.384 Y135.167 E972.41867
G1 F853.6 X65.04 Y135.212 E972.43606
G1 F852.2 X64.706 Y135.169 E972.45298
G1 F853.6 X64.395 Y135.039 E972.46988
G1 F855 X64.128 Y134.833 E972.48676
G1 F857.9 X63.923 Y134.564 E972.50363
G1 F860.7 X63.788 Y134.242 E972.52099
G1 F862.2 X63.745 Y133.9 E972.5381
G1 F863.6 X63.788 Y133.561 E972.55504
M204 S1000
G1 F1500 E971.55504
G0 F9000 X99.288 Y154.783
M204 S2000
G1 F1500 E972.55504
G1 F860.7 X99.421 Y154.462 E972.57232
G1 F857.9 X99.625 Y154.195 E972.58908
G1 F859.3 X99.897 Y153.985 E972.6062
G1 X100.205 Y153.856 E972.62283
G1 F856.4 X100.546 Y153.812 E972.64001
G1 F855 X100.881 Y153.855 E972.65692
G1 F856.4 X101.192 Y153.986 E972.67378
G1 X101.457 Y154.192 E972.69055
G1 F857.9 X101.664 Y154.462 E972.70753
G1 F862.2 X101.797 Y154.781 E972.72468
G1 F863.6 X101.841 Y155.123 E972.74177
G1 X101.797 Y155.464 E972.75881
G1 F865.1 X101.664 Y155.786 E972.77605
G1 F863.6 X101.46 Y156.053 E972.7927
G1 F860.7 X101.19 Y156.262 E972.80968
G1 F857.9 X100.881 Y156.391 E972.82638
G1 F853.6 X100.54 Y156.435 E972.84362
G1 F852.2 X100.205 Y156.392 E972.86058
G1 F853.6 X99.897 Y156.262 E972.87735
G1 F856.4 X99.627 Y156.053 E972.89441
G1 F857.9 X99.422 Y155.787 E972.91116
G1 F859.3 X99.289 Y155.465 E972.92852
G1 F862.2 X99.245 Y155.123 E972.94563
G1 F863.6 X99.288 Y154.783 E972.96262
M204 S1000
G1 F1500 E971.96262
G0 F9000 X169.245 Y130.363
M204 S2000
G1 F1500 E972.96262
G1 F862.2 X169.288 Y130.024 E972.97958
G1 X169.422 Y129.702 E972.99689
G1 F859.3 X169.627 Y129.432 E973.01378
G1 F857.9 X169.894 Y129.227 E973.03057
G1 F859.3 X170.205 Y129.096 E973.04738
G1 F856.4 X170.546 Y129.052 E973.06456
G1 F855 X170.881 Y129.095 E973.08147
G1 F856.4 X171.192 Y129.226 E973.09833
G1 X171.457 Y129.432 E973.11511
G1 F857.9 X171.663 Y129.7 E973.13197
G1 F860.7 X171.797 Y130.022 E973.14931
G1 F862.2 X171.841 Y130.363 E973.16638
G1 F865.1 X171.798 Y130.704 E973.18339
G1 X171.663 Y131.027 E973.20071
G1 F860.7 X171.457 Y131.296 E973.21755
G1 F856.4 X171.191 Y131.502 E973.23437
G1 F855 X170.884 Y131.63 E973.25102
G1 F853.6 X170.54 Y131.675 E973.26841
G1 F852.2 X170.206 Y131.632 E973.28532
G1 X169.895 Y131.502 E973.30225
G1 F853.6 X169.628 Y131.296 E973.31916
G1 F857.9 X169.423 Y131.027 E973.33603
G1 F862.2 X169.288 Y130.705 E973.35337
G1 F863.6 X169.245 Y130.363 E973.37045
M204 S1000
G1 F1500 E972.37045
G0 F9000 X184.788 Y89.775
M204 S2000
G1 F1500 E973.37045
G1 F863.6 X184.745 Y89.433 E973.38753
G1 X184.788 Y89.094 E973.40447
G1 F862.2 X184.922 Y88.772 E973.42178
G1 F859.3 X185.128 Y88.503 E973.43865
G1 F857.9 X185.394 Y88.297 E973.45544
G1 X185.704 Y88.167 E973.47221
G1 F856.4 X186.045 Y88.123 E973.48939
G1 F855 X186.38 Y88.166 E973.5063
G1 F853.6 X186.691 Y88.297 E973.52322
G1 F855 X186.957 Y88.502 E973.54003
G1 F859.3 X187.163 Y88.772 E973.55694
G1 F860.7 X187.297 Y89.093 E973.57424
G1 F862.2 X187.341 Y89.433 E973.59126
G1 F865.1 X187.298 Y89.774 E973.60826
G1 X187.163 Y90.097 E973.62558
G1 F862.2 X186.958 Y90.366 E973.64237
G1 F859.3 X186.692 Y90.573 E973.65916
G1 F857.9 X186.383 Y90.701 E973.67585
G1 F855 X186.043 Y90.746 E973.69301
G1 F853.6 X185.702 Y90.701 E973.71026
G1 F855 X185.395 Y90.573 E973.72691
G1 X185.129 Y90.367 E973.74375
G1 F856.4 X184.922 Y90.097 E973.76075
G1 F860.7 X184.788 Y89.775 E973.77809
M204 S1000
G1 F1500 E972.77809
G0 F9000 X115.288 Y73.606
M204 S2000
G1 F1500 E973.77809
G1 F863.6 X115.245 Y73.264 E973.79518
G1 X115.289 Y72.924 E973.81217
G1 F862.2 X115.422 Y72.602 E973.82946
G1 F859.3 X115.625 Y72.336 E973.84613
G1 F857.9 X115.896 Y72.126 E973.86323
G1 X116.205 Y71.997 E973.87994
G1 F856.4 X116.546 Y71.953 E973.89712
G1 F855 X116.881 Y71.996 E973.91403
G1 F856.4 X117.192 Y72.127 E973.93089
G1 F857.9 X117.457 Y72.332 E973.94761
G1 F860.7 X117.664 Y72.602 E973.96452
G1 F862.2 X117.797 Y72.923 E973.98177
G1 X117.841 Y73.264 E973.99884
G1 F863.6 X117.797 Y73.605 E974.01588
G1 F862.2 X117.663 Y73.926 E974.03315
G1 F859.3 X117.457 Y74.196 E974.05006
G1 F856.4 X117.192 Y74.401 E974.0668
G1 X116.881 Y74.532 E974.08367
G1 F855 X116.54 Y74.576 E974.10088
G1 F853.6 X116.205 Y74.533 E974.11781
G1 F855 X115.894 Y74.402 E974.1347
G1 X115.628 Y74.196 E974.15155
G1 F857.9 X115.422 Y73.927 E974.16845
G1 F862.2 X115.288 Y73.606 E974.18572
M204 S1000
G1 F1500 E973.18572
;MESH:NONMESH
G0 F600 X115.288 Y73.606 Z6.8
G0 F9000 X48.129 Y73.663
;TIME_ELAPSED:7856.273578
;LAYER:33
M204 S2000
;TYPE:WALL-OUTER
;MESH:Bottom_Standoffs.stl
G1 F1500 E974.18572
G1 F857.9 X47.922 Y73.393 E974.20269
G1 F862.2 X47.789 Y73.071 E974.21998
G1 F863.6 X47.745 Y72.729 E974.23707
G1 X47.788 Y72.39 E974.25401
G1 F862.2 X47.922 Y72.068 E974.27132
G1 F859.3 X48.128 Y71.798 E974.28824
G1 F857.9 X48.395 Y71.591 E974.30509
G1 X48.702 Y71.463 E974.32169
G1 F859.3 X49.045 Y71.418 E974.33892
G1 X49.383 Y71.462 E974.35589
G1 F857.9 X49.691 Y71.59 E974.37253
G1 F856.4 X49.957 Y71.797 E974.38938
G1 F857.9 X50.163 Y72.066 E974.40628
G1 F860.7 X50.297 Y72.388 E974.42362
G1 F862.2 X50.341 Y72.729 E974.44069
G1 F863.6 X50.297 Y73.07 E974.45773
G1 X50.163 Y73.393 E974.47506
G1 F860.7 X49.957 Y73.662 E974.49191
G1 F856.4 X49.691 Y73.868 E974.50872
G1 X49.383 Y73.997 E974.52541
G1 X49.043 Y74.042 E974.54255
G1 F855 X48.702 Y73.997 E974.55976
G1 X48.395 Y73.869 E974.57641
G1 X48.129 Y73.663 E974.59325
M204 S1000
G1 F1500 E973.59325
G0 F9000 X47.906 Y74.71
G0 X63.076 Y132.732
G0 X63.788 Y133.532
M204 S2000
G1 F1500 E974.59325
G1 F862.2 X63.922 Y133.21 E974.61057
G1 F857.9 X64.127 Y132.94 E974.62748
G1 F856.4 X64.393 Y132.734 E974.64429
G1 F857.9 X64.705 Y132.604 E974.66116
G1 F856.4 X65.046 Y132.56 E974.67834
G1 F855 X65.381 Y132.603 E974.69524
G1 F856.4 X65.692 Y132.734 E974.71211
G1 X65.957 Y132.94 E974.72888
G1 F857.9 X66.163 Y133.208 E974.74575
G1 F860.7 X66.297 Y133.53 E974.76309
G1 F862.2 X66.341 Y133.871 E974.78016
G1 F863.6 X66.297 Y134.212 E974.7972
G1 X66.163 Y134.535 E974.81453
G1 F862.2 X65.958 Y134.804 E974.83131
G1 F859.3 X65.691 Y135.011 E974.84814
G1 F856.4 X65.384 Y135.138 E974.86474
G1 F853.6 X65.04 Y135.183 E974.88214
G1 F852.2 X64.706 Y135.14 E974.89905
G1 F853.6 X64.395 Y135.01 E974.91595
G1 F855 X64.128 Y134.804 E974.93283
G1 F857.9 X63.923 Y134.535 E974.94971
G1 F860.7 X63.788 Y134.213 E974.96707
G1 F862.2 X63.745 Y133.871 E974.98418
G1 F863.6 X63.788 Y133.532 E975.00111
M204 S1000
G1 F1500 E974.00111
G0 F9000 X99.288 Y154.754
M204 S2000
G1 F1500 E975.00111
G1 F862.2 X99.422 Y154.433 E975.01838
G1 F857.9 X99.625 Y154.166 E975.03511
G1 X99.896 Y153.956 E975.05222
G1 F859.3 X100.205 Y153.827 E975.0689
G1 F855 X100.546 Y153.784 E975.0861
G1 F852.2 X100.88 Y153.827 E975.10301
G1 F853.6 X101.191 Y153.957 E975.11992
G1 F857.9 X101.458 Y154.162 E975.13671
G1 F860.7 X101.663 Y154.432 E975.15357
G1 X101.797 Y154.753 E975.17086
G1 F862.2 X101.841 Y155.094 E975.18793
G1 F863.6 X101.797 Y155.435 E975.20497
G1 X101.664 Y155.756 E975.22219
G1 F860.7 X101.458 Y156.026 E975.23908
G1 F856.4 X101.192 Y156.231 E975.25586
G1 X100.881 Y156.362 E975.27272
G1 F855 X100.54 Y156.406 E975.28993
G1 F852.2 X100.205 Y156.363 E975.3069
G1 F853.6 X99.894 Y156.232 E975.32382
G1 F855 X99.628 Y156.026 E975.34066
G1 F857.9 X99.422 Y155.757 E975.35756
G1 F860.7 X99.289 Y155.436 E975.37484
G1 F862.2 X99.245 Y155.094 E975.39195
G1 F863.6 X99.288 Y154.754 E975.40894
M204 S1000
G1 F1500 E974.40894
G0 F9000 X169.245 Y130.334
M204 S2000
G1 F1500 E975.40894
G1 F863.6 X169.288 Y129.995 E975.42587
G1 X169.422 Y129.673 E975.44316
G1 F859.3 X169.627 Y129.403 E975.46004
G1 F857.9 X169.894 Y129.198 E975.47684
G1 F859.3 X170.205 Y129.067 E975.49364
G1 F856.4 X170.546 Y129.023 E975.51083
G1 F855 X170.881 Y129.066 E975.52773
G1 F856.4 X171.192 Y129.197 E975.5446
G1 X171.457 Y129.403 E975.56137
G1 F857.9 X171.663 Y129.671 E975.57824
G1 F860.7 X171.797 Y129.993 E975.59558
G1 F862.2 X171.841 Y130.334 E975.61265
G1 F863.6 X171.797 Y130.675 E975.62968
G1 F862.2 X171.663 Y130.997 E975.647
G1 F860.7 X171.46 Y131.264 E975.66368
G1 X171.19 Y131.473 E975.68065
G1 F857.9 X170.881 Y131.602 E975.69736
G1 F853.6 X170.54 Y131.646 E975.7146
G1 F852.2 X170.205 Y131.603 E975.73156
G1 F853.6 X169.897 Y131.473 E975.74832
G1 F856.4 X169.627 Y131.264 E975.76539
G1 F859.3 X169.423 Y130.997 E975.78212
G1 F860.7 X169.288 Y130.676 E975.79944
G1 F862.2 X169.245 Y130.334 E975.81655
M204 S1000
G1 F1500 E974.81655
G0 F9000 X184.788 Y89.746
M204 S2000
G1 F1500 E975.81655
G1 F863.6 X184.745 Y89.404 E975.83363
G1 X184.788 Y89.065 E975.85056
G1 F862.2 X184.922 Y88.743 E975.86788
G1 F859.3 X185.128 Y88.473 E975.88479
G1 F857.9 X185.395 Y88.266 E975.90165
G1 X185.702 Y88.138 E975.91824
G1 X186.045 Y88.094 E975.93549
G1 F856.4 X186.383 Y88.138 E975.95253
G1 F855 X186.691 Y88.266 E975.96922
G1 X186.957 Y88.472 E975.98607
G1 F857.9 X187.163 Y88.741 E976.00297
G1 F860.7 X187.297 Y89.063 E976.02031
G1 F862.2 X187.341 Y89.404 E976.03738
G1 F865.1 X187.298 Y89.745 E976.05438
G1 X187.163 Y90.068 E976.0717
G1 F862.2 X186.958 Y90.337 E976.08849
G1 F859.3 X186.691 Y90.544 E976.10532
G1 F857.9 X186.384 Y90.672 E976.12191
G1 F856.4 X186.04 Y90.716 E976.13924
G1 F855 X185.706 Y90.673 E976.1561
G1 X185.395 Y90.544 E976.17295
G1 X185.128 Y90.337 E976.18987
G1 F857.9 X184.923 Y90.068 E976.20674
G1 F862.2 X184.788 Y89.746 E976.22407
M204 S1000
G1 F1500 E975.22407
G0 F9000 X115.288 Y73.576
M204 S2000
G1 F1500 E976.22407
G1 F863.6 X115.245 Y73.234 E976.24115
G1 X115.288 Y72.895 E976.25809
G1 X115.422 Y72.573 E976.27537
G1 F860.7 X115.625 Y72.307 E976.29201
G1 F857.9 X115.896 Y72.097 E976.30912
G1 X116.205 Y71.968 E976.32582
G1 F856.4 X116.546 Y71.924 E976.343
G1 F855 X116.881 Y71.967 E976.35991
G1 F856.4 X117.192 Y72.098 E976.37677
G1 F857.9 X117.457 Y72.303 E976.39349
G1 F860.7 X117.664 Y72.573 E976.41041
G1 F862.2 X117.797 Y72.894 E976.42765
G1 X117.841 Y73.234 E976.44467
G1 F863.6 X117.797 Y73.575 E976.46171
G1 X117.663 Y73.898 E976.47904
G1 F862.2 X117.458 Y74.167 E976.49583
G1 F857.9 X117.192 Y74.372 E976.51259
G1 F856.4 X116.881 Y74.503 E976.52945
G1 F855 X116.54 Y74.547 E976.54666
G1 F852.2 X116.205 Y74.504 E976.56362
G1 F853.6 X115.894 Y74.373 E976.58054
G1 F855 X115.628 Y74.167 E976.59738
G1 F857.9 X115.422 Y73.898 E976.61429
G1 F862.2 X115.288 Y73.576 E976.6316
M204 S1000
G1 F1500 E975.6316
;MESH:NONMESH
G0 F600 X115.288 Y73.576 Z7
G0 F9000 X48.128 Y73.633
;TIME_ELAPSED:7863.744445
;LAYER:34
M204 S2000
;TYPE:WALL-OUTER
;MESH:Bottom_Standoffs.stl
G1 F1500 E976.6316
G1 F857.9 X47.923 Y73.364 E976.64847
G1 F862.2 X47.788 Y73.042 E976.66581
G1 F863.7 X47.745 Y72.7 E976.68289
G1 X47.788 Y72.361 E976.69982
G1 F862.2 X47.922 Y72.039 E976.71714
G1 F859.3 X48.128 Y71.769 E976.73405
G1 F857.9 X48.395 Y71.562 E976.75091
G1 X48.702 Y71.434 E976.7675
G1 F859.3 X49.045 Y71.389 E976.78473
G1 X49.383 Y71.433 E976.80171
G1 F857.9 X49.691 Y71.561 E976.81835
G1 F856.5 X49.957 Y71.768 E976.83519
G1 F857.9 X50.163 Y72.037 E976.8521
G1 F860.8 X50.297 Y72.359 E976.86944
G1 F862.2 X50.341 Y72.7 E976.88651
G1 F863.7 X50.297 Y73.041 E976.90355
G1 X50.163 Y73.364 E976.92087
G1 F860.8 X49.957 Y73.633 E976.93772
G1 F856.5 X49.691 Y73.839 E976.95454
G1 F855 X49.384 Y73.967 E976.97118
G1 X49.04 Y74.012 E976.98855
G1 X48.706 Y73.969 E977.00541
G1 X48.395 Y73.84 E977.02226
G1 X48.128 Y73.633 E977.03917
M204 S1000
G1 F1500 E976.03917
G0 F9000 X47.906 Y74.681
G0 X63.076 Y132.703
G0 X63.788 Y133.503
M204 S2000
G1 F1500 E977.03917
G1 F862.2 X63.922 Y133.18 E977.05653
G1 F859.3 X64.128 Y132.911 E977.07341
G1 F857.9 X64.394 Y132.705 E977.09019
G1 X64.704 Y132.575 E977.10696
G1 F856.5 X65.045 Y132.531 E977.12415
G1 F855 X65.38 Y132.574 E977.14105
G1 F853.6 X65.691 Y132.705 E977.15797
G1 X65.957 Y132.91 E977.17481
G1 F857.9 X66.163 Y133.179 E977.19171
G1 F860.8 X66.297 Y133.501 E977.20906
G1 F862.2 X66.341 Y133.842 E977.22612
G1 F863.7 X66.297 Y134.183 E977.24316
G1 F862.2 X66.163 Y134.505 E977.26048
G1 F859.3 X65.957 Y134.774 E977.27735
G1 F857.9 X65.692 Y134.98 E977.2941
G1 X65.382 Y135.11 E977.31087
G1 F855 X65.041 Y135.154 E977.32808
G1 F852.2 X64.704 Y135.11 E977.34515
G1 X64.395 Y134.982 E977.36195
G1 F853.6 X64.129 Y134.774 E977.37888
G1 F856.5 X63.923 Y134.506 E977.39577
G1 F860.8 X63.788 Y134.183 E977.41318
G1 F863.7 X63.745 Y133.842 E977.43021
G1 X63.788 Y133.503 E977.44714
M204 S1000
G1 F1500 E976.44714
G0 F9000 X99.288 Y154.725
M204 S2000
G1 F1500 E977.44714
G1 F862.2 X99.422 Y154.403 E977.46446
G1 F859.3 X99.627 Y154.134 E977.4813
G1 F857.9 X99.894 Y153.927 E977.49816
G1 X100.204 Y153.797 E977.51493
G1 X100.545 Y153.753 E977.53208
G1 X100.88 Y153.796 E977.54893
G1 X101.192 Y153.927 E977.56581
G1 X101.457 Y154.133 E977.58256
G1 F859.3 X101.663 Y154.403 E977.59947
G1 F860.8 X101.797 Y154.724 E977.61677
G1 F862.2 X101.841 Y155.064 E977.63379
G1 F863.7 X101.797 Y155.405 E977.65083
G1 X101.663 Y155.728 E977.66816
G1 F862.2 X101.458 Y155.997 E977.68495
G1 F859.3 X101.192 Y156.204 E977.70174
G1 F857.9 X100.883 Y156.332 E977.71842
G1 F856.5 X100.543 Y156.377 E977.73556
G1 F855 X100.202 Y156.331 E977.75278
G1 F853.6 X99.895 Y156.203 E977.76946
G1 F855 X99.628 Y155.998 E977.78631
G1 F859.3 X99.422 Y155.728 E977.80323
G1 F862.2 X99.289 Y155.406 E977.82052
G1 F863.7 X99.245 Y155.064 E977.83761
G1 X99.288 Y154.725 E977.85454
M204 S1000
G1 F1500 E976.85454
G0 F9000 X169.245 Y130.305
M204 S2000
G1 F1500 E977.85454
G1 F863.7 X169.288 Y129.966 E977.87148
G1 F862.2 X169.422 Y129.643 E977.88884
G1 F859.3 X169.627 Y129.374 E977.90568
G1 F857.9 X169.894 Y129.167 E977.92254
G1 F856.5 X170.204 Y129.038 E977.93932
G1 F853.6 X170.545 Y128.995 E977.95655
G1 X170.88 Y129.037 E977.97348
G1 F856.5 X171.192 Y129.167 E977.99037
G1 X171.457 Y129.373 E978.00714
G1 F857.9 X171.663 Y129.642 E978.02405
G1 F860.8 X171.797 Y129.964 E978.04139
G1 F862.2 X171.841 Y130.305 E978.05846
G1 F863.7 X171.797 Y130.646 E978.0755
G1 F865.1 X171.664 Y130.968 E978.09273
G1 F863.7 X171.458 Y131.237 E978.10952
G1 F857.9 X171.192 Y131.442 E978.12628
G1 F856.5 X170.881 Y131.573 E978.14314
G1 F855 X170.54 Y131.617 E978.16035
G1 F852.2 X170.205 Y131.574 E978.17732
G1 F853.6 X169.894 Y131.443 E978.19424
G1 F855 X169.628 Y131.237 E978.21108
G1 F857.9 X169.422 Y130.968 E978.22798
G1 F862.2 X169.289 Y130.646 E978.24527
G1 F863.7 X169.245 Y130.305 E978.26231
M204 S1000
G1 F1500 E977.26231
G0 F9000 X184.788 Y89.717
M204 S2000
G1 F1500 E978.26231
G1 F863.7 X184.745 Y89.375 E978.2794
G1 X184.788 Y89.035 E978.29638
G1 F862.2 X184.922 Y88.714 E978.31365
G1 F859.3 X185.128 Y88.444 E978.33056
G1 X185.393 Y88.239 E978.34725
G1 F860.8 X185.711 Y88.107 E978.36437
G1 F859.3 X186.043 Y88.064 E978.38104
G1 F856.5 X186.384 Y88.109 E978.39823
G1 F855 X186.691 Y88.237 E978.41488
G1 F856.5 X186.957 Y88.443 E978.4317
G1 F859.3 X187.163 Y88.713 E978.44861
G1 F860.8 X187.297 Y89.034 E978.46591
G1 F862.2 X187.341 Y89.375 E978.48297
G1 F865.1 X187.298 Y89.716 E978.49998
G1 F866.6 X187.164 Y90.038 E978.5172
G1 F863.7 X186.96 Y90.305 E978.53386
G1 F860.8 X186.69 Y90.514 E978.55083
G1 X186.381 Y90.644 E978.5675
G1 F857.9 X186.04 Y90.687 E978.58465
G1 F855 X185.705 Y90.644 E978.60156
G1 X185.396 Y90.515 E978.61832
G1 F856.5 X185.127 Y90.305 E978.63537
G1 F859.3 X184.922 Y90.039 E978.6521
G1 F862.2 X184.788 Y89.717 E978.66941
M204 S1000
G1 F1500 E977.66941
G0 F9000 X115.288 Y73.547
M204 S2000
G1 F1500 E978.66941
G1 F863.7 X115.245 Y73.205 E978.68649
G1 X115.288 Y72.866 E978.70343
G1 F862.2 X115.422 Y72.544 E978.72074
G1 F860.8 X115.626 Y72.277 E978.73745
G1 F859.3 X115.896 Y72.067 E978.75449
G1 F857.9 X116.204 Y71.938 E978.77115
G1 X116.545 Y71.894 E978.7883
G1 X116.881 Y71.937 E978.8052
G1 X117.189 Y72.067 E978.82188
G1 X117.46 Y72.276 E978.83895
G1 F859.3 X117.663 Y72.543 E978.85566
G1 F860.8 X117.797 Y72.864 E978.87295
G1 F862.2 X117.841 Y73.205 E978.89002
G1 F863.7 X117.797 Y73.546 E978.90706
G1 X117.663 Y73.869 E978.92439
G1 F862.2 X117.458 Y74.138 E978.94118
G1 F857.9 X117.192 Y74.343 E978.95794
G1 F856.5 X116.881 Y74.474 E978.9748
G1 F855 X116.54 Y74.518 E978.99201
G1 F852.2 X116.205 Y74.475 E979.00897
G1 F853.6 X115.894 Y74.344 E979.02589
G1 F855 X115.628 Y74.138 E979.04273
G1 F857.9 X115.423 Y73.869 E979.05961
G1 F862.2 X115.288 Y73.547 E979.07694
M204 S1000
G1 F1500 E978.07694
;MESH:NONMESH
G0 F600 X115.288 Y73.547 Z7.2
G0 F9000 X48.127 Y73.601
;TIME_ELAPSED:7871.214407
;LAYER:35
M204 S2000
;TYPE:WALL-OUTER
;MESH:Bottom_Standoffs.stl
G1 F1500 E979.07694
G1 F859.3 X47.922 Y73.334 E979.09371
G1 F862.2 X47.788 Y73.013 E979.11097
G1 F863.6 X47.745 Y72.671 E979.12806
G1 X47.789 Y72.331 E979.14505
G1 F862.2 X47.922 Y72.009 E979.16234
G1 F859.3 X48.125 Y71.743 E979.17901
G1 F857.8 X48.396 Y71.533 E979.19611
G1 X48.705 Y71.404 E979.21282
G1 F856.4 X49.046 Y71.36 E979.23
G1 F855 X49.381 Y71.403 E979.2469
G1 F856.4 X49.692 Y71.534 E979.26377
G1 F857.8 X49.957 Y71.739 E979.28048
G1 F860.7 X50.164 Y72.009 E979.2974
G1 F862.2 X50.297 Y72.33 E979.31465
G1 X50.341 Y72.671 E979.33172
G1 F863.6 X50.297 Y73.012 E979.34876
G1 F862.2 X50.163 Y73.334 E979.36607
G1 F860.7 X49.96 Y73.601 E979.38275
G1 F857.8 X49.689 Y73.809 E979.39979
G1 F855 X49.381 Y73.939 E979.41653
G1 X49.04 Y73.983 E979.43374
G1 X48.705 Y73.94 E979.45064
G1 X48.397 Y73.81 E979.46738
G1 F856.4 X48.127 Y73.601 E979.48444
M204 S1000
G1 F1500 E978.48444
G0 F9000 X47.906 Y74.651
G0 X63.076 Y132.673
G0 X63.789 Y133.473
M204 S2000
G1 F1500 E979.48444
G1 F862.2 X63.922 Y133.151 E979.50173
G1 F859.3 X64.129 Y132.881 E979.51868
G1 F856.4 X64.395 Y132.675 E979.53549
G1 X64.702 Y132.547 E979.55211
G1 F857.8 X65.045 Y132.502 E979.56937
G1 F855 X65.382 Y132.546 E979.58639
G1 F850.8 X65.69 Y132.675 E979.60318
G1 F852.2 X65.957 Y132.881 E979.62012
G1 F857.8 X66.163 Y133.149 E979.63698
G1 F860.7 X66.297 Y133.471 E979.65433
G1 F862.2 X66.341 Y133.812 E979.67139
G1 F865.1 X66.298 Y134.153 E979.6884
G1 X66.163 Y134.476 E979.70572
G1 F862.2 X65.958 Y134.745 E979.72251
G1 F857.8 X65.692 Y134.95 E979.73926
G1 F856.4 X65.381 Y135.081 E979.75613
G1 F855 X65.04 Y135.124 E979.77333
G1 F852.2 X64.706 Y135.081 E979.79024
G1 F853.6 X64.394 Y134.951 E979.80719
G1 F855 X64.128 Y134.745 E979.82403
G1 F857.8 X63.923 Y134.476 E979.84091
G1 F862.2 X63.788 Y134.154 E979.85824
G1 F863.6 X63.745 Y133.812 E979.87532
G1 X63.789 Y133.473 E979.89226
M204 S1000
G1 F1500 E978.89226
G0 F9000 X99.288 Y154.696
M204 S2000
G1 F1500 E979.89226
G1 F862.2 X99.422 Y154.374 E979.90957
G1 F859.3 X99.627 Y154.105 E979.92642
G1 F857.8 X99.894 Y153.898 E979.94327
G1 X100.204 Y153.768 E979.96005
G1 X100.545 Y153.724 E979.9772
G1 X100.88 Y153.767 E979.99405
G1 X101.192 Y153.898 E980.01093
G1 X101.457 Y154.104 E980.02768
G1 F859.3 X101.663 Y154.374 E980.04459
G1 F860.7 X101.797 Y154.695 E980.06189
G1 F862.2 X101.841 Y155.035 E980.07891
G1 F863.6 X101.797 Y155.376 E980.09595
G1 X101.663 Y155.699 E980.11328
G1 F862.2 X101.458 Y155.968 E980.13007
G1 F856.4 X101.191 Y156.173 E980.14689
G1 F852.2 X100.884 Y156.301 E980.16359
G1 F853.6 X100.54 Y156.347 E980.18099
G1 F855 X100.206 Y156.304 E980.19785
G1 F853.6 X99.895 Y156.174 E980.21475
G1 F855 X99.628 Y155.968 E980.23163
G1 F859.3 X99.423 Y155.699 E980.24848
G1 F862.2 X99.288 Y155.377 E980.26581
G1 F863.6 X99.245 Y155.035 E980.28289
G1 X99.288 Y154.696 E980.29983
M204 S1000
G1 F1500 E979.29983
G0 F9000 X169.245 Y130.275
M204 S2000
G1 F1500 E980.29983
G1 F863.6 X169.288 Y129.936 E980.31676
G1 F862.2 X169.42 Y129.618 E980.33385
G1 F859.3 X169.63 Y129.342 E980.35113
G1 F856.4 X169.894 Y129.137 E980.36783
G1 X170.202 Y129.009 E980.3845
G1 F857.8 X170.545 Y128.965 E980.40175
G1 F855 X170.882 Y129.009 E980.41876
G1 F852.2 X171.191 Y129.138 E980.43558
G1 F855 X171.455 Y129.341 E980.45225
G1 F859.3 X171.665 Y129.617 E980.46952
G1 F860.7 X171.797 Y129.934 E980.4866
G1 F862.2 X171.841 Y130.275 E980.50367
G1 F863.6 X171.797 Y130.616 E980.5207
G1 X171.663 Y130.939 E980.53803
G1 F862.2 X171.458 Y131.208 E980.55482
G1 F857.8 X171.192 Y131.413 E980.57158
G1 F856.4 X170.881 Y131.544 E980.58844
G1 F855 X170.54 Y131.588 E980.60565
G1 F852.2 X170.205 Y131.545 E980.62262
G1 F853.6 X169.894 Y131.414 E980.63954
G1 F855 X169.628 Y131.208 E980.65638
G1 F857.8 X169.422 Y130.939 E980.67328
G1 F862.2 X169.289 Y130.617 E980.69057
G1 F863.6 X169.245 Y130.275 E980.70766
M204 S1000
G1 F1500 E979.70766
G0 F9000 X184.788 Y89.688
M204 S2000
G1 F1500 E980.70766
G1 F863.6 X184.745 Y89.339 E980.72509
G1 X184.79 Y89.002 E980.74194
G1 X184.92 Y88.687 E980.75883
G1 F859.3 X185.13 Y88.413 E980.77602
G1 F855 X185.394 Y88.209 E980.79272
G1 F853.6 X185.704 Y88.079 E980.80958
G1 F852.2 X186.043 Y88.035 E980.82674
G1 F855 X186.381 Y88.078 E980.8438
G1 F857.8 X186.692 Y88.209 E980.86064
G1 X186.957 Y88.414 E980.87735
G1 F859.3 X187.163 Y88.684 E980.89427
G1 F863.6 X187.298 Y89.004 E980.91148
G1 F865.1 X187.341 Y89.346 E980.92853
G1 F863.6 X187.297 Y89.687 E980.94557
G1 F865.1 X187.164 Y90.01 E980.96285
G1 F863.6 X186.96 Y90.276 E980.97947
G1 F859.3 X186.689 Y90.485 E980.99651
G1 F856.4 X186.381 Y90.614 E981.0132
G1 F852.2 X186.04 Y90.657 E981.03046
G1 X185.705 Y90.615 E981.04742
G1 F855 X185.396 Y90.486 E981.06418
G1 F856.4 X185.127 Y90.276 E981.08123
G1 F859.3 X184.922 Y90.01 E981.09796
G1 F862.2 X184.788 Y89.688 E981.11527
M204 S1000
G1 F1500 E980.11527
G0 F9000 X115.288 Y73.518
M204 S2000
G1 F1500 E981.11527
G1 F863.6 X115.245 Y73.176 E981.13235
G1 X115.288 Y72.837 E981.14929
G1 F862.2 X115.422 Y72.515 E981.1666
G1 F859.3 X115.628 Y72.245 E981.18352
G1 F857.8 X115.895 Y72.038 E981.20037
G1 X116.202 Y71.91 E981.21697
G1 F859.3 X116.545 Y71.865 E981.2342
G1 X116.883 Y71.909 E981.25117
G1 F857.8 X117.191 Y72.037 E981.26781
G1 F856.4 X117.457 Y72.244 E981.28466
G1 F857.8 X117.663 Y72.513 E981.30156
G1 F860.7 X117.797 Y72.835 E981.3189
G1 F862.2 X117.841 Y73.176 E981.33597
G1 F863.6 X117.797 Y73.517 E981.35301
G1 X117.663 Y73.84 E981.37034
G1 F860.7 X117.457 Y74.109 E981.38719
G1 F856.4 X117.191 Y74.315 E981.404
G1 F855 X116.884 Y74.443 E981.42065
G1 X116.54 Y74.488 E981.43802
G1 X116.206 Y74.445 E981.45487
G1 X115.895 Y74.316 E981.47173
G1 X115.628 Y74.109 E981.48864
G1 F857.8 X115.423 Y73.84 E981.50551
G1 F862.2 X115.288 Y73.518 E981.52284
M204 S1000
G1 F1500 E980.52284
;MESH:NONMESH
G0 F600 X115.288 Y73.518 Z7.4
G0 F9000 X48.127 Y73.572
;TIME_ELAPSED:7878.685405
;LAYER:36
M204 S2000
;TYPE:WALL-OUTER
;MESH:Bottom_Standoffs.stl
G1 F1500 E981.52284
G1 F859.3 X47.922 Y73.305 E981.53961
G1 F862.2 X47.788 Y72.984 E981.55688
G1 F863.6 X47.745 Y72.642 E981.57396
G1 X47.788 Y72.302 E981.59094
G1 X47.922 Y71.98 E981.60823
G1 F860.7 X48.125 Y71.714 E981.62486
G1 F857.8 X48.396 Y71.504 E981.64197
G1 X48.705 Y71.375 E981.65867
G1 F856.4 X49.046 Y71.331 E981.67586
G1 F855 X49.381 Y71.374 E981.69276
G1 F856.4 X49.692 Y71.505 E981.70963
G1 F857.8 X49.957 Y71.71 E981.72634
G1 F860.7 X50.164 Y71.98 E981.74326
G1 F862.2 X50.297 Y72.301 E981.76051
G1 X50.341 Y72.642 E981.77758
G1 F863.6 X50.297 Y72.983 E981.79462
G1 F862.2 X50.163 Y73.305 E981.81193
G1 F860.7 X49.96 Y73.572 E981.82861
G1 F857.8 X49.689 Y73.78 E981.84565
G1 F855 X49.381 Y73.91 E981.86238
G1 F853.6 X49.04 Y73.954 E981.87962
G1 F852.2 X48.705 Y73.911 E981.89659
G1 F855 X48.397 Y73.781 E981.91332
G1 F857.8 X48.127 Y73.572 E981.93035
M204 S1000
G1 F1500 E980.93035
G0 F9000 X47.906 Y74.622
G0 X63.076 Y132.644
G0 X63.788 Y133.444
M204 S2000
G1 F1500 E981.93035
G1 F863.6 X63.922 Y133.122 E981.94764
G1 F860.7 X64.128 Y132.853 E981.96449
G1 F857.8 X64.394 Y132.647 E981.98127
G1 F856.4 X64.705 Y132.516 E981.99814
G1 F855 X65.046 Y132.472 E982.01535
G1 F853.6 X65.38 Y132.516 E982.03224
G1 F852.2 X65.691 Y132.647 E982.04919
G1 F856.4 X65.958 Y132.851 E982.06598
G1 F860.7 X66.163 Y133.12 E982.0828
G1 X66.297 Y133.442 E982.10014
G1 F862.2 X66.341 Y133.783 E982.11721
G1 F863.6 X66.297 Y134.124 E982.13424
G1 X66.163 Y134.447 E982.15157
G1 F862.2 X65.958 Y134.716 E982.16836
G1 F857.8 X65.691 Y134.922 E982.18519
G1 F855 X65.383 Y135.05 E982.20188
G1 F853.6 X65.043 Y135.095 E982.21908
G1 X64.702 Y135.05 E982.23633
G1 X64.395 Y134.923 E982.25298
G1 X64.129 Y134.717 E982.26985
G1 F856.4 X63.922 Y134.447 E982.28685
G1 F860.7 X63.788 Y134.125 E982.3042
G1 F863.6 X63.745 Y133.783 E982.32128
G1 X63.788 Y133.444 E982.33821
M204 S1000
G1 F1500 E981.33821
G0 F9000 X99.288 Y154.667
M204 S2000
G1 F1500 E982.33821
G1 F863.6 X99.245 Y155.006 E982.35515
G1 X99.288 Y155.348 E982.37223
G1 F862.2 X99.422 Y155.669 E982.3895
G1 F859.3 X99.627 Y155.936 E982.40626
G1 F856.4 X99.897 Y156.145 E982.42333
G1 F853.6 X100.205 Y156.275 E982.44009
G1 F852.2 X100.54 Y156.318 E982.45705
G1 F853.6 X100.881 Y156.274 E982.47429
G1 F855 X101.189 Y156.144 E982.49103
G1 F857.8 X101.46 Y155.936 E982.50807
G1 F860.7 X101.663 Y155.669 E982.52475
G1 F862.2 X101.797 Y155.347 E982.54206
G1 F863.6 X101.841 Y155.006 E982.5591
G1 F862.2 X101.797 Y154.665 E982.57617
G1 F860.7 X101.663 Y154.343 E982.59351
G1 F857.8 X101.457 Y154.074 E982.61041
G1 F855 X101.191 Y153.868 E982.62725
G1 X100.884 Y153.74 E982.6439
G1 F856.4 X100.543 Y153.695 E982.66109
G1 F859.3 X100.203 Y153.74 E982.67817
G1 X99.895 Y153.868 E982.69479
G1 F857.8 X99.628 Y154.075 E982.71164
G1 F859.3 X99.422 Y154.345 E982.72856
G1 F862.2 X99.288 Y154.667 E982.74587
M204 S1000
G1 F1500 E981.74587
G0 F9000 X169.245 Y130.246
M204 S2000
G1 F1500 E982.74587
G1 F863.6 X169.288 Y129.907 E982.7628
G1 F862.2 X169.422 Y129.585 E982.78012
G1 F857.8 X169.627 Y129.315 E982.79703
G1 F856.4 X169.894 Y129.11 E982.81385
G1 X170.206 Y128.98 E982.83074
G1 X170.546 Y128.934 E982.84789
G1 X170.881 Y128.978 E982.86477
G1 F855 X171.191 Y129.109 E982.88162
G1 X171.457 Y129.315 E982.89846
G1 F857.8 X171.663 Y129.583 E982.91533
G1 F862.2 X171.798 Y129.905 E982.93266
G1 F863.6 X171.841 Y130.246 E982.94969
G1 X171.797 Y130.587 E982.96673
G1 X171.663 Y130.91 E982.98406
G1 F862.2 X171.458 Y131.179 E983.00085
G1 F859.3 X171.192 Y131.385 E983.01761
G1 F857.8 X170.881 Y131.515 E983.03442
G1 F853.6 X170.54 Y131.558 E983.05166
G1 F850.8 X170.205 Y131.516 E983.06864
G1 F853.6 X169.894 Y131.385 E983.08556
G1 F855 X169.628 Y131.179 E983.1024
G1 F857.8 X169.423 Y130.91 E983.11928
G1 F862.2 X169.288 Y130.588 E983.13661
G1 F863.6 X169.245 Y130.246 E983.15369
M204 S1000
G1 F1500 E982.15369
G0 F9000 X184.789 Y89.662
M204 S2000
G1 F1500 E983.15369
G1 F863.6 X184.745 Y89.316 E983.17097
G1 X184.789 Y88.976 E983.18796
G1 F862.2 X184.922 Y88.655 E983.20521
G1 F859.3 X185.128 Y88.386 E983.22209
G1 F856.4 X185.394 Y88.18 E983.2389
G1 F855 X185.705 Y88.049 E983.25579
G1 F856.4 X186.043 Y88.005 E983.27283
G1 F857.8 X186.381 Y88.049 E983.28983
G1 X186.692 Y88.18 E983.30667
G1 X186.957 Y88.385 E983.32338
G1 F859.3 X187.163 Y88.655 E983.3403
G1 F860.7 X187.297 Y88.976 E983.35759
G1 X187.341 Y89.316 E983.37464
G1 F862.2 X187.296 Y89.661 E983.39191
G1 F863.6 X187.164 Y89.98 E983.40902
G1 F859.3 X186.957 Y90.249 E983.42593
G1 F855 X186.699 Y90.45 E983.4423
G1 F857.8 X186.38 Y90.585 E983.45958
G1 X186.043 Y90.629 E983.47654
G1 F855 X185.703 Y90.585 E983.4937
G1 X185.399 Y90.457 E983.51021
G1 X185.126 Y90.246 E983.52748
G1 F857.8 X184.919 Y89.975 E983.54449
G1 F862.2 X184.789 Y89.662 E983.56132
M204 S1000
G1 F1500 E982.56132
G0 F9000 X115.288 Y73.489
M204 S2000
G1 F1500 E983.56132
G1 F863.6 X115.245 Y73.147 E983.5784
G1 X115.289 Y72.807 E983.59539
G1 F862.2 X115.421 Y72.486 E983.61262
G1 F859.3 X115.625 Y72.219 E983.62935
G1 F857.8 X115.897 Y72.009 E983.6465
G1 X116.203 Y71.881 E983.66305
G1 F859.3 X116.545 Y71.836 E983.68023
G1 X116.883 Y71.88 E983.6972
G1 F856.4 X117.191 Y72.009 E983.71389
G1 F855 X117.457 Y72.215 E983.73073
G1 F857.8 X117.664 Y72.486 E983.74775
G1 F862.2 X117.797 Y72.805 E983.7649
G1 F863.6 X117.841 Y73.147 E983.78199
G1 X117.797 Y73.488 E983.79903
G1 F862.2 X117.663 Y73.809 E983.8163
G1 F859.3 X117.457 Y74.079 E983.83321
G1 F857.8 X117.192 Y74.285 E983.84996
G1 X116.882 Y74.415 E983.86673
G1 F856.4 X116.541 Y74.459 E983.88391
G1 X116.203 Y74.415 E983.90094
G1 X115.895 Y74.287 E983.91761
G1 F855 X115.628 Y74.08 E983.93452
G1 F856.4 X115.422 Y73.811 E983.95146
G1 F860.7 X115.288 Y73.489 E983.9688
M204 S1000
G1 F1500 E982.9688
;MESH:NONMESH
G0 F600 X115.288 Y73.489 Z7.6
G0 F9000 X48.128 Y73.545
;TIME_ELAPSED:7886.156441
;LAYER:37
M204 S2000
;TYPE:WALL-OUTER
;MESH:Bottom_Standoffs.stl
G1 F1500 E983.9688
G1 F857.8 X47.922 Y73.276 E983.9857
G1 F862.1 X47.789 Y72.954 E984.003
G1 F863.6 X47.745 Y72.612 E984.02008
G1 X47.788 Y72.273 E984.03702
G1 F862.1 X47.922 Y71.951 E984.05433
G1 F859.2 X48.128 Y71.682 E984.07121
G1 F856.4 X48.394 Y71.476 E984.08802
G1 X48.704 Y71.346 E984.10482
G1 F857.8 X49.045 Y71.301 E984.12198
G1 X49.38 Y71.344 E984.13883
G1 F855 X49.691 Y71.476 E984.15574
G1 X49.957 Y71.681 E984.17255
G1 F859.2 X50.163 Y71.951 E984.18947
G1 F860.7 X50.297 Y72.272 E984.20676
G1 F862.1 X50.341 Y72.612 E984.22378
G1 F863.6 X50.297 Y72.953 E984.24082
G1 X50.163 Y73.276 E984.25815
G1 F862.1 X49.958 Y73.545 E984.27494
G1 F857.8 X49.692 Y73.75 E984.29169
G1 F856.4 X49.381 Y73.881 E984.30856
G1 F855 X49.04 Y73.925 E984.32577
G1 F852.1 X48.705 Y73.882 E984.34273
G1 F853.5 X48.394 Y73.751 E984.35965
G1 F855 X48.128 Y73.545 E984.37649
M204 S1000
G1 F1500 E983.37649
G0 F9000 X47.905 Y74.593
G0 X63.076 Y132.615
G0 X63.788 Y133.415
M204 S2000
G1 F1500 E984.37649
G1 F863.6 X63.922 Y133.093 E984.39378
G1 F860.7 X64.128 Y132.824 E984.41063
G1 F856.4 X64.394 Y132.619 E984.42741
G1 X64.705 Y132.487 E984.44429
G1 X65.046 Y132.443 E984.46147
G1 F855 X65.381 Y132.486 E984.47838
G1 X65.691 Y132.617 E984.49523
G1 X65.957 Y132.823 E984.51207
G1 F857.8 X66.163 Y133.091 E984.52893
G1 F860.7 X66.297 Y133.413 E984.54627
G1 F862.1 X66.341 Y133.754 E984.56334
G1 F863.6 X66.297 Y134.095 E984.58038
G1 X66.163 Y134.418 E984.59771
G1 F862.1 X65.958 Y134.687 E984.6145
G1 F859.2 X65.691 Y134.894 E984.63133
G1 F856.4 X65.384 Y135.021 E984.64793
G1 F853.5 X65.04 Y135.066 E984.66532
G1 F852.1 X64.706 Y135.023 E984.68224
G1 F853.5 X64.395 Y134.893 E984.69914
G1 F855 X64.128 Y134.687 E984.71602
G1 F857.8 X63.923 Y134.418 E984.73289
G1 F860.7 X63.788 Y134.096 E984.75025
G1 F862.1 X63.745 Y133.754 E984.76736
G1 F863.6 X63.788 Y133.415 E984.7843
M204 S1000
G1 F1500 E983.7843
G0 F9000 X99.288 Y154.637
M204 S2000
G1 F1500 E984.7843
G1 F862.1 X99.422 Y154.316 E984.80157
G1 F859.2 X99.625 Y154.049 E984.81827
G1 F857.8 X99.896 Y153.839 E984.83538
G1 X100.205 Y153.71 E984.85208
G1 F856.4 X100.546 Y153.666 E984.86926
G1 F855 X100.881 Y153.709 E984.88617
G1 F856.4 X101.192 Y153.84 E984.90303
G1 F857.8 X101.457 Y154.045 E984.91975
G1 F859.2 X101.663 Y154.315 E984.93666
G1 F860.7 X101.797 Y154.636 E984.95396
G1 F862.1 X101.841 Y154.977 E984.97103
G1 F863.6 X101.797 Y155.318 E984.98807
G1 F862.1 X101.663 Y155.64 E985.00538
G1 F860.7 X101.46 Y155.907 E985.02206
G1 F857.8 X101.189 Y156.115 E985.0391
G1 F855 X100.881 Y156.245 E985.05584
G1 F853.5 X100.54 Y156.289 E985.07308
G1 F852.1 X100.205 Y156.246 E985.09004
G1 F853.5 X99.897 Y156.116 E985.1068
G1 F856.4 X99.627 Y155.907 E985.12386
G1 F857.8 X99.422 Y155.641 E985.14062
G1 F859.2 X99.289 Y155.319 E985.15797
G1 F862.1 X99.245 Y154.977 E985.17509
G1 F863.6 X99.288 Y154.637 E985.19207
M204 S1000
G1 F1500 E984.19207
G0 F9000 X169.245 Y130.217
M204 S2000
G1 F1500 E985.19207
G1 F862.1 X169.288 Y129.878 E985.20903
G1 F860.7 X169.422 Y129.556 E985.22638
G1 F857.8 X169.627 Y129.286 E985.24329
G1 X169.894 Y129.081 E985.26008
G1 F859.2 X170.205 Y128.95 E985.27689
G1 F856.4 X170.546 Y128.906 E985.29407
G1 F855 X170.881 Y128.949 E985.31098
G1 F856.4 X171.192 Y129.08 E985.32785
G1 F859.2 X171.458 Y129.285 E985.34457
G1 F860.7 X171.663 Y129.554 E985.36139
G1 X171.797 Y129.876 E985.37873
G1 F862.1 X171.841 Y130.217 E985.3958
G1 F863.6 X171.797 Y130.558 E985.41284
G1 F865 X171.664 Y130.88 E985.43007
G1 F863.6 X171.46 Y131.147 E985.44673
G1 F857.8 X171.189 Y131.355 E985.46377
G1 F855 X170.88 Y131.485 E985.48055
G1 X170.54 Y131.53 E985.49772
G1 X170.205 Y131.485 E985.51464
G1 X169.897 Y131.356 E985.53135
G1 F856.4 X169.626 Y131.148 E985.54842
G1 F859.2 X169.422 Y130.881 E985.56516
G1 F862.1 X169.288 Y130.559 E985.58247
G1 F863.6 X169.245 Y130.217 E985.59956
M204 S1000
G1 F1500 E984.59956
G0 F9000 X184.788 Y89.628
M204 S2000
G1 F1500 E985.59956
G1 F863.6 X184.745 Y89.287 E985.61659
G1 X184.788 Y88.947 E985.63357
G1 F862.1 X184.922 Y88.625 E985.65089
G1 F859.2 X185.128 Y88.357 E985.66772
G1 F856.4 X185.394 Y88.151 E985.68453
G1 F855 X185.704 Y88.02 E985.70138
G1 F856.4 X186.043 Y87.976 E985.71846
G1 F857.8 X186.382 Y88.02 E985.73552
G1 X186.692 Y88.15 E985.75229
G1 X186.957 Y88.356 E985.76904
G1 F859.2 X187.163 Y88.626 E985.78595
G1 F860.7 X187.297 Y88.947 E985.80325
G1 F862.1 X187.341 Y89.287 E985.82027
G1 F863.6 X187.297 Y89.628 E985.8373
G1 F862.1 X187.163 Y89.95 E985.85462
G1 F859.2 X186.957 Y90.22 E985.87153
G1 F856.4 X186.687 Y90.428 E985.88856
G1 F855 X186.376 Y90.557 E985.90542
G1 F852.1 X186.034 Y90.6 E985.92273
G1 F850.7 X185.706 Y90.556 E985.93938
G1 F853.5 X185.395 Y90.425 E985.9563
G1 F857.8 X185.128 Y90.22 E985.97309
G1 F860.7 X184.922 Y89.95 E985.98998
G1 F862.1 X184.788 Y89.628 E986.00729
M204 S1000
G1 F1500 E985.00729
G0 F9000 X115.288 Y73.46
M204 S2000
G1 F1500 E986.00729
G1 F863.6 X115.245 Y73.118 E986.02437
G1 X115.289 Y72.778 E986.04136
G1 F862.1 X115.422 Y72.456 E986.05866
G1 F859.2 X115.625 Y72.19 E986.07532
G1 F857.8 X115.896 Y71.98 E986.09243
G1 X116.205 Y71.851 E986.10914
G1 F856.4 X116.546 Y71.807 E986.12632
G1 F855 X116.881 Y71.85 E986.14322
G1 F856.4 X117.192 Y71.981 E986.16009
G1 F857.8 X117.457 Y72.186 E986.1768
G1 F860.7 X117.664 Y72.456 E986.19372
G1 F862.1 X117.797 Y72.777 E986.21097
G1 X117.841 Y73.118 E986.22804
G1 F863.6 X117.797 Y73.459 E986.24508
G1 F862.1 X117.663 Y73.78 E986.26234
G1 F859.2 X117.457 Y74.05 E986.27926
G1 F856.4 X117.192 Y74.255 E986.296
G1 X116.881 Y74.386 E986.31286
G1 F855 X116.54 Y74.43 E986.33008
G1 F853.5 X116.205 Y74.387 E986.34701
G1 F855 X115.894 Y74.256 E986.3639
G1 X115.628 Y74.05 E986.38074
G1 F857.8 X115.422 Y73.781 E986.39765
G1 F862.1 X115.288 Y73.46 E986.41491
M204 S1000
G1 F1500 E985.41491
;MESH:NONMESH
G0 F600 X115.288 Y73.46 Z7.8
G0 F9000 X48.128 Y73.516
;TIME_ELAPSED:7893.627871
;LAYER:38
M204 S2000
;TYPE:WALL-OUTER
;MESH:Bottom_Standoffs.stl
G1 F1500 E986.41491
G1 F857.8 X47.923 Y73.247 E986.43179
G1 F862.2 X47.788 Y72.925 E986.44912
G1 F863.6 X47.745 Y72.583 E986.4662
G1 X47.788 Y72.244 E986.48314
G1 F862.2 X47.922 Y71.922 E986.50045
G1 F859.3 X48.128 Y71.652 E986.51737
G1 F857.8 X48.395 Y71.445 E986.53422
G1 X48.702 Y71.317 E986.55081
G1 F859.3 X49.045 Y71.272 E986.56804
G1 X49.383 Y71.316 E986.58502
G1 F857.8 X49.691 Y71.444 E986.60166
G1 F856.4 X49.957 Y71.651 E986.61851
G1 F857.8 X50.163 Y71.92 E986.63541
G1 F860.7 X50.297 Y72.242 E986.65275
G1 F862.2 X50.341 Y72.583 E986.66982
G1 F863.6 X50.297 Y72.924 E986.68686
G1 X50.163 Y73.247 E986.70419
G1 F860.7 X49.957 Y73.516 E986.72104
G1 F856.4 X49.691 Y73.722 E986.73785
G1 F855 X49.384 Y73.85 E986.7545
G1 X49.04 Y73.895 E986.77186
G1 X48.706 Y73.852 E986.78872
G1 X48.395 Y73.723 E986.80557
G1 X48.128 Y73.516 E986.82249
M204 S1000
G1 F1500 E985.82249
G0 F9000 X47.906 Y74.564
G0 X63.076 Y132.586
G0 X63.788 Y133.386
M204 S2000
G1 F1500 E986.82249
G1 F862.2 X63.922 Y133.064 E986.8398
G1 F857.8 X64.127 Y132.794 E986.85671
G1 X64.394 Y132.589 E986.87351
G1 F859.3 X64.705 Y132.458 E986.89031
G1 F856.4 X65.046 Y132.414 E986.9075
G1 F855 X65.381 Y132.457 E986.9244
G1 F856.4 X65.692 Y132.588 E986.94127
G1 F859.3 X65.958 Y132.793 E986.95799
G1 F860.7 X66.163 Y133.062 E986.97481
G1 X66.297 Y133.384 E986.99215
G1 F862.2 X66.341 Y133.725 E987.00922
G1 F863.6 X66.297 Y134.066 E987.02626
G1 X66.163 Y134.389 E987.04359
G1 F860.7 X65.957 Y134.658 E987.06044
G1 F856.4 X65.691 Y134.864 E987.07725
G1 F855 X65.384 Y134.992 E987.0939
G1 F853.6 X65.04 Y135.037 E987.1113
G1 F852.2 X64.706 Y134.994 E987.12821
G1 F853.6 X64.395 Y134.865 E987.14509
G1 F855 X64.128 Y134.658 E987.162
G1 F857.8 X63.923 Y134.389 E987.17887
G1 F860.7 X63.788 Y134.067 E987.19624
G1 F862.2 X63.745 Y133.725 E987.21335
G1 F863.6 X63.788 Y133.386 E987.23028
M204 S1000
G1 F1500 E986.23028
G0 F9000 X99.288 Y154.608
M204 S2000
G1 F1500 E987.23028
G1 F862.2 X99.422 Y154.287 E987.24755
G1 F857.8 X99.625 Y154.02 E987.26428
G1 X99.896 Y153.81 E987.28139
G1 F859.3 X100.205 Y153.68 E987.29808
G1 F856.4 X100.546 Y153.637 E987.31526
G1 X100.881 Y153.679 E987.33213
G1 F857.8 X101.192 Y153.81 E987.34897
G1 F855 X101.457 Y154.017 E987.3658
G1 F856.4 X101.663 Y154.286 E987.38273
G1 F860.7 X101.797 Y154.607 E987.40003
G1 F862.2 X101.841 Y154.948 E987.4171
G1 F863.6 X101.797 Y155.289 E987.43414
G1 F862.2 X101.663 Y155.611 E987.45145
G1 F860.7 X101.46 Y155.878 E987.46813
G1 F857.8 X101.189 Y156.086 E987.48517
G1 F855 X100.881 Y156.216 E987.5019
G1 F853.6 X100.54 Y156.26 E987.51914
G1 F852.2 X100.205 Y156.217 E987.53611
G1 F853.6 X99.897 Y156.087 E987.55287
G1 F856.4 X99.627 Y155.878 E987.56993
G1 F857.8 X99.422 Y155.612 E987.58669
G1 F859.3 X99.289 Y155.29 E987.60404
G1 F862.2 X99.245 Y154.948 E987.62116
G1 F863.6 X99.288 Y154.608 E987.63814
M204 S1000
G1 F1500 E986.63814
G0 F9000 X169.245 Y130.188
M204 S2000
G1 F1500 E987.63814
G1 F863.6 X169.288 Y129.849 E987.65507
G1 X169.422 Y129.527 E987.67236
G1 F859.3 X169.627 Y129.257 E987.68924
G1 F857.8 X169.894 Y129.052 E987.70604
G1 F859.3 X170.205 Y128.921 E987.72284
G1 F856.4 X170.546 Y128.877 E987.74003
G1 F855 X170.881 Y128.92 E987.75693
G1 F856.4 X171.192 Y129.051 E987.7738
G1 F859.3 X171.458 Y129.256 E987.79052
G1 F860.7 X171.663 Y129.525 E987.80734
G1 X171.797 Y129.847 E987.82468
G1 F862.2 X171.841 Y130.188 E987.84175
G1 F863.6 X171.797 Y130.529 E987.85879
G1 F862.2 X171.663 Y130.851 E987.8761
G1 F860.7 X171.46 Y131.118 E987.89278
G1 F857.8 X171.189 Y131.326 E987.90983
G1 F853.6 X170.88 Y131.455 E987.92661
G1 F852.2 X170.54 Y131.5 E987.94384
G1 X170.205 Y131.456 E987.96081
G1 X169.897 Y131.327 E987.97758
G1 F855 X169.626 Y131.119 E987.99468
G1 F859.3 X169.422 Y130.852 E988.01141
G1 F862.2 X169.289 Y130.53 E988.02871
G1 F863.6 X169.245 Y130.188 E988.0458
M204 S1000
G1 F1500 E987.0458
G0 F9000 X184.788 Y89.599
M204 S2000
G1 F1500 E988.0458
G1 F863.6 X184.745 Y89.258 E988.06283
G1 X184.788 Y88.918 E988.07981
G1 F862.2 X184.922 Y88.596 E988.09713
G1 F859.3 X185.129 Y88.326 E988.11407
G1 F857.8 X185.395 Y88.12 E988.13086
G1 X185.702 Y87.992 E988.14745
G1 X186.043 Y87.947 E988.16461
G1 F856.4 X186.384 Y87.992 E988.1818
G1 F855 X186.691 Y88.12 E988.19845
G1 X186.957 Y88.326 E988.21529
G1 F857.8 X187.163 Y88.595 E988.23219
G1 F860.7 X187.297 Y88.917 E988.24954
G1 F862.2 X187.341 Y89.258 E988.2666
G1 F863.6 X187.297 Y89.599 E988.28364
G1 X187.163 Y89.922 E988.30097
G1 F860.7 X186.957 Y90.191 E988.31782
G1 F856.4 X186.691 Y90.397 E988.33463
G1 F855 X186.384 Y90.525 E988.35128
G1 X186.043 Y90.57 E988.3685
G1 F856.4 X185.702 Y90.525 E988.38569
G1 F857.8 X185.395 Y90.397 E988.40228
G1 X185.129 Y90.191 E988.41907
G1 F859.3 X184.922 Y89.921 E988.43601
G1 F862.2 X184.788 Y89.599 E988.45333
M204 S1000
G1 F1500 E987.45333
G0 F9000 X115.289 Y73.431
M204 S2000
G1 F1500 E988.45333
G1 F863.6 X115.245 Y73.089 E988.47042
G1 X115.288 Y72.749 E988.4874
G1 X115.422 Y72.427 E988.50468
G1 F860.7 X115.626 Y72.16 E988.52139
G1 F857.8 X115.896 Y71.951 E988.53843
G1 X116.204 Y71.822 E988.55509
G1 F856.4 X116.545 Y71.778 E988.57227
G1 X116.881 Y71.821 E988.5892
G1 F857.8 X117.189 Y71.951 E988.60587
G1 X117.46 Y72.159 E988.62292
G1 F859.3 X117.663 Y72.426 E988.63962
G1 F860.7 X117.797 Y72.748 E988.65697
G1 F862.2 X117.841 Y73.089 E988.67403
G1 F863.6 X117.797 Y73.43 E988.69107
G1 X117.664 Y73.751 E988.70829
G1 F859.3 X117.457 Y74.02 E988.7252
G1 F855 X117.192 Y74.226 E988.742
G1 F856.4 X116.881 Y74.357 E988.75886
G1 F855 X116.54 Y74.401 E988.77608
G1 F852.2 X116.205 Y74.358 E988.79304
G1 F853.6 X115.894 Y74.227 E988.80996
G1 X115.628 Y74.021 E988.82683
G1 F856.4 X115.422 Y73.752 E988.84376
G1 F862.2 X115.289 Y73.431 E988.86101
M204 S1000
G1 F1500 E987.86101
;MESH:NONMESH
G0 F600 X115.289 Y73.431 Z8
G0 F9000 X48.128 Y73.487
;TIME_ELAPSED:7901.099102
;LAYER:39
M204 S2000
;TYPE:WALL-OUTER
;MESH:Bottom_Standoffs.stl
G1 F1500 E988.86101
G1 F855 X48.395 Y73.694 E988.87792
G1 X48.706 Y73.823 E988.89477
G1 X49.04 Y73.866 E988.91163
G1 X49.384 Y73.821 E988.929
G1 X49.691 Y73.693 E988.94564
G1 F856.5 X49.957 Y73.487 E988.96246
G1 F860.7 X50.163 Y73.218 E988.9793
G1 F863.6 X50.297 Y72.895 E988.99663
G1 X50.341 Y72.554 E989.01367
G1 X50.297 Y72.212 E989.03076
G1 F862.2 X50.164 Y71.893 E989.04792
G1 F857.9 X49.957 Y71.622 E989.06493
G1 F855 X49.691 Y71.416 E989.08177
G1 F856.5 X49.383 Y71.287 E989.09846
G1 F859.3 X49.045 Y71.243 E989.11544
G1 F860.7 X48.703 Y71.288 E989.13259
G1 F859.3 X48.397 Y71.416 E989.14911
G1 F857.9 X48.125 Y71.626 E989.16625
G1 F859.3 X47.921 Y71.893 E989.18299
G1 F862.2 X47.789 Y72.214 E989.20022
G1 F863.6 X47.745 Y72.554 E989.21721
G1 X47.788 Y72.896 E989.23429
G1 F862.2 X47.923 Y73.218 E989.25162
G1 F857.9 X48.128 Y73.487 E989.2685
M204 S1000
G1 F1500 E988.2685
G0 F9000 X47.906 Y74.535
G0 X63.076 Y132.557
G0 X63.788 Y133.357
M204 S2000
G1 F1500 E989.2685
G1 F860.7 X63.922 Y133.034 E989.28589
G1 F859.3 X64.128 Y132.765 E989.30276
G1 F856.5 X64.394 Y132.559 E989.31957
G1 X64.704 Y132.429 E989.33637
G1 X65.045 Y132.385 E989.35355
G1 F855 X65.38 Y132.428 E989.37046
G1 F856.5 X65.692 Y132.558 E989.38735
G1 X65.957 Y132.764 E989.40413
G1 F857.9 X66.163 Y133.033 E989.42103
G1 F860.7 X66.297 Y133.355 E989.43837
G1 F862.2 X66.341 Y133.696 E989.45544
G1 F863.6 X66.297 Y134.037 E989.47248
G1 F862.2 X66.163 Y134.359 E989.48979
G1 F859.3 X65.957 Y134.628 E989.50667
G1 F857.9 X65.692 Y134.834 E989.52341
G1 F856.5 X65.382 Y134.963 E989.54019
G1 F853.6 X65.041 Y135.008 E989.55744
G1 F852.2 X64.704 Y134.964 E989.57451
G1 X64.395 Y134.836 E989.5913
G1 F853.6 X64.128 Y134.629 E989.60824
G1 F856.5 X63.923 Y134.36 E989.62515
G1 F860.7 X63.788 Y134.037 E989.64255
G1 F863.6 X63.745 Y133.696 E989.65959
G1 F862.2 X63.788 Y133.357 E989.67655
M204 S1000
G1 F1500 E988.67655
G0 F9000 X99.288 Y154.579
M204 S2000
G1 F1500 E989.67655
G1 F862.2 X99.422 Y154.257 E989.69386
G1 F859.3 X99.627 Y153.988 E989.71071
G1 F857.9 X99.894 Y153.781 E989.72756
G1 X100.204 Y153.651 E989.74433
G1 X100.545 Y153.607 E989.76149
G1 X100.88 Y153.65 E989.77834
G1 X101.192 Y153.781 E989.79522
G1 X101.457 Y153.987 E989.81196
G1 F859.3 X101.663 Y154.257 E989.82888
G1 F860.7 X101.797 Y154.578 E989.84618
G1 F862.2 X101.841 Y154.918 E989.86319
G1 F863.6 X101.797 Y155.259 E989.88023
G1 X101.663 Y155.582 E989.89756
G1 F860.7 X101.457 Y155.851 E989.91441
G1 F856.5 X101.191 Y156.057 E989.93122
G1 F855 X100.884 Y156.185 E989.94787
G1 X100.54 Y156.23 E989.96524
G1 X100.206 Y156.187 E989.9821
G1 F856.5 X99.895 Y156.057 E989.99894
G1 X99.628 Y155.851 E990.01579
G1 F857.9 X99.423 Y155.582 E990.03267
G1 F862.2 X99.288 Y155.26 E990.05
G1 F863.6 X99.245 Y154.918 E990.06708
G1 X99.288 Y154.579 E990.08402
M204 S1000
G1 F1500 E989.08402
G0 F9000 X169.245 Y130.159
M204 S2000
G1 F1500 E990.08402
G1 F863.6 X169.288 Y129.82 E990.10095
G1 F862.2 X169.422 Y129.497 E990.11831
G1 F859.3 X169.627 Y129.228 E990.13516
G1 F857.9 X169.894 Y129.021 E990.15201
G1 X170.204 Y128.891 E990.16878
G1 F856.5 X170.545 Y128.848 E990.18596
G1 X170.88 Y128.89 E990.20283
G1 F857.9 X171.192 Y129.021 E990.21971
G1 F859.3 X171.458 Y129.227 E990.23647
G1 F860.7 X171.663 Y129.496 E990.25329
G1 X171.797 Y129.818 E990.27063
G1 F862.2 X171.841 Y130.159 E990.2877
G1 F863.6 X171.797 Y130.5 E990.30474
G1 F862.2 X171.663 Y130.822 E990.32205
G1 F860.7 X171.458 Y131.091 E990.33887
G1 F857.9 X171.192 Y131.296 E990.35562
G1 F856.5 X170.881 Y131.427 E990.37248
G1 F855 X170.54 Y131.471 E990.3897
G1 F852.2 X170.205 Y131.428 E990.40666
G1 F853.6 X169.894 Y131.297 E990.42358
G1 F855 X169.628 Y131.091 E990.44042
G1 F857.9 X169.422 Y130.822 E990.45732
G1 F862.2 X169.289 Y130.5 E990.47462
G1 F863.6 X169.245 Y130.159 E990.49166
M204 S1000
G1 F1500 E989.49166
G0 F9000 X184.788 Y89.57
M204 S2000
G1 F1500 E990.49166
G1 F863.6 X184.745 Y89.229 E990.50869
G1 X184.788 Y88.888 E990.52572
G1 F862.2 X184.922 Y88.567 E990.54299
G1 F859.3 X185.129 Y88.297 E990.55993
G1 F857.9 X185.395 Y88.091 E990.57672
G1 X185.702 Y87.963 E990.59331
G1 X186.043 Y87.918 E990.61047
G1 F856.5 X186.384 Y87.963 E990.62766
G1 F855 X186.691 Y88.091 E990.64431
G1 F856.5 X186.957 Y88.297 E990.66113
G1 F859.3 X187.163 Y88.567 E990.67804
G1 F860.7 X187.297 Y88.888 E990.69534
G1 F862.2 X187.341 Y89.229 E990.7124
G1 F863.6 X187.297 Y89.57 E990.72944
G1 F862.2 X187.163 Y89.892 E990.74676
G1 F857.9 X186.96 Y90.158 E990.76345
G1 X186.69 Y90.368 E990.78052
G1 X186.381 Y90.497 E990.79722
G1 F855 X186.043 Y90.541 E990.81428
G1 F856.5 X185.704 Y90.497 E990.83137
G1 F857.9 X185.396 Y90.368 E990.84803
G1 X185.127 Y90.159 E990.86502
G1 F859.3 X184.922 Y89.892 E990.88179
G1 F862.2 X184.788 Y89.57 E990.8991
M204 S1000
G1 F1500 E989.8991
G0 F9000 X115.288 Y73.401
M204 S2000
G1 F1500 E990.8991
G1 F863.6 X115.245 Y73.059 E990.91618
G1 X115.288 Y72.72 E990.93312
G1 F862.2 X115.422 Y72.398 E990.95043
G1 F860.7 X115.626 Y72.131 E990.96714
G1 F859.3 X115.896 Y71.921 E990.98417
G1 F857.9 X116.204 Y71.792 E991.00083
G1 X116.545 Y71.748 E991.01799
G1 X116.881 Y71.791 E991.03489
G1 X117.189 Y71.921 E991.05157
G1 X117.46 Y72.13 E991.06864
G1 F859.3 X117.663 Y72.397 E991.08535
G1 F860.7 X117.797 Y72.718 E991.10264
G1 F862.2 X117.841 Y73.059 E991.11971
G1 F863.6 X117.797 Y73.4 E991.13675
G1 X117.663 Y73.723 E991.15408
G1 F860.7 X117.457 Y73.992 E991.17093
G1 F856.5 X117.191 Y74.198 E991.18774
G1 X116.883 Y74.327 E991.20443
G1 X116.543 Y74.372 E991.22157
G1 F855 X116.202 Y74.327 E991.23878
G1 X115.895 Y74.199 E991.25543
G1 X115.629 Y73.993 E991.27227
G1 F856.5 X115.422 Y73.723 E991.28928
G1 F860.7 X115.288 Y73.401 E991.30662
M204 S1000
G1 F1500 E990.30662
;MESH:NONMESH
G0 F600 X115.288 Y73.401 Z8.2
G0 F9000 X48.127 Y73.455
;TIME_ELAPSED:7908.569516
;LAYER:40
M204 S2000
;TYPE:WALL-OUTER
;MESH:Bottom_Standoffs.stl
G1 F1500 E991.30662
G1 F859.3 X47.922 Y73.188 E991.32338
G1 F862.2 X47.788 Y72.867 E991.34065
G1 F863.6 X47.745 Y72.525 E991.35773
G1 X47.789 Y72.185 E991.37472
G1 F862.2 X47.922 Y71.863 E991.39202
G1 F859.3 X48.125 Y71.597 E991.40868
G1 F857.9 X48.396 Y71.387 E991.42579
G1 X48.705 Y71.258 E991.44249
G1 F856.5 X49.046 Y71.214 E991.45968
G1 F855 X49.381 Y71.257 E991.47658
G1 F856.5 X49.692 Y71.388 E991.49345
G1 F857.9 X49.957 Y71.593 E991.51016
G1 F860.8 X50.164 Y71.863 E991.52708
G1 F862.2 X50.297 Y72.184 E991.54433
G1 X50.341 Y72.525 E991.56139
G1 F863.6 X50.297 Y72.866 E991.57843
G1 F862.2 X50.163 Y73.188 E991.59575
G1 F860.8 X49.96 Y73.455 E991.61243
G1 F857.9 X49.689 Y73.663 E991.62947
G1 F855 X49.381 Y73.793 E991.6462
G1 X49.04 Y73.837 E991.66341
G1 X48.705 Y73.794 E991.68032
G1 X48.397 Y73.664 E991.69705
G1 F856.5 X48.127 Y73.455 E991.71412
M204 S1000
G1 F1500 E990.71412
G0 F9000 X47.906 Y74.505
G0 X63.076 Y132.527
G0 X63.789 Y133.327
M204 S2000
G1 F1500 E991.71412
G1 F862.2 X63.922 Y133.005 E991.73141
G1 F859.3 X64.128 Y132.736 E991.74829
G1 F856.5 X64.394 Y132.53 E991.7651
G1 F855 X64.705 Y132.399 E991.78199
G1 X65.046 Y132.355 E991.7992
G1 X65.381 Y132.398 E991.81611
G1 X65.691 Y132.529 E991.83296
G1 X65.957 Y132.735 E991.8498
G1 F857.9 X66.163 Y133.003 E991.86666
G1 F860.8 X66.297 Y133.325 E991.884
G1 F862.2 X66.341 Y133.666 E991.90107
G1 F863.6 X66.297 Y134.007 E991.91811
G1 X66.163 Y134.33 E991.93544
G1 F862.2 X65.958 Y134.599 E991.95223
G1 F857.9 X65.692 Y134.804 E991.96898
G1 F856.5 X65.381 Y134.935 E991.98585
G1 F855 X65.04 Y134.979 E992.00306
G1 F852.2 X64.705 Y134.936 E992.02002
G1 F853.6 X64.394 Y134.805 E992.03694
G1 F855 X64.128 Y134.599 E992.05378
G1 F857.9 X63.923 Y134.33 E992.07066
G1 F862.2 X63.788 Y134.008 E992.08799
G1 F863.6 X63.745 Y133.666 E992.10507
G1 X63.789 Y133.327 E992.12201
M204 S1000
G1 F1500 E991.12201
G0 F9000 X99.288 Y154.55
M204 S2000
G1 F1500 E992.12201
G1 F862.2 X99.422 Y154.228 E992.13932
G1 F859.3 X99.627 Y153.959 E992.15617
G1 F857.9 X99.894 Y153.752 E992.17303
G1 X100.204 Y153.622 E992.1898
G1 X100.545 Y153.578 E992.20695
G1 X100.88 Y153.621 E992.2238
G1 X101.192 Y153.752 E992.24068
G1 X101.457 Y153.958 E992.25743
G1 F859.3 X101.663 Y154.228 E992.27434
G1 F860.8 X101.797 Y154.549 E992.29164
G1 F862.2 X101.841 Y154.889 E992.30866
G1 F863.6 X101.797 Y155.23 E992.3257
G1 X101.663 Y155.553 E992.34303
G1 F860.8 X101.457 Y155.822 E992.35987
G1 F856.5 X101.191 Y156.028 E992.37669
G1 F855 X100.884 Y156.156 E992.39334
G1 X100.54 Y156.201 E992.4107
G1 X100.206 Y156.158 E992.42756
G1 X99.895 Y156.029 E992.44441
G1 X99.628 Y155.822 E992.46132
G1 F857.9 X99.423 Y155.553 E992.4782
G1 F862.2 X99.288 Y155.231 E992.49553
G1 F863.6 X99.245 Y154.889 E992.51261
G1 X99.288 Y154.55 E992.52955
M204 S1000
G1 F1500 E991.52955
G0 F9000 X169.245 Y130.129
M204 S2000
G1 F1500 E992.52955
G1 F863.6 X169.288 Y129.79 E992.54648
G1 F862.2 X169.42 Y129.472 E992.56357
G1 F859.3 X169.63 Y129.196 E992.58085
G1 F856.5 X169.894 Y128.991 E992.59755
G1 X170.202 Y128.863 E992.61422
G1 F859.3 X170.545 Y128.818 E992.63145
G1 X170.883 Y128.862 E992.64843
G1 F856.5 X171.191 Y128.991 E992.66511
G1 X171.455 Y129.195 E992.68179
G1 F859.3 X171.665 Y129.471 E992.69906
G1 F862.2 X171.797 Y129.787 E992.71606
G1 F863.6 X171.841 Y130.129 E992.73315
G1 X171.797 Y130.47 E992.75019
G1 X171.663 Y130.793 E992.76752
G1 F862.2 X171.458 Y131.062 E992.78431
G1 F857.9 X171.192 Y131.267 E992.80106
G1 F856.5 X170.881 Y131.398 E992.81792
G1 F855 X170.54 Y131.442 E992.83514
G1 F852.2 X170.205 Y131.399 E992.8521
G1 F853.6 X169.894 Y131.268 E992.86902
G1 F855 X169.628 Y131.062 E992.88586
G1 F857.9 X169.422 Y130.793 E992.90276
G1 F862.2 X169.289 Y130.471 E992.92006
G1 F863.6 X169.245 Y130.129 E992.93715
M204 S1000
G1 F1500 E991.93715
G0 F9000 X184.788 Y89.541
M204 S2000
G1 F1500 E992.93715
G1 F863.6 X184.745 Y89.2 E992.95418
G1 X184.789 Y88.859 E992.97122
G1 F862.2 X184.922 Y88.538 E992.98847
G1 F859.3 X185.128 Y88.269 E993.00534
G1 F856.5 X185.394 Y88.063 E993.02215
G1 F855 X185.705 Y87.932 E993.03905
G1 F856.5 X186.043 Y87.888 E993.05608
G1 F857.9 X186.381 Y87.932 E993.07309
G1 X186.692 Y88.063 E993.08992
G1 X186.957 Y88.268 E993.10664
G1 F860.8 X187.164 Y88.538 E993.12355
G1 F862.2 X187.297 Y88.859 E993.1408
G1 X187.341 Y89.2 E993.15787
G1 F863.6 X187.297 Y89.541 E993.17491
G1 F862.2 X187.163 Y89.863 E993.19222
G1 F857.9 X186.96 Y90.129 E993.20892
G1 X186.69 Y90.339 E993.22598
G1 X186.381 Y90.468 E993.24269
G1 F855 X186.043 Y90.512 E993.25975
G1 F856.5 X185.704 Y90.468 E993.27683
G1 F857.9 X185.396 Y90.339 E993.29349
G1 X185.127 Y90.13 E993.31049
G1 F859.3 X184.922 Y89.863 E993.32725
G1 F862.2 X184.788 Y89.541 E993.34457
M204 S1000
G1 F1500 E992.34457
G0 F9000 X115.288 Y73.372
M204 S2000
G1 F1500 E993.34457
G1 F863.6 X115.245 Y73.03 E993.36165
G1 X115.288 Y72.691 E993.37858
G1 F862.2 X115.422 Y72.369 E993.3959
G1 F859.3 X115.628 Y72.099 E993.41281
G1 F857.9 X115.895 Y71.892 E993.42967
G1 X116.202 Y71.764 E993.44626
G1 F859.3 X116.545 Y71.719 E993.46349
G1 X116.883 Y71.763 E993.48047
G1 F857.9 X117.191 Y71.891 E993.49711
G1 F856.5 X117.457 Y72.098 E993.51395
G1 F857.9 X117.663 Y72.367 E993.53085
G1 F860.8 X117.797 Y72.689 E993.5482
G1 F862.2 X117.841 Y73.03 E993.56526
G1 F863.6 X117.797 Y73.371 E993.5823
G1 X117.663 Y73.694 E993.59963
G1 F860.8 X117.457 Y73.963 E993.61648
G1 F856.5 X117.191 Y74.169 E993.63329
G1 F855 X116.884 Y74.297 E993.64994
G1 X116.54 Y74.342 E993.66731
G1 X116.206 Y74.299 E993.68417
G1 X115.895 Y74.17 E993.70102
G1 X115.628 Y73.963 E993.71793
G1 F857.9 X115.423 Y73.694 E993.7348
G1 F862.2 X115.288 Y73.372 E993.75214
M204 S1000
G1 F1500 E992.75214
;MESH:NONMESH
G0 F600 X115.288 Y73.372 Z8.4
G0 F9000 X48.127 Y73.426
;TIME_ELAPSED:7916.039813
;LAYER:41
M204 S2000
;TYPE:WALL-OUTER
;MESH:Bottom_Standoffs.stl
G1 F1500 E993.75214
G1 F857.8 X47.922 Y73.16 E993.76889
G1 F859.2 X47.789 Y72.838 E993.78624
G1 F862.1 X47.745 Y72.496 E993.80336
G1 F863.6 X47.788 Y72.156 E993.82034
G1 X47.922 Y71.835 E993.83758
G1 F860.7 X48.125 Y71.568 E993.85426
G1 F857.8 X48.396 Y71.358 E993.87137
G1 X48.705 Y71.229 E993.88807
G1 F856.4 X49.046 Y71.185 E993.90525
G1 F855 X49.381 Y71.228 E993.92216
G1 F856.4 X49.692 Y71.359 E993.93902
G1 F857.8 X49.957 Y71.564 E993.95574
G1 F859.2 X50.163 Y71.834 E993.97265
G1 F860.7 X50.297 Y72.155 E993.98995
G1 F862.1 X50.341 Y72.496 E994.00702
G1 F863.6 X50.297 Y72.837 E994.02406
G1 F862.1 X50.163 Y73.159 E994.04137
G1 F860.7 X49.96 Y73.426 E994.05805
G1 F857.8 X49.689 Y73.634 E994.07509
G1 F855 X49.381 Y73.764 E994.09183
G1 F853.5 X49.04 Y73.808 E994.10907
G1 F852.1 X48.705 Y73.765 E994.12603
G1 F853.5 X48.397 Y73.635 E994.14279
G1 F856.4 X48.127 Y73.426 E994.15985
M204 S1000
G1 F1500 E993.15985
G0 F9000 X47.906 Y74.476
G0 X63.076 Y132.498
G0 X63.788 Y133.298
M204 S2000
G1 F1500 E994.15985
G1 F862.1 X63.922 Y132.976 E994.17717
G1 F859.2 X64.128 Y132.707 E994.19404
G1 F856.4 X64.394 Y132.501 E994.21086
G1 X64.705 Y132.37 E994.22772
G1 X65.046 Y132.326 E994.2449
G1 F855 X65.381 Y132.369 E994.26181
G1 X65.691 Y132.5 E994.27865
G1 X65.957 Y132.706 E994.2955
G1 F857.8 X66.163 Y132.974 E994.31236
G1 F860.7 X66.297 Y133.296 E994.3297
G1 F862.1 X66.341 Y133.637 E994.34677
G1 F863.6 X66.297 Y133.978 E994.36381
G1 X66.163 Y134.301 E994.38114
G1 F860.7 X65.957 Y134.57 E994.39799
G1 F856.4 X65.691 Y134.776 E994.4148
G1 F855 X65.383 Y134.904 E994.43149
G1 F853.5 X65.043 Y134.949 E994.44869
G1 X64.702 Y134.904 E994.46594
G1 X64.395 Y134.777 E994.48259
G1 X64.129 Y134.571 E994.49946
G1 F856.4 X63.922 Y134.301 E994.51647
G1 F860.7 X63.788 Y133.979 E994.53381
G1 F863.6 X63.745 Y133.637 E994.55089
G1 X63.788 Y133.298 E994.56782
M204 S1000
G1 F1500 E993.56782
G0 F9000 X99.293 Y154.506
M204 S2000
G1 F1500 E994.56782
G1 F863.6 X99.42 Y154.202 E994.58415
G1 F859.2 X99.627 Y153.93 E994.60118
G1 F857.8 X99.896 Y153.721 E994.61817
G1 X100.205 Y153.593 E994.63486
G1 X100.543 Y153.549 E994.65186
G1 F856.4 X100.884 Y153.594 E994.66905
G1 F855 X101.191 Y153.722 E994.6857
G1 X101.457 Y153.928 E994.70254
G1 F857.8 X101.664 Y154.199 E994.71956
G1 F860.7 X101.797 Y154.518 E994.73674
G1 F862.1 X101.841 Y154.859 E994.75381
G1 F865 X101.797 Y155.201 E994.77087
G1 F863.6 X101.663 Y155.523 E994.78815
G1 F860.7 X101.46 Y155.79 E994.80483
G1 F857.8 X101.189 Y155.998 E994.82187
G1 F855 X100.881 Y156.128 E994.83861
G1 F853.5 X100.54 Y156.172 E994.85585
G1 F852.1 X100.205 Y156.129 E994.87281
G1 F853.5 X99.897 Y155.999 E994.88957
G1 F856.4 X99.627 Y155.79 E994.90664
G1 F859.2 X99.422 Y155.523 E994.9234
G1 F862.1 X99.288 Y155.202 E994.94067
G1 F863.6 X99.245 Y154.86 E994.95775
G1 F865 X99.293 Y154.506 E994.97543
M204 S1000
G1 F1500 E993.97543
G0 F9000 X169.245 Y130.1
M204 S2000
G1 F1500 E994.97543
G1 F862.1 X169.288 Y129.761 E994.99239
G1 X169.422 Y129.439 E995.0097
G1 F859.2 X169.627 Y129.169 E995.02659
G1 F857.8 X169.894 Y128.964 E995.04338
G1 F859.2 X170.205 Y128.833 E995.06019
G1 F856.4 X170.546 Y128.789 E995.07737
G1 F855 X170.881 Y128.832 E995.09428
G1 F856.4 X171.192 Y128.963 E995.11114
G1 F859.2 X171.458 Y129.168 E995.12787
G1 F860.7 X171.663 Y129.437 E995.14469
G1 X171.797 Y129.759 E995.16203
G1 F862.1 X171.841 Y130.1 E995.1791
G1 F863.6 X171.797 Y130.441 E995.19613
G1 X171.663 Y130.764 E995.21346
G1 F862.1 X171.458 Y131.033 E995.23025
G1 F857.8 X171.192 Y131.238 E995.24701
G1 F856.4 X170.881 Y131.369 E995.26387
G1 F855 X170.54 Y131.413 E995.28108
G1 F852.1 X170.205 Y131.37 E995.29805
G1 F853.5 X169.894 Y131.239 E995.31497
G1 F855 X169.628 Y131.033 E995.33181
G1 F857.8 X169.423 Y130.764 E995.34868
G1 F862.1 X169.288 Y130.442 E995.36601
G1 F863.6 X169.245 Y130.1 E995.38309
M204 S1000
G1 F1500 E994.38309
G0 F9000 X184.788 Y89.512
M204 S2000
G1 F1500 E995.38309
G1 F863.6 X184.745 Y89.171 E995.40013
G1 X184.789 Y88.83 E995.41717
G1 F862.1 X184.922 Y88.509 E995.43442
G1 F859.2 X185.128 Y88.24 E995.45129
G1 F856.4 X185.394 Y88.034 E995.4681
G1 F855 X185.705 Y87.903 E995.485
G1 F856.4 X186.043 Y87.859 E995.50203
G1 F857.8 X186.381 Y87.903 E995.51903
G1 X186.692 Y88.034 E995.53587
G1 X186.957 Y88.239 E995.55259
G1 F860.7 X187.164 Y88.509 E995.5695
G1 F862.1 X187.297 Y88.83 E995.58675
G1 X187.341 Y89.171 E995.60382
G1 F863.6 X187.297 Y89.512 E995.62086
G1 X187.164 Y89.833 E995.63808
G1 F860.7 X186.957 Y90.103 E995.65499
G1 F856.4 X186.691 Y90.309 E995.67181
G1 X186.383 Y90.438 E995.68849
G1 X186.043 Y90.483 E995.70563
G1 X185.703 Y90.438 E995.72277
G1 X185.396 Y90.309 E995.73941
G1 F855 X185.128 Y90.102 E995.75637
G1 F859.2 X184.922 Y89.833 E995.77324
G1 F863.6 X184.788 Y89.512 E995.79048
M204 S1000
G1 F1500 E994.79048
G0 F9000 X115.288 Y73.343
M204 S2000
G1 F1500 E995.79048
G1 F863.6 X115.245 Y73.001 E995.80756
G1 X115.289 Y72.661 E995.82455
G1 F862.1 X115.421 Y72.34 E995.84178
G1 F859.2 X115.625 Y72.073 E995.85852
G1 F857.8 X115.897 Y71.863 E995.87566
G1 X116.203 Y71.735 E995.89221
G1 F859.2 X116.545 Y71.69 E995.90939
G1 X116.883 Y71.734 E995.92637
G1 F856.4 X117.191 Y71.863 E995.94305
G1 F855 X117.457 Y72.069 E995.95989
G1 F857.8 X117.664 Y72.34 E995.97691
G1 F862.1 X117.797 Y72.659 E995.99406
G1 F863.6 X117.841 Y73.001 E996.01115
G1 X117.797 Y73.342 E996.02819
G1 F862.1 X117.663 Y73.663 E996.04546
G1 F859.2 X117.457 Y73.933 E996.06237
G1 F857.8 X117.192 Y74.139 E996.07912
G1 X116.882 Y74.269 E996.09589
G1 F856.4 X116.541 Y74.313 E996.11307
G1 X116.203 Y74.269 E996.13011
G1 X115.895 Y74.141 E996.14677
G1 F855 X115.628 Y73.934 E996.16369
G1 F856.4 X115.422 Y73.665 E996.18062
G1 F860.7 X115.288 Y73.343 E996.19796
M204 S1000
G1 F1500 E995.19796
;MESH:NONMESH
G0 F600 X115.288 Y73.343 Z8.6
G0 F9000 X48.129 Y73.4
;TIME_ELAPSED:7923.510720
;LAYER:42
M204 S2000
;TYPE:WALL-OUTER
;MESH:Bottom_Standoffs.stl
G1 F1500 E996.19796
G1 F857.8 X47.922 Y73.13 E996.21493
G1 F862.1 X47.789 Y72.808 E996.23223
G1 F863.6 X47.745 Y72.466 E996.24932
G1 X47.788 Y72.127 E996.26625
G1 F862.1 X47.922 Y71.805 E996.28356
G1 F859.3 X48.127 Y71.536 E996.30041
G1 F857.8 X48.394 Y71.329 E996.31726
G1 X48.704 Y71.199 E996.33404
G1 X49.045 Y71.155 E996.35119
G1 X49.38 Y71.198 E996.36804
G1 X49.692 Y71.329 E996.38492
G1 X49.957 Y71.535 E996.40167
G1 F859.3 X50.163 Y71.805 E996.41858
G1 F860.7 X50.297 Y72.126 E996.43588
G1 F862.1 X50.341 Y72.466 E996.4529
G1 F863.6 X50.297 Y72.807 E996.46994
G1 X50.163 Y73.13 E996.48727
G1 F860.7 X49.957 Y73.399 E996.50411
G1 F856.4 X49.691 Y73.605 E996.52093
G1 X49.383 Y73.734 E996.53761
G1 X49.043 Y73.779 E996.55475
G1 F855 X48.702 Y73.734 E996.57197
G1 X48.395 Y73.606 E996.58862
G1 X48.129 Y73.4 E996.60546
M204 S1000
G1 F1500 E995.60546
G0 F9000 X47.906 Y74.447
G0 X63.076 Y132.469
G0 X63.788 Y133.269
M204 S2000
G1 F1500 E996.60546
G1 F862.1 X63.922 Y132.947 E996.62277
G1 F857.8 X64.127 Y132.677 E996.63969
G1 F856.4 X64.393 Y132.471 E996.6565
G1 F857.8 X64.705 Y132.341 E996.67336
G1 F856.4 X65.046 Y132.297 E996.69054
G1 F855 X65.381 Y132.34 E996.70745
G1 F856.4 X65.692 Y132.471 E996.72432
G1 F859.3 X65.958 Y132.676 E996.74104
G1 F860.7 X66.163 Y132.945 E996.75786
G1 X66.297 Y133.267 E996.7752
G1 F862.1 X66.341 Y133.608 E996.79227
G1 F863.6 X66.297 Y133.949 E996.80931
G1 X66.163 Y134.272 E996.82664
G1 F860.7 X65.957 Y134.541 E996.84349
G1 F856.4 X65.691 Y134.747 E996.8603
G1 F855 X65.384 Y134.875 E996.87695
G1 F853.6 X65.04 Y134.92 E996.89434
G1 F852.1 X64.706 Y134.877 E996.91126
G1 F853.6 X64.395 Y134.747 E996.92816
G1 F855 X64.128 Y134.541 E996.94504
G1 F857.8 X63.923 Y134.272 E996.96191
G1 F860.7 X63.788 Y133.95 E996.97927
G1 F862.1 X63.745 Y133.608 E996.99638
G1 F863.6 X63.788 Y133.269 E997.01332
M204 S1000
G1 F1500 E996.01332
G0 F9000 X99.289 Y154.487
M204 S2000
G1 F1500 E997.01332
G1 F862.1 X99.422 Y154.169 E997.03043
G1 F859.3 X99.626 Y153.903 E997.04712
G1 F857.8 X99.897 Y153.692 E997.06426
G1 F856.4 X100.205 Y153.563 E997.08095
G1 X100.543 Y153.519 E997.09798
G1 F857.8 X100.88 Y153.563 E997.11494
G1 X101.192 Y153.694 E997.13182
G1 F855 X101.457 Y153.9 E997.14862
G1 F856.4 X101.663 Y154.169 E997.16555
G1 F860.7 X101.797 Y154.49 E997.18285
G1 F862.1 X101.841 Y154.831 E997.19992
G1 F863.6 X101.797 Y155.172 E997.21696
G1 F862.1 X101.663 Y155.494 E997.23427
G1 F860.7 X101.46 Y155.761 E997.25095
G1 F857.8 X101.189 Y155.969 E997.26799
G1 F855 X100.881 Y156.099 E997.28472
G1 F853.6 X100.54 Y156.143 E997.30196
G1 F852.1 X100.205 Y156.1 E997.31893
G1 F853.6 X99.897 Y155.97 E997.33569
G1 F856.4 X99.627 Y155.761 E997.35275
G1 F859.3 X99.423 Y155.494 E997.36949
G1 F860.7 X99.288 Y155.173 E997.3868
G1 F862.1 X99.245 Y154.829 E997.40401
G1 F863.6 X99.289 Y154.487 E997.4211
M204 S1000
G1 F1500 E996.4211
G0 F9000 X169.245 Y130.071
M204 S2000
G1 F1500 E997.4211
G1 F862.1 X169.288 Y129.732 E997.43806
G1 X169.422 Y129.41 E997.45538
G1 F859.3 X169.627 Y129.14 E997.47226
G1 F857.8 X169.894 Y128.935 E997.48906
G1 F859.3 X170.205 Y128.804 E997.50586
G1 F856.4 X170.546 Y128.76 E997.52305
G1 F855 X170.881 Y128.803 E997.53995
G1 F856.4 X171.192 Y128.934 E997.55682
G1 F859.3 X171.458 Y129.139 E997.57354
G1 F860.7 X171.663 Y129.408 E997.59036
G1 X171.797 Y129.73 E997.6077
G1 F862.1 X171.841 Y130.071 E997.62477
G1 F863.6 X171.797 Y130.412 E997.64181
G1 F862.1 X171.663 Y130.734 E997.65912
G1 F860.7 X171.46 Y131.001 E997.6758
G1 F857.8 X171.189 Y131.209 E997.69284
G1 F855 X170.881 Y131.339 E997.70958
G1 X170.54 Y131.383 E997.72679
G1 X170.205 Y131.34 E997.7437
G1 X169.897 Y131.21 E997.76043
G1 F856.4 X169.627 Y131.001 E997.77749
G1 F859.3 X169.422 Y130.734 E997.79426
G1 F862.1 X169.288 Y130.413 E997.81153
G1 F863.6 X169.245 Y130.071 E997.82861
M204 S1000
G1 F1500 E996.82861
G0 F9000 X184.788 Y89.482
M204 S2000
G1 F1500 E997.82861
G1 F863.6 X184.745 Y89.141 E997.84564
G1 X184.788 Y88.801 E997.86263
G1 F862.1 X184.922 Y88.479 E997.87994
G1 F857.8 X185.129 Y88.209 E997.89691
G1 F853.6 X185.395 Y88.003 E997.91378
G1 X185.702 Y87.875 E997.93046
G1 F856.4 X186.043 Y87.83 E997.94765
G1 X186.384 Y87.875 E997.96484
G1 F855 X186.691 Y88.003 E997.98149
G1 X186.957 Y88.209 E997.99833
G1 F857.8 X187.163 Y88.478 E998.01523
G1 F860.7 X187.297 Y88.8 E998.03257
G1 F862.1 X187.341 Y89.141 E998.04964
G1 F863.6 X187.297 Y89.482 E998.06668
G1 X187.163 Y89.805 E998.08401
G1 F860.7 X186.957 Y90.074 E998.10086
G1 F856.4 X186.691 Y90.28 E998.11767
G1 F855 X186.384 Y90.408 E998.13432
G1 X186.043 Y90.453 E998.15154
G1 F856.4 X185.702 Y90.408 E998.16873
G1 F857.8 X185.395 Y90.28 E998.18532
G1 X185.129 Y90.074 E998.2021
G1 F859.3 X184.922 Y89.804 E998.21905
G1 F862.1 X184.788 Y89.482 E998.23636
M204 S1000
G1 F1500 E997.23636
G0 F9000 X115.288 Y73.314
M204 S2000
G1 F1500 E998.23636
G1 F863.6 X115.245 Y72.972 E998.25345
G1 X115.289 Y72.632 E998.27044
G1 F862.1 X115.422 Y72.31 E998.28773
G1 F857.8 X115.625 Y72.043 E998.30446
G1 F856.4 X115.897 Y71.834 E998.3216
G1 F857.8 X116.203 Y71.706 E998.33815
G1 X116.543 Y71.661 E998.35526
G1 F856.4 X116.884 Y71.706 E998.37245
G1 F855 X117.191 Y71.834 E998.3891
G1 F856.4 X117.457 Y72.04 E998.40591
G1 F860.7 X117.664 Y72.31 E998.42283
G1 F862.1 X117.797 Y72.631 E998.44008
G1 X117.841 Y72.972 E998.45715
G1 F863.6 X117.797 Y73.313 E998.47419
G1 X117.664 Y73.634 E998.49141
G1 F859.3 X117.457 Y73.903 E998.50831
G1 F855 X117.192 Y74.109 E998.52511
G1 F856.4 X116.881 Y74.24 E998.54198
G1 F855 X116.54 Y74.284 E998.55919
G1 F853.6 X116.205 Y74.241 E998.57612
G1 F855 X115.894 Y74.109 E998.59304
G1 F853.6 X115.628 Y73.904 E998.60987
G1 F856.4 X115.422 Y73.635 E998.62681
G1 F862.1 X115.288 Y73.314 E998.64407
M204 S1000
G1 F1500 E997.64407
;MESH:NONMESH
G0 F600 X115.288 Y73.314 Z8.8
G0 F9000 X48.128 Y73.37
;TIME_ELAPSED:7930.982073
;LAYER:43
M204 S2000
;TYPE:WALL-OUTER
;MESH:Bottom_Standoffs.stl
G1 F1500 E998.64407
G1 F857.8 X47.923 Y73.101 E998.66095
G1 F862.2 X47.788 Y72.779 E998.67828
G1 F863.6 X47.745 Y72.437 E998.69536
G1 X47.788 Y72.098 E998.7123
G1 F862.2 X47.922 Y71.776 E998.72961
G1 F859.3 X48.128 Y71.506 E998.74652
G1 F857.8 X48.395 Y71.299 E998.76338
G1 X48.702 Y71.171 E998.77997
G1 F859.3 X49.045 Y71.126 E998.7972
G1 X49.383 Y71.17 E998.81418
G1 F857.8 X49.691 Y71.298 E998.83082
G1 F856.4 X49.957 Y71.505 E998.84766
G1 F857.8 X50.163 Y71.774 E998.86457
G1 F860.7 X50.297 Y72.096 E998.88191
G1 F862.2 X50.341 Y72.437 E998.89898
G1 F863.6 X50.297 Y72.778 E998.91602
G1 X50.163 Y73.101 E998.93335
G1 F860.7 X49.957 Y73.37 E998.95019
G1 F856.4 X49.691 Y73.576 E998.96701
G1 F855 X49.384 Y73.704 E998.98366
G1 X49.04 Y73.749 E999.00102
G1 X48.706 Y73.706 E999.01788
G1 X48.395 Y73.577 E999.03473
G1 X48.128 Y73.37 E999.05164
M204 S1000
G1 F1500 E998.05164
G0 F9000 X47.906 Y74.418
G0 X63.076 Y132.44
G0 X63.788 Y133.24
M204 S2000
G1 F1500 E999.05164
G1 F862.2 X63.922 Y132.917 E999.069
G1 F859.3 X64.128 Y132.648 E999.08588
G1 F857.8 X64.394 Y132.442 E999.10266
G1 X64.704 Y132.312 E999.11943
G1 F856.4 X65.045 Y132.268 E999.13662
G1 F855 X65.38 Y132.311 E999.15352
G1 F856.4 X65.692 Y132.441 E999.17041
G1 X65.957 Y132.647 E999.18719
G1 F857.8 X66.163 Y132.916 E999.20409
G1 F860.7 X66.297 Y133.238 E999.22143
G1 F862.2 X66.341 Y133.579 E999.2385
G1 F863.6 X66.297 Y133.919 E999.25549
G1 F862.2 X66.164 Y134.239 E999.27269
G1 F857.8 X65.955 Y134.514 E999.28993
G1 F855 X65.691 Y134.718 E999.30663
G1 X65.384 Y134.846 E999.32328
G1 F853.6 X65.04 Y134.891 E999.34067
G1 F852.2 X64.706 Y134.848 E999.35758
G1 F853.6 X64.397 Y134.719 E999.37437
G1 F855 X64.128 Y134.512 E999.39136
G1 F856.4 X63.921 Y134.24 E999.40845
G1 F860.7 X63.788 Y133.92 E999.42568
G1 F863.6 X63.745 Y133.579 E999.44271
G1 X63.788 Y133.24 E999.45964
M204 S1000
G1 F1500 E998.45964
G0 F9000 X99.288 Y154.461
M204 S2000
G1 F1500 E999.45964
G1 F860.7 X99.422 Y154.139 E999.47699
G1 F856.4 X99.628 Y153.871 E999.49388
G1 F855 X99.894 Y153.664 E999.51075
G1 X100.204 Y153.535 E999.52756
G1 F856.4 X100.543 Y153.49 E999.54465
G1 X100.882 Y153.535 E999.56174
G1 X101.192 Y153.664 E999.57852
G1 F857.8 X101.457 Y153.87 E999.59526
G1 F859.3 X101.663 Y154.14 E999.61218
G1 F860.7 X101.797 Y154.461 E999.62947
G1 F862.2 X101.841 Y154.8 E999.64644
G1 F865 X101.794 Y155.153 E999.66406
G1 F863.6 X101.663 Y155.466 E999.68088
G1 F859.3 X101.46 Y155.731 E999.6975
G1 F856.4 X101.19 Y155.94 E999.71457
G1 F855 X100.884 Y156.069 E999.73119
G1 F853.6 X100.537 Y156.114 E999.74873
G1 F855 X100.21 Y156.07 E999.76525
G1 F856.4 X99.893 Y155.939 E999.78239
G1 X99.63 Y155.735 E999.79902
G1 F857.8 X99.42 Y155.461 E999.81625
G1 F860.7 X99.288 Y155.143 E999.83337
G1 F863.6 X99.245 Y154.801 E999.85045
G1 X99.288 Y154.461 E999.86743
M204 S1000
G1 F1500 E998.86743
G0 F9000 X169.245 Y130.042
M204 S2000
G1 F1500 E999.86743
G1 F863.6 X169.288 Y129.703 E999.88437
G1 X169.422 Y129.381 E999.90165
G1 F859.3 X169.627 Y129.111 E999.91854
G1 F857.8 X169.894 Y128.906 E999.93533
G1 F859.3 X170.205 Y128.775 E999.95214
G1 F856.4 X170.546 Y128.731 E999.96932
G1 F855 X170.881 Y128.774 E999.98623
G1 F856.4 X171.192 Y128.905 E1000.00309
G1 F859.3 X171.458 Y129.11 E1000.01982
G1 F860.7 X171.663 Y129.379 E1000.03664
G1 X171.797 Y129.701 E1000.05398
G1 F862.2 X171.841 Y130.042 E1000.07105
G1 F865 X171.797 Y130.384 E1000.0881
G1 F863.6 X171.664 Y130.703 E1000.10523
G1 F859.3 X171.459 Y130.972 E1000.12208
G1 F856.4 X171.189 Y131.18 E1000.13911
G1 F855 X170.881 Y131.31 E1000.15584
G1 F853.6 X170.54 Y131.354 E1000.17308
G1 F852.2 X170.205 Y131.311 E1000.19005
G1 F853.6 X169.897 Y131.181 E1000.20681
G1 F855 X169.627 Y130.973 E1000.22387
G1 F857.8 X169.421 Y130.704 E1000.24077
G1 F860.7 X169.288 Y130.384 E1000.258
G1 F862.2 X169.245 Y130.042 E1000.27512
M204 S1000
G1 F1500 E999.27512
G0 F9000 X184.788 Y89.453
M204 S2000
G1 F1500 E1000.27512
G1 F863.6 X184.745 Y89.112 E1000.29215
G1 X184.788 Y88.772 E1000.30913
G1 F862.2 X184.922 Y88.45 E1000.32645
G1 F859.3 X185.129 Y88.18 E1000.34339
G1 F857.8 X185.395 Y87.974 E1000.36018
G1 X185.702 Y87.846 E1000.37677
G1 X186.043 Y87.801 E1000.39393
G1 F856.4 X186.384 Y87.846 E1000.41112
G1 F855 X186.691 Y87.974 E1000.42777
G1 X186.957 Y88.18 E1000.44461
G1 F857.8 X187.163 Y88.449 E1000.46151
G1 F860.7 X187.297 Y88.771 E1000.47886
G1 F862.2 X187.341 Y89.112 E1000.49592
G1 F863.6 X187.297 Y89.453 E1000.51296
G1 X187.163 Y89.776 E1000.53029
G1 F860.7 X186.957 Y90.045 E1000.54714
G1 F856.4 X186.691 Y90.251 E1000.56395
G1 F855 X186.384 Y90.379 E1000.5806
G1 X186.043 Y90.424 E1000.59782
G1 F856.4 X185.702 Y90.379 E1000.61501
G1 F857.8 X185.395 Y90.251 E1000.6316
G1 X185.129 Y90.045 E1000.64839
G1 F859.3 X184.922 Y89.775 E1000.66533
G1 F862.2 X184.788 Y89.453 E1000.68265
M204 S1000
G1 F1500 E999.68265
G0 F9000 X115.289 Y73.285
M204 S2000
G1 F1500 E1000.68265
G1 F863.6 X115.245 Y72.943 E1000.69973
G1 X115.288 Y72.603 E1000.71672
G1 X115.422 Y72.281 E1000.734
G1 F860.7 X115.626 Y72.014 E1000.75071
G1 F857.8 X115.896 Y71.805 E1000.76774
G1 X116.204 Y71.676 E1000.7844
G1 F856.4 X116.545 Y71.632 E1000.80159
G1 X116.881 Y71.675 E1000.81851
G1 F857.8 X117.189 Y71.805 E1000.83519
G1 X117.46 Y72.013 E1000.85224
G1 F859.3 X117.663 Y72.28 E1000.86894
G1 F860.7 X117.797 Y72.602 E1000.88628
G1 F862.2 X117.841 Y72.943 E1000.90335
G1 F863.6 X117.797 Y73.284 E1000.92039
G1 X117.664 Y73.605 E1000.93761
G1 F859.3 X117.457 Y73.874 E1000.95452
G1 F855 X117.192 Y74.08 E1000.97132
G1 F856.4 X116.881 Y74.211 E1000.98818
G1 F855 X116.54 Y74.255 E1001.00539
G1 F852.2 X116.205 Y74.212 E1001.02236
G1 F853.6 X115.894 Y74.081 E1001.03928
G1 X115.628 Y73.875 E1001.05615
G1 F856.4 X115.422 Y73.606 E1001.07308
G1 F862.2 X115.289 Y73.285 E1001.09033
M204 S1000
G1 F1500 E1000.09033
;MESH:NONMESH
G0 F600 X115.289 Y73.285 Z9
G0 F9000 X48.128 Y73.341
;TIME_ELAPSED:7938.453525
;LAYER:44
M204 S2000
;TYPE:WALL-OUTER
;MESH:Bottom_Standoffs.stl
G1 F1500 E1001.09033
G1 F857.9 X47.923 Y73.072 E1001.1072
G1 F862.2 X47.788 Y72.75 E1001.12453
G1 F863.6 X47.745 Y72.408 E1001.14161
G1 X47.789 Y72.068 E1001.1586
G1 F862.2 X47.921 Y71.747 E1001.17583
G1 F859.3 X48.125 Y71.48 E1001.19257
G1 F857.9 X48.397 Y71.27 E1001.20971
G1 F859.3 X48.703 Y71.142 E1001.22623
G1 F860.8 X49.045 Y71.097 E1001.24339
G1 F859.3 X49.383 Y71.141 E1001.26036
G1 F856.5 X49.691 Y71.27 E1001.27705
G1 F855 X49.957 Y71.476 E1001.29389
G1 F857.9 X50.164 Y71.747 E1001.3109
G1 F862.2 X50.297 Y72.066 E1001.32806
G1 F863.6 X50.341 Y72.408 E1001.34515
G1 X50.297 Y72.749 E1001.36219
G1 X50.163 Y73.072 E1001.37952
G1 F860.8 X49.957 Y73.341 E1001.39636
G1 F856.5 X49.691 Y73.547 E1001.41318
G1 F855 X49.384 Y73.675 E1001.42983
G1 X49.04 Y73.72 E1001.44719
G1 X48.706 Y73.677 E1001.46405
G1 X48.395 Y73.548 E1001.4809
G1 X48.128 Y73.341 E1001.49782
M204 S1000
G1 F1500 E1000.49782
G0 F9000 X47.906 Y74.389
G0 X63.076 Y132.411
G0 X63.789 Y133.21
M204 S2000
G1 F1500 E1001.49782
G1 F862.2 X63.92 Y132.891 E1001.51493
G1 F857.9 X64.13 Y132.616 E1001.5322
G1 F855 X64.395 Y132.412 E1001.54894
G1 F856.5 X64.702 Y132.284 E1001.56556
G1 F857.9 X65.045 Y132.239 E1001.58282
G1 F855 X65.382 Y132.283 E1001.59983
G1 F853.6 X65.691 Y132.411 E1001.6166
G1 F856.5 X65.955 Y132.615 E1001.63327
G1 F859.3 X66.165 Y132.89 E1001.65051
G1 F862.2 X66.297 Y133.208 E1001.6676
G1 F863.6 X66.341 Y133.55 E1001.68469
G1 X66.297 Y133.891 E1001.70173
G1 F862.2 X66.163 Y134.213 E1001.71904
G1 F859.3 X65.957 Y134.482 E1001.73591
G1 F857.9 X65.692 Y134.688 E1001.75266
G1 F856.5 X65.382 Y134.817 E1001.76944
G1 F853.6 X65.041 Y134.862 E1001.78669
G1 F852.2 X64.704 Y134.818 E1001.80375
G1 X64.395 Y134.69 E1001.82055
G1 F853.6 X64.129 Y134.482 E1001.83748
G1 F856.5 X63.923 Y134.214 E1001.85437
G1 F860.8 X63.788 Y133.891 E1001.87178
G1 F863.6 X63.745 Y133.55 E1001.88881
G1 X63.789 Y133.21 E1001.90581
M204 S1000
G1 F1500 E1000.90581
G0 F9000 X99.288 Y154.432
M204 S2000
G1 F1500 E1001.90581
G1 F860.8 X99.422 Y154.11 E1001.92315
G1 F857.9 X99.628 Y153.841 E1001.94005
G1 X99.894 Y153.635 E1001.95684
G1 X100.204 Y153.505 E1001.97361
G1 X100.543 Y153.461 E1001.99066
G1 X100.882 Y153.505 E1002.00772
G1 X101.192 Y153.635 E1002.02449
G1 X101.457 Y153.841 E1002.04123
G1 F859.3 X101.663 Y154.111 E1002.05815
G1 F860.8 X101.797 Y154.432 E1002.07544
G1 F862.2 X101.841 Y154.772 E1002.09246
G1 F863.6 X101.797 Y155.113 E1002.1095
G1 X101.663 Y155.436 E1002.12683
G1 F860.8 X101.457 Y155.705 E1002.14368
G1 F857.9 X101.191 Y155.912 E1002.16049
G1 F856.5 X100.882 Y156.04 E1002.17721
G1 F853.6 X100.53 Y156.085 E1002.195
G1 F855 X100.204 Y156.04 E1002.21147
G1 F857.9 X99.894 Y155.91 E1002.22825
G1 X99.628 Y155.704 E1002.24503
G1 F859.3 X99.422 Y155.435 E1002.26191
G1 F862.2 X99.288 Y155.113 E1002.27922
G1 F863.6 X99.245 Y154.772 E1002.29625
G1 X99.288 Y154.432 E1002.31324
M204 S1000
G1 F1500 E1001.31324
G0 F9000 X169.245 Y130.012
M204 S2000
G1 F1500 E1002.31324
G1 F863.6 X169.288 Y129.674 E1002.33012
G1 F862.2 X169.422 Y129.351 E1002.34748
G1 F859.3 X169.627 Y129.082 E1002.36433
G1 F857.9 X169.894 Y128.875 E1002.38118
G1 X170.204 Y128.745 E1002.39795
G1 X170.545 Y128.701 E1002.41511
G1 X170.88 Y128.744 E1002.43196
G1 X171.192 Y128.875 E1002.44884
G1 F859.3 X171.458 Y129.081 E1002.46559
G1 F860.8 X171.663 Y129.35 E1002.48241
G1 X171.797 Y129.672 E1002.49975
G1 F862.2 X171.841 Y130.012 E1002.51677
G1 F863.6 X171.797 Y130.353 E1002.53381
G1 X171.663 Y130.676 E1002.55114
G1 F862.2 X171.458 Y130.945 E1002.56793
G1 F857.9 X171.192 Y131.15 E1002.58469
G1 F856.5 X170.881 Y131.281 E1002.60155
G1 F855 X170.54 Y131.325 E1002.61876
G1 F852.2 X170.205 Y131.282 E1002.63572
G1 F853.6 X169.894 Y131.151 E1002.65264
G1 F855 X169.628 Y130.945 E1002.66948
G1 F857.9 X169.422 Y130.676 E1002.68639
G1 F862.2 X169.289 Y130.354 E1002.70368
G1 F863.6 X169.245 Y130.012 E1002.72077
M204 S1000
G1 F1500 E1001.72077
G0 F9000 X184.788 Y89.424
M204 S2000
G1 F1500 E1002.72077
G1 F863.6 X184.745 Y89.083 E1002.7378
G1 X184.788 Y88.742 E1002.75484
G1 F862.2 X184.922 Y88.421 E1002.7721
G1 F859.3 X185.129 Y88.151 E1002.78905
G1 F857.9 X185.395 Y87.945 E1002.80583
G1 X185.702 Y87.817 E1002.82243
G1 X186.043 Y87.772 E1002.83959
G1 F856.5 X186.384 Y87.817 E1002.85678
G1 F855 X186.691 Y87.945 E1002.87343
G1 F856.5 X186.957 Y88.151 E1002.89024
G1 F859.3 X187.163 Y88.421 E1002.90715
G1 F860.8 X187.297 Y88.742 E1002.92445
G1 F862.2 X187.341 Y89.083 E1002.94152
G1 F863.6 X187.297 Y89.424 E1002.95856
G1 F862.2 X187.163 Y89.746 E1002.97587
G1 F860.8 X186.96 Y90.013 E1002.99255
G1 X186.69 Y90.222 E1003.00953
G1 F857.9 X186.381 Y90.351 E1003.02623
G1 F855 X186.043 Y90.395 E1003.04329
G1 F856.5 X185.704 Y90.351 E1003.06038
G1 F857.9 X185.396 Y90.222 E1003.07704
G1 X185.126 Y90.013 E1003.09407
G1 F859.3 X184.922 Y89.746 E1003.11081
G1 F862.2 X184.788 Y89.424 E1003.12812
M204 S1000
G1 F1500 E1002.12812
G0 F9000 X115.288 Y73.255
M204 S2000
G1 F1500 E1003.12812
G1 F863.6 X115.245 Y72.913 E1003.1452
G1 X115.288 Y72.574 E1003.16214
G1 F862.2 X115.422 Y72.252 E1003.17945
G1 F860.8 X115.626 Y71.985 E1003.19616
G1 F859.3 X115.896 Y71.775 E1003.21319
G1 F857.9 X116.204 Y71.646 E1003.22985
G1 X116.545 Y71.602 E1003.24701
G1 X116.881 Y71.645 E1003.26391
G1 X117.189 Y71.775 E1003.28059
G1 X117.46 Y71.984 E1003.29766
G1 F859.3 X117.663 Y72.251 E1003.31437
G1 F860.8 X117.797 Y72.572 E1003.33166
G1 F862.2 X117.841 Y72.913 E1003.34873
G1 F863.6 X117.797 Y73.254 E1003.36577
G1 X117.663 Y73.577 E1003.3831
G1 F860.8 X117.457 Y73.846 E1003.39995
G1 F856.5 X117.191 Y74.052 E1003.41676
G1 X116.883 Y74.181 E1003.43345
G1 X116.543 Y74.226 E1003.45059
G1 F855 X116.202 Y74.181 E1003.4678
G1 X115.895 Y74.053 E1003.48445
G1 X115.629 Y73.847 E1003.50129
G1 F856.5 X115.422 Y73.577 E1003.5183
G1 F860.8 X115.288 Y73.255 E1003.53564
M204 S1000
G1 F1500 E1002.53564
;MESH:NONMESH
G0 F600 X115.288 Y73.255 Z9.2
G0 F9000 X48.127 Y73.309
;TIME_ELAPSED:7945.923534
;LAYER:45
M204 S2000
;TYPE:WALL-OUTER
;MESH:Bottom_Standoffs.stl
G1 F1500 E1003.53564
G1 F859.3 X47.922 Y73.042 E1003.5524
G1 F862.2 X47.788 Y72.721 E1003.56967
G1 F863.6 X47.745 Y72.379 E1003.58675
G1 X47.789 Y72.039 E1003.60374
G1 F862.2 X47.922 Y71.717 E1003.62104
G1 F859.3 X48.125 Y71.451 E1003.6377
G1 F857.9 X48.396 Y71.241 E1003.65481
G1 X48.705 Y71.112 E1003.67151
G1 F856.4 X49.046 Y71.068 E1003.6887
G1 F855 X49.381 Y71.111 E1003.7056
G1 F856.4 X49.692 Y71.242 E1003.72247
G1 F857.9 X49.957 Y71.447 E1003.73918
G1 F860.7 X50.164 Y71.717 E1003.7561
G1 F862.2 X50.297 Y72.038 E1003.77335
G1 X50.341 Y72.379 E1003.79042
G1 F863.6 X50.297 Y72.72 E1003.80745
G1 F862.2 X50.163 Y73.042 E1003.82477
G1 F860.7 X49.96 Y73.309 E1003.84145
G1 F857.9 X49.689 Y73.517 E1003.85849
G1 F855 X49.381 Y73.647 E1003.87522
G1 F853.6 X49.04 Y73.691 E1003.89246
G1 F852.2 X48.705 Y73.648 E1003.90943
G1 F853.6 X48.397 Y73.518 E1003.92619
G1 F856.4 X48.127 Y73.309 E1003.94325
M204 S1000
G1 F1500 E1002.94325
G0 F9000 X47.906 Y74.359
G0 X63.076 Y132.381
G0 X63.789 Y133.181
M204 S2000
G1 F1500 E1003.94325
G1 F862.2 X63.922 Y132.859 E1003.96054
G1 F859.3 X64.128 Y132.59 E1003.97742
G1 F856.4 X64.394 Y132.384 E1003.99423
G1 F855 X64.705 Y132.253 E1004.01113
G1 X65.046 Y132.209 E1004.02834
G1 X65.381 Y132.252 E1004.04524
G1 X65.691 Y132.383 E1004.06209
G1 X65.957 Y132.589 E1004.07893
G1 F857.9 X66.163 Y132.857 E1004.09579
G1 F860.7 X66.297 Y133.179 E1004.11314
G1 F862.2 X66.341 Y133.52 E1004.1302
G1 F863.6 X66.297 Y133.861 E1004.14724
G1 X66.163 Y134.184 E1004.16457
G1 F862.2 X65.958 Y134.453 E1004.18136
G1 F857.9 X65.692 Y134.658 E1004.19812
G1 F856.4 X65.381 Y134.789 E1004.21498
G1 F855 X65.04 Y134.833 E1004.23219
G1 F852.2 X64.705 Y134.79 E1004.24915
G1 F853.6 X64.394 Y134.659 E1004.26607
G1 F855 X64.128 Y134.453 E1004.28292
G1 F857.9 X63.923 Y134.184 E1004.29979
G1 F862.2 X63.788 Y133.862 E1004.31712
G1 F863.6 X63.745 Y133.52 E1004.3342
G1 X63.789 Y133.181 E1004.35114
M204 S1000
G1 F1500 E1003.35114
G0 F9000 X99.288 Y154.403
M204 S2000
G1 F1500 E1004.35114
G1 F860.7 X99.422 Y154.081 E1004.36849
G1 F857.9 X99.629 Y153.811 E1004.38546
G1 X99.895 Y153.605 E1004.40225
G1 X100.202 Y153.477 E1004.41884
G1 X100.543 Y153.432 E1004.436
G1 F856.4 X100.884 Y153.477 E1004.45319
G1 F855 X101.191 Y153.605 E1004.46984
G1 X101.457 Y153.811 E1004.48668
G1 F857.9 X101.663 Y154.08 E1004.50358
G1 F860.7 X101.797 Y154.402 E1004.52092
G1 F862.2 X101.841 Y154.743 E1004.53799
G1 F863.6 X101.797 Y155.084 E1004.55503
G1 X101.663 Y155.407 E1004.57236
G1 F860.7 X101.457 Y155.676 E1004.58921
G1 F856.4 X101.191 Y155.882 E1004.60602
G1 F855 X100.884 Y156.01 E1004.62267
G1 X100.543 Y156.055 E1004.63989
G1 F856.4 X100.202 Y156.01 E1004.65708
G1 F855 X99.895 Y155.882 E1004.67373
G1 F853.6 X99.629 Y155.676 E1004.6906
G1 F857.9 X99.422 Y155.406 E1004.70757
G1 F862.2 X99.288 Y155.084 E1004.72488
G1 F863.6 X99.245 Y154.743 E1004.74192
G1 X99.288 Y154.403 E1004.7589
M204 S1000
G1 F1500 E1003.7589
G0 F9000 X169.245 Y129.983
M204 S2000
G1 F1500 E1004.7589
G1 F863.6 X169.288 Y129.644 E1004.77583
G1 F862.2 X169.422 Y129.322 E1004.79315
G1 F859.3 X169.628 Y129.052 E1004.81006
G1 F857.9 X169.895 Y128.845 E1004.82692
G1 X170.202 Y128.717 E1004.84351
G1 F859.3 X170.545 Y128.672 E1004.86074
G1 X170.883 Y128.716 E1004.87772
G1 F857.9 X171.191 Y128.844 E1004.89436
G1 F856.4 X171.457 Y129.051 E1004.9112
G1 F857.9 X171.663 Y129.32 E1004.92811
G1 F860.7 X171.797 Y129.642 E1004.94545
G1 F862.2 X171.841 Y129.983 E1004.96252
G1 F863.6 X171.797 Y130.324 E1004.97956
G1 X171.663 Y130.647 E1004.99689
G1 F862.2 X171.458 Y130.916 E1005.01367
G1 F857.9 X171.192 Y131.121 E1005.03043
G1 F856.4 X170.881 Y131.252 E1005.04729
G1 F855 X170.54 Y131.296 E1005.0645
G1 F852.2 X170.205 Y131.253 E1005.08147
G1 F853.6 X169.894 Y131.122 E1005.09839
G1 F855 X169.628 Y130.916 E1005.11523
G1 F857.9 X169.423 Y130.647 E1005.1321
G1 F862.2 X169.288 Y130.325 E1005.14943
G1 F863.6 X169.245 Y129.983 E1005.16652
M204 S1000
G1 F1500 E1004.16652
G0 F9000 X184.788 Y89.395
M204 S2000
G1 F1500 E1005.16652
G1 F863.6 X184.745 Y89.054 E1005.18355
G1 X184.789 Y88.713 E1005.20059
G1 F862.2 X184.922 Y88.392 E1005.21784
G1 F859.3 X185.128 Y88.123 E1005.23471
G1 F856.4 X185.394 Y87.917 E1005.25153
G1 F855 X185.705 Y87.786 E1005.26842
G1 F856.4 X186.043 Y87.742 E1005.28545
G1 F857.9 X186.381 Y87.786 E1005.30246
G1 X186.692 Y87.917 E1005.31929
G1 X186.957 Y88.122 E1005.33601
G1 F860.7 X187.164 Y88.392 E1005.35292
G1 F862.2 X187.297 Y88.713 E1005.37017
G1 X187.341 Y89.054 E1005.38724
G1 F863.6 X187.297 Y89.395 E1005.40428
G1 F862.2 X187.163 Y89.717 E1005.42159
G1 F857.9 X186.959 Y89.983 E1005.43832
G1 F855 X186.689 Y90.192 E1005.45541
G1 X186.381 Y90.322 E1005.47214
G1 X186.043 Y90.366 E1005.4892
G1 X185.704 Y90.322 E1005.50632
G1 X185.396 Y90.192 E1005.52305
G1 F856.4 X185.127 Y89.983 E1005.54007
G1 F859.3 X184.922 Y89.717 E1005.5568
G1 F862.2 X184.788 Y89.395 E1005.57411
M204 S1000
G1 F1500 E1004.57411
G0 F9000 X115.288 Y73.226
M204 S2000
G1 F1500 E1005.57411
G1 F863.6 X115.245 Y72.884 E1005.5912
G1 X115.288 Y72.545 E1005.60813
G1 F862.2 X115.422 Y72.223 E1005.62544
G1 F859.3 X115.628 Y71.953 E1005.64236
G1 F857.9 X115.895 Y71.746 E1005.65921
G1 X116.202 Y71.618 E1005.67581
G1 F859.3 X116.545 Y71.573 E1005.69304
G1 X116.883 Y71.617 E1005.71002
G1 F857.9 X117.191 Y71.745 E1005.72666
G1 F856.4 X117.457 Y71.952 E1005.7435
G1 F857.9 X117.663 Y72.221 E1005.7604
G1 F860.7 X117.797 Y72.543 E1005.77774
G1 F862.2 X117.841 Y72.884 E1005.79481
G1 F863.6 X117.797 Y73.225 E1005.81185
G1 X117.663 Y73.548 E1005.82918
G1 F860.7 X117.457 Y73.817 E1005.84603
G1 F856.4 X117.191 Y74.023 E1005.86284
G1 F855 X116.884 Y74.151 E1005.87949
G1 X116.54 Y74.196 E1005.89686
G1 X116.206 Y74.153 E1005.91371
G1 X115.895 Y74.024 E1005.93057
G1 X115.628 Y73.817 E1005.94748
G1 F857.9 X115.423 Y73.548 E1005.96435
G1 F862.2 X115.288 Y73.226 E1005.98169
M204 S1000
G1 F1500 E1004.98169
;MESH:NONMESH
G0 F600 X115.288 Y73.226 Z9.4
G0 F9000 X48.127 Y73.28
;TIME_ELAPSED:7953.394616
;LAYER:46
M204 S2000
;TYPE:WALL-OUTER
;MESH:Bottom_Standoffs.stl
G1 F1500 E1005.98169
G1 F857.8 X47.922 Y73.014 E1005.99844
G1 F859.3 X47.789 Y72.692 E1006.01579
G1 F862.1 X47.745 Y72.35 E1006.03291
G1 F863.6 X47.788 Y72.01 E1006.04989
G1 X47.922 Y71.689 E1006.06713
G1 F860.7 X48.125 Y71.422 E1006.08381
G1 F857.8 X48.396 Y71.212 E1006.10091
G1 F859.3 X48.705 Y71.083 E1006.11759
G1 F857.8 X49.046 Y71.039 E1006.13474
G1 F855 X49.381 Y71.082 E1006.15165
G1 F856.4 X49.692 Y71.213 E1006.16852
G1 F857.8 X49.957 Y71.418 E1006.18523
G1 F859.3 X50.163 Y71.688 E1006.20215
G1 F860.7 X50.297 Y72.009 E1006.21944
G1 F862.1 X50.341 Y72.35 E1006.23651
G1 F863.6 X50.297 Y72.691 E1006.25355
G1 F862.1 X50.163 Y73.013 E1006.27086
G1 F860.7 X49.96 Y73.28 E1006.28754
G1 F857.8 X49.689 Y73.488 E1006.30458
G1 F855 X49.381 Y73.618 E1006.32132
G1 F853.6 X49.04 Y73.662 E1006.33856
G1 F852.2 X48.705 Y73.619 E1006.35552
G1 F853.6 X48.397 Y73.489 E1006.37228
G1 F856.4 X48.127 Y73.28 E1006.38935
M204 S1000
G1 F1500 E1005.38935
G0 F9000 X47.906 Y74.33
G0 X63.076 Y132.352
G0 X63.788 Y133.152
M204 S2000
G1 F1500 E1006.38935
G1 F862.1 X63.922 Y132.83 E1006.40666
G1 F859.3 X64.128 Y132.561 E1006.42353
G1 F856.4 X64.394 Y132.355 E1006.44035
G1 X64.705 Y132.224 E1006.45721
G1 X65.046 Y132.18 E1006.47439
G1 F855 X65.381 Y132.223 E1006.4913
G1 X65.691 Y132.354 E1006.50815
G1 X65.957 Y132.56 E1006.52499
G1 F857.8 X66.163 Y132.828 E1006.54185
G1 F860.7 X66.297 Y133.15 E1006.55919
G1 F862.1 X66.341 Y133.491 E1006.57626
G1 F863.6 X66.297 Y133.832 E1006.5933
G1 X66.163 Y134.155 E1006.61063
G1 F862.1 X65.958 Y134.424 E1006.62742
G1 F857.8 X65.692 Y134.629 E1006.64417
G1 F853.6 X65.38 Y134.759 E1006.66112
G1 F852.2 X65.04 Y134.803 E1006.67834
G1 X64.706 Y134.76 E1006.69525
G1 F853.6 X64.394 Y134.63 E1006.7122
G1 F855 X64.128 Y134.424 E1006.72904
G1 F857.8 X63.923 Y134.155 E1006.74591
G1 F862.1 X63.788 Y133.833 E1006.76325
G1 F863.6 X63.745 Y133.491 E1006.78033
G1 X63.788 Y133.152 E1006.79726
M204 S1000
G1 F1500 E1005.79726
G0 F9000 X99.288 Y154.373
M204 S2000
G1 F1500 E1006.79726
G1 F862.1 X99.422 Y154.052 E1006.81453
G1 F857.8 X99.625 Y153.785 E1006.83126
G1 F856.4 X99.897 Y153.575 E1006.84844
G1 X100.205 Y153.446 E1006.86512
G1 X100.543 Y153.402 E1006.88216
G1 F857.8 X100.881 Y153.446 E1006.89916
G1 X101.192 Y153.577 E1006.916
G1 F856.4 X101.457 Y153.782 E1006.93274
G1 F857.8 X101.664 Y154.053 E1006.94975
G1 F862.1 X101.797 Y154.372 E1006.96691
G1 F863.6 X101.841 Y154.714 E1006.984
G1 X101.797 Y155.055 E1007.00104
G1 F862.1 X101.663 Y155.377 E1007.01835
G1 F860.7 X101.46 Y155.644 E1007.03503
G1 F857.8 X101.189 Y155.852 E1007.05207
G1 F855 X100.88 Y155.982 E1007.06885
G1 X100.543 Y156.026 E1007.08587
G1 X100.204 Y155.982 E1007.10298
G1 X99.896 Y155.853 E1007.11969
G1 F856.4 X99.627 Y155.644 E1007.13672
G1 F859.3 X99.422 Y155.377 E1007.15348
G1 F862.1 X99.288 Y155.055 E1007.1708
G1 F863.6 X99.245 Y154.714 E1007.18783
G1 X99.288 Y154.373 E1007.20486
M204 S1000
G1 F1500 E1006.20486
G0 F9000 X169.245 Y129.954
M204 S2000
G1 F1500 E1007.20486
G1 F862.1 X169.288 Y129.615 E1007.22182
G1 X169.422 Y129.293 E1007.23914
G1 F859.3 X169.627 Y129.023 E1007.25602
G1 F857.8 X169.894 Y128.818 E1007.27282
G1 F859.3 X170.205 Y128.687 E1007.28962
G1 F856.4 X170.546 Y128.643 E1007.30681
G1 F855 X170.881 Y128.686 E1007.32371
G1 F856.4 X171.192 Y128.817 E1007.34058
G1 F859.3 X171.458 Y129.022 E1007.3573
G1 F860.7 X171.663 Y129.291 E1007.37412
G1 X171.797 Y129.613 E1007.39146
G1 F862.1 X171.841 Y129.954 E1007.40853
G1 F863.6 X171.797 Y130.295 E1007.42557
G1 F862.1 X171.663 Y130.617 E1007.44288
G1 F860.7 X171.46 Y130.884 E1007.45956
G1 F859.3 X171.189 Y131.093 E1007.47661
G1 F856.4 X170.88 Y131.223 E1007.49336
G1 F853.6 X170.541 Y131.267 E1007.5105
G1 X170.206 Y131.223 E1007.52744
G1 F857.8 X169.9 Y131.095 E1007.54399
G1 F859.3 X169.624 Y130.882 E1007.56135
G1 F857.8 X169.422 Y130.618 E1007.57794
G1 F860.7 X169.288 Y130.296 E1007.59528
G1 F863.6 X169.245 Y129.954 E1007.61236
M204 S1000
G1 F1500 E1006.61236
G0 F9000 X184.788 Y89.366
M204 S2000
G1 F1500 E1007.61236
G1 F863.6 X184.745 Y89.025 E1007.62939
G1 X184.789 Y88.684 E1007.64643
G1 X184.921 Y88.365 E1007.66354
G1 F859.3 X185.126 Y88.095 E1007.68043
G1 F855 X185.399 Y87.885 E1007.69767
G1 X185.705 Y87.757 E1007.71427
G1 F856.4 X186.043 Y87.713 E1007.73131
G1 F857.8 X186.38 Y87.757 E1007.74826
G1 X186.687 Y87.886 E1007.76487
G1 X186.959 Y88.095 E1007.78199
G1 F859.3 X187.167 Y88.368 E1007.79908
G1 F862.1 X187.296 Y88.68 E1007.81584
G1 F863.6 X187.341 Y89.025 E1007.83308
G1 X187.297 Y89.366 E1007.85012
G1 X187.164 Y89.687 E1007.86734
G1 F860.7 X186.957 Y89.957 E1007.88426
G1 F856.4 X186.691 Y90.163 E1007.90107
G1 X186.383 Y90.292 E1007.91776
G1 X186.043 Y90.337 E1007.9349
G1 X185.703 Y90.292 E1007.95204
G1 F857.8 X185.395 Y90.163 E1007.9687
G1 F856.4 X185.128 Y89.956 E1007.98558
G1 F859.3 X184.922 Y89.687 E1008.00246
G1 F863.6 X184.788 Y89.366 E1008.01969
M204 S1000
G1 F1500 E1007.01969
G0 F9000 X115.288 Y73.197
M204 S2000
G1 F1500 E1008.01969
G1 F863.6 X115.245 Y72.855 E1008.03678
G1 X115.289 Y72.515 E1008.05377
G1 F862.1 X115.421 Y72.194 E1008.071
G1 F859.3 X115.625 Y71.927 E1008.08773
G1 F857.8 X115.897 Y71.717 E1008.10488
G1 X116.203 Y71.589 E1008.12142
G1 F859.3 X116.545 Y71.544 E1008.1386
G1 X116.883 Y71.588 E1008.15558
G1 F856.4 X117.191 Y71.717 E1008.17227
G1 F855 X117.457 Y71.923 E1008.18911
G1 F857.8 X117.664 Y72.194 E1008.20612
G1 F862.1 X117.797 Y72.513 E1008.22328
G1 F863.6 X117.841 Y72.855 E1008.24037
G1 X117.797 Y73.196 E1008.25741
G1 F862.1 X117.663 Y73.517 E1008.27467
G1 F859.3 X117.457 Y73.787 E1008.29159
G1 F857.8 X117.192 Y73.993 E1008.30834
G1 X116.882 Y74.123 E1008.32511
G1 F856.4 X116.541 Y74.167 E1008.34229
G1 X116.203 Y74.123 E1008.35932
G1 X115.895 Y73.995 E1008.37599
G1 F855 X115.628 Y73.788 E1008.3929
G1 F856.4 X115.422 Y73.519 E1008.40983
G1 F860.7 X115.288 Y73.197 E1008.42718
M204 S1000
G1 F1500 E1007.42718
;MESH:NONMESH
G0 F600 X115.288 Y73.197 Z9.6
G0 F9000 X48.128 Y73.253
;TIME_ELAPSED:7960.865017
;LAYER:47
M204 S2000
;TYPE:WALL-OUTER
;MESH:Bottom_Standoffs.stl
G1 F1500 E1008.42718
G1 F857.8 X47.922 Y72.984 E1008.44408
G1 F862.1 X47.789 Y72.662 E1008.46137
G1 F863.6 X47.745 Y72.32 E1008.47846
G1 X47.788 Y71.981 E1008.4954
G1 F862.1 X47.922 Y71.659 E1008.51271
G1 F859.3 X48.127 Y71.39 E1008.52955
G1 F857.8 X48.394 Y71.183 E1008.54641
G1 X48.704 Y71.053 E1008.56318
G1 X49.045 Y71.009 E1008.58033
G1 X49.38 Y71.052 E1008.59718
G1 X49.692 Y71.183 E1008.61407
G1 X49.957 Y71.389 E1008.63081
G1 F859.3 X50.163 Y71.659 E1008.64773
G1 F860.7 X50.297 Y71.98 E1008.66502
G1 F862.1 X50.341 Y72.32 E1008.68204
G1 F863.6 X50.297 Y72.661 E1008.69908
G1 X50.163 Y72.984 E1008.71641
G1 F860.7 X49.957 Y73.253 E1008.73326
G1 F856.4 X49.691 Y73.459 E1008.75007
G1 F855 X49.384 Y73.587 E1008.76672
G1 X49.04 Y73.632 E1008.78409
G1 X48.706 Y73.589 E1008.80094
G1 X48.395 Y73.459 E1008.81782
G1 X48.128 Y73.253 E1008.8347
M204 S1000
G1 F1500 E1007.8347
G0 F9000 X47.906 Y74.301
G0 X63.076 Y132.323
G0 X63.788 Y133.123
M204 S2000
G1 F1500 E1008.8347
G1 F862.1 X63.922 Y132.801 E1008.85201
G1 F857.8 X64.127 Y132.531 E1008.86892
G1 X64.394 Y132.326 E1008.88572
G1 F859.3 X64.705 Y132.195 E1008.90253
G1 F856.4 X65.046 Y132.151 E1008.91971
G1 F855 X65.381 Y132.194 E1008.93661
G1 F856.4 X65.692 Y132.325 E1008.95348
G1 F859.3 X65.958 Y132.53 E1008.97021
G1 F860.7 X66.163 Y132.799 E1008.98702
G1 X66.297 Y133.121 E1009.00437
G1 F862.1 X66.341 Y133.462 E1009.02143
G1 F863.6 X66.297 Y133.803 E1009.03847
G1 X66.163 Y134.126 E1009.0558
G1 F860.7 X65.957 Y134.395 E1009.07265
G1 F856.4 X65.691 Y134.601 E1009.08946
G1 F855 X65.384 Y134.729 E1009.10611
G1 F853.6 X65.04 Y134.774 E1009.12351
G1 F852.1 X64.706 Y134.731 E1009.14042
G1 F853.6 X64.395 Y134.601 E1009.15732
G1 F855 X64.128 Y134.395 E1009.1742
G1 F857.8 X63.923 Y134.126 E1009.19107
G1 F860.7 X63.788 Y133.804 E1009.20844
G1 F862.1 X63.745 Y133.462 E1009.22555
G1 F863.6 X63.788 Y133.123 E1009.24248
M204 S1000
G1 F1500 E1008.24248
G0 F9000 X99.288 Y154.344
M204 S2000
G1 F1500 E1009.24248
G1 F862.1 X99.422 Y154.023 E1009.25975
G1 F857.8 X99.625 Y153.756 E1009.27648
G1 F855 X99.896 Y153.546 E1009.29364
G1 X100.205 Y153.417 E1009.31041
G1 F856.4 X100.543 Y153.373 E1009.32744
G1 F857.8 X100.88 Y153.417 E1009.34439
G1 X101.192 Y153.548 E1009.36128
G1 F855 X101.457 Y153.754 E1009.37808
G1 F856.4 X101.663 Y154.023 E1009.39501
G1 F860.7 X101.797 Y154.344 E1009.41231
G1 F862.1 X101.841 Y154.685 E1009.42937
G1 F863.6 X101.797 Y155.026 E1009.44641
G1 F862.1 X101.663 Y155.348 E1009.46373
G1 F860.7 X101.46 Y155.615 E1009.4804
G1 F857.8 X101.189 Y155.823 E1009.49745
G1 F855 X100.88 Y155.953 E1009.51423
G1 X100.543 Y155.997 E1009.53124
G1 X100.204 Y155.953 E1009.54835
G1 X99.896 Y155.824 E1009.56507
G1 F856.4 X99.627 Y155.615 E1009.58209
G1 F857.8 X99.422 Y155.348 E1009.59888
G1 F860.7 X99.288 Y155.026 E1009.61623
G1 F863.6 X99.245 Y154.685 E1009.63326
G1 X99.288 Y154.344 E1009.65029
M204 S1000
G1 F1500 E1008.65029
G0 F9000 X169.245 Y129.925
M204 S2000
G1 F1500 E1009.65029
G1 F862.1 X169.288 Y129.586 E1009.66726
G1 X169.422 Y129.264 E1009.68457
G1 F859.3 X169.627 Y128.994 E1009.70145
G1 F857.8 X169.894 Y128.789 E1009.71825
G1 F859.3 X170.205 Y128.658 E1009.73506
G1 F856.4 X170.546 Y128.614 E1009.75224
G1 F855 X170.881 Y128.657 E1009.76914
G1 F856.4 X171.192 Y128.788 E1009.78601
G1 F859.3 X171.458 Y128.993 E1009.80274
G1 F860.7 X171.663 Y129.262 E1009.81955
G1 X171.797 Y129.584 E1009.83689
G1 F862.1 X171.841 Y129.925 E1009.85396
G1 F863.6 X171.797 Y130.266 E1009.871
G1 F862.1 X171.663 Y130.588 E1009.88831
G1 F860.7 X171.46 Y130.855 E1009.90499
G1 F857.8 X171.189 Y131.063 E1009.92204
G1 F855 X170.881 Y131.193 E1009.93877
G1 X170.543 Y131.238 E1009.95584
G1 X170.204 Y131.193 E1009.97296
G1 X169.897 Y131.064 E1009.98963
G1 F856.4 X169.627 Y130.855 E1010.00669
G1 F859.3 X169.422 Y130.588 E1010.02345
G1 F862.1 X169.288 Y130.267 E1010.04072
G1 F863.6 X169.245 Y129.925 E1010.0578
M204 S1000
G1 F1500 E1009.0578
G0 F9000 X184.788 Y89.336
M204 S2000
G1 F1500 E1010.0578
G1 F863.6 X184.745 Y88.995 E1010.07484
G1 X184.788 Y88.655 E1010.09182
G1 F862.1 X184.922 Y88.333 E1010.10913
G1 F857.8 X185.129 Y88.063 E1010.12611
G1 F853.6 X185.395 Y87.857 E1010.14298
G1 F855 X185.702 Y87.729 E1010.15963
G1 F857.8 X186.043 Y87.684 E1010.17679
G1 F856.4 X186.384 Y87.729 E1010.19398
G1 F855 X186.691 Y87.857 E1010.21062
G1 X186.957 Y88.063 E1010.22747
G1 F857.8 X187.163 Y88.332 E1010.24437
G1 F860.7 X187.297 Y88.654 E1010.26171
G1 F862.1 X187.341 Y88.995 E1010.27878
G1 F863.6 X187.297 Y89.336 E1010.29582
G1 X187.163 Y89.659 E1010.31315
G1 F860.7 X186.957 Y89.928 E1010.33
G1 F856.4 X186.691 Y90.134 E1010.34681
G1 F855 X186.384 Y90.262 E1010.36346
G1 X186.043 Y90.307 E1010.38068
G1 F856.4 X185.702 Y90.262 E1010.39786
G1 F857.8 X185.395 Y90.134 E1010.41446
G1 X185.129 Y89.928 E1010.43124
G1 F859.3 X184.922 Y89.658 E1010.44819
G1 F862.1 X184.788 Y89.336 E1010.4655
M204 S1000
G1 F1500 E1009.4655
G0 F9000 X115.288 Y73.168
M204 S2000
G1 F1500 E1010.4655
G1 F863.6 X115.245 Y72.826 E1010.48258
G1 X115.289 Y72.486 E1010.49957
G1 F862.1 X115.422 Y72.164 E1010.51687
G1 F857.8 X115.625 Y71.897 E1010.5336
G1 F855 X115.897 Y71.687 E1010.5508
G1 F856.4 X116.203 Y71.56 E1010.56736
G1 F857.8 X116.543 Y71.515 E1010.58447
G1 F856.4 X116.884 Y71.56 E1010.60166
G1 F855 X117.189 Y71.687 E1010.6182
G1 F856.4 X117.459 Y71.896 E1010.63526
G1 F859.3 X117.663 Y72.162 E1010.65196
G1 F860.7 X117.797 Y72.485 E1010.66934
G1 F862.1 X117.841 Y72.826 E1010.68641
G1 F863.6 X117.797 Y73.167 E1010.70345
G1 X117.664 Y73.488 E1010.72067
G1 F859.3 X117.457 Y73.757 E1010.73758
G1 F855 X117.192 Y73.963 E1010.75438
G1 F856.4 X116.881 Y74.094 E1010.77124
G1 F855 X116.54 Y74.138 E1010.78845
G1 F853.6 X116.205 Y74.095 E1010.80539
G1 F855 X115.894 Y73.963 E1010.8223
G1 F853.6 X115.628 Y73.758 E1010.83914
G1 F856.4 X115.422 Y73.489 E1010.85607
G1 F862.1 X115.288 Y73.168 E1010.87334
M204 S1000
G1 F1500 E1009.87334
;MESH:NONMESH
G0 F600 X115.288 Y73.168 Z9.8
G0 F9000 X48.128 Y73.224
;TIME_ELAPSED:7968.336392
;LAYER:48
M204 S2000
;TYPE:WALL-OUTER
;MESH:Bottom_Standoffs.stl
G1 F1500 E1010.87334
G1 F857.8 X47.923 Y72.955 E1010.89021
G1 F862.2 X47.788 Y72.633 E1010.90754
G1 F863.6 X47.745 Y72.291 E1010.92462
G1 X47.788 Y71.952 E1010.94156
G1 F862.2 X47.922 Y71.63 E1010.95887
G1 F859.3 X48.128 Y71.36 E1010.97579
G1 F857.8 X48.395 Y71.153 E1010.99264
G1 X48.702 Y71.025 E1011.00924
G1 F859.3 X49.045 Y70.98 E1011.02647
G1 X49.383 Y71.024 E1011.04344
G1 F857.8 X49.691 Y71.152 E1011.06008
G1 F856.4 X49.957 Y71.359 E1011.07693
G1 F857.8 X50.163 Y71.628 E1011.09383
G1 F860.7 X50.297 Y71.95 E1011.11117
G1 F862.2 X50.341 Y72.291 E1011.12824
G1 F863.6 X50.297 Y72.632 E1011.14528
G1 X50.163 Y72.955 E1011.16261
G1 F860.7 X49.957 Y73.224 E1011.17946
G1 F856.4 X49.691 Y73.43 E1011.19627
G1 F855 X49.384 Y73.558 E1011.21292
G1 X49.04 Y73.603 E1011.23029
G1 X48.706 Y73.56 E1011.24714
G1 X48.395 Y73.431 E1011.264
G1 X48.128 Y73.224 E1011.28091
M204 S1000
G1 F1500 E1010.28091
G0 F9000 X47.906 Y74.272
G0 X63.076 Y132.294
G0 X63.788 Y133.094
M204 S2000
G1 F1500 E1011.28091
G1 F860.7 X63.922 Y132.771 E1011.2983
G1 F859.3 X64.128 Y132.502 E1011.31517
G1 F856.4 X64.394 Y132.296 E1011.33199
G1 X64.704 Y132.166 E1011.34878
G1 X65.045 Y132.122 E1011.36597
G1 F855 X65.38 Y132.165 E1011.38287
G1 F856.4 X65.692 Y132.295 E1011.39976
G1 X65.957 Y132.501 E1011.41654
G1 F857.8 X66.163 Y132.77 E1011.43344
G1 F860.7 X66.297 Y133.092 E1011.45078
G1 F862.2 X66.341 Y133.433 E1011.46785
G1 F863.6 X66.297 Y133.774 E1011.48489
G1 F862.2 X66.163 Y134.096 E1011.5022
G1 F860.7 X65.958 Y134.365 E1011.51902
G1 F859.3 X65.692 Y134.571 E1011.53578
G1 F856.4 X65.382 Y134.7 E1011.55256
G1 F853.6 X65.041 Y134.745 E1011.5698
G1 F852.2 X64.704 Y134.701 E1011.58687
G1 X64.395 Y134.573 E1011.60367
G1 F853.6 X64.128 Y134.366 E1011.62061
G1 F857.8 X63.923 Y134.097 E1011.63748
G1 F862.2 X63.788 Y133.774 E1011.65486
G1 F863.6 X63.745 Y133.433 E1011.67189
G1 F862.2 X63.788 Y133.094 E1011.68886
M204 S1000
G1 F1500 E1010.68886
G0 F9000 X99.288 Y154.315
M204 S2000
G1 F1500 E1011.68886
G1 F860.7 X99.422 Y153.993 E1011.7062
G1 F856.4 X99.628 Y153.725 E1011.72309
G1 F855 X99.894 Y153.518 E1011.73996
G1 X100.204 Y153.389 E1011.75677
G1 F856.4 X100.543 Y153.344 E1011.77386
G1 X100.882 Y153.389 E1011.79095
G1 X101.192 Y153.518 E1011.80773
G1 F857.8 X101.457 Y153.724 E1011.82447
G1 F859.3 X101.663 Y153.994 E1011.84139
G1 F860.7 X101.797 Y154.315 E1011.85869
G1 F862.2 X101.841 Y154.655 E1011.8757
G1 F865.1 X101.797 Y154.998 E1011.89281
G1 F863.6 X101.665 Y155.315 E1011.90983
G1 F859.3 X101.457 Y155.588 E1011.92692
G1 F856.4 X101.189 Y155.795 E1011.94385
G1 F855 X100.883 Y155.922 E1011.96043
G1 X100.543 Y155.968 E1011.97761
G1 F856.4 X100.203 Y155.922 E1011.99475
G1 F857.8 X99.897 Y155.795 E1012.01128
G1 X99.627 Y155.586 E1012.02831
G1 X99.421 Y155.317 E1012.04522
G1 F860.7 X99.288 Y154.997 E1012.06245
G1 F863.6 X99.245 Y154.655 E1012.07953
G1 X99.288 Y154.315 E1012.09652
M204 S1000
G1 F1500 E1011.09652
G0 F9000 X169.245 Y129.896
M204 S2000
G1 F1500 E1012.09652
G1 F863.6 X169.288 Y129.557 E1012.11345
G1 X169.422 Y129.235 E1012.13073
G1 F860.7 X169.632 Y128.961 E1012.1479
G1 F857.8 X169.898 Y128.757 E1012.16462
G1 F856.4 X170.203 Y128.629 E1012.18115
G1 F855 X170.545 Y128.585 E1012.19841
G1 X170.88 Y128.628 E1012.21532
G1 F856.4 X171.192 Y128.758 E1012.23221
G1 X171.457 Y128.964 E1012.24899
G1 F857.8 X171.663 Y129.233 E1012.26589
G1 F860.7 X171.797 Y129.555 E1012.28323
G1 F862.2 X171.841 Y129.896 E1012.3003
G1 F863.6 X171.797 Y130.237 E1012.31734
G1 F862.2 X171.663 Y130.559 E1012.33465
G1 F860.7 X171.458 Y130.828 E1012.35147
G1 F857.8 X171.192 Y131.033 E1012.36822
G1 F856.4 X170.881 Y131.164 E1012.38509
G1 F855 X170.54 Y131.208 E1012.4023
G1 F852.2 X170.205 Y131.165 E1012.41926
G1 F853.6 X169.894 Y131.034 E1012.43618
G1 F855 X169.628 Y130.828 E1012.45302
G1 F857.8 X169.422 Y130.559 E1012.46993
G1 F862.2 X169.289 Y130.237 E1012.48722
G1 F863.6 X169.245 Y129.896 E1012.50426
M204 S1000
G1 F1500 E1011.50426
G0 F9000 X184.788 Y89.307
M204 S2000
G1 F1500 E1012.50426
G1 F863.6 X184.745 Y88.966 E1012.52129
G1 X184.788 Y88.626 E1012.53828
G1 F862.2 X184.922 Y88.304 E1012.55559
G1 F859.3 X185.129 Y88.034 E1012.57253
G1 F857.8 X185.395 Y87.828 E1012.58932
G1 X185.702 Y87.7 E1012.60591
G1 X186.043 Y87.655 E1012.62307
G1 F856.4 X186.384 Y87.7 E1012.64026
G1 F855 X186.691 Y87.828 E1012.65691
G1 X186.957 Y88.034 E1012.67375
G1 F857.8 X187.163 Y88.303 E1012.69066
G1 F860.7 X187.297 Y88.625 E1012.708
G1 F862.2 X187.341 Y88.966 E1012.72507
G1 F863.6 X187.297 Y89.307 E1012.74211
G1 X187.163 Y89.63 E1012.75944
G1 F860.7 X186.957 Y89.899 E1012.77628
G1 F856.4 X186.691 Y90.105 E1012.7931
G1 F855 X186.384 Y90.233 E1012.80975
G1 X186.043 Y90.278 E1012.82696
G1 F856.4 X185.702 Y90.233 E1012.84415
G1 F857.8 X185.395 Y90.105 E1012.86075
G1 X185.129 Y89.899 E1012.87753
G1 F859.3 X184.922 Y89.629 E1012.89448
G1 F862.2 X184.788 Y89.307 E1012.91179
M204 S1000
G1 F1500 E1011.91179
G0 F9000 X115.288 Y73.139
M204 S2000
G1 F1500 E1012.91179
G1 F862.2 X115.245 Y72.797 E1012.9289
G1 F863.6 X115.288 Y72.457 E1012.94588
G1 X115.422 Y72.135 E1012.96317
G1 F860.7 X115.626 Y71.868 E1012.97988
G1 F857.8 X115.896 Y71.659 E1012.99691
G1 X116.204 Y71.53 E1013.01357
G1 F856.4 X116.545 Y71.486 E1013.03075
G1 X116.881 Y71.529 E1013.04768
G1 F857.8 X117.189 Y71.659 E1013.06436
G1 X117.46 Y71.867 E1013.0814
G1 F859.3 X117.663 Y72.134 E1013.09811
G1 F860.7 X117.797 Y72.456 E1013.11545
G1 F862.2 X117.841 Y72.797 E1013.13252
G1 F863.6 X117.797 Y73.138 E1013.14956
G1 F862.2 X117.663 Y73.459 E1013.16682
G1 F859.3 X117.457 Y73.729 E1013.18374
G1 F856.4 X117.192 Y73.934 E1013.20048
G1 X116.881 Y74.065 E1013.21735
G1 F855 X116.54 Y74.109 E1013.23456
G1 F852.2 X116.205 Y74.066 E1013.25152
G1 F853.6 X115.894 Y73.935 E1013.26844
G1 F855 X115.628 Y73.729 E1013.28528
G1 F856.4 X115.422 Y73.46 E1013.30221
G1 F859.3 X115.288 Y73.139 E1013.31954
M204 S1000
G1 F1500 E1012.31954
;MESH:NONMESH
G0 F600 X115.288 Y73.139 Z10
G0 F9000 X48.127 Y73.193
;TIME_ELAPSED:7975.807732
;LAYER:49
M204 S2000
;TYPE:WALL-OUTER
;MESH:Bottom_Standoffs.stl
G1 F1500 E1013.31954
G1 F859.3 X47.922 Y72.925 E1013.33634
G1 F862.2 X47.788 Y72.604 E1013.35361
G1 F863.6 X47.745 Y72.262 E1013.37069
G1 X47.789 Y71.922 E1013.38768
G1 F862.2 X47.921 Y71.601 E1013.40491
G1 F859.3 X48.129 Y71.33 E1013.42193
G1 F857.8 X48.4 Y71.122 E1013.43897
G1 F859.3 X48.707 Y70.995 E1013.45552
G1 X49.043 Y70.951 E1013.4724
G1 F857.8 X49.383 Y70.995 E1013.4895
G1 F856.4 X49.691 Y71.124 E1013.50619
G1 F855 X49.957 Y71.33 E1013.52303
G1 F857.8 X50.164 Y71.601 E1013.54004
G1 F862.2 X50.297 Y71.92 E1013.5572
G1 F863.6 X50.341 Y72.262 E1013.57429
G1 X50.297 Y72.603 E1013.59133
G1 F862.2 X50.163 Y72.925 E1013.60864
G1 F860.7 X49.96 Y73.192 E1013.62532
G1 X49.69 Y73.401 E1013.6423
G1 F857.8 X49.381 Y73.53 E1013.659
G1 F855 X49.04 Y73.574 E1013.67621
G1 X48.705 Y73.531 E1013.69312
G1 F856.4 X48.396 Y73.402 E1013.70985
G1 F857.8 X48.127 Y73.193 E1013.72685
M204 S1000
G1 F1500 E1012.72685
G0 F9000 X47.906 Y74.242
G0 X63.076 Y132.265
G0 X63.789 Y133.064
M204 S2000
G1 F1500 E1013.72685
G1 F862.2 X63.92 Y132.745 E1013.74397
G1 F857.8 X64.13 Y132.47 E1013.76123
G1 F855 X64.395 Y132.266 E1013.77797
G1 F856.4 X64.702 Y132.138 E1013.79459
G1 F857.8 X65.045 Y132.093 E1013.81185
G1 F855 X65.382 Y132.137 E1013.82886
G1 F853.6 X65.691 Y132.265 E1013.84563
G1 F856.4 X65.955 Y132.469 E1013.8623
G1 F859.3 X66.165 Y132.744 E1013.87954
G1 F862.2 X66.297 Y133.062 E1013.89663
G1 F863.6 X66.341 Y133.404 E1013.91372
G1 X66.297 Y133.745 E1013.93076
G1 F862.2 X66.163 Y134.067 E1013.94807
G1 F859.3 X65.957 Y134.336 E1013.96495
G1 F857.8 X65.692 Y134.542 E1013.98169
G1 X65.382 Y134.672 E1013.99846
G1 F855 X65.041 Y134.716 E1014.01567
G1 F853.6 X64.704 Y134.672 E1014.03271
G1 X64.395 Y134.544 E1014.04948
G1 X64.128 Y134.336 E1014.06645
G1 F856.4 X63.923 Y134.068 E1014.08332
G1 F860.7 X63.788 Y133.745 E1014.10072
G1 F863.6 X63.745 Y133.404 E1014.11776
G1 X63.789 Y133.064 E1014.13475
M204 S1000
G1 F1500 E1013.13475
G0 F9000 X99.288 Y154.286
M204 S2000
G1 F1500 E1014.13475
G1 F860.7 X99.422 Y153.964 E1014.15209
G1 F857.8 X99.628 Y153.695 E1014.16899
G1 X99.894 Y153.489 E1014.18578
G1 F856.4 X100.204 Y153.36 E1014.20256
G1 X100.543 Y153.315 E1014.21965
G1 X100.882 Y153.36 E1014.23674
G1 X101.192 Y153.489 E1014.25352
G1 F857.8 X101.457 Y153.695 E1014.27026
G1 F859.3 X101.663 Y153.965 E1014.28718
G1 F860.7 X101.797 Y154.286 E1014.30447
G1 F862.2 X101.841 Y154.626 E1014.32149
G1 F863.6 X101.797 Y154.967 E1014.33853
G1 X101.663 Y155.29 E1014.35586
G1 F860.7 X101.457 Y155.559 E1014.37271
G1 F856.4 X101.191 Y155.765 E1014.38952
G1 F855 X100.884 Y155.893 E1014.40617
G1 X100.543 Y155.938 E1014.42339
G1 F856.4 X100.202 Y155.893 E1014.44058
G1 F857.8 X99.895 Y155.765 E1014.45717
G1 X99.629 Y155.559 E1014.47396
G1 F859.3 X99.422 Y155.289 E1014.4909
G1 F862.2 X99.288 Y154.967 E1014.50821
G1 F863.6 X99.245 Y154.626 E1014.52525
G1 X99.288 Y154.286 E1014.54223
M204 S1000
G1 F1500 E1013.54223
G0 F9000 X169.244 Y129.863
M204 S2000
G1 F1500 E1014.54223
G1 F863.6 X169.291 Y129.519 E1014.55944
G1 X169.423 Y129.203 E1014.57641
G1 F859.3 X169.625 Y128.938 E1014.593
G1 F857.8 X169.899 Y128.726 E1014.61029
G1 F856.4 X170.206 Y128.598 E1014.62691
G1 F855 X170.541 Y128.555 E1014.64382
G1 F857.8 X170.881 Y128.6 E1014.66093
G1 F859.3 X171.193 Y128.729 E1014.67774
G1 F857.8 X171.455 Y128.932 E1014.69428
G1 F859.3 X171.665 Y129.208 E1014.71155
G1 F860.7 X171.797 Y129.524 E1014.72858
G1 F862.2 X171.841 Y129.865 E1014.74565
G1 F865.1 X171.797 Y130.207 E1014.76271
G1 X171.663 Y130.53 E1014.78001
G1 F862.2 X171.458 Y130.799 E1014.7968
G1 F857.8 X171.192 Y131.004 E1014.81355
G1 F856.4 X170.881 Y131.135 E1014.83042
G1 F855 X170.54 Y131.179 E1014.84763
G1 F852.2 X170.205 Y131.136 E1014.86459
G1 F853.6 X169.894 Y131.005 E1014.88151
G1 F855 X169.628 Y130.799 E1014.89835
G1 F857.8 X169.422 Y130.53 E1014.91526
G1 F862.2 X169.289 Y130.208 E1014.93255
G1 X169.244 Y129.863 E1014.94982
M204 S1000
G1 F1500 E1013.94982
G0 F9000 X184.788 Y89.278
M204 S2000
G1 F1500 E1014.94982
G1 F863.6 X184.745 Y88.937 E1014.96685
G1 X184.788 Y88.597 E1014.98384
G1 F862.2 X184.922 Y88.275 E1015.00115
G1 F859.3 X185.129 Y88.005 E1015.0181
G1 F857.8 X185.395 Y87.799 E1015.03488
G1 X185.702 Y87.671 E1015.05148
G1 X186.043 Y87.626 E1015.06864
G1 F856.4 X186.384 Y87.671 E1015.08582
G1 F855 X186.691 Y87.799 E1015.10247
G1 X186.957 Y88.005 E1015.11931
G1 F857.8 X187.163 Y88.274 E1015.13622
G1 F860.7 X187.297 Y88.596 E1015.15356
G1 F862.2 X187.341 Y88.937 E1015.17063
G1 F863.6 X187.297 Y89.278 E1015.18767
G1 F862.2 X187.163 Y89.6 E1015.20498
G1 F860.7 X186.96 Y89.867 E1015.22166
G1 X186.69 Y90.076 E1015.23864
G1 F857.8 X186.381 Y90.205 E1015.25534
G1 F855 X186.043 Y90.249 E1015.2724
G1 F856.4 X185.704 Y90.205 E1015.28949
G1 F857.8 X185.396 Y90.076 E1015.30615
G1 X185.126 Y89.867 E1015.32318
G1 F859.3 X184.922 Y89.6 E1015.33992
G1 F862.2 X184.788 Y89.278 E1015.35723
M204 S1000
G1 F1500 E1014.35723
G0 F9000 X115.288 Y73.109
M204 S2000
G1 F1500 E1015.35723
G1 F863.6 X115.245 Y72.767 E1015.37431
G1 X115.288 Y72.428 E1015.39125
G1 F862.2 X115.422 Y72.106 E1015.40856
G1 F859.3 X115.635 Y71.83 E1015.42592
G1 F857.8 X115.903 Y71.627 E1015.4427
G1 X116.204 Y71.501 E1015.45898
G1 X116.545 Y71.456 E1015.47614
G1 X116.881 Y71.5 E1015.49304
G1 X117.189 Y71.63 E1015.50972
G1 X117.46 Y71.838 E1015.52677
G1 F859.3 X117.663 Y72.105 E1015.54347
G1 F860.7 X117.797 Y72.426 E1015.56077
G1 F862.2 X117.841 Y72.767 E1015.57784
G1 F863.6 X117.797 Y73.108 E1015.59487
G1 X117.663 Y73.431 E1015.6122
G1 F860.7 X117.457 Y73.7 E1015.62905
G1 F856.4 X117.191 Y73.906 E1015.64586
G1 X116.883 Y74.035 E1015.66255
G1 X116.543 Y74.08 E1015.67969
G1 F855 X116.202 Y74.035 E1015.69691
G1 X115.895 Y73.907 E1015.71356
G1 X115.629 Y73.701 E1015.7304
G1 F856.4 X115.422 Y73.431 E1015.7474
G1 F860.7 X115.288 Y73.109 E1015.76474
M204 S1000
G1 F1500 E1014.76474
;MESH:NONMESH
G0 F600 X115.288 Y73.109 Z10.2
G0 F9000 X114.334 Y73.233
G0 X50.775 Y70.813
G0 X50.024 Y71.386
;TIME_ELAPSED:7983.300930
;LAYER:50
M204 S2000
;TYPE:WALL-OUTER
;MESH:Bottom_Standoffs.stl
G1 F1500 E1015.76474
G1 F823.3 X50.164 Y71.57 E1015.7762
G1 F821.9 X50.297 Y71.892 E1015.7935
G1 X50.341 Y72.233 E1015.81056
G1 F823.3 X50.297 Y72.574 E1015.8276
G1 F821.9 X50.163 Y72.896 E1015.84492
G1 F820.5 X49.96 Y73.163 E1015.86159
G1 F817.8 X49.689 Y73.371 E1015.87864
G1 F815.1 X49.381 Y73.501 E1015.89537
G1 F813.7 X49.04 Y73.545 E1015.91261
G1 F812.4 X48.705 Y73.502 E1015.92957
G1 F813.7 X48.397 Y73.372 E1015.94634
G1 F816.4 X48.127 Y73.163 E1015.9634
G1 F819.1 X47.922 Y72.897 E1015.98012
G1 F821.9 X47.789 Y72.575 E1015.99742
G1 F823.3 X47.745 Y72.225 E1016.0149
G1 F821.9 X47.791 Y71.884 E1016.03198
G1 X47.921 Y71.572 E1016.04876
G1 F823.3 X48.06 Y71.39 E1016.06011
M204 S1000
G1 F1500 E1015.06011
G0 F9000 X63.788 Y133.035
M204 S2000
G1 F1500 E1016.06011
G1 F823.3 X63.922 Y132.713 E1016.07739
G1 F820.5 X64.13 Y132.442 E1016.09438
G1 F816.4 X64.402 Y132.233 E1016.11152
G1 F815.1 X64.704 Y132.107 E1016.1279
G1 X65.043 Y132.063 E1016.14501
G1 X65.381 Y132.106 E1016.16207
G1 X65.691 Y132.237 E1016.17892
G1 X65.957 Y132.443 E1016.19576
G1 F817.8 X66.163 Y132.711 E1016.21262
G1 F820.5 X66.297 Y133.033 E1016.22996
G1 F821.9 X66.341 Y133.374 E1016.24703
G1 F823.3 X66.297 Y133.715 E1016.26407
G1 X66.163 Y134.038 E1016.2814
G1 F821.9 X65.958 Y134.307 E1016.29819
G1 F817.8 X65.692 Y134.512 E1016.31494
G1 F816.4 X65.381 Y134.643 E1016.33181
G1 F815.1 X65.04 Y134.687 E1016.34902
G1 F812.4 X64.705 Y134.644 E1016.36598
G1 F813.7 X64.394 Y134.513 E1016.3829
G1 F815.1 X64.128 Y134.307 E1016.39974
G1 F817.8 X63.923 Y134.038 E1016.41662
G1 F821.9 X63.788 Y133.716 E1016.43395
G1 F823.3 X63.745 Y133.374 E1016.45103
G1 X63.788 Y133.035 E1016.46796
M204 S1000
G1 F1500 E1015.46796
G0 F9000 X99.288 Y154.257
M204 S2000
G1 F1500 E1016.46796
G1 F820.5 X99.422 Y153.935 E1016.48531
G1 F817.8 X99.628 Y153.666 E1016.50221
G1 X99.895 Y153.459 E1016.51907
G1 X100.203 Y153.33 E1016.53572
G1 X100.543 Y153.285 E1016.55284
G1 F819.1 X100.883 Y153.33 E1016.56992
G1 F817.8 X101.191 Y153.459 E1016.58658
G1 F815.1 X101.457 Y153.665 E1016.60342
G1 F817.8 X101.663 Y153.934 E1016.62032
G1 F820.5 X101.797 Y154.256 E1016.63766
G1 F821.9 X101.841 Y154.597 E1016.65473
G1 F823.3 X101.797 Y154.938 E1016.67177
G1 X101.663 Y155.261 E1016.6891
G1 F820.5 X101.457 Y155.53 E1016.70595
G1 F816.4 X101.191 Y155.736 E1016.72276
G1 F815.1 X100.884 Y155.864 E1016.73941
G1 X100.543 Y155.909 E1016.75663
G1 X100.202 Y155.864 E1016.77385
G1 F813.7 X99.895 Y155.736 E1016.79052
G1 X99.629 Y155.53 E1016.80739
G1 F817.8 X99.422 Y155.26 E1016.82437
G1 F821.9 X99.288 Y154.938 E1016.84168
G1 F823.3 X99.245 Y154.597 E1016.85871
G1 X99.288 Y154.257 E1016.8757
M204 S1000
G1 F1500 E1015.8757
G0 F9000 X169.245 Y129.835
M204 S2000
G1 F1500 E1016.8757
G1 F823.3 X169.288 Y129.497 E1016.89258
G1 F821.9 X169.422 Y129.175 E1016.90989
G1 F819.1 X169.628 Y128.906 E1016.92677
G1 F817.8 X169.895 Y128.699 E1016.94362
G1 X170.203 Y128.57 E1016.96028
G1 X170.543 Y128.525 E1016.97739
G1 F819.1 X170.883 Y128.57 E1016.99448
G1 F817.8 X171.191 Y128.699 E1017.01114
G1 F815.1 X171.457 Y128.905 E1017.02798
G1 F817.8 X171.663 Y129.174 E1017.04488
G1 F820.5 X171.797 Y129.496 E1017.06222
G1 F821.9 X171.841 Y129.837 E1017.07929
G1 F823.3 X171.797 Y130.178 E1017.09633
G1 F821.9 X171.663 Y130.5 E1017.11364
G1 F820.5 X171.46 Y130.767 E1017.13032
G1 F819.1 X171.189 Y130.976 E1017.14737
G1 F816.4 X170.88 Y131.106 E1017.16412
G1 F813.7 X170.541 Y131.15 E1017.18126
G1 X170.206 Y131.106 E1017.1982
G1 F816.4 X169.9 Y130.978 E1017.21478
G1 F817.8 X169.624 Y130.765 E1017.23217
G1 X169.422 Y130.501 E1017.24875
G1 F820.5 X169.288 Y130.179 E1017.2661
G1 F823.3 X169.245 Y129.835 E1017.28328
M204 S1000
G1 F1500 E1016.28328
G0 F9000 X184.788 Y89.249
M204 S2000
G1 F1500 E1017.28328
G1 F823.3 X184.745 Y88.908 E1017.30031
G1 X184.789 Y88.567 E1017.31735
G1 F821.9 X184.922 Y88.246 E1017.3346
G1 F819.1 X185.128 Y87.977 E1017.35147
G1 F817.8 X185.396 Y87.77 E1017.36837
G1 X185.703 Y87.642 E1017.38496
G1 X186.043 Y87.596 E1017.40208
G1 F816.4 X186.383 Y87.642 E1017.41922
G1 F815.1 X186.691 Y87.77 E1017.43592
G1 F816.4 X186.957 Y87.976 E1017.45273
G1 F820.5 X187.164 Y88.246 E1017.46965
G1 F821.9 X187.297 Y88.567 E1017.4869
G1 X187.341 Y88.908 E1017.50397
G1 F823.3 X187.297 Y89.249 E1017.52101
G1 F821.9 X187.163 Y89.57 E1017.53827
G1 F819.1 X186.957 Y89.84 E1017.55519
G1 F816.4 X186.692 Y90.045 E1017.57193
G1 X186.381 Y90.176 E1017.58879
G1 X186.043 Y90.22 E1017.60583
G1 X185.705 Y90.176 E1017.62286
G1 X185.394 Y90.045 E1017.63973
G1 X185.128 Y89.839 E1017.65654
G1 F819.1 X184.922 Y89.57 E1017.67341
G1 F821.9 X184.788 Y89.249 E1017.69068
M204 S1000
G1 F1500 E1016.69068
G0 F9000 X115.288 Y73.08
M204 S2000
G1 F1500 E1017.69068
G1 F823.3 X115.245 Y72.738 E1017.70776
G1 X115.289 Y72.396 E1017.72485
G1 F820.5 X115.423 Y72.074 E1017.74219
G1 F817.8 X115.625 Y71.81 E1017.75878
G1 X115.899 Y71.598 E1017.77606
G1 F816.4 X116.205 Y71.47 E1017.79264
G1 X116.543 Y71.427 E1017.80967
G1 F817.8 X116.883 Y71.471 E1017.82677
G1 X117.191 Y71.599 E1017.84341
G1 F816.4 X117.457 Y71.806 E1017.86025
G1 F817.8 X117.663 Y72.075 E1017.87716
G1 F820.5 X117.797 Y72.397 E1017.8945
G1 F821.9 X117.841 Y72.738 E1017.91157
G1 F823.3 X117.797 Y73.079 E1017.92861
G1 X117.663 Y73.402 E1017.94594
G1 F820.5 X117.457 Y73.671 E1017.96278
G1 F816.4 X117.191 Y73.877 E1017.9796
G1 F815.1 X116.884 Y74.005 E1017.99625
G1 X116.54 Y74.05 E1018.01361
G1 X116.206 Y74.007 E1018.03047
G1 X115.895 Y73.878 E1018.04732
G1 X115.628 Y73.671 E1018.06423
G1 F817.8 X115.423 Y73.402 E1018.08111
G1 F821.9 X115.288 Y73.08 E1018.09844
M204 S1000
G1 F1500 E1017.09844
;MESH:NONMESH
G0 F600 X115.288 Y73.08 Z10.4
G0 F9000 X114.334 Y73.204
G0 X51.11 Y73.133
G0 X50.208 Y72.764
;TIME_ELAPSED:7990.732256
;LAYER:51
M204 S2000
;TYPE:WALL-OUTER
;MESH:Bottom_Standoffs.stl
G1 F1500 E1018.09844
G1 F694.8 X49.957 Y73.137 E1018.1208
G1 F690.2 X49.699 Y73.337 E1018.13714
G1 X49.383 Y73.471 E1018.15432
G1 F689 X49.049 Y73.516 E1018.17121
G1 X48.703 Y73.472 E1018.1887
G1 X48.397 Y73.343 E1018.20535
G1 F690.2 X48.125 Y73.135 E1018.22249
G1 F694.8 X47.877 Y72.764 E1018.24468
M204 S1000
G1 F1500 E1017.24468
G0 F9000 X47.088 Y73.363
G0 X63.078 Y132.204
G0 X63.789 Y133.001
M204 S2000
G1 F1500 E1018.24468
G1 F695.9 X63.92 Y132.687 E1018.26157
G1 F693.6 X64.13 Y132.412 E1018.27881
G1 F692.5 X64.394 Y132.208 E1018.29545
G1 F691.3 X64.705 Y132.077 E1018.31232
G1 X65.043 Y132.033 E1018.32935
G1 F692.5 X65.381 Y132.077 E1018.34635
G1 X65.692 Y132.208 E1018.36319
G1 F693.6 X65.958 Y132.413 E1018.37992
G1 F694.8 X66.163 Y132.682 E1018.39673
G1 X66.297 Y133.004 E1018.41408
G1 F695.9 X66.341 Y133.345 E1018.43114
G1 F697.1 X66.297 Y133.686 E1018.44818
G1 X66.163 Y134.009 E1018.46551
G1 F695.9 X65.958 Y134.278 E1018.4823
G1 F692.5 X65.692 Y134.483 E1018.49906
G1 F691.3 X65.381 Y134.614 E1018.51592
G1 F690.2 X65.04 Y134.658 E1018.53313
G1 F687.9 X64.705 Y134.615 E1018.55009
G1 F689 X64.394 Y134.484 E1018.56701
G1 F690.2 X64.128 Y134.278 E1018.58386
G1 F692.5 X63.923 Y134.009 E1018.60073
G1 F695.9 X63.788 Y133.687 E1018.61806
G1 F697.1 X63.745 Y133.342 E1018.63529
G1 X63.789 Y133.001 E1018.65233
M204 S1000
G1 F1500 E1017.65233
G0 F9000 X99.288 Y154.227
M204 S2000
G1 F1500 E1018.65233
G1 F695.9 X99.422 Y153.906 E1018.6696
G1 F692.5 X99.625 Y153.639 E1018.68633
G1 F691.3 X99.897 Y153.429 E1018.7035
G1 X100.205 Y153.3 E1018.72019
G1 X100.543 Y153.256 E1018.73722
G1 F692.5 X100.881 Y153.3 E1018.75423
G1 X101.192 Y153.431 E1018.77107
G1 F691.3 X101.457 Y153.636 E1018.78781
G1 F692.5 X101.664 Y153.907 E1018.80482
G1 F695.9 X101.797 Y154.226 E1018.82198
G1 F697.1 X101.841 Y154.568 E1018.83907
G1 X101.797 Y154.909 E1018.85611
G1 X101.663 Y155.232 E1018.87344
G1 F694.8 X101.457 Y155.501 E1018.89028
G1 F691.3 X101.191 Y155.707 E1018.9071
G1 F690.2 X100.884 Y155.835 E1018.92375
G1 X100.543 Y155.88 E1018.94096
G1 X100.202 Y155.835 E1018.95818
G1 F689 X99.895 Y155.707 E1018.97486
G1 X99.629 Y155.501 E1018.99173
G1 F691.3 X99.422 Y155.231 E1019.00873
G1 F694.8 X99.288 Y154.909 E1019.02607
G1 F697.1 X99.245 Y154.568 E1019.0431
G1 X99.288 Y154.227 E1019.06014
M204 S1000
G1 F1500 E1018.06014
G0 F9000 X169.245 Y129.808
M204 S2000
G1 F1500 E1019.06014
G1 F697.1 X169.289 Y129.468 E1019.07713
G1 F695.9 X169.422 Y129.146 E1019.09442
G1 F693.6 X169.628 Y128.877 E1019.1113
G1 F692.5 X169.894 Y128.671 E1019.12808
G1 F691.3 X170.205 Y128.54 E1019.14495
G1 X170.543 Y128.496 E1019.16198
G1 F692.5 X170.881 Y128.54 E1019.17898
G1 X171.192 Y128.671 E1019.19582
G1 F693.6 X171.458 Y128.876 E1019.21255
G1 F694.8 X171.663 Y129.145 E1019.22936
G1 X171.797 Y129.467 E1019.24671
G1 F695.9 X171.841 Y129.808 E1019.26377
G1 F697.1 X171.797 Y130.149 E1019.28081
G1 F695.9 X171.662 Y130.474 E1019.29828
G1 F692.5 X171.462 Y130.736 E1019.31473
G1 X171.187 Y130.948 E1019.33205
G1 F693.6 X170.88 Y131.077 E1019.34864
G1 F690.2 X170.541 Y131.121 E1019.36575
G1 F689 X170.206 Y131.077 E1019.38269
G1 F691.3 X169.897 Y130.948 E1019.39942
G1 X169.626 Y130.739 E1019.41653
G1 F692.5 X169.421 Y130.468 E1019.43348
G1 F695.9 X169.288 Y130.149 E1019.45063
G1 F697.1 X169.245 Y129.808 E1019.46767
M204 S1000
G1 F1500 E1018.46767
G0 F9000 X184.789 Y89.22
M204 S2000
G1 F1500 E1019.46767
G1 F697.1 X184.745 Y88.879 E1019.48471
G1 X184.788 Y88.538 E1019.50174
G1 F695.9 X184.922 Y88.216 E1019.51905
G1 F693.6 X185.127 Y87.949 E1019.53582
G1 F691.3 X185.396 Y87.74 E1019.55284
G1 F690.2 X185.704 Y87.611 E1019.56956
G1 F691.3 X186.043 Y87.567 E1019.58664
G1 F692.5 X186.38 Y87.611 E1019.6036
G1 X186.689 Y87.741 E1019.62032
G1 X186.96 Y87.949 E1019.63737
G1 F693.6 X187.163 Y88.216 E1019.65407
G1 F694.8 X187.297 Y88.538 E1019.67141
G1 F695.9 X187.341 Y88.879 E1019.68848
G1 F697.1 X187.297 Y89.22 E1019.70552
G1 X187.164 Y89.541 E1019.72274
G1 F694.8 X186.957 Y89.811 E1019.73966
G1 F691.3 X186.691 Y90.017 E1019.75647
G1 X186.383 Y90.146 E1019.77316
G1 X186.043 Y90.191 E1019.7903
G1 X185.703 Y90.146 E1019.80743
G1 F692.5 X185.395 Y90.017 E1019.82409
G1 F691.3 X185.128 Y89.81 E1019.84098
G1 F693.6 X184.922 Y89.541 E1019.85785
G1 F697.1 X184.789 Y89.22 E1019.87507
M204 S1000
G1 F1500 E1018.87507
G0 F9000 X183.834 Y89.344
G0 X118.688 Y71.816
G0 X116.773 Y71.809
G0 X116.213 Y72.709
G0 X115.25 Y72.762
M204 S2000
G1 F1500 E1019.87507
G1 F697.1 X115.288 Y73.051 E1019.88952
G1 F695.9 X115.422 Y73.373 E1019.90683
G1 F692.5 X115.628 Y73.641 E1019.9237
G1 F689 X115.895 Y73.849 E1019.94067
G1 F690.2 X116.203 Y73.977 E1019.95736
G1 F691.3 X116.541 Y74.021 E1019.97439
G1 X116.882 Y73.977 E1019.99158
G1 F692.5 X117.192 Y73.847 E1020.00835
G1 X117.457 Y73.641 E1020.02509
G1 F694.8 X117.664 Y73.371 E1020.04201
G1 F698.3 X117.797 Y73.051 E1020.05915
G1 F699.4 X117.835 Y72.763 E1020.0735
M204 S1000
G1 F1500 E1019.0735
;MESH:NONMESH
G0 F600 X117.835 Y72.763 Z10.6
G0 F9000 X116.908 Y74.039
;TIME_ELAPSED:7997.835627
;LAYER:52
M204 S2000
;TYPE:WALL-OUTER
;MESH:Bottom_Standoffs.stl
G1 F1500 E1020.0735
G1 F617.3 X116.179 Y74.039 E1020.0986
M204 S1000
G1 F1500 E1019.0986
G0 F9000 X116.542 Y74.968
G0 X183.834 Y89.314
G0 X184.788 Y89.19
M204 S2000
G1 F1500 E1020.0986
G1 F428.8 X184.745 Y88.849 E1020.11563
G1 X184.788 Y88.509 E1020.13262
G1 F428.1 X184.922 Y88.187 E1020.14993
G1 F426 X185.129 Y87.917 E1020.1669
G1 F423.8 X185.395 Y87.711 E1020.18377
G1 F424.5 X185.702 Y87.583 E1020.20042
G1 F426 X186.043 Y87.538 E1020.21758
G1 F425.3 X186.384 Y87.583 E1020.23477
G1 F424.5 X186.691 Y87.711 E1020.25142
G1 X186.957 Y87.917 E1020.26826
G1 F426 X187.163 Y88.186 E1020.28516
G1 F427.4 X187.297 Y88.508 E1020.30251
G1 F428.1 X187.341 Y88.849 E1020.31957
G1 F428.8 X187.297 Y89.19 E1020.33661
G1 X187.163 Y89.513 E1020.35394
G1 F427.4 X186.957 Y89.782 E1020.37079
G1 F425.3 X186.691 Y89.988 E1020.3876
G1 F424.5 X186.384 Y90.116 E1020.40425
G1 X186.043 Y90.161 E1020.42147
G1 F425.3 X185.702 Y90.116 E1020.43866
G1 F426 X185.395 Y89.988 E1020.45525
G1 X185.129 Y89.782 E1020.47204
G1 F426.7 X184.922 Y89.512 E1020.48898
G1 F428.1 X184.788 Y89.19 E1020.5063
M204 S1000
G1 F1500 E1019.5063
G0 F9000 X169.245 Y129.779
M204 S2000
G1 F1500 E1020.5063
G1 F428.8 X169.289 Y129.439 E1020.52329
G1 F428.1 X169.422 Y129.117 E1020.54058
G1 F426.7 X169.628 Y128.848 E1020.55746
G1 F425.3 X169.894 Y128.642 E1020.57427
G1 F424.5 X170.205 Y128.511 E1020.59116
G1 F425.3 X170.543 Y128.467 E1020.60819
G1 F426 X170.881 Y128.511 E1020.6252
G1 X171.192 Y128.642 E1020.64204
G1 F426.7 X171.458 Y128.847 E1020.65876
G1 F427.4 X171.663 Y129.116 E1020.67558
G1 X171.797 Y129.438 E1020.69292
G1 F428.1 X171.841 Y129.779 E1020.70999
G1 F428.8 X171.797 Y130.12 E1020.72703
G1 X171.663 Y130.443 E1020.74436
G1 F426.7 X171.459 Y130.709 E1020.76106
G1 F424.5 X171.189 Y130.918 E1020.77815
G1 X170.877 Y131.048 E1020.79507
G1 F423.8 X170.532 Y131.092 E1020.8125
G1 X170.207 Y131.048 E1020.82895
G1 F425.3 X169.899 Y130.918 E1020.84565
G1 F426 X169.624 Y130.706 E1020.86298
G1 F426.7 X169.422 Y130.442 E1020.87953
G1 F428.1 X169.288 Y130.12 E1020.89685
G1 F428.8 X169.245 Y129.779 E1020.91388
M204 S1000
G1 F1500 E1019.91388
G0 F9000 X99.288 Y154.198
M204 S2000
G1 F1500 E1020.91388
G1 F428.1 X99.422 Y153.877 E1020.93115
G1 F426 X99.625 Y153.61 E1020.94788
G1 F424.5 X99.896 Y153.4 E1020.96504
G1 X100.205 Y153.271 E1020.9818
G1 F425.3 X100.543 Y153.227 E1020.99884
G1 F426 X100.88 Y153.271 E1021.01579
G1 X101.192 Y153.402 E1021.03268
G1 F424.5 X101.457 Y153.608 E1021.04948
G1 F425.3 X101.663 Y153.877 E1021.06641
G1 F427.4 X101.797 Y154.198 E1021.08371
G1 F428.1 X101.841 Y154.539 E1021.10077
G1 F428.8 X101.797 Y154.88 E1021.11781
G1 F428.1 X101.663 Y155.202 E1021.13513
G1 F427.4 X101.46 Y155.469 E1021.1518
G1 F426 X101.189 Y155.677 E1021.16885
G1 F424.5 X100.88 Y155.807 E1021.18563
G1 X100.543 Y155.851 E1021.20264
G1 X100.204 Y155.807 E1021.21975
G1 X99.896 Y155.678 E1021.23647
G1 F425.3 X99.627 Y155.469 E1021.25349
G1 F426 X99.422 Y155.202 E1021.27028
G1 F427.4 X99.288 Y154.88 E1021.28763
G1 F428.8 X99.245 Y154.539 E1021.30466
G1 X99.288 Y154.198 E1021.32169
M204 S1000
G1 F1500 E1020.32169
G0 F9000 X63.788 Y132.976
M204 S2000
G1 F1500 E1021.32169
G1 F428.1 X63.922 Y132.654 E1021.339
G1 F426.7 X64.128 Y132.385 E1021.35588
G1 F426 X64.394 Y132.179 E1021.37267
G1 F425.3 X64.705 Y132.048 E1021.38953
G1 X65.043 Y132.004 E1021.40656
G1 F426 X65.381 Y132.048 E1021.42357
G1 X65.692 Y132.179 E1021.4404
G1 F426.7 X65.958 Y132.384 E1021.45713
G1 F427.4 X66.163 Y132.653 E1021.47395
G1 F428.1 X66.297 Y132.976 E1021.49131
G1 X66.341 Y133.321 E1021.50857
G1 F428.8 X66.296 Y133.66 E1021.52552
G1 F429.5 X66.163 Y133.98 E1021.54266
G1 F428.1 X65.958 Y134.249 E1021.55945
G1 F426 X65.692 Y134.454 E1021.57621
G1 F423.8 X65.379 Y134.584 E1021.5932
G1 F423.1 X65.054 Y134.629 E1021.60968
G1 X64.704 Y134.584 E1021.6274
G1 F423.8 X64.396 Y134.456 E1021.64413
G1 F425.3 X64.127 Y134.247 E1021.66115
G1 F426.7 X63.921 Y133.976 E1021.6781
G1 F428.1 X63.788 Y133.658 E1021.69521
G1 F428.8 X63.745 Y133.312 E1021.71249
G1 X63.788 Y132.976 E1021.72928
M204 S1000
;MESH:NONMESH
G0 F600 X63.788 Y132.976 Z10.8
G0 F9000 X63.789 Y132.947
;TIME_ELAPSED:8005.220906
;LAYER:53
M204 S2000
;TYPE:WALL-OUTER
;MESH:Bottom_Standoffs.stl
G1 F422.1 X63.922 Y132.624 E1021.74662
G1 F420.7 X64.128 Y132.356 E1021.76346
G1 F419.3 X64.394 Y132.15 E1021.78027
G1 F418.6 X64.704 Y132.019 E1021.79712
G1 F419.3 X65.043 Y131.975 E1021.8142
G1 F420 X65.382 Y132.019 E1021.83125
G1 X65.692 Y132.149 E1021.84802
G1 F419.3 X65.957 Y132.355 E1021.8648
G1 F420 X66.163 Y132.624 E1021.8817
G1 F421.4 X66.297 Y132.946 E1021.89904
G1 F422.1 X66.341 Y133.287 E1021.91611
G1 F422.8 X66.297 Y133.628 E1021.93315
G1 F422.1 X66.163 Y133.949 E1021.95042
G1 F421.4 X65.955 Y134.221 E1021.96744
G1 F420 X65.686 Y134.428 E1021.98438
G1 F417.9 X65.377 Y134.555 E1022.00113
G1 F416.5 X65.034 Y134.6 E1022.01853
G1 X64.707 Y134.556 E1022.03513
G1 F418.6 X64.394 Y134.425 E1022.05211
G1 F420 X64.128 Y134.219 E1022.0689
G1 X63.922 Y133.95 E1022.0858
G1 F421.4 X63.788 Y133.627 E1022.10319
G1 F422.8 X63.745 Y133.287 E1022.12018
G1 X63.789 Y132.947 E1022.13717
M204 S1000
G1 F1500 E1021.13717
G0 F9000 X99.288 Y154.169
M204 S2000
G1 F1500 E1022.13717
G1 F421.4 X99.422 Y153.847 E1022.15451
G1 F420 X99.628 Y153.578 E1022.17141
G1 X99.894 Y153.372 E1022.1882
G1 F419.3 X100.204 Y153.243 E1022.20498
G1 X100.543 Y153.198 E1022.22207
G1 X100.882 Y153.243 E1022.23915
G1 X101.192 Y153.372 E1022.25593
G1 F420 X101.457 Y153.578 E1022.27268
G1 F420.7 X101.663 Y153.848 E1022.2896
G1 F421.4 X101.797 Y154.169 E1022.30689
G1 F422.1 X101.841 Y154.509 E1022.32391
G1 F423.5 X101.797 Y154.851 E1022.34097
G1 F422.8 X101.664 Y155.17 E1022.3581
G1 F420.7 X101.459 Y155.44 E1022.37498
G1 F420 X101.188 Y155.649 E1022.39206
G1 F419.3 X100.88 Y155.778 E1022.40874
G1 F418.6 X100.543 Y155.822 E1022.42576
G1 X100.205 Y155.778 E1022.44282
G1 X99.898 Y155.65 E1022.45947
G1 X99.626 Y155.44 E1022.47667
G1 F420 X99.421 Y155.17 E1022.49358
G1 F422.1 X99.288 Y154.85 E1022.51078
G1 F422.8 X99.245 Y154.509 E1022.52782
G1 X99.288 Y154.169 E1022.5448
M204 S1000
G1 F1500 E1021.5448
G0 F9000 X169.245 Y129.75
M204 S2000
G1 F1500 E1022.5448
G1 F422.8 X169.288 Y129.41 E1022.56178
G1 F422.1 X169.422 Y129.087 E1022.57914
G1 F420.7 X169.628 Y128.819 E1022.59598
G1 F419.3 X169.894 Y128.613 E1022.61279
G1 F418.6 X170.204 Y128.482 E1022.62964
G1 F419.3 X170.543 Y128.438 E1022.64672
G1 F420 X170.882 Y128.482 E1022.66378
G1 X171.192 Y128.612 E1022.68055
G1 F419.3 X171.457 Y128.818 E1022.69732
G1 F420 X171.663 Y129.087 E1022.71422
G1 F421.4 X171.797 Y129.409 E1022.73157
G1 F422.1 X171.841 Y129.75 E1022.74863
G1 F422.8 X171.797 Y130.091 E1022.76567
G1 F422.1 X171.663 Y130.413 E1022.78299
G1 F421.4 X171.458 Y130.682 E1022.7998
G1 F420 X171.192 Y130.887 E1022.81656
G1 F419.3 X170.881 Y131.018 E1022.83342
G1 X170.543 Y131.062 E1022.85046
G1 F418.6 X170.205 Y131.018 E1022.86752
G1 X169.894 Y130.887 E1022.88441
G1 F419.3 X169.628 Y130.681 E1022.90122
G1 F420.7 X169.422 Y130.412 E1022.9181
G1 F422.1 X169.289 Y130.09 E1022.93539
G1 F422.8 X169.245 Y129.75 E1022.95238
M204 S1000
G1 F1500 E1021.95238
G0 F9000 X184.788 Y89.161
M204 S2000
G1 F1500 E1022.95238
G1 F422.8 X184.745 Y88.82 E1022.96942
G1 X184.788 Y88.48 E1022.9864
G1 F422.1 X184.922 Y88.158 E1023.00371
G1 F420.7 X185.129 Y87.888 E1023.02066
G1 F420 X185.395 Y87.682 E1023.03744
G1 X185.702 Y87.554 E1023.05404
G1 X186.043 Y87.509 E1023.0712
G1 F419.3 X186.384 Y87.554 E1023.08839
G1 F418.6 X186.691 Y87.682 E1023.10504
G1 X186.957 Y87.888 E1023.12188
G1 F420 X187.163 Y88.157 E1023.13878
G1 F421.4 X187.297 Y88.479 E1023.15612
G1 F422.1 X187.341 Y88.82 E1023.17319
G1 F422.8 X187.297 Y89.161 E1023.19023
G1 X187.163 Y89.484 E1023.20756
G1 F421.4 X186.957 Y89.753 E1023.22441
G1 F419.3 X186.691 Y89.959 E1023.24122
G1 F418.6 X186.384 Y90.087 E1023.25787
G1 X186.043 Y90.132 E1023.27509
G1 F419.3 X185.702 Y90.087 E1023.29228
G1 F420 X185.395 Y89.959 E1023.30887
G1 X185.129 Y89.753 E1023.32565
G1 F420.7 X184.922 Y89.483 E1023.3426
G1 F422.1 X184.788 Y89.161 E1023.35991
M204 S1000
G1 F1500 E1022.35991
;MESH:NONMESH
G0 F600 X184.788 Y89.161 Z11
G0 F9000 X63.789 Y132.917
;TIME_ELAPSED:8012.817267
;LAYER:54
M204 S2000
;TYPE:WALL-OUTER
;MESH:Bottom_Standoffs.stl
G1 F1500 E1023.35991
G1 F466.2 X63.92 Y132.599 E1023.37699
G1 F463.8 X64.13 Y132.324 E1023.39425
G1 F461.5 X64.395 Y132.119 E1023.41105
G1 X64.702 Y131.991 E1023.42772
G1 F463.1 X65.043 Y131.946 E1023.44491
G1 X65.384 Y131.991 E1023.4621
G1 F462.3 X65.691 Y132.119 E1023.47875
G1 F463.1 X65.955 Y132.323 E1023.49542
G1 F464.6 X66.165 Y132.598 E1023.51266
G1 F466.2 X66.297 Y132.916 E1023.52975
G1 F467 X66.341 Y133.258 E1023.54684
G1 X66.297 Y133.599 E1023.56388
G1 F466.2 X66.163 Y133.921 E1023.58119
G1 F464.6 X65.957 Y134.19 E1023.59807
G1 F463.8 X65.692 Y134.396 E1023.61481
G1 X65.382 Y134.526 E1023.63158
G1 F463.1 X65.043 Y134.57 E1023.64867
G1 F462.3 X64.704 Y134.526 E1023.66578
G1 X64.394 Y134.396 E1023.6826
G1 F463.1 X64.128 Y134.189 E1023.69945
G1 F463.8 X63.922 Y133.921 E1023.71631
G1 F465.4 X63.788 Y133.598 E1023.7337
G1 F467 X63.745 Y133.258 E1023.75068
G1 X63.789 Y132.917 E1023.76772
M204 S1000
G1 F1500 E1022.76772
G0 F9000 X99.288 Y154.14
M204 S2000
G1 F1500 E1023.76772
G1 F465.4 X99.422 Y153.818 E1023.78507
G1 F463.8 X99.628 Y153.549 E1023.80197
G1 X99.894 Y153.343 E1023.81875
G1 F463.1 X100.204 Y153.214 E1023.83553
G1 X100.543 Y153.169 E1023.85262
G1 X100.882 Y153.214 E1023.86971
G1 X101.192 Y153.343 E1023.88649
G1 F463.8 X101.457 Y153.549 E1023.90324
G1 F464.6 X101.663 Y153.819 E1023.92015
G1 F465.4 X101.797 Y154.14 E1023.93745
G1 F466.2 X101.841 Y154.48 E1023.95447
G1 F467 X101.797 Y154.821 E1023.97151
G1 X101.663 Y155.144 E1023.98884
G1 F465.4 X101.457 Y155.413 E1024.00568
G1 F462.3 X101.191 Y155.618 E1024.02249
G1 F461.5 X100.883 Y155.747 E1024.03924
G1 F462.3 X100.543 Y155.793 E1024.05641
G1 F463.1 X100.203 Y155.747 E1024.07356
G1 F462.3 X99.896 Y155.619 E1024.09021
G1 F461.5 X99.628 Y155.412 E1024.10719
G1 F463.8 X99.422 Y155.143 E1024.12409
G1 F466.2 X99.288 Y154.821 E1024.1414
G1 F467 X99.245 Y154.48 E1024.15844
G1 X99.288 Y154.14 E1024.17542
M204 S1000
G1 F1500 E1023.17542
G0 F9000 X169.245 Y129.72
M204 S2000
G1 F1500 E1024.17542
G1 F467 X169.288 Y129.38 E1024.1924
G1 F466.2 X169.42 Y129.062 E1024.20949
G1 F463.8 X169.63 Y128.786 E1024.2268
G1 F463.1 X169.895 Y128.582 E1024.24351
G1 F463.8 X170.202 Y128.454 E1024.2601
G1 X170.543 Y128.409 E1024.27726
G1 F463.1 X170.884 Y128.454 E1024.29445
G1 F462.3 X171.191 Y128.582 E1024.3111
G1 F463.1 X171.455 Y128.786 E1024.32778
G1 F464.6 X171.665 Y129.062 E1024.34505
G1 F466.2 X171.797 Y129.378 E1024.36205
G1 F467 X171.841 Y129.72 E1024.37914
G1 X171.797 Y130.061 E1024.39618
G1 X171.663 Y130.384 E1024.41351
G1 F466.2 X171.458 Y130.653 E1024.4303
G1 F463.8 X171.192 Y130.858 E1024.44705
G1 F463.1 X170.881 Y130.989 E1024.46391
G1 X170.543 Y131.033 E1024.48095
G1 F462.3 X170.205 Y130.989 E1024.49801
G1 X169.894 Y130.858 E1024.5149
G1 F463.1 X169.628 Y130.652 E1024.53171
G1 F464.6 X169.422 Y130.383 E1024.54859
G1 F466.2 X169.289 Y130.061 E1024.56588
G1 F467 X169.245 Y129.72 E1024.58292
M204 S1000
G1 F1500 E1023.58292
G0 F9000 X184.788 Y89.132
M204 S2000
G1 F1500 E1024.58292
G1 F467 X184.745 Y88.791 E1024.59996
G1 X184.789 Y88.451 E1024.61695
G1 F466.2 X184.922 Y88.129 E1024.63424
G1 F464.6 X185.129 Y87.859 E1024.65119
G1 F463.1 X185.395 Y87.653 E1024.668
G1 X185.702 Y87.525 E1024.68462
G1 F463.8 X186.043 Y87.48 E1024.70178
G1 F463.1 X186.384 Y87.525 E1024.71897
G1 F462.3 X186.691 Y87.653 E1024.73562
G1 X186.957 Y87.859 E1024.75246
G1 F463.8 X187.163 Y88.128 E1024.76936
G1 F465.4 X187.297 Y88.45 E1024.78671
G1 F466.2 X187.341 Y88.791 E1024.80377
G1 F467 X187.297 Y89.132 E1024.82081
G1 F466.2 X187.163 Y89.453 E1024.83808
G1 F464.6 X186.958 Y89.723 E1024.85497
G1 F463.8 X186.692 Y89.929 E1024.87175
G1 X186.381 Y90.059 E1024.88857
G1 F463.1 X186.043 Y90.103 E1024.9056
G1 X185.705 Y90.059 E1024.92263
G1 F463.8 X185.396 Y89.93 E1024.93934
G1 X185.125 Y89.72 E1024.95644
G1 F464.6 X184.922 Y89.453 E1024.97315
G1 F466.2 X184.788 Y89.132 E1024.99042
M204 S1000
G1 F1500 E1023.99042
;MESH:NONMESH
G0 F600 X184.788 Y89.132 Z11.2
G0 F9000 X63.788 Y132.888
;TIME_ELAPSED:8020.025645
;LAYER:55
M204 S2000
;TYPE:WALL-OUTER
;MESH:Bottom_Standoffs.stl
G1 F1500 E1024.99042
G1 F466.2 X63.922 Y132.566 E1025.00773
G1 F463.8 X64.128 Y132.297 E1025.02463
G1 F462.3 X64.394 Y132.092 E1025.04144
G1 X64.706 Y131.961 E1025.05838
G1 X65.043 Y131.917 E1025.0754
G1 X65.38 Y131.961 E1025.09241
G1 F463.1 X65.692 Y132.091 E1025.1093
G1 X65.957 Y132.297 E1025.12607
G1 F463.8 X66.163 Y132.565 E1025.14294
G1 F465.4 X66.297 Y132.887 E1025.16028
G1 F466.2 X66.341 Y133.228 E1025.17735
G1 F466.9 X66.297 Y133.569 E1025.19439
G1 X66.163 Y133.892 E1025.21172
G1 F466.2 X65.958 Y134.161 E1025.2285
G1 F463.8 X65.692 Y134.366 E1025.24526
G1 F463.1 X65.381 Y134.497 E1025.26212
G1 X65.043 Y134.541 E1025.27916
G1 F462.3 X64.705 Y134.497 E1025.29622
G1 F463.1 X64.394 Y134.366 E1025.31308
G1 F463.8 X64.128 Y134.16 E1025.32987
G1 F464.6 X63.922 Y133.891 E1025.34674
G1 F466.2 X63.788 Y133.569 E1025.36406
G1 F466.9 X63.745 Y133.228 E1025.38109
G1 X63.788 Y132.888 E1025.39807
M204 S1000
G1 F1500 E1024.39807
G0 F9000 X99.288 Y154.111
M204 S2000
G1 F1500 E1025.39807
G1 F466.2 X99.422 Y153.789 E1025.41539
G1 F464.6 X99.628 Y153.52 E1025.43226
G1 F463.1 X99.895 Y153.313 E1025.44914
G1 F462.3 X100.203 Y153.185 E1025.46584
G1 X100.543 Y153.14 E1025.48301
G1 X100.883 Y153.185 E1025.50018
G1 X101.191 Y153.313 E1025.51687
G1 X101.457 Y153.519 E1025.53371
G1 F463.8 X101.663 Y153.788 E1025.55062
G1 F465.4 X101.797 Y154.11 E1025.56796
G1 F466.2 X101.841 Y154.451 E1025.58503
G1 F466.9 X101.797 Y154.792 E1025.60207
G1 X101.663 Y155.115 E1025.6194
G1 F465.4 X101.457 Y155.384 E1025.63624
G1 F463.1 X101.191 Y155.59 E1025.65306
G1 F462.3 X100.884 Y155.718 E1025.66971
G1 X100.543 Y155.763 E1025.68692
G1 X100.202 Y155.718 E1025.70414
G1 F461.5 X99.895 Y155.59 E1025.72082
G1 X99.629 Y155.384 E1025.73769
G1 F463.8 X99.422 Y155.114 E1025.75466
G1 F466.2 X99.288 Y154.792 E1025.77197
G1 F466.9 X99.245 Y154.451 E1025.78901
G1 X99.288 Y154.111 E1025.80599
M204 S1000
G1 F1500 E1024.80599
G0 F9000 X169.245 Y129.691
M204 S2000
G1 F1500 E1025.80599
G1 F466.9 X169.288 Y129.351 E1025.82297
G1 F466.2 X169.422 Y129.029 E1025.84029
G1 F464.6 X169.629 Y128.759 E1025.85723
G1 F463.8 X169.895 Y128.553 E1025.87402
G1 X170.202 Y128.425 E1025.89061
G1 X170.543 Y128.38 E1025.90777
G1 F463.1 X170.884 Y128.425 E1025.92496
G1 F462.3 X171.191 Y128.553 E1025.94161
G1 X171.457 Y128.759 E1025.95845
G1 F463.8 X171.663 Y129.028 E1025.97535
G1 F465.4 X171.797 Y129.35 E1025.9927
G1 F466.2 X171.841 Y129.691 E1026.00976
G1 F466.9 X171.797 Y130.032 E1026.0268
G1 F466.2 X171.663 Y130.354 E1026.04412
G1 F465.4 X171.46 Y130.621 E1026.06079
G1 F464.6 X171.189 Y130.83 E1026.07784
G1 F463.8 X170.881 Y130.96 E1026.09452
G1 F463.1 X170.543 Y131.004 E1026.11155
G1 F462.3 X170.205 Y130.96 E1026.12861
G1 F463.8 X169.9 Y130.831 E1026.14514
G1 F465.4 X169.624 Y130.618 E1026.16247
G1 X169.422 Y130.354 E1026.179
G1 F466.2 X169.288 Y130.032 E1026.19631
G1 F466.9 X169.245 Y129.691 E1026.21335
M204 S1000
G1 F1500 E1025.21335
G0 F9000 X184.788 Y89.103
M204 S2000
G1 F1500 E1026.21335
G1 F466.9 X184.745 Y88.762 E1026.23038
G1 X184.789 Y88.421 E1026.24742
G1 F466.2 X184.922 Y88.099 E1026.26471
G1 F464.6 X185.126 Y87.833 E1026.28141
G1 F463.1 X185.397 Y87.623 E1026.29854
G1 X185.703 Y87.496 E1026.3151
G1 F463.8 X186.043 Y87.45 E1026.33222
G1 F463.1 X186.383 Y87.496 E1026.34936
G1 F462.3 X186.689 Y87.623 E1026.36595
G1 F463.1 X186.959 Y87.832 E1026.38301
G1 F464.6 X187.163 Y88.098 E1026.3997
G1 F465.4 X187.297 Y88.421 E1026.41709
G1 F466.2 X187.341 Y88.762 E1026.43416
G1 F466.9 X187.297 Y89.103 E1026.4512
G1 F466.2 X187.163 Y89.424 E1026.46847
G1 F464.6 X186.957 Y89.694 E1026.48538
G1 F463.1 X186.692 Y89.899 E1026.50213
G1 X186.381 Y90.03 E1026.51899
G1 X186.043 Y90.074 E1026.53602
G1 X185.705 Y90.03 E1026.55306
G1 X185.394 Y89.899 E1026.56992
G1 X185.128 Y89.693 E1026.58673
G1 F464.6 X184.922 Y89.424 E1026.60361
G1 F466.2 X184.788 Y89.103 E1026.62088
M204 S1000
G1 F1500 E1025.62088
;MESH:NONMESH
G0 F600 X184.788 Y89.103 Z11.4
G0 F9000 X63.788 Y132.859
;TIME_ELAPSED:8027.234013
;LAYER:56
M204 S2000
;TYPE:WALL-OUTER
;MESH:Bottom_Standoffs.stl
G1 F1500 E1026.62088
G1 F466.2 X63.922 Y132.537 E1026.63819
G1 F464.7 X64.128 Y132.268 E1026.65507
G1 F463.9 X64.394 Y132.062 E1026.67185
G1 F463.1 X64.705 Y131.931 E1026.68871
G1 X65.043 Y131.887 E1026.70575
G1 F463.9 X65.381 Y131.931 E1026.72275
G1 X65.692 Y132.062 E1026.73959
G1 F464.7 X65.958 Y132.267 E1026.75632
G1 F465.4 X66.163 Y132.536 E1026.77313
G1 X66.297 Y132.858 E1026.79048
G1 F466.2 X66.341 Y133.199 E1026.80754
G1 F467 X66.297 Y133.54 E1026.82458
G1 X66.163 Y133.863 E1026.84191
G1 F465.4 X65.957 Y134.132 E1026.85876
G1 F463.1 X65.691 Y134.338 E1026.87557
G1 X65.383 Y134.467 E1026.89226
G1 X65.043 Y134.512 E1026.9094
G1 X64.703 Y134.467 E1026.92654
G1 F463.9 X64.395 Y134.338 E1026.9432
G1 X64.128 Y134.131 E1026.96005
G1 F464.7 X63.922 Y133.862 E1026.97693
G1 F466.2 X63.788 Y133.54 E1026.99424
G1 F467 X63.745 Y133.199 E1027.01127
G1 X63.788 Y132.859 E1027.02826
M204 S1000
G1 F1500 E1026.02826
G0 F9000 X99.288 Y154.082
M204 S2000
G1 F1500 E1027.02826
G1 F466.2 X99.422 Y153.76 E1027.04557
G1 F463.9 X99.628 Y153.491 E1027.06247
G1 F463.1 X99.894 Y153.285 E1027.07929
G1 X100.206 Y153.154 E1027.0962
G1 X100.543 Y153.11 E1027.11318
G1 F463.9 X100.88 Y153.154 E1027.13014
G1 X101.192 Y153.285 E1027.14702
G1 F463.1 X101.457 Y153.491 E1027.16379
G1 F463.9 X101.663 Y153.759 E1027.18066
G1 F465.4 X101.797 Y154.081 E1027.198
G1 F466.2 X101.841 Y154.422 E1027.21507
G1 F467 X101.797 Y154.763 E1027.23211
G1 X101.663 Y155.086 E1027.24944
G1 F465.4 X101.457 Y155.355 E1027.26628
G1 F463.1 X101.191 Y155.561 E1027.2831
G1 F462.3 X100.884 Y155.689 E1027.29975
G1 X100.543 Y155.734 E1027.31696
G1 X100.202 Y155.689 E1027.33418
G1 F461.6 X99.895 Y155.561 E1027.35086
G1 X99.629 Y155.355 E1027.36773
G1 F463.1 X99.422 Y155.085 E1027.38473
G1 F465.4 X99.288 Y154.763 E1027.40207
G1 F467 X99.245 Y154.422 E1027.4191
G1 X99.288 Y154.082 E1027.43609
M204 S1000
G1 F1500 E1026.43609
G0 F9000 X169.245 Y129.662
M204 S2000
G1 F1500 E1027.43609
G1 F467 X169.289 Y129.322 E1027.45308
G1 F466.2 X169.422 Y129 E1027.47037
G1 F464.7 X169.628 Y128.731 E1027.48725
G1 F463.1 X169.895 Y128.524 E1027.50413
G1 X170.203 Y128.395 E1027.52082
G1 F463.9 X170.543 Y128.35 E1027.53793
G1 F464.7 X170.883 Y128.395 E1027.55501
G1 F463.9 X171.191 Y128.524 E1027.57167
G1 F462.3 X171.457 Y128.73 E1027.58851
G1 F463.9 X171.663 Y128.999 E1027.60542
G1 F465.4 X171.797 Y129.321 E1027.62276
G1 F466.2 X171.841 Y129.662 E1027.63983
G1 F467 X171.797 Y130.003 E1027.65686
G1 F466.2 X171.663 Y130.325 E1027.67418
G1 F465.4 X171.46 Y130.592 E1027.69086
G1 X171.19 Y130.801 E1027.70783
G1 F463.9 X170.881 Y130.93 E1027.72454
G1 F462.3 X170.543 Y130.975 E1027.74161
G1 F463.1 X170.205 Y130.93 E1027.75865
G1 F463.9 X169.896 Y130.801 E1027.77535
G1 X169.626 Y130.592 E1027.79239
G1 F464.7 X169.422 Y130.325 E1027.80912
G1 F466.2 X169.288 Y130.003 E1027.82644
G1 F467 X169.245 Y129.662 E1027.84347
M204 S1000
G1 F1500 E1026.84347
G0 F9000 X184.789 Y89.074
M204 S2000
G1 F1500 E1027.84347
G1 F467 X184.745 Y88.733 E1027.86051
G1 X184.788 Y88.392 E1027.87754
G1 F466.2 X184.922 Y88.07 E1027.89485
G1 F464.7 X185.127 Y87.803 E1027.91162
G1 F463.1 X185.396 Y87.594 E1027.92864
G1 F462.3 X185.704 Y87.465 E1027.94536
G1 F463.1 X186.043 Y87.421 E1027.96244
G1 F463.9 X186.38 Y87.465 E1027.9794
G1 X186.689 Y87.595 E1027.99612
G1 X186.96 Y87.803 E1028.01317
G1 F464.7 X187.163 Y88.07 E1028.02987
G1 F465.4 X187.297 Y88.392 E1028.04721
G1 F466.2 X187.341 Y88.733 E1028.06428
G1 F467 X187.297 Y89.074 E1028.08132
G1 X187.164 Y89.395 E1028.09854
G1 F465.4 X186.957 Y89.665 E1028.11546
G1 F463.1 X186.691 Y89.871 E1028.13227
G1 X186.383 Y90 E1028.14896
G1 X186.043 Y90.045 E1028.1661
G1 X185.703 Y90 E1028.18324
G1 X185.395 Y89.871 E1028.19992
G1 X185.128 Y89.664 E1028.21681
G1 F464.7 X184.922 Y89.395 E1028.23368
G1 F466.2 X184.789 Y89.074 E1028.25093
M204 S1000
G1 F1500 E1027.25093
;MESH:NONMESH
G0 F600 X184.789 Y89.074 Z11.6
G0 F9000 X63.788 Y132.83
;TIME_ELAPSED:8034.440934
;LAYER:57
M204 S2000
;TYPE:WALL-OUTER
;MESH:Bottom_Standoffs.stl
G1 F1500 E1028.25093
G1 F466.2 X63.922 Y132.508 E1028.26824
G1 F464.6 X64.128 Y132.239 E1028.28512
G1 F463.9 X64.394 Y132.033 E1028.3019
G1 F463.1 X64.705 Y131.902 E1028.31877
G1 X65.043 Y131.858 E1028.3358
G1 F463.9 X65.381 Y131.902 E1028.35281
G1 X65.692 Y132.033 E1028.36964
G1 F464.6 X65.958 Y132.238 E1028.38637
G1 F465.4 X66.163 Y132.507 E1028.40319
G1 X66.297 Y132.829 E1028.42053
G1 F466.2 X66.341 Y133.17 E1028.4376
G1 F467 X66.297 Y133.511 E1028.45464
G1 X66.163 Y133.834 E1028.47197
G1 F465.4 X65.957 Y134.103 E1028.48881
G1 F463.1 X65.691 Y134.309 E1028.50563
G1 F462.3 X65.384 Y134.437 E1028.52228
G1 X65.043 Y134.482 E1028.53949
G1 F463.1 X64.702 Y134.437 E1028.55668
G1 F463.9 X64.395 Y134.309 E1028.57328
G1 X64.129 Y134.103 E1028.59006
G1 F464.6 X63.922 Y133.833 E1028.60701
G1 F466.2 X63.788 Y133.511 E1028.62432
G1 F467 X63.745 Y133.17 E1028.64135
G1 X63.788 Y132.83 E1028.65834
M204 S1000
G1 F1500 E1027.65834
G0 F9000 X99.288 Y154.052
M204 S2000
G1 F1500 E1028.65834
G1 F465.4 X99.422 Y153.73 E1028.67568
G1 F463.1 X99.628 Y153.462 E1028.69257
G1 F462.3 X99.894 Y153.255 E1028.70944
G1 X100.204 Y153.126 E1028.72625
G1 F463.1 X100.543 Y153.081 E1028.74334
G1 X100.882 Y153.126 E1028.76043
G1 X101.192 Y153.255 E1028.77721
G1 F463.9 X101.457 Y153.461 E1028.79395
G1 F464.6 X101.663 Y153.731 E1028.81087
G1 F465.4 X101.797 Y154.052 E1028.82817
G1 F466.2 X101.841 Y154.392 E1028.84518
G1 F467.8 X101.797 Y154.735 E1028.86229
G1 F467 X101.664 Y155.054 E1028.87942
G1 F464.6 X101.459 Y155.323 E1028.89627
G1 F463.1 X101.189 Y155.531 E1028.9133
G1 F462.3 X100.88 Y155.661 E1028.93008
G1 X100.543 Y155.705 E1028.94709
G1 X100.204 Y155.661 E1028.9642
G1 X99.896 Y155.532 E1028.98092
G1 F463.1 X99.627 Y155.323 E1028.99794
G1 F463.9 X99.421 Y155.054 E1029.01484
G1 F465.4 X99.288 Y154.734 E1029.03208
G1 F467 X99.245 Y154.392 E1029.04916
G1 X99.288 Y154.052 E1029.06614
M204 S1000
G1 F1500 E1028.06614
G0 F9000 X169.245 Y129.633
M204 S2000
G1 F1500 E1029.06614
G1 F467 X169.289 Y129.293 E1029.08313
G1 F466.2 X169.422 Y128.971 E1029.10043
G1 F464.6 X169.628 Y128.702 E1029.1173
G1 F463.1 X169.894 Y128.496 E1029.13411
G1 F462.3 X170.205 Y128.365 E1029.15101
G1 F463.1 X170.543 Y128.321 E1029.16804
G1 F463.9 X170.881 Y128.365 E1029.18505
G1 X171.192 Y128.496 E1029.20188
G1 F464.6 X171.458 Y128.701 E1029.21861
G1 F465.4 X171.663 Y128.97 E1029.23543
G1 X171.797 Y129.292 E1029.25277
G1 F466.2 X171.841 Y129.633 E1029.26984
G1 F467 X171.797 Y129.974 E1029.28687
G1 F466.2 X171.663 Y130.296 E1029.30419
G1 F465.4 X171.46 Y130.563 E1029.32087
G1 F463.9 X171.189 Y130.771 E1029.33791
G1 F462.3 X170.881 Y130.901 E1029.35464
G1 X170.543 Y130.945 E1029.37171
G1 X170.204 Y130.901 E1029.38882
G1 X169.896 Y130.771 E1029.40555
G1 F463.1 X169.627 Y130.563 E1029.42254
G1 F464.6 X169.422 Y130.296 E1029.43931
G1 F466.2 X169.288 Y129.974 E1029.45662
G1 F467 X169.245 Y129.633 E1029.47366
M204 S1000
G1 F1500 E1028.47366
G0 F9000 X184.788 Y89.044
M204 S2000
G1 F1500 E1029.47366
G1 F467 X184.745 Y88.703 E1029.49069
G1 X184.788 Y88.363 E1029.50767
G1 F466.2 X184.922 Y88.041 E1029.52499
G1 F464.6 X185.129 Y87.771 E1029.54193
G1 F463.9 X185.395 Y87.565 E1029.55872
G1 X185.702 Y87.437 E1029.57531
G1 X186.043 Y87.392 E1029.59247
G1 F463.1 X186.384 Y87.437 E1029.60966
G1 F462.3 X186.691 Y87.565 E1029.62631
G1 X186.957 Y87.771 E1029.64315
G1 F463.9 X187.163 Y88.04 E1029.66005
G1 F465.4 X187.297 Y88.362 E1029.6774
G1 F466.2 X187.341 Y88.703 E1029.69446
G1 F467 X187.297 Y89.044 E1029.7115
G1 X187.163 Y89.367 E1029.72883
G1 F465.4 X186.957 Y89.636 E1029.74568
G1 F463.1 X186.691 Y89.842 E1029.76249
G1 F462.3 X186.384 Y89.97 E1029.77914
G1 X186.043 Y90.015 E1029.79636
G1 F463.1 X185.702 Y89.97 E1029.81355
G1 F463.9 X185.395 Y89.842 E1029.83014
G1 X185.129 Y89.636 E1029.84693
G1 F464.6 X184.922 Y89.366 E1029.86387
G1 F466.2 X184.788 Y89.044 E1029.88119
M204 S1000
G1 F1500 E1028.88119
;MESH:NONMESH
G0 F600 X184.788 Y89.044 Z11.8
G0 F9000 X63.789 Y132.801
;TIME_ELAPSED:8041.648567
;LAYER:58
M204 S2000
;TYPE:WALL-OUTER
;MESH:Bottom_Standoffs.stl
G1 F1500 E1029.88119
G1 F466.2 X63.922 Y132.478 E1029.89853
G1 F464.6 X64.128 Y132.21 E1029.91536
G1 F463.1 X64.394 Y132.004 E1029.93218
G1 F462.3 X64.704 Y131.873 E1029.94902
G1 F463.1 X65.043 Y131.829 E1029.96611
G1 F463.8 X65.382 Y131.873 E1029.98316
G1 X65.692 Y132.003 E1029.99993
G1 F463.1 X65.957 Y132.209 E1030.0167
G1 F463.8 X66.163 Y132.478 E1030.03361
G1 F465.4 X66.297 Y132.8 E1030.05095
G1 F466.2 X66.341 Y133.141 E1030.06802
G1 F467 X66.297 Y133.482 E1030.08506
G1 F466.2 X66.163 Y133.804 E1030.10237
G1 F464.6 X65.957 Y134.073 E1030.11925
G1 F463.8 X65.692 Y134.279 E1030.13599
G1 X65.382 Y134.409 E1030.15276
G1 F463.1 X65.043 Y134.453 E1030.16985
G1 F462.3 X64.704 Y134.409 E1030.18696
G1 X64.394 Y134.279 E1030.20378
G1 F463.1 X64.128 Y134.072 E1030.22063
G1 F464.6 X63.922 Y133.804 E1030.23746
G1 F466.2 X63.788 Y133.481 E1030.25482
G1 F467 X63.745 Y133.141 E1030.27181
G1 X63.789 Y132.801 E1030.2888
M204 S1000
G1 F1500 E1029.2888
G0 F9000 X99.288 Y154.023
M204 S2000
G1 F1500 E1030.2888
G1 F465.4 X99.422 Y153.701 E1030.30614
G1 F463.8 X99.628 Y153.432 E1030.32304
G1 X99.894 Y153.226 E1030.33983
G1 F463.1 X100.204 Y153.097 E1030.35661
G1 X100.543 Y153.052 E1030.3737
G1 X100.882 Y153.097 E1030.39079
G1 X101.192 Y153.226 E1030.40757
G1 F463.8 X101.457 Y153.432 E1030.42431
G1 F464.6 X101.663 Y153.702 E1030.44123
G1 F465.4 X101.797 Y154.023 E1030.45852
G1 F466.2 X101.841 Y154.363 E1030.47554
G1 F467 X101.797 Y154.704 E1030.49258
G1 X101.663 Y155.027 E1030.50991
G1 F466.2 X101.458 Y155.296 E1030.5267
G1 F463.8 X101.192 Y155.501 E1030.54345
G1 F463.1 X100.881 Y155.632 E1030.56032
G1 X100.543 Y155.676 E1030.57735
G1 F462.3 X100.205 Y155.632 E1030.59441
G1 F463.1 X99.894 Y155.501 E1030.61128
G1 F463.8 X99.628 Y155.295 E1030.62806
G1 F464.6 X99.422 Y155.026 E1030.64494
G1 F466.2 X99.288 Y154.704 E1030.66225
G1 F467 X99.245 Y154.363 E1030.67928
G1 X99.288 Y154.023 E1030.69627
M204 S1000
G1 F1500 E1029.69627
G0 F9000 X169.245 Y129.604
M204 S2000
G1 F1500 E1030.69627
G1 F467 X169.288 Y129.264 E1030.71325
G1 F466.2 X169.422 Y128.941 E1030.73061
G1 F464.6 X169.628 Y128.673 E1030.74745
G1 F463.1 X169.894 Y128.467 E1030.76426
G1 F462.3 X170.204 Y128.336 E1030.78111
G1 F463.1 X170.543 Y128.292 E1030.79819
G1 F463.8 X170.882 Y128.336 E1030.81524
G1 X171.192 Y128.466 E1030.83201
G1 F463.1 X171.457 Y128.672 E1030.84879
G1 F463.8 X171.663 Y128.941 E1030.86569
G1 F465.4 X171.797 Y129.263 E1030.88303
G1 F466.2 X171.841 Y129.604 E1030.9001
G1 F467 X171.797 Y129.945 E1030.91714
G1 F466.2 X171.663 Y130.267 E1030.93445
G1 F465.4 X171.458 Y130.536 E1030.95127
G1 F463.8 X171.192 Y130.741 E1030.96803
G1 F463.1 X170.881 Y130.872 E1030.98489
G1 X170.543 Y130.916 E1031.00192
G1 F462.3 X170.205 Y130.872 E1031.01899
G1 X169.894 Y130.741 E1031.03588
G1 F463.1 X169.628 Y130.535 E1031.05269
G1 F464.6 X169.422 Y130.266 E1031.06957
G1 F466.2 X169.289 Y129.944 E1031.08686
G1 F467 X169.245 Y129.604 E1031.10385
M204 S1000
G1 F1500 E1030.10385
G0 F9000 X184.788 Y89.015
M204 S2000
G1 F1500 E1031.10385
G1 F467 X184.745 Y88.674 E1031.12088
G1 X184.788 Y88.334 E1031.13787
G1 F466.2 X184.922 Y88.012 E1031.15518
G1 F464.6 X185.129 Y87.742 E1031.17213
G1 F463.8 X185.395 Y87.536 E1031.18891
G1 X185.702 Y87.408 E1031.2055
G1 X186.043 Y87.363 E1031.22266
G1 F463.1 X186.384 Y87.408 E1031.23985
G1 F462.3 X186.691 Y87.536 E1031.2565
G1 X186.957 Y87.742 E1031.27334
G1 F463.8 X187.163 Y88.011 E1031.29025
G1 F465.4 X187.297 Y88.333 E1031.30759
G1 F466.2 X187.341 Y88.674 E1031.32466
G1 F467 X187.297 Y89.015 E1031.3417
G1 F466.2 X187.163 Y89.336 E1031.35896
G1 F464.6 X186.957 Y89.606 E1031.37588
G1 F463.8 X186.692 Y89.812 E1031.39262
G1 X186.382 Y89.942 E1031.4094
G1 F463.1 X186.043 Y89.986 E1031.42648
G1 X185.704 Y89.942 E1031.44356
G1 F463.8 X185.394 Y89.812 E1031.46033
G1 X185.128 Y89.606 E1031.47712
G1 F464.6 X184.922 Y89.337 E1031.49399
G1 F466.2 X184.788 Y89.015 E1031.51131
M204 S1000
G1 F1500 E1030.51131
;MESH:NONMESH
G0 F600 X184.788 Y89.015 Z12
G0 F9000 X63.788 Y132.771
;TIME_ELAPSED:8048.855933
;LAYER:59
M204 S2000
;TYPE:WALL-OUTER
;MESH:Bottom_Standoffs.stl
G1 F1500 E1031.51131
G1 F466.2 X63.922 Y132.449 E1031.52862
G1 F463.9 X64.129 Y132.179 E1031.54559
G1 F461.5 X64.395 Y131.973 E1031.56246
G1 X64.702 Y131.845 E1031.57914
G1 F463.1 X65.043 Y131.8 E1031.59633
G1 X65.384 Y131.845 E1031.61352
G1 F462.3 X65.691 Y131.973 E1031.63017
G1 X65.957 Y132.179 E1031.64701
G1 F463.9 X66.163 Y132.448 E1031.66391
G1 F465.4 X66.297 Y132.77 E1031.68125
G1 F466.2 X66.341 Y133.111 E1031.69832
G1 F467 X66.297 Y133.452 E1031.71536
G1 X66.163 Y133.775 E1031.73269
G1 F466.2 X65.958 Y134.044 E1031.74948
G1 F463.9 X65.692 Y134.249 E1031.76623
G1 F463.1 X65.381 Y134.38 E1031.7831
G1 X65.043 Y134.424 E1031.80013
G1 F462.3 X64.705 Y134.38 E1031.81719
G1 F463.1 X64.394 Y134.249 E1031.83406
G1 F463.9 X64.128 Y134.043 E1031.85084
G1 F464.6 X63.922 Y133.774 E1031.86772
G1 F466.2 X63.788 Y133.452 E1031.88503
G1 F467 X63.745 Y133.111 E1031.90206
G1 X63.788 Y132.771 E1031.91905
M204 S1000
G1 F1500 E1030.91905
G0 F9000 X99.288 Y153.994
M204 S2000
G1 F1500 E1031.91905
G1 F465.4 X99.422 Y153.672 E1031.93639
G1 F463.9 X99.629 Y153.402 E1031.95336
G1 F463.1 X99.895 Y153.196 E1031.97018
G1 F462.3 X100.202 Y153.068 E1031.98683
G1 F463.1 X100.543 Y153.023 E1032.00402
G1 X100.884 Y153.068 E1032.0212
G1 F462.3 X101.191 Y153.196 E1032.03785
G1 X101.457 Y153.402 E1032.05469
G1 F463.1 X101.662 Y153.672 E1032.07164
G1 F464.6 X101.797 Y153.993 E1032.08898
G1 F466.2 X101.841 Y154.334 E1032.10605
G1 F467 X101.797 Y154.675 E1032.12309
G1 X101.663 Y154.998 E1032.14042
G1 F464.6 X101.457 Y155.266 E1032.15725
G1 F461.5 X101.191 Y155.472 E1032.17412
G1 X100.883 Y155.601 E1032.19086
G1 F462.3 X100.543 Y155.647 E1032.20804
G1 F463.1 X100.203 Y155.601 E1032.22518
G1 X99.896 Y155.472 E1032.24183
G1 X99.628 Y155.266 E1032.25872
G1 F464.6 X99.422 Y154.997 E1032.27559
G1 F466.2 X99.288 Y154.675 E1032.29291
G1 F467 X99.245 Y154.334 E1032.30994
G1 X99.288 Y153.994 E1032.32692
M204 S1000
G1 F1500 E1031.32692
G0 F9000 X169.245 Y129.574
M204 S2000
G1 F1500 E1032.32692
G1 F467 X169.288 Y129.234 E1032.34391
G1 F466.2 X169.422 Y128.912 E1032.36122
G1 F464.6 X169.629 Y128.642 E1032.37817
G1 F463.9 X169.895 Y128.436 E1032.39495
G1 X170.202 Y128.308 E1032.41155
G1 X170.543 Y128.263 E1032.42871
G1 F463.1 X170.884 Y128.308 E1032.44589
G1 F462.3 X171.191 Y128.436 E1032.46254
G1 X171.457 Y128.642 E1032.47938
G1 F463.9 X171.663 Y128.911 E1032.49629
G1 F465.4 X171.797 Y129.233 E1032.51363
G1 F466.2 X171.841 Y129.574 E1032.5307
G1 F467 X171.797 Y129.915 E1032.54774
G1 X171.663 Y130.238 E1032.56507
G1 F466.2 X171.458 Y130.507 E1032.58186
G1 F463.9 X171.192 Y130.712 E1032.59861
G1 F463.1 X170.881 Y130.843 E1032.61548
G1 X170.543 Y130.887 E1032.63251
G1 F462.3 X170.205 Y130.843 E1032.64957
G1 X169.894 Y130.712 E1032.66646
G1 F463.1 X169.628 Y130.506 E1032.68328
G1 F464.6 X169.422 Y130.237 E1032.70015
G1 F466.2 X169.289 Y129.915 E1032.71745
G1 F467 X169.245 Y129.574 E1032.73448
M204 S1000
G1 F1500 E1031.73448
G0 F9000 X184.788 Y88.986
M204 S2000
G1 F1500 E1032.73448
G1 F467 X184.745 Y88.645 E1032.75152
G1 X184.789 Y88.304 E1032.76856
G1 F466.2 X184.921 Y87.984 E1032.78574
G1 F463.9 X185.126 Y87.715 E1032.80261
G1 F462.3 X185.397 Y87.506 E1032.81974
G1 X185.703 Y87.378 E1032.83635
G1 F463.1 X186.043 Y87.334 E1032.85348
G1 X186.384 Y87.379 E1032.87067
G1 F462.3 X186.689 Y87.506 E1032.88721
G1 X186.957 Y87.713 E1032.90416
G1 F463.9 X187.165 Y87.986 E1032.92128
G1 F466.2 X187.297 Y88.303 E1032.93833
G1 F467 X187.341 Y88.645 E1032.95541
G1 X187.297 Y88.986 E1032.97245
G1 F466.2 X187.163 Y89.307 E1032.98972
G1 F464.6 X186.958 Y89.577 E1033.00661
G1 F463.9 X186.692 Y89.783 E1033.02339
G1 X186.381 Y89.913 E1033.04021
G1 F463.1 X186.043 Y89.957 E1033.05724
G1 X185.705 Y89.913 E1033.07428
G1 F463.9 X185.393 Y89.783 E1033.09114
G1 F463.1 X185.127 Y89.577 E1033.10795
G1 F463.9 X184.922 Y89.307 E1033.12486
G1 F466.2 X184.788 Y88.986 E1033.14213
M204 S1000
G1 F1500 E1032.14213
;MESH:NONMESH
G0 F600 X184.788 Y88.986 Z12.2
G0 F9000 X63.788 Y132.742
;TIME_ELAPSED:8056.065025
;LAYER:60
M204 S2000
;TYPE:WALL-OUTER
;MESH:Bottom_Standoffs.stl
G1 F1500 E1033.14213
G1 F466.2 X63.922 Y132.42 E1033.15944
G1 F463.8 X64.128 Y132.151 E1033.17635
G1 F462.3 X64.394 Y131.946 E1033.19316
G1 X64.706 Y131.814 E1033.21012
G1 F463.1 X65.043 Y131.77 E1033.2271
G1 F463.8 X65.38 Y131.814 E1033.24406
G1 F463.1 X65.692 Y131.946 E1033.26099
G1 F462.3 X65.957 Y132.151 E1033.27776
G1 F463.8 X66.163 Y132.419 E1033.29462
G1 F465.4 X66.297 Y132.741 E1033.31196
G1 F466.2 X66.341 Y133.082 E1033.32903
G1 F467 X66.297 Y133.423 E1033.34607
G1 X66.163 Y133.746 E1033.3634
G1 F466.2 X65.958 Y134.015 E1033.38019
G1 F463.8 X65.692 Y134.22 E1033.39694
G1 F463.1 X65.381 Y134.351 E1033.41381
G1 X65.043 Y134.395 E1033.43084
G1 F462.3 X64.705 Y134.351 E1033.4479
G1 F463.1 X64.394 Y134.22 E1033.46477
G1 F463.8 X64.128 Y134.014 E1033.48155
G1 F464.6 X63.922 Y133.745 E1033.49843
G1 F466.2 X63.788 Y133.423 E1033.51574
G1 F467 X63.745 Y133.082 E1033.53277
G1 X63.788 Y132.742 E1033.54976
M204 S1000
G1 F1500 E1032.54976
G0 F9000 X99.288 Y153.965
M204 S2000
G1 F1500 E1033.54976
G1 F467 X99.245 Y154.305 E1033.56674
G1 X99.288 Y154.646 E1033.58377
G1 F466.2 X99.422 Y154.968 E1033.60109
G1 F464.6 X99.629 Y155.238 E1033.61803
G1 F463.1 X99.895 Y155.445 E1033.63488
G1 F463.8 X100.202 Y155.572 E1033.65145
G1 X100.543 Y155.617 E1033.66861
G1 F462.3 X100.884 Y155.572 E1033.68583
G1 X101.191 Y155.444 E1033.70248
G1 F463.1 X101.457 Y155.238 E1033.71929
G1 F465.4 X101.663 Y154.969 E1033.73614
G1 F467 X101.797 Y154.646 E1033.75347
G1 X101.841 Y154.305 E1033.77051
G1 F466.2 X101.797 Y153.964 E1033.78758
G1 F465.4 X101.663 Y153.642 E1033.80492
G1 X101.458 Y153.373 E1033.82174
G1 F464.6 X101.192 Y153.168 E1033.83846
G1 F463.1 X100.88 Y153.038 E1033.85535
G1 F462.3 X100.543 Y152.994 E1033.87237
G1 X100.206 Y153.038 E1033.88938
G1 F463.1 X99.894 Y153.168 E1033.90627
G1 F463.8 X99.628 Y153.374 E1033.92305
G1 F464.6 X99.422 Y153.643 E1033.93993
G1 F466.2 X99.288 Y153.965 E1033.95724
M204 S1000
G1 F1500 E1032.95724
G0 F9000 X169.245 Y129.545
M204 S2000
G1 F1500 E1033.95724
G1 F467 X169.288 Y129.205 E1033.97423
G1 F466.2 X169.422 Y128.883 E1033.99154
G1 F464.6 X169.629 Y128.613 E1034.00848
G1 F463.8 X169.895 Y128.407 E1034.02527
G1 X170.202 Y128.279 E1034.04186
G1 X170.543 Y128.234 E1034.05902
G1 F463.1 X170.884 Y128.279 E1034.07621
G1 F462.3 X171.191 Y128.407 E1034.09286
G1 X171.457 Y128.613 E1034.1097
G1 F463.8 X171.663 Y128.882 E1034.12661
G1 F465.4 X171.797 Y129.204 E1034.14395
G1 F466.2 X171.841 Y129.545 E1034.16102
G1 F467 X171.797 Y129.886 E1034.17806
G1 F466.2 X171.663 Y130.208 E1034.19537
G1 F465.4 X171.46 Y130.475 E1034.21205
G1 F464.6 X171.189 Y130.684 E1034.22909
G1 F463.8 X170.881 Y130.814 E1034.24577
G1 F463.1 X170.543 Y130.858 E1034.2628
G1 F462.3 X170.205 Y130.814 E1034.27987
G1 F463.8 X169.9 Y130.685 E1034.29639
G1 F465.4 X169.624 Y130.472 E1034.31372
G1 X169.422 Y130.208 E1034.33025
G1 F466.2 X169.288 Y129.886 E1034.34757
G1 F467 X169.245 Y129.545 E1034.3646
M204 S1000
G1 F1500 E1033.3646
G0 F9000 X184.788 Y88.957
M204 S2000
G1 F1500 E1034.3646
G1 F467 X184.745 Y88.616 E1034.38163
G1 X184.789 Y88.275 E1034.39867
G1 F466.2 X184.922 Y87.953 E1034.41597
G1 F464.6 X185.126 Y87.687 E1034.43266
G1 F463.1 X185.397 Y87.477 E1034.44979
G1 X185.703 Y87.35 E1034.46635
G1 F463.8 X186.043 Y87.304 E1034.48347
G1 F463.1 X186.383 Y87.35 E1034.50061
G1 F462.3 X186.689 Y87.477 E1034.5172
G1 F463.1 X186.959 Y87.686 E1034.53426
G1 F464.6 X187.163 Y87.952 E1034.55096
G1 F465.4 X187.297 Y88.275 E1034.56835
G1 F466.2 X187.341 Y88.616 E1034.58541
G1 F467 X187.297 Y88.957 E1034.60245
G1 F466.2 X187.163 Y89.278 E1034.61972
G1 F464.6 X186.957 Y89.548 E1034.63663
G1 F463.1 X186.692 Y89.753 E1034.65338
G1 X186.381 Y89.884 E1034.67024
G1 X186.043 Y89.928 E1034.68728
G1 X185.705 Y89.884 E1034.70431
G1 X185.394 Y89.753 E1034.72117
G1 X185.128 Y89.547 E1034.73799
G1 F464.6 X184.922 Y89.278 E1034.75486
G1 F466.2 X184.788 Y88.957 E1034.77213
M204 S1000
G1 F1500 E1033.77213
;MESH:NONMESH
G0 F600 X184.788 Y88.957 Z12.4
G0 F9000 X63.788 Y132.713
;TIME_ELAPSED:8063.272083
;LAYER:61
M204 S2000
;TYPE:WALL-OUTER
;MESH:Bottom_Standoffs.stl
G1 F1500 E1034.77213
G1 F466.2 X63.922 Y132.391 E1034.78944
G1 F464.6 X64.128 Y132.122 E1034.80632
G1 F463.9 X64.394 Y131.916 E1034.8231
G1 F463.1 X64.705 Y131.785 E1034.83997
G1 X65.043 Y131.741 E1034.857
G1 F463.9 X65.381 Y131.785 E1034.87401
G1 X65.692 Y131.916 E1034.89084
G1 F464.6 X65.958 Y132.121 E1034.90757
G1 F465.4 X66.163 Y132.39 E1034.92439
G1 X66.297 Y132.712 E1034.94173
G1 F466.2 X66.341 Y133.053 E1034.9588
G1 F467 X66.297 Y133.394 E1034.97583
G1 X66.163 Y133.717 E1034.99316
G1 F465.4 X65.957 Y133.986 E1035.01001
G1 F463.1 X65.691 Y134.192 E1035.02683
G1 X65.383 Y134.321 E1035.04351
G1 X65.043 Y134.366 E1035.06065
G1 X64.703 Y134.321 E1035.07779
G1 F463.9 X64.395 Y134.192 E1035.09445
G1 X64.128 Y133.985 E1035.11131
G1 F464.6 X63.922 Y133.716 E1035.12818
G1 F466.2 X63.788 Y133.394 E1035.14549
G1 F467 X63.745 Y133.053 E1035.16253
G1 X63.788 Y132.713 E1035.17951
M204 S1000
G1 F1500 E1034.17951
G0 F9000 X99.288 Y153.936
M204 S2000
G1 F1500 E1035.17951
G1 F466.2 X99.422 Y153.614 E1035.19682
G1 F464.6 X99.628 Y153.345 E1035.2137
G1 F463.9 X99.894 Y153.139 E1035.23048
G1 F463.1 X100.205 Y153.008 E1035.24735
G1 X100.543 Y152.964 E1035.26438
G1 F463.9 X100.881 Y153.008 E1035.28139
G1 X101.192 Y153.139 E1035.29822
G1 F464.6 X101.458 Y153.344 E1035.31495
G1 F465.4 X101.663 Y153.613 E1035.33177
G1 X101.797 Y153.935 E1035.34911
G1 F466.2 X101.841 Y154.276 E1035.36618
G1 F467 X101.797 Y154.617 E1035.38322
G1 X101.663 Y154.94 E1035.40055
G1 F465.4 X101.457 Y155.209 E1035.41739
G1 F462.3 X101.191 Y155.414 E1035.4342
G1 F460.8 X100.884 Y155.542 E1035.45091
G1 F461.6 X100.543 Y155.588 E1035.46816
G1 F462.3 X100.202 Y155.542 E1035.48539
G1 F461.6 X99.895 Y155.414 E1035.50206
G1 F462.3 X99.628 Y155.209 E1035.51891
G1 F464.6 X99.421 Y154.937 E1035.53594
G1 F466.2 X99.288 Y154.617 E1035.55314
G1 F467 X99.245 Y154.276 E1035.57017
G1 X99.288 Y153.936 E1035.58716
M204 S1000
G1 F1500 E1034.58716
G0 F9000 X169.245 Y129.516
M204 S2000
G1 F1500 E1035.58716
G1 F467 X169.289 Y129.176 E1035.60415
G1 F466.2 X169.422 Y128.854 E1035.62144
G1 F464.6 X169.628 Y128.585 E1035.63832
G1 F463.9 X169.896 Y128.378 E1035.65521
G1 X170.203 Y128.25 E1035.6718
G1 X170.543 Y128.204 E1035.68892
G1 F463.1 X170.883 Y128.25 E1035.70607
G1 F462.3 X171.191 Y128.378 E1035.72276
G1 X171.457 Y128.584 E1035.7396
G1 F463.9 X171.663 Y128.853 E1035.75651
G1 F465.4 X171.797 Y129.175 E1035.77385
G1 F466.2 X171.841 Y129.516 E1035.79092
G1 F467 X171.797 Y129.857 E1035.80796
G1 F466.2 X171.663 Y130.179 E1035.82527
G1 F465.4 X171.46 Y130.446 E1035.84195
G1 X171.19 Y130.655 E1035.85893
G1 F463.9 X170.881 Y130.784 E1035.87563
G1 F462.3 X170.543 Y130.829 E1035.8927
G1 F463.1 X170.205 Y130.784 E1035.90974
G1 F463.9 X169.896 Y130.655 E1035.92645
G1 X169.626 Y130.446 E1035.94348
G1 F464.6 X169.422 Y130.179 E1035.96022
G1 F466.2 X169.288 Y129.857 E1035.97753
G1 F467 X169.245 Y129.516 E1035.99456
M204 S1000
G1 F1500 E1034.99456
G0 F9000 X184.789 Y88.928
M204 S2000
G1 F1500 E1035.99456
G1 F467 X184.745 Y88.587 E1036.0116
G1 X184.788 Y88.246 E1036.02863
G1 F466.2 X184.922 Y87.924 E1036.04595
G1 F464.6 X185.127 Y87.657 E1036.06271
G1 F463.1 X185.396 Y87.449 E1036.07971
G1 F462.3 X185.704 Y87.319 E1036.09644
G1 F463.1 X186.043 Y87.275 E1036.11352
G1 F463.9 X186.381 Y87.319 E1036.13053
G1 X186.689 Y87.449 E1036.14721
G1 X186.96 Y87.657 E1036.16425
G1 F464.6 X187.163 Y87.924 E1036.18096
G1 F465.4 X187.297 Y88.246 E1036.1983
G1 F466.2 X187.341 Y88.587 E1036.21537
G1 F467 X187.297 Y88.928 E1036.23241
G1 X187.164 Y89.249 E1036.24963
G1 F465.4 X186.957 Y89.519 E1036.26654
G1 F463.1 X186.691 Y89.725 E1036.28336
G1 X186.383 Y89.854 E1036.30004
G1 X186.043 Y89.899 E1036.31718
G1 X185.703 Y89.854 E1036.33432
G1 X185.395 Y89.725 E1036.35101
G1 X185.128 Y89.518 E1036.36789
G1 F464.6 X184.922 Y89.249 E1036.38477
G1 F466.2 X184.789 Y88.928 E1036.40202
M204 S1000
G1 F1500 E1035.40202
;MESH:NONMESH
G0 F600 X184.789 Y88.928 Z12.6
G0 F9000 X63.789 Y132.684
;TIME_ELAPSED:8070.478705
;LAYER:62
M204 S2000
;TYPE:WALL-OUTER
;MESH:Bottom_Standoffs.stl
G1 F1500 E1036.40202
G1 F431.6 X63.922 Y132.362 E1036.41931
G1 F430.1 X64.128 Y132.093 E1036.43619
G1 F428.7 X64.394 Y131.887 E1036.453
G1 F428 X64.705 Y131.756 E1036.46989
G1 F428.7 X65.043 Y131.712 E1036.48692
G1 F429.4 X65.381 Y131.756 E1036.50393
G1 X65.692 Y131.887 E1036.52077
G1 F430.1 X65.958 Y132.092 E1036.53749
G1 F430.9 X66.163 Y132.361 E1036.55431
G1 X66.297 Y132.683 E1036.57165
G1 F431.6 X66.341 Y133.024 E1036.58872
G1 F432.3 X66.297 Y133.365 E1036.60576
G1 X66.163 Y133.688 E1036.62309
G1 F430.9 X65.957 Y133.957 E1036.63994
G1 F428.7 X65.691 Y134.163 E1036.65675
G1 F428 X65.384 Y134.291 E1036.6734
G1 X65.043 Y134.336 E1036.69062
G1 F428.7 X64.702 Y134.291 E1036.7078
G1 F429.4 X64.395 Y134.163 E1036.7244
G1 X64.129 Y133.957 E1036.74118
G1 F430.1 X63.922 Y133.687 E1036.75813
G1 F431.6 X63.788 Y133.365 E1036.77544
G1 F432.3 X63.745 Y133.024 E1036.79247
G1 X63.789 Y132.684 E1036.80946
M204 S1000
G1 F1500 E1035.80946
G0 F9000 X99.288 Y153.906
M204 S2000
G1 F1500 E1036.80946
G1 F431.6 X99.422 Y153.585 E1036.82673
G1 F429.4 X99.628 Y153.316 E1036.84364
G1 F428 X99.894 Y153.109 E1036.86051
G1 X100.204 Y152.98 E1036.87732
G1 F428.7 X100.543 Y152.935 E1036.8944
G1 X100.882 Y152.98 E1036.91149
G1 X101.192 Y153.109 E1036.92827
G1 X101.457 Y153.315 E1036.94505
G1 F429.4 X101.664 Y153.586 E1036.96206
G1 F431.6 X101.797 Y153.905 E1036.97922
G1 F432.3 X101.841 Y154.247 E1036.99631
G1 F433 X101.797 Y154.589 E1037.01337
G1 F432.3 X101.665 Y154.906 E1037.03038
G1 F430.1 X101.455 Y155.182 E1037.04766
G1 F428.7 X101.191 Y155.386 E1037.06433
G1 F428 X100.884 Y155.514 E1037.08098
G1 X100.543 Y155.559 E1037.0982
G1 X100.202 Y155.514 E1037.11541
G1 X99.895 Y155.386 E1037.13206
G1 X99.63 Y155.181 E1037.14883
G1 F428.7 X99.42 Y154.906 E1037.16612
G1 F430.9 X99.288 Y154.588 E1037.18325
G1 F432.3 X99.245 Y154.247 E1037.20028
G1 X99.288 Y153.906 E1037.21731
M204 S1000
G1 F1500 E1036.21731
G0 F9000 X169.245 Y129.487
M204 S2000
G1 F1500 E1037.21731
G1 F432.3 X169.289 Y129.147 E1037.2343
G1 F431.6 X169.422 Y128.825 E1037.2516
G1 F430.1 X169.628 Y128.556 E1037.26847
G1 F428.7 X169.894 Y128.35 E1037.28528
G1 F428 X170.205 Y128.219 E1037.30218
G1 F428.7 X170.543 Y128.175 E1037.31921
G1 F429.4 X170.881 Y128.219 E1037.33621
G1 X171.192 Y128.35 E1037.35305
G1 F430.1 X171.458 Y128.555 E1037.36978
G1 F430.9 X171.663 Y128.824 E1037.38659
G1 X171.797 Y129.146 E1037.40394
G1 F431.6 X171.841 Y129.487 E1037.421
G1 F432.3 X171.797 Y129.828 E1037.43804
G1 F431.6 X171.663 Y130.149 E1037.45531
G1 F430.1 X171.457 Y130.419 E1037.47223
G1 F428.7 X171.192 Y130.624 E1037.48897
G1 X170.881 Y130.755 E1037.50583
G1 X170.543 Y130.799 E1037.52287
G1 X170.205 Y130.755 E1037.5399
G1 X169.894 Y130.624 E1037.55676
G1 X169.628 Y130.418 E1037.57358
G1 F430.1 X169.422 Y130.149 E1037.59045
G1 F431.6 X169.288 Y129.828 E1037.60772
G1 F432.3 X169.245 Y129.487 E1037.62475
M204 S1000
G1 F1500 E1036.62475
G0 F9000 X187.115 Y87.833
M204 S2000
G1 F1500 E1037.62475
G1 F430.1 X187.297 Y88.216 E1037.64587
G1 F431.6 X187.341 Y88.557 E1037.66294
G1 F432.3 X187.297 Y88.898 E1037.67998
G1 X187.163 Y89.221 E1037.69731
G1 F430.9 X186.957 Y89.49 E1037.71416
G1 F428.7 X186.691 Y89.696 E1037.73097
G1 F428 X186.384 Y89.824 E1037.74762
G1 X186.043 Y89.869 E1037.76484
G1 F428.7 X185.702 Y89.824 E1037.78203
G1 X185.395 Y89.696 E1037.79865
G1 X185.129 Y89.49 E1037.81546
G1 F430.1 X184.922 Y89.22 E1037.83241
G1 F431.6 X184.789 Y88.898 E1037.8497
G1 F432.3 X184.745 Y88.557 E1037.86674
G1 X184.788 Y88.217 E1037.88372
G1 F430.9 X184.969 Y87.835 E1037.90474
M204 S1000
G1 F1500 E1036.90474
;MESH:NONMESH
G0 F600 X184.969 Y87.835 Z12.8
G0 F9000 X63.789 Y132.655
;TIME_ELAPSED:8077.682893
;LAYER:63
M204 S2000
;TYPE:WALL-OUTER
;MESH:Bottom_Standoffs.stl
G1 F1500 E1037.90474
G1 F422.1 X63.922 Y132.332 E1037.92208
G1 F420.7 X64.128 Y132.064 E1037.93892
G1 F419.3 X64.394 Y131.858 E1037.95573
G1 F418.6 X64.704 Y131.727 E1037.97258
G1 F419.3 X65.043 Y131.683 E1037.98966
G1 F420 X65.382 Y131.727 E1038.00672
G1 X65.692 Y131.857 E1038.02349
G1 F419.3 X65.957 Y132.063 E1038.04026
G1 F420 X66.163 Y132.332 E1038.05716
G1 F421.4 X66.297 Y132.654 E1038.07451
G1 F422.1 X66.341 Y132.995 E1038.09157
G1 F422.8 X66.297 Y133.336 E1038.10861
G1 F422.1 X66.163 Y133.658 E1038.12593
G1 F420.7 X65.957 Y133.927 E1038.1428
G1 F420 X65.692 Y134.133 E1038.15955
G1 X65.382 Y134.263 E1038.17632
G1 F419.3 X65.043 Y134.307 E1038.1934
G1 F418.6 X64.704 Y134.263 E1038.21051
G1 X64.394 Y134.133 E1038.22734
G1 F419.3 X64.128 Y133.926 E1038.24418
G1 F420.7 X63.922 Y133.658 E1038.26102
G1 F422.1 X63.788 Y133.335 E1038.27838
G1 F422.8 X63.745 Y132.995 E1038.29536
G1 X63.789 Y132.655 E1038.31235
M204 S1000
G1 F1500 E1037.31235
G0 F9000 X99.288 Y153.877
M204 S2000
G1 F1500 E1038.31235
G1 F421.4 X99.422 Y153.555 E1038.32969
G1 F420 X99.628 Y153.286 E1038.3466
G1 X99.894 Y153.08 E1038.36338
G1 F419.3 X100.204 Y152.951 E1038.38016
G1 X100.543 Y152.906 E1038.39725
G1 X100.882 Y152.951 E1038.41434
G1 X101.192 Y153.08 E1038.43112
G1 F420 X101.457 Y153.286 E1038.44787
G1 F420.7 X101.663 Y153.556 E1038.46478
G1 F421.4 X101.797 Y153.877 E1038.48208
G1 F422.1 X101.841 Y154.217 E1038.4991
G1 F422.8 X101.797 Y154.558 E1038.51614
G1 X101.663 Y154.881 E1038.53347
G1 F422.1 X101.458 Y155.15 E1038.55026
G1 F420 X101.192 Y155.355 E1038.56701
G1 F419.3 X100.881 Y155.486 E1038.58387
G1 X100.543 Y155.53 E1038.60091
G1 F418.6 X100.205 Y155.486 E1038.61797
G1 F419.3 X99.894 Y155.355 E1038.63483
G1 F420 X99.628 Y155.149 E1038.65162
G1 F420.7 X99.422 Y154.88 E1038.66849
G1 F422.1 X99.288 Y154.558 E1038.68581
G1 F422.8 X99.245 Y154.217 E1038.70284
G1 X99.288 Y153.877 E1038.71982
M204 S1000
G1 F1500 E1037.71982
G0 F9000 X169.245 Y129.458
M204 S2000
G1 F1500 E1038.71982
G1 F422.8 X169.288 Y129.117 E1038.73686
G1 F422.1 X169.421 Y128.797 E1038.75406
G1 F420.7 X169.627 Y128.528 E1038.77093
G1 F419.3 X169.896 Y128.319 E1038.78796
G1 F418.6 X170.204 Y128.19 E1038.80467
G1 F419.3 X170.543 Y128.146 E1038.82176
G1 F420 X170.88 Y128.19 E1038.83871
G1 X171.189 Y128.32 E1038.85544
G1 F419.3 X171.459 Y128.528 E1038.87247
G1 F420 X171.664 Y128.797 E1038.88934
G1 F422.1 X171.797 Y129.116 E1038.9065
G1 F422.8 X171.841 Y129.458 E1038.92359
G1 X171.797 Y129.799 E1038.94063
G1 F422.1 X171.663 Y130.121 E1038.95794
G1 F421.4 X171.458 Y130.39 E1038.97476
G1 F420 X171.192 Y130.595 E1038.99151
G1 F419.3 X170.881 Y130.726 E1039.00838
G1 X170.543 Y130.77 E1039.02541
G1 F418.6 X170.205 Y130.726 E1039.04247
G1 X169.894 Y130.595 E1039.05936
G1 F419.3 X169.628 Y130.389 E1039.07618
G1 F420.7 X169.422 Y130.12 E1039.09305
G1 F422.1 X169.289 Y129.798 E1039.11035
G1 F422.8 X169.245 Y129.458 E1039.12734
M204 S1000
G1 F1500 E1038.12734
G0 F9000 X187.135 Y89.212
M204 S2000
G1 F1500 E1039.12734
G1 F414.5 X186.958 Y89.46 E1039.14274
G1 F420.7 X186.692 Y89.666 E1039.1595
G1 F420 X186.382 Y89.796 E1039.17627
G1 F419.3 X186.043 Y89.84 E1039.19335
G1 F418.6 X185.704 Y89.796 E1039.21046
G1 X185.394 Y89.666 E1039.22729
G1 F419.3 X185.128 Y89.459 E1039.24413
G1 F413.8 X184.951 Y89.212 E1039.25952
M204 S1000
G1 F1500 E1038.25952
;MESH:NONMESH
G0 F600 X184.951 Y89.212 Z13
G0 F9000 X63.788 Y132.625
;TIME_ELAPSED:8084.545616
;LAYER:64
M204 S2000
;TYPE:WALL-OUTER
;MESH:Bottom_Standoffs.stl
G1 F1500 E1039.25952
G1 F422.1 X63.922 Y132.303 E1039.27683
G1 F420 X64.129 Y132.033 E1039.29381
G1 F417.9 X64.395 Y131.827 E1039.31068
G1 X64.702 Y131.699 E1039.32735
G1 F419.3 X65.043 Y131.654 E1039.34454
G1 X65.384 Y131.699 E1039.36173
G1 F418.6 X65.691 Y131.827 E1039.37838
G1 X65.957 Y132.033 E1039.39522
G1 F420 X66.163 Y132.302 E1039.41212
G1 F421.4 X66.297 Y132.624 E1039.42947
G1 F422.1 X66.341 Y132.965 E1039.44653
G1 F422.8 X66.297 Y133.306 E1039.46357
G1 X66.163 Y133.629 E1039.4809
G1 F422.1 X65.958 Y133.898 E1039.49769
G1 F420 X65.692 Y134.103 E1039.51445
G1 F419.3 X65.381 Y134.234 E1039.53131
G1 X65.043 Y134.278 E1039.54835
G1 F418.6 X64.705 Y134.234 E1039.56541
G1 F419.3 X64.394 Y134.103 E1039.58227
G1 F420 X64.128 Y133.897 E1039.59906
G1 F421.4 X63.922 Y133.628 E1039.6159
G1 F422.8 X63.788 Y133.306 E1039.63319
G1 X63.745 Y132.965 E1039.65022
G1 X63.788 Y132.625 E1039.6672
M204 S1000
G1 F1500 E1038.6672
G0 F9000 X99.288 Y153.848
M204 S2000
G1 F1500 E1039.6672
G1 F421.4 X99.422 Y153.526 E1039.68455
G1 F420 X99.628 Y153.257 E1039.70145
G1 F419.3 X99.895 Y153.05 E1039.71833
G1 F418.6 X100.203 Y152.922 E1039.73503
G1 X100.543 Y152.877 E1039.7522
G1 X100.883 Y152.922 E1039.76936
G1 X101.191 Y153.05 E1039.78606
G1 X101.457 Y153.256 E1039.8029
G1 F420 X101.663 Y153.525 E1039.81981
G1 F421.4 X101.797 Y153.847 E1039.83715
G1 F422.1 X101.841 Y154.188 E1039.85422
G1 F422.8 X101.797 Y154.529 E1039.87125
G1 X101.663 Y154.852 E1039.88858
G1 F420.7 X101.457 Y155.12 E1039.90542
G1 F418.6 X101.192 Y155.325 E1039.92219
G1 X100.88 Y155.457 E1039.93915
G1 X100.543 Y155.501 E1039.95616
G1 X100.206 Y155.457 E1039.97317
G1 X99.894 Y155.325 E1039.99013
G1 X99.628 Y155.12 E1040.00694
G1 F420 X99.422 Y154.851 E1040.02385
G1 F422.1 X99.288 Y154.529 E1040.04116
G1 F422.8 X99.245 Y154.188 E1040.05819
G1 X99.288 Y153.848 E1040.07518
M204 S1000
G1 F1500 E1039.07518
G0 F9000 X169.245 Y129.428
M204 S2000
G1 F1500 E1040.07518
G1 F422.8 X169.288 Y129.088 E1040.09216
G1 F422.1 X169.422 Y128.766 E1040.10947
G1 F420 X169.629 Y128.497 E1040.12641
G1 F417.9 X169.895 Y128.29 E1040.14331
G1 F418.6 X170.202 Y128.162 E1040.15996
G1 F420 X170.543 Y128.117 E1040.17712
G1 F419.3 X170.884 Y128.162 E1040.1943
G1 F417.2 X171.19 Y128.291 E1040.21098
G1 X171.457 Y128.496 E1040.22789
G1 F420 X171.663 Y128.765 E1040.24479
G1 F421.4 X171.797 Y129.087 E1040.26213
G1 F422.1 X171.841 Y129.428 E1040.2792
G1 F422.8 X171.797 Y129.769 E1040.29624
G1 X171.663 Y130.092 E1040.31357
G1 F422.1 X171.458 Y130.361 E1040.33036
G1 F420 X171.192 Y130.566 E1040.34711
G1 F419.3 X170.881 Y130.697 E1040.36398
G1 X170.543 Y130.742 E1040.38102
G1 F418.6 X170.206 Y130.696 E1040.39804
G1 X169.894 Y130.566 E1040.41496
G1 F419.3 X169.627 Y130.361 E1040.43179
G1 F420.7 X169.422 Y130.091 E1040.44867
G1 F421.4 X169.288 Y129.769 E1040.46601
G1 F422.1 X169.245 Y129.428 E1040.48307
M204 S1000
G1 F1500 E1039.48307
;MESH:NONMESH
G0 F600 X169.245 Y129.428 Z13.2
G0 F9000 X63.788 Y132.596
;TIME_ELAPSED:8090.335935
;LAYER:65
M204 S2000
;TYPE:WALL-OUTER
;MESH:Bottom_Standoffs.stl
G1 F1500 E1040.48307
G1 F422.1 X63.922 Y132.274 E1040.50039
G1 F420.7 X64.129 Y132.004 E1040.51733
G1 F420 X64.395 Y131.798 E1040.53412
G1 X64.702 Y131.67 E1040.55071
G1 X65.043 Y131.625 E1040.56787
G1 F419.3 X65.384 Y131.67 E1040.58506
G1 F418.6 X65.691 Y131.798 E1040.60171
G1 X65.957 Y132.004 E1040.61855
G1 F420 X66.163 Y132.273 E1040.63545
G1 F421.4 X66.297 Y132.595 E1040.6528
G1 F422.1 X66.341 Y132.936 E1040.66986
G1 F422.8 X66.297 Y133.277 E1040.6869
G1 X66.163 Y133.6 E1040.70423
G1 F421.4 X65.957 Y133.869 E1040.72108
G1 F419.3 X65.691 Y134.075 E1040.73789
G1 X65.383 Y134.204 E1040.75458
G1 X65.043 Y134.249 E1040.77172
G1 X64.703 Y134.204 E1040.78886
G1 X64.395 Y134.075 E1040.80555
G1 X64.128 Y133.868 E1040.82243
G1 F420.7 X63.922 Y133.599 E1040.83931
G1 F422.1 X63.789 Y133.277 E1040.8566
G1 F422.8 X63.745 Y132.936 E1040.87364
G1 X63.788 Y132.596 E1040.89062
M204 S1000
G1 F1500 E1039.89062
G0 F9000 X99.288 Y153.819
M204 S2000
G1 F1500 E1040.89062
G1 F422.1 X99.422 Y153.497 E1040.90794
G1 F420.7 X99.628 Y153.228 E1040.92481
G1 F420 X99.894 Y153.022 E1040.9416
G1 F419.3 X100.206 Y152.892 E1040.95849
G1 F418.6 X100.543 Y152.848 E1040.9755
G1 X100.88 Y152.892 E1040.99251
G1 F419.3 X101.192 Y153.022 E1041.0094
G1 F420.7 X101.458 Y153.227 E1041.02613
G1 F421.4 X101.663 Y153.496 E1041.04295
G1 X101.797 Y153.818 E1041.06029
G1 F422.1 X101.841 Y154.159 E1041.07736
G1 F422.8 X101.797 Y154.5 E1041.0944
G1 X101.663 Y154.823 E1041.11173
G1 F421.4 X101.457 Y155.092 E1041.12857
G1 F419.3 X101.191 Y155.298 E1041.14539
G1 F418.6 X100.883 Y155.426 E1041.16208
G1 F417.9 X100.543 Y155.471 E1041.17928
G1 X100.203 Y155.426 E1041.19647
G1 F418.6 X99.896 Y155.298 E1041.21312
G1 X99.628 Y155.091 E1041.23007
G1 F419.3 X99.422 Y154.822 E1041.24701
G1 F421.4 X99.288 Y154.5 E1041.26435
G1 F422.8 X99.245 Y154.159 E1041.28138
G1 X99.288 Y153.819 E1041.29837
M204 S1000
G1 F1500 E1040.29837
G0 F9000 X169.245 Y129.399
M204 S2000
G1 F1500 E1041.29837
G1 F422.8 X169.288 Y129.059 E1041.31535
G1 F422.1 X169.422 Y128.737 E1041.33266
G1 F420.7 X169.629 Y128.467 E1041.34961
G1 F420 X169.895 Y128.261 E1041.36639
G1 X170.202 Y128.133 E1041.38299
G1 X170.543 Y128.088 E1041.40015
G1 F419.3 X170.884 Y128.133 E1041.41734
G1 F418.6 X171.191 Y128.261 E1041.43399
G1 X171.457 Y128.467 E1041.45083
G1 F420 X171.663 Y128.736 E1041.46773
G1 F421.4 X171.797 Y129.058 E1041.48507
G1 F422.1 X171.841 Y129.399 E1041.50214
G1 F422.8 X171.797 Y129.74 E1041.51918
G1 X171.663 Y130.063 E1041.53651
G1 F422.1 X171.458 Y130.332 E1041.5533
G1 F420 X171.192 Y130.537 E1041.57005
G1 F419.3 X170.881 Y130.668 E1041.58692
G1 X170.543 Y130.712 E1041.60395
G1 X170.205 Y130.668 E1041.62098
G1 F420 X169.894 Y130.537 E1041.63782
G1 F419.3 X169.627 Y130.332 E1041.65464
G1 F420 X169.422 Y130.062 E1041.67156
G1 F422.1 X169.288 Y129.74 E1041.68887
G1 F422.8 X169.245 Y129.399 E1041.7059
M204 S1000
G1 F1500 E1040.7059
;MESH:NONMESH
G0 F600 X169.245 Y129.399 Z13.4
G0 F9000 X63.788 Y132.567
;TIME_ELAPSED:8096.124181
;LAYER:66
M204 S2000
;TYPE:WALL-OUTER
;MESH:Bottom_Standoffs.stl
G1 F1500 E1041.7059
G1 F422.1 X63.922 Y132.245 E1041.72321
G1 F420.7 X64.128 Y131.976 E1041.74009
G1 F420 X64.394 Y131.77 E1041.75688
G1 F419.3 X64.705 Y131.639 E1041.77374
G1 X65.043 Y131.595 E1041.79077
G1 F420 X65.381 Y131.639 E1041.80778
G1 X65.692 Y131.77 E1041.82461
G1 F420.7 X65.958 Y131.975 E1041.84134
G1 F421.4 X66.163 Y132.244 E1041.85816
G1 X66.297 Y132.566 E1041.8755
G1 F422.1 X66.341 Y132.907 E1041.89257
G1 F422.8 X66.297 Y133.248 E1041.90961
G1 X66.163 Y133.571 E1041.92694
G1 F421.4 X65.957 Y133.84 E1041.94378
G1 F419.3 X65.691 Y134.046 E1041.9606
G1 F418.6 X65.384 Y134.174 E1041.97725
G1 X65.043 Y134.219 E1041.99446
G1 F420 X64.702 Y134.174 E1042.01162
G1 F419.3 X64.395 Y134.046 E1042.02825
G1 F418.6 X64.128 Y133.84 E1042.04513
G1 F421.4 X63.922 Y133.57 E1042.06201
G1 F422.8 X63.788 Y133.248 E1042.0793
G1 X63.745 Y132.907 E1042.09633
G1 X63.788 Y132.567 E1042.11331
M204 S1000
G1 F1500 E1041.11331
G0 F9000 X99.288 Y153.79
M204 S2000
G1 F1500 E1042.11331
G1 F422.1 X99.422 Y153.468 E1042.13063
G1 F420.7 X99.628 Y153.199 E1042.1475
G1 F420 X99.894 Y152.993 E1042.16429
G1 F419.3 X100.205 Y152.862 E1042.18115
G1 X100.543 Y152.818 E1042.19819
G1 F420 X100.881 Y152.862 E1042.21519
G1 X101.192 Y152.993 E1042.23203
G1 F420.7 X101.458 Y153.198 E1042.24875
G1 F421.4 X101.663 Y153.467 E1042.26557
G1 X101.797 Y153.789 E1042.28291
G1 F422.1 X101.841 Y154.13 E1042.29998
G1 F422.8 X101.797 Y154.471 E1042.31702
G1 X101.663 Y154.794 E1042.33435
G1 F421.4 X101.457 Y155.063 E1042.3512
G1 F419.3 X101.191 Y155.269 E1042.36801
G1 F418.6 X100.884 Y155.397 E1042.38466
G1 X100.543 Y155.442 E1042.40188
G1 X100.202 Y155.397 E1042.41909
G1 F417.9 X99.895 Y155.269 E1042.43577
G1 X99.629 Y155.063 E1042.45264
G1 F419.3 X99.422 Y154.793 E1042.46964
G1 F421.4 X99.288 Y154.471 E1042.48699
G1 F422.8 X99.245 Y154.13 E1042.50402
G1 X99.288 Y153.79 E1042.521
M204 S1000
G1 F1500 E1041.521
G0 F9000 X169.245 Y129.37
M204 S2000
G1 F1500 E1042.521
G1 F422.8 X169.289 Y129.03 E1042.53799
G1 F422.1 X169.422 Y128.708 E1042.55529
G1 F420.7 X169.628 Y128.439 E1042.57216
G1 F420 X169.896 Y128.232 E1042.58906
G1 X170.203 Y128.104 E1042.60565
G1 X170.543 Y128.058 E1042.62277
G1 F419.3 X170.883 Y128.104 E1042.63991
G1 F418.6 X171.191 Y128.232 E1042.65661
G1 X171.457 Y128.438 E1042.67345
G1 F420 X171.663 Y128.707 E1042.69035
G1 F421.4 X171.797 Y129.029 E1042.7077
G1 F422.1 X171.841 Y129.37 E1042.72476
G1 F422.8 X171.797 Y129.711 E1042.7418
G1 F422.1 X171.663 Y130.033 E1042.75912
G1 F421.4 X171.46 Y130.3 E1042.77579
G1 X171.19 Y130.509 E1042.79277
G1 F420 X170.881 Y130.638 E1042.80948
G1 F418.6 X170.543 Y130.682 E1042.82654
G1 X170.204 Y130.638 E1042.84365
G1 X169.896 Y130.509 E1042.86037
G1 F419.3 X169.627 Y130.299 E1042.87742
G1 F420.7 X169.422 Y130.033 E1042.89415
G1 F422.1 X169.288 Y129.711 E1042.91146
G1 F422.8 X169.245 Y129.37 E1042.92849
M204 S1000
G1 F1500 E1041.92849
;MESH:NONMESH
G0 F600 X169.245 Y129.37 Z13.6
G0 F9000 X63.789 Y132.538
;TIME_ELAPSED:8101.911742
;LAYER:67
M204 S2000
;TYPE:WALL-OUTER
;MESH:Bottom_Standoffs.stl
G1 F1500 E1042.92849
G1 F422.1 X63.922 Y132.216 E1042.94579
G1 F420.7 X64.128 Y131.947 E1042.96266
G1 F419.3 X64.394 Y131.741 E1042.97948
G1 F418.6 X64.705 Y131.61 E1042.99637
G1 F419.3 X65.043 Y131.566 E1043.0134
G1 F420 X65.381 Y131.61 E1043.03041
G1 X65.692 Y131.741 E1043.04724
G1 F420.7 X65.958 Y131.946 E1043.06397
G1 F421.4 X66.163 Y132.215 E1043.08079
G1 X66.297 Y132.537 E1043.09813
G1 F422.1 X66.341 Y132.878 E1043.1152
G1 F422.8 X66.297 Y133.219 E1043.13224
G1 X66.163 Y133.542 E1043.14957
G1 F422.1 X65.958 Y133.811 E1043.16635
G1 F419.3 X65.691 Y134.016 E1043.18318
G1 F417.9 X65.384 Y134.145 E1043.19987
G1 F418.6 X65.043 Y134.19 E1043.21709
G1 F419.3 X64.702 Y134.145 E1043.23428
G1 F418.6 X64.395 Y134.017 E1043.25093
G1 X64.128 Y133.811 E1043.26781
G1 F420.7 X63.922 Y133.541 E1043.28472
G1 F422.1 X63.788 Y133.219 E1043.30204
G1 F422.8 X63.745 Y132.878 E1043.31907
G1 X63.789 Y132.538 E1043.33606
M204 S1000
G1 F1500 E1042.33606
G0 F9000 X99.288 Y153.761
M204 S2000
G1 F1500 E1043.33606
G1 F422.1 X99.423 Y153.438 E1043.35344
G1 F420.7 X99.628 Y153.17 E1043.37024
G1 F419.3 X99.894 Y152.963 E1043.38709
G1 F418.6 X100.204 Y152.833 E1043.40391
G1 F419.3 X100.543 Y152.789 E1043.421
G1 F420 X100.882 Y152.833 E1043.43805
G1 X101.192 Y152.963 E1043.45482
G1 F419.3 X101.457 Y153.169 E1043.4716
G1 F420 X101.663 Y153.438 E1043.4885
G1 F421.4 X101.797 Y153.76 E1043.50584
G1 F422.1 X101.841 Y154.101 E1043.52291
G1 F422.8 X101.797 Y154.441 E1043.5399
G1 F422.1 X101.664 Y154.761 E1043.5571
G1 F420 X101.455 Y155.036 E1043.57434
G1 F418.6 X101.191 Y155.24 E1043.59104
G1 X100.884 Y155.368 E1043.60769
G1 X100.543 Y155.413 E1043.6249
G1 X100.203 Y155.368 E1043.64207
G1 F419.3 X99.897 Y155.24 E1043.65865
G1 X99.628 Y155.033 E1043.67561
G1 F420 X99.421 Y154.761 E1043.69266
G1 F422.1 X99.288 Y154.441 E1043.70986
G1 F422.8 X99.245 Y154.101 E1043.72685
G1 X99.288 Y153.761 E1043.74383
M204 S1000
G1 F1500 E1042.74383
G0 F9000 X169.245 Y129.341
M204 S2000
G1 F1500 E1043.74383
G1 F422.8 X169.289 Y129.001 E1043.76082
G1 F422.1 X169.422 Y128.679 E1043.77812
G1 F420.7 X169.628 Y128.41 E1043.79499
G1 F419.3 X169.894 Y128.204 E1043.8118
G1 F418.6 X170.205 Y128.073 E1043.8287
G1 F419.3 X170.543 Y128.029 E1043.84573
G1 F420 X170.881 Y128.073 E1043.86273
G1 X171.192 Y128.204 E1043.87957
G1 F420.7 X171.458 Y128.409 E1043.8963
G1 F421.4 X171.663 Y128.678 E1043.91311
G1 X171.797 Y129 E1043.93046
G1 F422.1 X171.841 Y129.341 E1043.94752
G1 F422.8 X171.797 Y129.682 E1043.96456
G1 F422.1 X171.663 Y130.003 E1043.98183
G1 F420.7 X171.457 Y130.273 E1043.99875
G1 F419.3 X171.192 Y130.478 E1044.01549
G1 X170.881 Y130.609 E1044.03235
G1 X170.543 Y130.653 E1044.04939
G1 X170.205 Y130.609 E1044.06642
G1 X169.894 Y130.478 E1044.08328
G1 X169.628 Y130.272 E1044.1001
G1 F420.7 X169.422 Y130.003 E1044.11697
G1 F422.1 X169.288 Y129.682 E1044.13424
G1 F422.8 X169.245 Y129.341 E1044.15127
M204 S1000
G1 F1500 E1043.15127
;MESH:NONMESH
G0 F600 X169.245 Y129.341 Z13.8
G0 F9000 X63.789 Y132.508
;TIME_ELAPSED:8107.699841
;LAYER:68
M204 S2000
;TYPE:WALL-OUTER
;MESH:Bottom_Standoffs.stl
G1 F1500 E1044.15127
G1 F422.1 X63.922 Y132.186 E1044.16857
G1 F420.7 X64.128 Y131.918 E1044.1854
G1 F419.3 X64.394 Y131.712 E1044.20222
G1 F418.6 X64.704 Y131.581 E1044.21906
G1 F419.3 X65.043 Y131.537 E1044.23615
G1 F420 X65.382 Y131.581 E1044.2532
G1 X65.692 Y131.711 E1044.26997
G1 X65.957 Y131.917 E1044.28672
G1 F421.4 X66.164 Y132.187 E1044.30363
G1 F422.1 X66.297 Y132.508 E1044.32088
G1 X66.341 Y132.848 E1044.3379
G1 F423.5 X66.298 Y133.189 E1044.35491
G1 X66.163 Y133.512 E1044.37223
G1 F422.1 X65.958 Y133.781 E1044.38901
G1 F420 X65.692 Y133.986 E1044.40577
G1 F419.3 X65.381 Y134.117 E1044.42263
G1 F418.6 X65.043 Y134.16 E1044.43969
G1 F417.9 X64.706 Y134.117 E1044.45672
G1 F418.6 X64.394 Y133.986 E1044.47366
G1 F419.3 X64.128 Y133.78 E1044.49047
G1 F420.7 X63.922 Y133.511 E1044.50735
G1 F422.1 X63.788 Y133.189 E1044.52466
G1 F422.8 X63.745 Y132.848 E1044.5417
G1 X63.789 Y132.508 E1044.55869
M204 S1000
G1 F1500 E1043.55869
G0 F9000 X99.288 Y153.731
M204 S2000
G1 F1500 E1044.55869
G1 F421.4 X99.422 Y153.409 E1044.57603
G1 F420 X99.628 Y153.14 E1044.59293
G1 X99.894 Y152.934 E1044.60972
G1 F419.3 X100.204 Y152.805 E1044.6265
G1 X100.543 Y152.76 E1044.64359
G1 X100.882 Y152.805 E1044.66068
G1 X101.192 Y152.934 E1044.67745
G1 F420 X101.457 Y153.14 E1044.6942
G1 F420.7 X101.663 Y153.41 E1044.71112
G1 F421.4 X101.797 Y153.731 E1044.72841
G1 F422.1 X101.841 Y154.071 E1044.74543
G1 F422.8 X101.797 Y154.412 E1044.76247
G1 X101.663 Y154.735 E1044.7798
G1 F422.1 X101.458 Y155.004 E1044.79659
G1 F420 X101.192 Y155.209 E1044.81334
G1 F419.3 X100.881 Y155.34 E1044.83021
G1 X100.543 Y155.384 E1044.84724
G1 F418.6 X100.205 Y155.34 E1044.8643
G1 F419.3 X99.894 Y155.209 E1044.88117
G1 F420 X99.628 Y155.003 E1044.89795
G1 F420.7 X99.422 Y154.734 E1044.91483
G1 F422.1 X99.288 Y154.412 E1044.93214
G1 F422.8 X99.245 Y154.071 E1044.94917
G1 X99.288 Y153.731 E1044.96616
M204 S1000
G1 F1500 E1043.96616
G0 F9000 X169.245 Y129.312
M204 S2000
G1 F1500 E1044.96616
G1 F422.8 X169.288 Y128.971 E1044.98319
G1 F422.1 X169.421 Y128.651 E1045.00039
G1 F420.7 X169.627 Y128.382 E1045.01727
G1 F419.3 X169.896 Y128.173 E1045.03429
G1 F418.6 X170.204 Y128.044 E1045.05101
G1 F419.3 X170.543 Y128 E1045.06809
G1 F420 X170.88 Y128.044 E1045.08505
G1 X171.189 Y128.174 E1045.10177
G1 F419.3 X171.459 Y128.382 E1045.1188
G1 F420 X171.664 Y128.651 E1045.13568
G1 F422.1 X171.797 Y128.97 E1045.15283
G1 F422.8 X171.841 Y129.312 E1045.16992
G1 X171.797 Y129.653 E1045.18696
G1 F422.1 X171.663 Y129.975 E1045.20427
G1 F421.4 X171.458 Y130.244 E1045.22109
G1 F420 X171.192 Y130.449 E1045.23785
G1 F419.3 X170.881 Y130.58 E1045.25471
G1 X170.543 Y130.624 E1045.27174
G1 F418.6 X170.205 Y130.58 E1045.2888
G1 X169.894 Y130.449 E1045.3057
G1 F419.3 X169.628 Y130.243 E1045.32251
G1 F420.7 X169.422 Y129.974 E1045.33939
G1 F422.1 X169.289 Y129.652 E1045.35668
G1 F422.8 X169.245 Y129.312 E1045.37367
M204 S1000
G1 F1500 E1044.37367
;MESH:NONMESH
G0 F600 X169.245 Y129.312 Z14
G0 F9000 X63.788 Y132.479
;TIME_ELAPSED:8113.486841
;LAYER:69
M204 S2000
;TYPE:WALL-OUTER
;MESH:Bottom_Standoffs.stl
G1 F1500 E1045.37367
G1 F422.1 X63.922 Y132.157 E1045.39098
G1 F420.7 X64.128 Y131.889 E1045.40782
G1 F419.3 X64.394 Y131.683 E1045.42463
G1 F418.6 X64.704 Y131.552 E1045.44148
G1 F419.3 X65.043 Y131.508 E1045.45856
G1 F420 X65.382 Y131.552 E1045.47562
G1 X65.692 Y131.682 E1045.49239
G1 X65.957 Y131.888 E1045.50913
G1 F420.7 X66.163 Y132.158 E1045.52605
G1 F421.4 X66.297 Y132.479 E1045.54334
G1 F422.1 X66.341 Y132.819 E1045.56036
G1 F422.8 X66.297 Y133.16 E1045.5774
G1 X66.163 Y133.483 E1045.59473
G1 F422.1 X65.958 Y133.752 E1045.61152
G1 F420 X65.692 Y133.957 E1045.62828
G1 F419.3 X65.381 Y134.088 E1045.64514
G1 X65.043 Y134.132 E1045.66217
G1 F418.6 X64.705 Y134.088 E1045.67923
G1 F419.3 X64.394 Y133.957 E1045.6961
G1 F420 X64.128 Y133.751 E1045.71288
G1 F421.4 X63.922 Y133.482 E1045.72973
G1 F422.8 X63.788 Y133.16 E1045.74702
G1 X63.745 Y132.819 E1045.76405
G1 X63.788 Y132.479 E1045.78103
M204 S1000
G1 F1500 E1044.78103
G0 F9000 X99.288 Y153.702
M204 S2000
G1 F1500 E1045.78103
G1 F422.1 X99.422 Y153.38 E1045.79835
G1 F420.7 X99.628 Y153.111 E1045.81522
G1 F419.3 X99.895 Y152.904 E1045.8321
G1 F418.6 X100.203 Y152.776 E1045.8488
G1 X100.543 Y152.731 E1045.86597
G1 X100.883 Y152.776 E1045.88313
G1 X101.191 Y152.904 E1045.89983
G1 X101.457 Y153.11 E1045.91667
G1 F420 X101.663 Y153.379 E1045.93358
G1 F421.4 X101.797 Y153.701 E1045.95092
G1 F422.1 X101.841 Y154.042 E1045.96799
G1 F422.8 X101.797 Y154.383 E1045.98502
G1 X101.663 Y154.706 E1046.00235
G1 F422.1 X101.458 Y154.975 E1046.01914
G1 F420 X101.192 Y155.18 E1046.0359
G1 F417.9 X100.88 Y155.31 E1046.05285
G1 F417.2 X100.543 Y155.354 E1046.06991
G1 F417.9 X100.206 Y155.31 E1046.08695
G1 F419.3 X99.894 Y155.18 E1046.10385
G1 F420 X99.628 Y154.974 E1046.12063
G1 F420.7 X99.422 Y154.705 E1046.13751
G1 F422.1 X99.288 Y154.383 E1046.15482
G1 F422.8 X99.245 Y154.042 E1046.17185
G1 X99.288 Y153.702 E1046.18884
M204 S1000
G1 F1500 E1045.18884
G0 F9000 X169.245 Y129.282
M204 S2000
G1 F1500 E1046.18884
G1 F422.8 X169.288 Y128.942 E1046.20582
G1 F422.1 X169.422 Y128.62 E1046.22313
G1 F420.7 X169.629 Y128.35 E1046.24008
G1 F420 X169.895 Y128.144 E1046.25686
G1 X170.202 Y128.016 E1046.27346
G1 X170.543 Y127.971 E1046.29062
G1 F419.3 X170.884 Y128.016 E1046.30781
G1 F418.6 X171.191 Y128.144 E1046.32446
G1 X171.457 Y128.35 E1046.3413
G1 F420 X171.663 Y128.619 E1046.3582
G1 F421.4 X171.797 Y128.941 E1046.37554
G1 F422.1 X171.841 Y129.282 E1046.39261
G1 F422.8 X171.797 Y129.623 E1046.40965
G1 X171.663 Y129.946 E1046.42698
G1 F422.1 X171.458 Y130.215 E1046.44377
G1 F420 X171.192 Y130.42 E1046.46052
G1 F419.3 X170.881 Y130.551 E1046.47739
G1 X170.543 Y130.595 E1046.49442
G1 F418.6 X170.205 Y130.551 E1046.51148
G1 X169.894 Y130.42 E1046.52838
G1 F419.3 X169.628 Y130.214 E1046.54519
G1 F420.7 X169.422 Y129.945 E1046.56206
G1 F422.1 X169.289 Y129.623 E1046.57936
G1 F422.8 X169.245 Y129.282 E1046.5964
M204 S1000
G1 F1500 E1045.5964
;MESH:NONMESH
G0 F600 X169.245 Y129.282 Z14.2
G0 F9000 X63.788 Y132.45
;TIME_ELAPSED:8119.274798
;LAYER:70
M204 S2000
;TYPE:WALL-OUTER
;MESH:Bottom_Standoffs.stl
G1 F1500 E1046.5964
G1 F422.1 X63.922 Y132.128 E1046.61371
G1 F420.7 X64.129 Y131.858 E1046.63066
G1 F420 X64.395 Y131.652 E1046.64744
G1 X64.702 Y131.524 E1046.66403
G1 X65.043 Y131.479 E1046.68119
G1 F419.3 X65.384 Y131.524 E1046.69838
G1 F418.6 X65.691 Y131.652 E1046.71503
G1 X65.957 Y131.858 E1046.73187
G1 F420 X66.163 Y132.127 E1046.74878
G1 F421.4 X66.297 Y132.449 E1046.76612
G1 F422.1 X66.341 Y132.79 E1046.78319
G1 F422.8 X66.297 Y133.131 E1046.80023
G1 X66.163 Y133.454 E1046.81756
G1 F421.4 X65.957 Y133.723 E1046.8344
G1 F419.3 X65.691 Y133.929 E1046.85122
G1 X65.383 Y134.058 E1046.8679
G1 X65.043 Y134.103 E1046.88504
G1 X64.703 Y134.058 E1046.90218
G1 X64.395 Y133.929 E1046.91887
G1 X64.128 Y133.722 E1046.93575
G1 F420.7 X63.922 Y133.453 E1046.95263
G1 F422.1 X63.789 Y133.131 E1046.96992
G1 F422.8 X63.745 Y132.79 E1046.98696
G1 X63.788 Y132.45 E1047.00395
M204 S1000
G1 F1500 E1046.00395
G0 F9000 X99.288 Y153.673
M204 S2000
G1 F1500 E1047.00395
G1 F422.1 X99.422 Y153.351 E1047.02126
G1 F420.7 X99.628 Y153.082 E1047.03813
G1 F420 X99.894 Y152.876 E1047.05492
G1 F419.3 X100.205 Y152.745 E1047.07178
G1 X100.543 Y152.701 E1047.08882
G1 F420 X100.881 Y152.745 E1047.10582
G1 X101.192 Y152.876 E1047.12266
G1 F420.7 X101.458 Y153.081 E1047.13939
G1 F421.4 X101.663 Y153.35 E1047.1562
G1 X101.797 Y153.672 E1047.17354
G1 F422.1 X101.841 Y154.013 E1047.19061
G1 F422.8 X101.797 Y154.354 E1047.20765
G1 X101.663 Y154.677 E1047.22498
G1 F421.4 X101.457 Y154.946 E1047.24183
G1 F419.3 X101.191 Y155.152 E1047.25864
G1 F418.6 X100.883 Y155.28 E1047.27534
G1 F417.9 X100.543 Y155.325 E1047.29253
G1 X100.203 Y155.28 E1047.30973
G1 F418.6 X99.896 Y155.152 E1047.32638
G1 X99.628 Y154.945 E1047.34333
G1 F419.3 X99.422 Y154.676 E1047.36026
G1 F421.4 X99.288 Y154.354 E1047.3776
G1 F422.8 X99.245 Y154.013 E1047.39464
G1 X99.288 Y153.673 E1047.41162
M204 S1000
G1 F1500 E1046.41162
G0 F9000 X169.245 Y129.253
M204 S2000
G1 F1500 E1047.41162
G1 F422.8 X169.288 Y128.913 E1047.42861
G1 F422.1 X169.422 Y128.591 E1047.44592
G1 F420.7 X169.629 Y128.321 E1047.46286
G1 F420 X169.895 Y128.115 E1047.47965
G1 X170.202 Y127.987 E1047.49624
G1 X170.543 Y127.942 E1047.5134
G1 F419.3 X170.884 Y127.987 E1047.53059
G1 F418.6 X171.191 Y128.115 E1047.54724
G1 X171.457 Y128.321 E1047.56408
G1 F420 X171.663 Y128.59 E1047.58099
G1 F421.4 X171.797 Y128.912 E1047.59833
G1 F422.1 X171.841 Y129.253 E1047.6154
G1 F422.8 X171.797 Y129.594 E1047.63244
G1 X171.663 Y129.917 E1047.64976
G1 F421.4 X171.457 Y130.186 E1047.66661
G1 F419.3 X171.191 Y130.392 E1047.68343
G1 X170.883 Y130.521 E1047.70011
G1 X170.543 Y130.566 E1047.71725
G1 X170.203 Y130.521 E1047.73439
G1 F420 X169.895 Y130.392 E1047.75105
G1 X169.628 Y130.185 E1047.76791
G1 F420.7 X169.422 Y129.916 E1047.78478
G1 F422.1 X169.288 Y129.594 E1047.80209
G1 F422.8 X169.245 Y129.253 E1047.81913
M204 S1000
G1 F1500 E1046.81913
;MESH:NONMESH
G0 F600 X169.245 Y129.253 Z14.4
G0 F9000 X63.788 Y132.421
;TIME_ELAPSED:8125.062764
;LAYER:71
M204 S2000
;TYPE:WALL-OUTER
;MESH:Bottom_Standoffs.stl
G1 F1500 E1047.81913
G1 F422.1 X63.922 Y132.099 E1047.83644
G1 F420.7 X64.128 Y131.83 E1047.85332
G1 F420 X64.394 Y131.624 E1047.8701
G1 F419.3 X64.705 Y131.493 E1047.88696
G1 X65.043 Y131.449 E1047.904
G1 F420 X65.381 Y131.493 E1047.921
G1 X65.692 Y131.624 E1047.93784
G1 F420.7 X65.958 Y131.829 E1047.95457
G1 F421.4 X66.163 Y132.098 E1047.97138
G1 X66.297 Y132.42 E1047.98873
G1 F422.1 X66.341 Y132.761 E1048.00579
G1 F422.8 X66.297 Y133.102 E1048.02283
G1 X66.163 Y133.425 E1048.04016
G1 F421.4 X65.957 Y133.694 E1048.05701
G1 F419.3 X65.691 Y133.9 E1048.07382
G1 F418.6 X65.384 Y134.028 E1048.09047
G1 X65.043 Y134.073 E1048.10769
G1 F419.3 X64.702 Y134.028 E1048.12488
G1 F420 X64.395 Y133.9 E1048.14147
G1 X64.129 Y133.694 E1048.15826
G1 F420.7 X63.922 Y133.424 E1048.1752
G1 F422.1 X63.788 Y133.102 E1048.19252
G1 F422.8 X63.745 Y132.761 E1048.20955
G1 X63.788 Y132.421 E1048.22653
M204 S1000
G1 F1500 E1047.22653
G0 F9000 X99.288 Y153.644
M204 S2000
G1 F1500 E1048.22653
G1 F422.1 X99.423 Y153.321 E1048.24391
G1 F420.7 X99.628 Y153.053 E1048.26072
G1 F419.3 X99.894 Y152.846 E1048.27756
G1 F418.6 X100.204 Y152.716 E1048.29439
G1 F419.3 X100.543 Y152.672 E1048.31147
G1 F420 X100.882 Y152.716 E1048.32853
G1 X101.192 Y152.846 E1048.3453
G1 F419.3 X101.457 Y153.052 E1048.36207
G1 F420 X101.663 Y153.321 E1048.37897
G1 F421.4 X101.797 Y153.643 E1048.39632
G1 F422.1 X101.841 Y153.984 E1048.41338
G1 F423.5 X101.797 Y154.326 E1048.43044
G1 F422.8 X101.665 Y154.643 E1048.44746
G1 F420.7 X101.455 Y154.919 E1048.46473
G1 F419.3 X101.191 Y155.123 E1048.48141
G1 F418.6 X100.884 Y155.251 E1048.49806
G1 X100.543 Y155.296 E1048.51527
G1 X100.202 Y155.251 E1048.53249
G1 X99.895 Y155.123 E1048.54914
G1 X99.63 Y154.918 E1048.56591
G1 F419.3 X99.42 Y154.643 E1048.5832
G1 F421.4 X99.288 Y154.325 E1048.60032
G1 F422.8 X99.245 Y153.984 E1048.61736
G1 X99.288 Y153.644 E1048.63434
M204 S1000
G1 F1500 E1047.63434
G0 F9000 X169.245 Y129.224
M204 S2000
G1 F1500 E1048.63434
G1 F422.8 X169.289 Y128.884 E1048.65133
G1 F422.1 X169.422 Y128.562 E1048.66862
G1 F420.7 X169.628 Y128.293 E1048.6855
G1 F420 X169.896 Y128.086 E1048.70239
G1 X170.203 Y127.958 E1048.71899
G1 X170.543 Y127.912 E1048.73611
G1 F419.3 X170.883 Y127.958 E1048.75325
G1 F418.6 X171.191 Y128.086 E1048.76995
G1 X171.457 Y128.292 E1048.78679
G1 F420 X171.663 Y128.561 E1048.80369
G1 F421.4 X171.797 Y128.883 E1048.82103
G1 F422.1 X171.841 Y129.224 E1048.8381
G1 F422.8 X171.797 Y129.565 E1048.85514
G1 F422.1 X171.663 Y129.886 E1048.87241
G1 F420.7 X171.458 Y130.156 E1048.88929
G1 F420 X171.192 Y130.362 E1048.90608
G1 X170.881 Y130.492 E1048.92289
G1 F419.3 X170.543 Y130.536 E1048.93993
G1 X170.205 Y130.492 E1048.95696
G1 F420 X169.896 Y130.363 E1048.97367
G1 X169.625 Y130.153 E1048.99077
G1 F420.7 X169.422 Y129.886 E1049.00748
G1 F422.1 X169.288 Y129.565 E1049.02474
G1 F422.8 X169.245 Y129.224 E1049.04178
M204 S1000
G1 F1500 E1048.04178
;MESH:NONMESH
G0 F600 X169.245 Y129.224 Z14.6
G0 F9000 X63.789 Y132.392
;TIME_ELAPSED:8130.850496
;LAYER:72
M204 S2000
;TYPE:WALL-OUTER
;MESH:Bottom_Standoffs.stl
G1 F1500 E1049.04178
G1 F422.1 X63.922 Y132.07 E1049.05907
G1 F420.7 X64.128 Y131.801 E1049.07595
G1 F419.3 X64.394 Y131.595 E1049.09276
G1 F418.6 X64.705 Y131.464 E1049.10965
G1 F419.3 X65.043 Y131.42 E1049.12669
G1 F420 X65.381 Y131.464 E1049.14369
G1 X65.692 Y131.595 E1049.16053
G1 F420.7 X65.958 Y131.8 E1049.17725
G1 F421.4 X66.163 Y132.069 E1049.19407
G1 X66.297 Y132.391 E1049.21141
G1 F422.1 X66.341 Y132.732 E1049.22848
G1 F422.8 X66.297 Y133.073 E1049.24552
G1 X66.163 Y133.396 E1049.26285
G1 F421.4 X65.957 Y133.665 E1049.2797
G1 F419.3 X65.691 Y133.871 E1049.29651
G1 F418.6 X65.384 Y133.999 E1049.31316
G1 X65.043 Y134.044 E1049.33038
G1 F419.3 X64.702 Y133.999 E1049.34757
G1 F418.6 X64.395 Y133.871 E1049.36422
G1 F417.9 X64.129 Y133.665 E1049.38108
G1 F420 X63.922 Y133.395 E1049.39806
G1 F422.1 X63.788 Y133.073 E1049.41537
G1 F422.8 X63.745 Y132.732 E1049.4324
G1 X63.789 Y132.392 E1049.44939
M204 S1000
G1 F1500 E1048.44939
G0 F9000 X99.288 Y153.615
M204 S2000
G1 F1500 E1049.44939
G1 F421.4 X99.422 Y153.292 E1049.46678
G1 F420 X99.628 Y153.024 E1049.48365
G1 F419.3 X99.894 Y152.818 E1049.50046
G1 F418.6 X100.204 Y152.687 E1049.51731
G1 F419.3 X100.543 Y152.643 E1049.53439
G1 F420 X100.882 Y152.687 E1049.55144
G1 X101.192 Y152.817 E1049.56821
G1 F419.3 X101.457 Y153.023 E1049.58499
G1 F420 X101.663 Y153.292 E1049.60189
G1 F421.4 X101.797 Y153.614 E1049.61923
G1 F422.1 X101.841 Y153.954 E1049.63625
G1 F422.8 X101.797 Y154.295 E1049.65329
G1 X101.663 Y154.618 E1049.67062
G1 F421.4 X101.457 Y154.887 E1049.68747
G1 F420 X101.192 Y155.093 E1049.70421
G1 X100.882 Y155.223 E1049.72099
G1 F419.3 X100.543 Y155.267 E1049.73807
G1 F418.6 X100.204 Y155.223 E1049.75518
G1 X99.894 Y155.093 E1049.77201
G1 F419.3 X99.628 Y154.886 E1049.78885
G1 F420.7 X99.423 Y154.618 E1049.80566
G1 F422.1 X99.288 Y154.295 E1049.82303
G1 F422.8 X99.245 Y153.954 E1049.84007
G1 X99.288 Y153.615 E1049.857
M204 S1000
G1 F1500 E1048.857
G0 F9000 X169.245 Y129.195
M204 S2000
G1 F1500 E1049.857
G1 F422.8 X169.289 Y128.854 E1049.87404
G1 F422.1 X169.421 Y128.533 E1049.89127
G1 F420 X169.625 Y128.266 E1049.90803
G1 F418.6 X169.897 Y128.056 E1049.92524
G1 X170.205 Y127.927 E1049.94195
G1 F419.3 X170.543 Y127.883 E1049.95898
G1 F420 X170.881 Y127.927 E1049.97599
G1 X171.192 Y128.058 E1049.99283
G1 F419.3 X171.457 Y128.263 E1050.00957
G1 F420 X171.664 Y128.534 E1050.02658
G1 F422.1 X171.797 Y128.853 E1050.04374
G1 F422.8 X171.841 Y129.195 E1050.06083
G1 X171.797 Y129.536 E1050.07787
G1 F422.1 X171.663 Y129.857 E1050.09513
G1 F420.7 X171.457 Y130.127 E1050.11205
G1 F419.3 X171.192 Y130.332 E1050.12879
G1 X170.881 Y130.463 E1050.14566
G1 X170.543 Y130.507 E1050.16269
G1 X170.205 Y130.463 E1050.17972
G1 X169.894 Y130.332 E1050.19659
G1 X169.628 Y130.126 E1050.2134
G1 F420.7 X169.422 Y129.857 E1050.23027
G1 F422.1 X169.288 Y129.536 E1050.24754
G1 F422.8 X169.245 Y129.195 E1050.26458
M204 S1000
G1 F1500 E1049.26458
;MESH:NONMESH
G0 F600 X169.245 Y129.195 Z14.8
G0 F9000 X63.788 Y132.362
;TIME_ELAPSED:8136.638646
;LAYER:73
M204 S2000
;TYPE:WALL-OUTER
;MESH:Bottom_Standoffs.stl
G1 F1500 E1050.26458
G1 F422.1 X63.922 Y132.04 E1050.28189
G1 F420.7 X64.128 Y131.772 E1050.29872
G1 F419.3 X64.394 Y131.566 E1050.31554
G1 F418.6 X64.704 Y131.435 E1050.33238
G1 F419.3 X65.043 Y131.391 E1050.34947
G1 F420 X65.382 Y131.435 E1050.36652
G1 X65.692 Y131.565 E1050.38329
G1 X65.957 Y131.771 E1050.40004
G1 F421.4 X66.164 Y132.041 E1050.41695
G1 F422.1 X66.297 Y132.362 E1050.4342
G1 X66.341 Y132.702 E1050.45122
G1 F423.5 X66.298 Y133.043 E1050.46823
G1 X66.163 Y133.366 E1050.48555
G1 F422.1 X65.958 Y133.635 E1050.50233
G1 F420 X65.692 Y133.84 E1050.51909
G1 F419.3 X65.381 Y133.971 E1050.53595
G1 X65.043 Y134.015 E1050.55299
G1 F418.6 X64.705 Y133.971 E1050.57005
G1 F419.3 X64.394 Y133.84 E1050.58691
G1 F420 X64.128 Y133.634 E1050.6037
G1 F420.7 X63.922 Y133.365 E1050.62057
G1 F422.1 X63.788 Y133.043 E1050.63789
G1 F422.8 X63.745 Y132.702 E1050.65492
G1 X63.788 Y132.362 E1050.6719
M204 S1000
G1 F1500 E1049.6719
G0 F9000 X99.288 Y153.585
M204 S2000
G1 F1500 E1050.6719
G1 F421.4 X99.422 Y153.263 E1050.68925
G1 F420 X99.629 Y152.993 E1050.70622
G1 F419.3 X99.895 Y152.787 E1050.72303
G1 F418.6 X100.202 Y152.659 E1050.73968
G1 F419.3 X100.543 Y152.614 E1050.75687
G1 X100.884 Y152.659 E1050.77406
G1 F418.6 X101.191 Y152.787 E1050.79071
G1 X101.457 Y152.993 E1050.80755
G1 F420 X101.663 Y153.262 E1050.82445
G1 F421.4 X101.797 Y153.584 E1050.8418
G1 F422.1 X101.841 Y153.925 E1050.85886
G1 F422.8 X101.797 Y154.266 E1050.8759
G1 X101.663 Y154.589 E1050.89323
G1 F421.4 X101.457 Y154.858 E1050.91008
G1 F420 X101.192 Y155.064 E1050.92683
G1 X100.882 Y155.194 E1050.9436
G1 F419.3 X100.543 Y155.238 E1050.96068
G1 F418.6 X100.204 Y155.194 E1050.97779
G1 X99.894 Y155.064 E1050.99462
G1 F419.3 X99.628 Y154.857 E1051.01146
G1 F420.7 X99.423 Y154.589 E1051.02827
G1 F422.1 X99.288 Y154.266 E1051.04565
G1 F422.8 X99.245 Y153.925 E1051.06268
G1 X99.288 Y153.585 E1051.07966
M204 S1000
G1 F1500 E1050.07966
G0 F9000 X169.245 Y129.166
M204 S2000
G1 F1500 E1051.07966
G1 F422.8 X169.288 Y128.825 E1051.0967
G1 F422.1 X169.422 Y128.503 E1051.11401
G1 F420.7 X169.627 Y128.236 E1051.13077
G1 F419.3 X169.896 Y128.027 E1051.1478
G1 F418.6 X170.204 Y127.898 E1051.16451
G1 F419.3 X170.543 Y127.854 E1051.1816
G1 F420 X170.88 Y127.898 E1051.19855
G1 X171.189 Y128.028 E1051.21528
G1 X171.46 Y128.236 E1051.23232
G1 F420.7 X171.663 Y128.503 E1051.24903
G1 F421.4 X171.797 Y128.825 E1051.26637
G1 F422.1 X171.841 Y129.166 E1051.28344
G1 F422.8 X171.797 Y129.507 E1051.30047
G1 X171.664 Y129.828 E1051.31769
G1 F421.4 X171.457 Y130.098 E1051.33461
G1 F419.3 X171.192 Y130.303 E1051.35135
G1 X170.881 Y130.434 E1051.36822
G1 X170.543 Y130.478 E1051.38525
G1 F418.6 X170.205 Y130.434 E1051.40231
G1 X169.894 Y130.303 E1051.41921
G1 F419.3 X169.628 Y130.097 E1051.43602
G1 F420.7 X169.422 Y129.828 E1051.45289
G1 F422.1 X169.289 Y129.507 E1051.47014
G1 F422.8 X169.245 Y129.166 E1051.48718
M204 S1000
G1 F1500 E1050.48718
;MESH:NONMESH
G0 F600 X169.245 Y129.166 Z15
G0 F9000 X63.788 Y132.333
;TIME_ELAPSED:8142.426255
;LAYER:74
M204 S2000
;TYPE:WALL-OUTER
;MESH:Bottom_Standoffs.stl
G1 F1500 E1051.48718
G1 F422.1 X63.922 Y132.011 E1051.5045
G1 F420.7 X64.128 Y131.743 E1051.52133
G1 F419.3 X64.394 Y131.537 E1051.53814
G1 F418.6 X64.704 Y131.406 E1051.55499
G1 F419.3 X65.043 Y131.362 E1051.57207
G1 F420 X65.382 Y131.406 E1051.58913
G1 F419.3 X65.692 Y131.537 E1051.60595
G1 X65.957 Y131.742 E1051.62269
G1 F420.7 X66.163 Y132.012 E1051.6396
G1 F421.4 X66.297 Y132.333 E1051.6569
G1 F422.1 X66.341 Y132.673 E1051.67392
G1 F422.8 X66.297 Y133.014 E1051.69096
G1 X66.163 Y133.337 E1051.70829
G1 F422.1 X65.958 Y133.606 E1051.72508
G1 F420 X65.692 Y133.811 E1051.74183
G1 F419.3 X65.381 Y133.942 E1051.7587
G1 X65.043 Y133.986 E1051.77573
G1 F418.6 X64.705 Y133.942 E1051.79279
G1 F419.3 X64.394 Y133.811 E1051.80966
G1 F420 X64.128 Y133.605 E1051.82644
G1 F420.7 X63.922 Y133.336 E1051.84332
G1 F422.1 X63.789 Y133.014 E1051.86061
G1 F422.8 X63.745 Y132.673 E1051.87765
G1 X63.788 Y132.333 E1051.89463
M204 S1000
G1 F1500 E1050.89463
G0 F9000 X99.288 Y153.556
M204 S2000
G1 F1500 E1051.89463
G1 F422.1 X99.422 Y153.234 E1051.91195
G1 F420.7 X99.628 Y152.965 E1051.92882
G1 F420 X99.894 Y152.759 E1051.94561
G1 F419.3 X100.206 Y152.629 E1051.9625
G1 F418.6 X100.543 Y152.585 E1051.97951
G1 X100.88 Y152.629 E1051.99652
G1 F419.3 X101.192 Y152.759 E1052.01341
G1 F420.7 X101.458 Y152.964 E1052.03014
G1 F421.4 X101.663 Y153.233 E1052.04696
G1 X101.797 Y153.555 E1052.0643
G1 F422.1 X101.841 Y153.896 E1052.08137
G1 F422.8 X101.797 Y154.237 E1052.09841
G1 X101.663 Y154.56 E1052.11574
G1 F422.1 X101.458 Y154.829 E1052.13253
G1 F420 X101.192 Y155.034 E1052.14928
G1 F417.9 X100.88 Y155.164 E1052.16623
G1 F417.2 X100.543 Y155.208 E1052.1833
G1 F417.9 X100.206 Y155.164 E1052.20034
G1 F419.3 X99.894 Y155.034 E1052.21723
G1 F420 X99.628 Y154.828 E1052.23401
G1 F420.7 X99.422 Y154.559 E1052.25089
G1 F422.1 X99.288 Y154.237 E1052.2682
G1 F422.8 X99.245 Y153.896 E1052.28523
G1 X99.288 Y153.556 E1052.30222
M204 S1000
G1 F1500 E1051.30222
G0 F9000 X169.245 Y129.136
M204 S2000
G1 F1500 E1052.30222
G1 F422.8 X169.288 Y128.796 E1052.3192
G1 F422.1 X169.422 Y128.474 E1052.33651
G1 F420.7 X169.629 Y128.204 E1052.35346
G1 F420 X169.895 Y127.998 E1052.37025
G1 X170.202 Y127.87 E1052.38684
G1 X170.543 Y127.825 E1052.404
G1 F419.3 X170.884 Y127.87 E1052.42119
G1 F418.6 X171.191 Y127.998 E1052.43784
G1 X171.457 Y128.204 E1052.45468
G1 F420 X171.663 Y128.473 E1052.47158
G1 F421.4 X171.797 Y128.795 E1052.48892
G1 F422.1 X171.841 Y129.136 E1052.50599
G1 F422.8 X171.797 Y129.477 E1052.52303
G1 X171.663 Y129.8 E1052.54036
G1 F422.1 X171.458 Y130.069 E1052.55715
G1 F420 X171.192 Y130.274 E1052.57391
G1 F419.3 X170.881 Y130.405 E1052.59077
G1 X170.543 Y130.449 E1052.6078
G1 F418.6 X170.205 Y130.405 E1052.62486
G1 F419.3 X169.894 Y130.274 E1052.64173
G1 F420 X169.628 Y130.068 E1052.65851
G1 F420.7 X169.422 Y129.799 E1052.67539
G1 F422.1 X169.289 Y129.477 E1052.69268
G1 F422.8 X169.245 Y129.136 E1052.70972
M204 S1000
G1 F1500 E1051.70972
;MESH:NONMESH
G0 F600 X169.245 Y129.136 Z15.2
G0 F9000 X63.788 Y132.304
;TIME_ELAPSED:8148.213679
;LAYER:75
M204 S2000
;TYPE:WALL-OUTER
;MESH:Bottom_Standoffs.stl
G1 F1500 E1052.70972
G1 F422.1 X63.922 Y131.982 E1052.72704
G1 F420.7 X64.129 Y131.712 E1052.74398
G1 F420 X64.395 Y131.506 E1052.76077
G1 X64.702 Y131.378 E1052.77736
G1 X65.043 Y131.333 E1052.79452
G1 F419.3 X65.384 Y131.378 E1052.81171
G1 F418.6 X65.691 Y131.506 E1052.82836
G1 X65.957 Y131.712 E1052.8452
G1 F420 X66.163 Y131.981 E1052.8621
G1 F421.4 X66.297 Y132.303 E1052.87945
G1 F422.1 X66.341 Y132.644 E1052.89651
G1 F422.8 X66.297 Y132.985 E1052.91355
G1 X66.163 Y133.308 E1052.93088
G1 F421.4 X65.957 Y133.577 E1052.94773
G1 F419.3 X65.691 Y133.783 E1052.96454
G1 F418.6 X65.384 Y133.911 E1052.98119
G1 X65.043 Y133.956 E1052.99841
G1 F419.3 X64.702 Y133.911 E1053.0156
G1 F420 X64.395 Y133.783 E1053.03219
G1 X64.129 Y133.577 E1053.04898
G1 F420.7 X63.922 Y133.307 E1053.06592
G1 F422.1 X63.788 Y132.985 E1053.08324
G1 F422.8 X63.745 Y132.644 E1053.10027
G1 X63.788 Y132.304 E1053.11725
M204 S1000
G1 F1500 E1052.11725
G0 F9000 X99.288 Y153.527
M204 S2000
G1 F1500 E1053.11725
G1 F422.1 X99.422 Y153.205 E1053.13457
G1 F420.7 X99.626 Y152.938 E1053.1513
G1 F419.3 X99.899 Y152.726 E1053.16858
G1 X100.211 Y152.598 E1053.18543
G1 X100.543 Y152.554 E1053.20216
G1 F418.6 X100.878 Y152.599 E1053.21908
G1 F419.3 X101.192 Y152.729 E1053.23607
G1 X101.457 Y152.935 E1053.25284
G1 F420 X101.663 Y153.204 E1053.26974
G1 F421.4 X101.797 Y153.526 E1053.28709
G1 F422.1 X101.841 Y153.867 E1053.30415
G1 F422.8 X101.797 Y154.208 E1053.32119
G1 X101.663 Y154.531 E1053.33852
G1 F421.4 X101.457 Y154.8 E1053.35537
G1 F419.3 X101.191 Y155.006 E1053.37218
G1 F418.6 X100.883 Y155.134 E1053.38888
G1 F417.9 X100.543 Y155.179 E1053.40608
G1 X100.203 Y155.134 E1053.42327
G1 F418.6 X99.895 Y155.006 E1053.43997
G1 F419.3 X99.628 Y154.799 E1053.45685
G1 F420 X99.422 Y154.53 E1053.47375
G1 F421.4 X99.288 Y154.208 E1053.4911
G1 F422.8 X99.245 Y153.867 E1053.50813
G1 X99.288 Y153.527 E1053.52511
M204 S1000
G1 F1500 E1052.52511
G0 F9000 X169.245 Y129.107
M204 S2000
G1 F1500 E1053.52511
G1 F422.8 X169.288 Y128.767 E1053.5421
G1 F422.1 X169.422 Y128.445 E1053.55941
G1 F420.7 X169.629 Y128.175 E1053.57636
G1 F420 X169.895 Y127.969 E1053.59314
G1 X170.202 Y127.841 E1053.60974
G1 X170.543 Y127.796 E1053.6269
G1 F419.3 X170.884 Y127.841 E1053.64408
G1 F418.6 X171.191 Y127.969 E1053.66073
G1 X171.457 Y128.175 E1053.67757
G1 F420 X171.663 Y128.444 E1053.69448
G1 F421.4 X171.797 Y128.766 E1053.71182
G1 F422.1 X171.841 Y129.107 E1053.72889
G1 F422.8 X171.797 Y129.448 E1053.74593
G1 X171.663 Y129.771 E1053.76326
G1 F421.4 X171.457 Y130.04 E1053.7801
G1 F419.3 X171.191 Y130.246 E1053.79692
G1 X170.883 Y130.375 E1053.8136
G1 X170.543 Y130.42 E1053.83074
G1 X170.203 Y130.375 E1053.84788
G1 F420 X169.895 Y130.246 E1053.86454
G1 X169.628 Y130.039 E1053.8814
G1 F420.7 X169.422 Y129.77 E1053.89827
G1 F422.1 X169.288 Y129.448 E1053.91559
G1 F422.8 X169.245 Y129.107 E1053.93262
M204 S1000
G1 F1500 E1052.93262
;MESH:NONMESH
G0 F600 X169.245 Y129.107 Z15.4
G0 F9000 X63.789 Y132.275
;TIME_ELAPSED:8154.002115
;LAYER:76
M204 S2000
;TYPE:WALL-OUTER
;MESH:Bottom_Standoffs.stl
G1 F1500 E1053.93262
G1 F422.1 X63.922 Y131.953 E1053.94991
G1 F420.7 X64.128 Y131.684 E1053.96679
G1 F420 X64.394 Y131.478 E1053.98357
G1 F419.3 X64.705 Y131.347 E1054.00044
G1 X65.043 Y131.303 E1054.01747
G1 F420 X65.381 Y131.347 E1054.03448
G1 X65.692 Y131.478 E1054.05131
G1 F420.7 X65.958 Y131.683 E1054.06804
G1 F421.4 X66.163 Y131.952 E1054.08486
G1 X66.297 Y132.274 E1054.1022
G1 F422.1 X66.341 Y132.615 E1054.11927
G1 F422.8 X66.297 Y132.956 E1054.13631
G1 X66.163 Y133.279 E1054.15364
G1 F421.4 X65.957 Y133.548 E1054.17048
G1 F419.3 X65.691 Y133.754 E1054.1873
G1 F418.6 X65.384 Y133.882 E1054.20395
G1 X65.043 Y133.927 E1054.22116
G1 F419.3 X64.702 Y133.882 E1054.23835
G1 F420 X64.395 Y133.754 E1054.25495
G1 X64.129 Y133.548 E1054.27173
G1 F420.7 X63.922 Y133.278 E1054.28868
G1 F422.1 X63.788 Y132.956 E1054.30599
G1 F422.8 X63.745 Y132.615 E1054.32302
G1 X63.789 Y132.275 E1054.34001
M204 S1000
G1 F1500 E1053.34001
G0 F9000 X99.288 Y153.498
M204 S2000
G1 F1500 E1054.34001
G1 F422.1 X99.423 Y153.175 E1054.35739
G1 F420.7 X99.628 Y152.907 E1054.3742
G1 F419.3 X99.894 Y152.7 E1054.39104
G1 F418.6 X100.204 Y152.57 E1054.40787
G1 F419.3 X100.543 Y152.526 E1054.42495
G1 F420 X100.882 Y152.57 E1054.442
G1 X101.192 Y152.7 E1054.45878
G1 F419.3 X101.457 Y152.906 E1054.47555
G1 F420 X101.663 Y153.175 E1054.49245
G1 F421.4 X101.797 Y153.497 E1054.50979
G1 F422.1 X101.841 Y153.837 E1054.52681
G1 F423.5 X101.797 Y154.18 E1054.54392
G1 F422.8 X101.665 Y154.497 E1054.56094
G1 F420.7 X101.455 Y154.773 E1054.57821
G1 F419.3 X101.191 Y154.977 E1054.59489
G1 F418.6 X100.884 Y155.105 E1054.61154
G1 X100.543 Y155.15 E1054.62875
G1 X100.202 Y155.105 E1054.64597
G1 X99.895 Y154.977 E1054.66262
G1 X99.63 Y154.772 E1054.67939
G1 F419.3 X99.42 Y154.497 E1054.69668
G1 F421.4 X99.288 Y154.179 E1054.7138
G1 F422.8 X99.245 Y153.837 E1054.73088
G1 X99.288 Y153.498 E1054.74782
M204 S1000
G1 F1500 E1053.74782
G0 F9000 X169.245 Y129.078
M204 S2000
G1 F1500 E1054.74782
G1 F422.8 X169.289 Y128.738 E1054.76481
G1 F422.1 X169.422 Y128.416 E1054.7821
G1 F420.7 X169.628 Y128.147 E1054.79898
G1 F420 X169.896 Y127.94 E1054.81587
G1 X170.203 Y127.812 E1054.83247
G1 X170.543 Y127.766 E1054.84958
G1 F419.3 X170.883 Y127.812 E1054.86673
G1 F418.6 X171.191 Y127.94 E1054.88343
G1 X171.457 Y128.146 E1054.90027
G1 F420 X171.663 Y128.415 E1054.91717
G1 F421.4 X171.797 Y128.737 E1054.93451
G1 F422.1 X171.841 Y129.078 E1054.95158
G1 F422.8 X171.797 Y129.419 E1054.96862
G1 F422.1 X171.663 Y129.74 E1054.98589
G1 F420.7 X171.458 Y130.01 E1055.00277
G1 F420 X171.192 Y130.216 E1055.01956
G1 X170.881 Y130.346 E1055.03637
G1 F419.3 X170.543 Y130.39 E1055.05341
G1 X170.205 Y130.346 E1055.07044
G1 F420 X169.893 Y130.216 E1055.0873
G1 F419.3 X169.627 Y130.01 E1055.10412
G1 F420 X169.422 Y129.74 E1055.12103
G1 F422.1 X169.288 Y129.419 E1055.1383
G1 F422.8 X169.245 Y129.078 E1055.15533
M204 S1000
G1 F1500 E1054.15533
;MESH:NONMESH
G0 F600 X169.245 Y129.078 Z15.6
G0 F9000 X63.789 Y132.246
;TIME_ELAPSED:8159.790014
;LAYER:77
M204 S2000
;TYPE:WALL-OUTER
;MESH:Bottom_Standoffs.stl
G1 F1500 E1055.15533
G1 F422.1 X63.922 Y131.924 E1055.17262
G1 F420.7 X64.128 Y131.655 E1055.1895
G1 F419.3 X64.394 Y131.449 E1055.20631
G1 F418.6 X64.705 Y131.318 E1055.22321
G1 F419.3 X65.043 Y131.274 E1055.24024
G1 F420 X65.381 Y131.318 E1055.25724
G1 X65.692 Y131.449 E1055.27408
G1 F420.7 X65.958 Y131.654 E1055.29081
G1 F421.4 X66.163 Y131.923 E1055.30762
G1 X66.297 Y132.245 E1055.32497
G1 F422.1 X66.341 Y132.586 E1055.34203
G1 F422.8 X66.297 Y132.927 E1055.35907
G1 X66.163 Y133.25 E1055.3764
G1 F421.4 X65.957 Y133.519 E1055.39325
G1 F419.3 X65.691 Y133.725 E1055.41006
G1 F418.6 X65.384 Y133.853 E1055.42671
G1 X65.043 Y133.898 E1055.44393
G1 F419.3 X64.702 Y133.853 E1055.46112
G1 F418.6 X64.395 Y133.725 E1055.47777
G1 F417.9 X64.129 Y133.519 E1055.49464
G1 F420 X63.922 Y133.249 E1055.51161
G1 F422.1 X63.788 Y132.927 E1055.52892
G1 F422.8 X63.745 Y132.586 E1055.54596
G1 X63.789 Y132.246 E1055.56295
M204 S1000
G1 F1500 E1054.56295
G0 F9000 X99.288 Y153.469
M204 S2000
G1 F1500 E1055.56295
G1 F421.4 X99.422 Y153.146 E1055.58034
G1 F420 X99.628 Y152.878 E1055.5972
G1 F419.3 X99.894 Y152.672 E1055.61401
G1 F418.6 X100.204 Y152.541 E1055.63086
G1 F419.3 X100.543 Y152.497 E1055.64794
G1 F420 X100.882 Y152.541 E1055.665
G1 X101.192 Y152.671 E1055.68177
G1 F419.3 X101.457 Y152.877 E1055.69854
G1 F420 X101.663 Y153.146 E1055.71544
G1 F421.4 X101.797 Y153.469 E1055.73283
G1 F422.1 X101.842 Y153.811 E1055.74996
G1 F423.5 X101.794 Y154.16 E1055.76739
G1 X101.669 Y154.462 E1055.78356
G1 F420.7 X101.452 Y154.746 E1055.80136
G1 F418.6 X101.189 Y154.949 E1055.81799
G1 X100.881 Y155.077 E1055.83468
G1 F417.9 X100.544 Y155.122 E1055.85173
G1 X100.204 Y155.077 E1055.86893
G1 F418.6 X99.896 Y154.949 E1055.88562
G1 F419.3 X99.627 Y154.739 E1055.90268
G1 F420.7 X99.422 Y154.47 E1055.91952
G1 F422.1 X99.288 Y154.149 E1055.93679
G1 F422.8 X99.245 Y153.808 E1055.95382
G1 X99.288 Y153.469 E1055.97076
M204 S1000
G1 F1500 E1054.97076
G0 F9000 X169.245 Y129.049
M204 S2000
G1 F1500 E1055.97076
G1 F422.8 X169.289 Y128.708 E1055.9878
G1 F422.1 X169.421 Y128.388 E1056.00498
G1 F420.7 X169.627 Y128.119 E1056.02186
G1 F419.3 X169.896 Y127.91 E1056.03888
G1 F418.6 X170.204 Y127.781 E1056.05559
G1 F419.3 X170.543 Y127.737 E1056.07268
G1 F420 X170.88 Y127.781 E1056.08963
G1 X171.189 Y127.911 E1056.10636
G1 F419.3 X171.459 Y128.119 E1056.12339
G1 F420 X171.664 Y128.388 E1056.14026
G1 F422.1 X171.797 Y128.707 E1056.15742
G1 F422.8 X171.841 Y129.049 E1056.17451
G1 X171.797 Y129.39 E1056.19155
G1 F422.1 X171.663 Y129.711 E1056.20881
G1 F420.7 X171.457 Y129.981 E1056.22573
G1 F419.3 X171.192 Y130.186 E1056.24247
G1 X170.881 Y130.317 E1056.25934
G1 X170.543 Y130.361 E1056.27637
G1 X170.205 Y130.317 E1056.2934
G1 X169.894 Y130.186 E1056.31027
G1 X169.628 Y129.98 E1056.32708
G1 F420.7 X169.422 Y129.711 E1056.34396
G1 F422.1 X169.288 Y129.39 E1056.36122
G1 F422.8 X169.245 Y129.049 E1056.37826
M204 S1000
G1 F1500 E1055.37826
;MESH:NONMESH
G0 F600 X169.245 Y129.049 Z15.8
G0 F9000 X63.788 Y132.216
;TIME_ELAPSED:8165.578534
;LAYER:78
M204 S2000
;TYPE:WALL-OUTER
;MESH:Bottom_Standoffs.stl
G1 F1500 E1056.37826
G1 F422.1 X63.922 Y131.894 E1056.39557
G1 F420.7 X64.128 Y131.626 E1056.41241
G1 F419.3 X64.394 Y131.42 E1056.42922
G1 F418.6 X64.704 Y131.289 E1056.44607
G1 F419.3 X65.043 Y131.245 E1056.46315
G1 F420 X65.382 Y131.289 E1056.4802
G1 X65.692 Y131.419 E1056.49697
G1 X65.957 Y131.625 E1056.51372
G1 F420.7 X66.163 Y131.895 E1056.53063
G1 F421.4 X66.297 Y132.216 E1056.54793
G1 F422.1 X66.341 Y132.556 E1056.56495
G1 F422.8 X66.297 Y132.897 E1056.58199
G1 X66.163 Y133.22 E1056.59932
G1 F422.1 X65.958 Y133.489 E1056.61611
G1 F420 X65.692 Y133.694 E1056.63286
G1 F419.3 X65.381 Y133.825 E1056.64973
G1 X65.043 Y133.869 E1056.66676
G1 F418.6 X64.705 Y133.825 E1056.68382
G1 F419.3 X64.394 Y133.694 E1056.70069
G1 F420 X64.128 Y133.488 E1056.71747
G1 F421.4 X63.922 Y133.219 E1056.73432
G1 F422.8 X63.788 Y132.897 E1056.7516
G1 X63.745 Y132.556 E1056.76864
G1 X63.788 Y132.216 E1056.78562
M204 S1000
G1 F1500 E1055.78562
G0 F9000 X99.288 Y153.439
M204 S2000
G1 F1500 E1056.78562
G1 F421.4 X99.422 Y153.117 E1056.80296
G1 F419.3 X99.629 Y152.847 E1056.81996
G1 F417.9 X99.895 Y152.641 E1056.83683
G1 X100.202 Y152.513 E1056.85351
G1 F419.3 X100.543 Y152.468 E1056.8707
G1 X100.884 Y152.513 E1056.88789
G1 F418.6 X101.191 Y152.641 E1056.90454
G1 X101.457 Y152.847 E1056.92138
G1 F420 X101.663 Y153.116 E1056.93828
G1 F421.4 X101.797 Y153.438 E1056.95562
G1 F422.1 X101.841 Y153.779 E1056.97269
G1 F422.8 X101.797 Y154.12 E1056.98973
G1 X101.663 Y154.443 E1057.00706
G1 F421.4 X101.457 Y154.712 E1057.02391
G1 F420 X101.192 Y154.918 E1057.04065
G1 F419.3 X100.88 Y155.048 E1057.05754
G1 F417.9 X100.527 Y155.092 E1057.07538
G1 X100.21 Y155.05 E1057.09141
G1 F418.6 X99.895 Y154.919 E1057.10849
G1 X99.628 Y154.712 E1057.1254
G1 F420 X99.423 Y154.443 E1057.14227
G1 F422.1 X99.288 Y154.12 E1057.15965
G1 F422.8 X99.245 Y153.779 E1057.17669
G1 X99.288 Y153.439 E1057.19367
M204 S1000
G1 F1500 E1056.19367
G0 F9000 X169.245 Y129.02
M204 S2000
G1 F1500 E1057.19367
G1 F422.8 X169.288 Y128.679 E1057.2107
G1 F422.1 X169.422 Y128.357 E1057.22802
G1 F420.7 X169.627 Y128.09 E1057.24478
G1 F419.3 X169.896 Y127.881 E1057.26181
G1 F418.6 X170.204 Y127.752 E1057.27852
G1 F419.3 X170.543 Y127.708 E1057.2956
G1 F420 X170.88 Y127.752 E1057.31256
G1 X171.189 Y127.882 E1057.32928
G1 X171.46 Y128.09 E1057.34633
G1 F420.7 X171.663 Y128.357 E1057.36303
G1 F421.4 X171.797 Y128.679 E1057.38038
G1 F422.1 X171.841 Y129.02 E1057.39744
G1 F422.8 X171.797 Y129.361 E1057.41448
G1 X171.664 Y129.682 E1057.4317
G1 F421.4 X171.457 Y129.952 E1057.44862
G1 F419.3 X171.192 Y130.157 E1057.46536
G1 X170.881 Y130.288 E1057.48223
G1 X170.543 Y130.332 E1057.49926
G1 F418.6 X170.205 Y130.288 E1057.51632
G1 X169.894 Y130.157 E1057.53321
G1 F419.3 X169.628 Y129.951 E1057.55003
G1 F420.7 X169.422 Y129.682 E1057.5669
G1 F422.1 X169.289 Y129.361 E1057.58415
G1 F422.8 X169.245 Y129.02 E1057.60119
M204 S1000
G1 F1500 E1056.60119
;MESH:NONMESH
G0 F600 X169.245 Y129.02 Z16
G0 F9000 X63.788 Y132.187
;TIME_ELAPSED:8171.367076
;LAYER:79
M204 S2000
;TYPE:WALL-OUTER
;MESH:Bottom_Standoffs.stl
G1 F1500 E1057.60119
G1 F422.1 X63.922 Y131.865 E1057.6185
G1 F420.7 X64.128 Y131.596 E1057.63538
G1 F420 X64.394 Y131.39 E1057.65216
G1 X64.704 Y131.26 E1057.66893
G1 X65.043 Y131.216 E1057.68599
G1 X65.382 Y131.26 E1057.70304
G1 X65.692 Y131.39 E1057.71981
G1 X65.957 Y131.596 E1057.73656
G1 F420.7 X66.163 Y131.866 E1057.75348
G1 F421.4 X66.297 Y132.187 E1057.77077
G1 F422.1 X66.341 Y132.527 E1057.78779
G1 F422.8 X66.297 Y132.868 E1057.80483
G1 X66.163 Y133.191 E1057.82216
G1 F421.4 X65.957 Y133.46 E1057.83901
G1 F419.3 X65.691 Y133.666 E1057.85582
G1 X65.383 Y133.795 E1057.87251
G1 X65.043 Y133.84 E1057.88965
G1 X64.703 Y133.795 E1057.90679
G1 X64.395 Y133.666 E1057.92347
G1 X64.128 Y133.459 E1057.94036
G1 F420.7 X63.922 Y133.19 E1057.95723
G1 F422.1 X63.789 Y132.868 E1057.97453
G1 F422.8 X63.745 Y132.527 E1057.99156
G1 X63.788 Y132.187 E1058.00855
M204 S1000
G1 F1500 E1057.00855
G0 F9000 X99.288 Y153.41
M204 S2000
G1 F1500 E1058.00855
G1 F422.1 X99.422 Y153.088 E1058.02586
G1 F420.7 X99.628 Y152.819 E1058.04274
G1 F420 X99.894 Y152.613 E1058.05952
G1 F419.3 X100.206 Y152.483 E1058.07641
G1 F418.6 X100.543 Y152.439 E1058.09343
G1 X100.88 Y152.483 E1058.11044
G1 F419.3 X101.192 Y152.613 E1058.12733
G1 F420.7 X101.458 Y152.818 E1058.14405
G1 F421.4 X101.663 Y153.087 E1058.16087
G1 X101.797 Y153.409 E1058.17821
G1 F422.1 X101.841 Y153.75 E1058.19528
G1 F422.8 X101.797 Y154.091 E1058.21232
G1 X101.663 Y154.414 E1058.22965
G1 F422.1 X101.458 Y154.683 E1058.24644
G1 F420 X101.192 Y154.888 E1058.26319
G1 F417.9 X100.88 Y155.018 E1058.28014
G1 F417.2 X100.543 Y155.062 E1058.29721
G1 F417.9 X100.206 Y155.018 E1058.31425
G1 F419.3 X99.894 Y154.888 E1058.33114
G1 F420 X99.628 Y154.682 E1058.34793
G1 X99.422 Y154.413 E1058.36483
G1 F421.4 X99.288 Y154.091 E1058.38217
G1 F422.8 X99.245 Y153.75 E1058.39921
G1 X99.288 Y153.41 E1058.41619
M204 S1000
G1 F1500 E1057.41619
G0 F9000 X169.245 Y128.99
M204 S2000
G1 F1500 E1058.41619
G1 F422.8 X169.288 Y128.65 E1058.43317
G1 F422.1 X169.422 Y128.328 E1058.45049
G1 F420.7 X169.629 Y128.058 E1058.46743
G1 F420 X169.895 Y127.852 E1058.48422
G1 X170.202 Y127.724 E1058.50081
G1 X170.543 Y127.679 E1058.51797
G1 F419.3 X170.884 Y127.724 E1058.53516
G1 F418.6 X171.191 Y127.852 E1058.55181
G1 X171.457 Y128.058 E1058.56865
G1 F420 X171.663 Y128.327 E1058.58555
G1 F421.4 X171.797 Y128.649 E1058.6029
G1 F422.1 X171.841 Y128.99 E1058.61996
G1 F422.8 X171.797 Y129.331 E1058.637
G1 X171.663 Y129.654 E1058.65433
G1 F422.1 X171.458 Y129.923 E1058.67112
G1 F420 X171.192 Y130.128 E1058.68788
G1 F419.3 X170.881 Y130.259 E1058.70474
G1 X170.543 Y130.303 E1058.72177
G1 F418.6 X170.205 Y130.259 E1058.73884
G1 F419.3 X169.894 Y130.128 E1058.7557
G1 F420 X169.628 Y129.922 E1058.77249
G1 F420.7 X169.422 Y129.653 E1058.78936
G1 F422.1 X169.289 Y129.331 E1058.80666
G1 F422.8 X169.245 Y128.99 E1058.82369
M204 S1000
G1 F1500 E1057.82369
;MESH:NONMESH
G0 F600 X169.245 Y128.99 Z16.2
G0 F9000 X63.788 Y132.158
;TIME_ELAPSED:8177.154398
;LAYER:80
M204 S2000
;TYPE:WALL-OUTER
;MESH:Bottom_Standoffs.stl
G1 F1500 E1058.82369
G1 F422.1 X63.922 Y131.836 E1058.84101
G1 F420.7 X64.129 Y131.566 E1058.85795
G1 F420 X64.395 Y131.36 E1058.87474
G1 X64.702 Y131.232 E1058.89133
G1 X65.043 Y131.187 E1058.90849
G1 F419.3 X65.384 Y131.232 E1058.92568
G1 F418.6 X65.691 Y131.36 E1058.94233
G1 X65.957 Y131.566 E1058.95917
G1 F420 X66.163 Y131.835 E1058.97608
G1 F421.4 X66.297 Y132.157 E1058.99342
G1 F422.1 X66.341 Y132.498 E1059.01049
G1 F422.8 X66.297 Y132.839 E1059.02752
G1 X66.163 Y133.162 E1059.04485
G1 F421.4 X65.957 Y133.431 E1059.0617
G1 F419.3 X65.691 Y133.637 E1059.07852
G1 F418.6 X65.384 Y133.765 E1059.09516
G1 X65.043 Y133.81 E1059.11238
G1 F419.3 X64.702 Y133.765 E1059.12957
G1 F420 X64.395 Y133.637 E1059.14616
G1 X64.129 Y133.431 E1059.16295
G1 F420.7 X63.922 Y133.161 E1059.1799
G1 F422.1 X63.788 Y132.839 E1059.19721
G1 F422.8 X63.745 Y132.498 E1059.21424
G1 X63.788 Y132.158 E1059.23123
M204 S1000
G1 F1500 E1058.23123
G0 F9000 X99.288 Y153.381
M204 S2000
G1 F1500 E1059.23123
G1 F422.1 X99.422 Y153.059 E1059.24854
G1 F420.7 X99.628 Y152.79 E1059.26541
G1 F420 X99.894 Y152.584 E1059.2822
G1 F419.3 X100.205 Y152.453 E1059.29906
G1 X100.543 Y152.409 E1059.3161
G1 F420 X100.881 Y152.453 E1059.3331
G1 X101.192 Y152.584 E1059.34994
G1 F420.7 X101.458 Y152.789 E1059.36666
G1 F421.4 X101.663 Y153.058 E1059.38348
G1 X101.797 Y153.38 E1059.40082
G1 F422.1 X101.841 Y153.721 E1059.41789
G1 F422.8 X101.797 Y154.062 E1059.43493
G1 X101.663 Y154.385 E1059.45226
G1 F421.4 X101.457 Y154.654 E1059.46911
G1 F419.3 X101.191 Y154.86 E1059.48592
G1 F418.6 X100.883 Y154.988 E1059.50262
G1 F417.9 X100.543 Y155.033 E1059.51981
G1 X100.203 Y154.988 E1059.53701
G1 F418.6 X99.895 Y154.86 E1059.55371
G1 F419.3 X99.628 Y154.653 E1059.57059
G1 F420 X99.422 Y154.384 E1059.58749
G1 F421.4 X99.288 Y154.062 E1059.60483
G1 F422.8 X99.245 Y153.721 E1059.62187
G1 X99.288 Y153.381 E1059.63885
M204 S1000
G1 F1500 E1058.63885
G0 F9000 X169.245 Y128.961
M204 S2000
G1 F1500 E1059.63885
G1 F422.8 X169.288 Y128.621 E1059.65583
G1 F422.1 X169.422 Y128.299 E1059.67315
G1 F420.7 X169.629 Y128.029 E1059.69009
G1 F420 X169.895 Y127.823 E1059.70688
G1 X170.202 Y127.695 E1059.72347
G1 X170.543 Y127.65 E1059.74063
G1 F419.3 X170.884 Y127.695 E1059.75782
G1 F418.6 X171.191 Y127.823 E1059.77447
G1 X171.457 Y128.029 E1059.79131
G1 F420 X171.663 Y128.298 E1059.80822
G1 F421.4 X171.797 Y128.62 E1059.82556
G1 F422.1 X171.841 Y128.961 E1059.84263
G1 F422.8 X171.797 Y129.302 E1059.85966
G1 X171.663 Y129.625 E1059.87699
G1 F421.4 X171.457 Y129.894 E1059.89384
G1 F419.3 X171.191 Y130.1 E1059.91065
G1 F418.6 X170.884 Y130.228 E1059.9273
G1 X170.543 Y130.273 E1059.94452
G1 F419.3 X170.202 Y130.228 E1059.96171
G1 F420 X169.895 Y130.1 E1059.9783
G1 X169.629 Y129.894 E1059.99509
G1 F420.7 X169.422 Y129.624 E1060.01203
G1 F422.1 X169.288 Y129.302 E1060.02935
G1 F422.8 X169.245 Y128.961 E1060.04638
M204 S1000
G1 F1500 E1059.04638
;MESH:NONMESH
G0 F600 X169.245 Y128.961 Z16.4
G0 F9000 X63.789 Y132.129
;TIME_ELAPSED:8182.942232
;LAYER:81
M204 S2000
;TYPE:WALL-OUTER
;MESH:Bottom_Standoffs.stl
G1 F1500 E1060.04638
G1 F422.1 X63.922 Y131.807 E1060.06368
G1 F420.7 X64.128 Y131.538 E1060.08055
G1 F420 X64.394 Y131.332 E1060.09734
G1 F419.3 X64.705 Y131.201 E1060.1142
G1 X65.043 Y131.157 E1060.13123
G1 F420 X65.381 Y131.201 E1060.14824
G1 X65.692 Y131.332 E1060.16507
G1 F420.7 X65.958 Y131.537 E1060.1818
G1 F421.4 X66.163 Y131.806 E1060.19862
G1 X66.297 Y132.128 E1060.21596
G1 F422.1 X66.341 Y132.469 E1060.23303
G1 F422.8 X66.297 Y132.81 E1060.25007
G1 X66.163 Y133.133 E1060.2674
G1 F421.4 X65.957 Y133.402 E1060.28425
G1 F419.3 X65.691 Y133.608 E1060.30106
G1 F418.6 X65.384 Y133.736 E1060.31771
G1 X65.043 Y133.781 E1060.33492
G1 F419.3 X64.702 Y133.736 E1060.35211
G1 F420 X64.395 Y133.608 E1060.36871
G1 X64.129 Y133.402 E1060.38549
G1 F420.7 X63.922 Y133.132 E1060.40244
G1 F422.1 X63.788 Y132.81 E1060.41975
G1 F422.8 X63.745 Y132.469 E1060.43678
G1 X63.789 Y132.129 E1060.45377
M204 S1000
G1 F1500 E1059.45377
G0 F9000 X99.288 Y153.352
M204 S2000
G1 F1500 E1060.45377
G1 F422.1 X99.422 Y153.03 E1060.47109
G1 F420.7 X99.628 Y152.761 E1060.48796
G1 F420 X99.894 Y152.555 E1060.50475
G1 F419.3 X100.205 Y152.424 E1060.52161
G1 X100.543 Y152.38 E1060.53865
G1 F420 X100.881 Y152.424 E1060.55565
G1 X101.192 Y152.555 E1060.57249
G1 F420.7 X101.458 Y152.76 E1060.58921
G1 F421.4 X101.663 Y153.029 E1060.60603
G1 X101.797 Y153.351 E1060.62337
G1 F422.1 X101.841 Y153.692 E1060.64044
G1 F422.8 X101.797 Y154.032 E1060.65743
G1 F422.1 X101.664 Y154.352 E1060.67463
G1 F420 X101.454 Y154.627 E1060.6919
G1 F418.6 X101.191 Y154.831 E1060.70856
G1 X100.884 Y154.959 E1060.72521
G1 X100.543 Y155.004 E1060.74242
G1 X100.203 Y154.959 E1060.75959
G1 F419.3 X99.897 Y154.831 E1060.77617
G1 X99.629 Y154.624 E1060.79309
G1 F420 X99.421 Y154.352 E1060.81017
G1 F422.1 X99.288 Y154.032 E1060.82738
G1 F422.8 X99.245 Y153.692 E1060.84436
G1 X99.288 Y153.352 E1060.86134
M204 S1000
G1 F1500 E1059.86134
G0 F9000 X169.245 Y128.932
M204 S2000
G1 F1500 E1060.86134
G1 F422.8 X169.289 Y128.592 E1060.87833
G1 F422.1 X169.422 Y128.27 E1060.89563
G1 F420.7 X169.629 Y128 E1060.91257
G1 F419.3 X169.895 Y127.794 E1060.92939
G1 X170.202 Y127.666 E1060.94601
G1 F420 X170.543 Y127.621 E1060.96317
G1 F419.3 X170.884 Y127.666 E1060.98036
G1 F418.6 X171.191 Y127.794 E1060.99701
G1 X171.457 Y128 E1061.01385
G1 F420 X171.663 Y128.269 E1061.03075
G1 F421.4 X171.797 Y128.591 E1061.04809
G1 F422.1 X171.841 Y128.932 E1061.06516
G1 F422.8 X171.797 Y129.273 E1061.0822
G1 F422.1 X171.663 Y129.594 E1061.09947
G1 F420.7 X171.458 Y129.864 E1061.11635
G1 F420 X171.192 Y130.07 E1061.13314
G1 X170.881 Y130.2 E1061.14995
G1 F419.3 X170.543 Y130.244 E1061.16699
G1 X170.205 Y130.2 E1061.18402
G1 F420 X169.893 Y130.07 E1061.20088
G1 F419.3 X169.627 Y129.864 E1061.2177
G1 F420 X169.422 Y129.594 E1061.23461
G1 F422.1 X169.288 Y129.273 E1061.25188
G1 F422.8 X169.245 Y128.932 E1061.26891
M204 S1000
G1 F1500 E1060.26891
;MESH:NONMESH
G0 F600 X169.245 Y128.932 Z16.6
G0 F9000 X63.789 Y132.099
;TIME_ELAPSED:8188.729610
;LAYER:82
M204 S2000
;TYPE:WALL-OUTER
;MESH:Bottom_Standoffs.stl
G1 F1500 E1061.26891
G1 F422.1 X63.922 Y131.778 E1061.28616
G1 F420.7 X64.128 Y131.509 E1061.30303
G1 F420 X64.394 Y131.303 E1061.31982
G1 F419.3 X64.705 Y131.172 E1061.33668
G1 X65.043 Y131.128 E1061.35372
G1 F420 X65.381 Y131.172 E1061.37072
G1 X65.692 Y131.303 E1061.38756
G1 X65.957 Y131.508 E1061.40427
G1 F421.4 X66.164 Y131.778 E1061.42119
G1 F422.1 X66.297 Y132.099 E1061.43844
G1 X66.341 Y132.44 E1061.45551
G1 F422.8 X66.297 Y132.781 E1061.47255
G1 F422.1 X66.163 Y133.103 E1061.48986
G1 F421.4 X65.96 Y133.37 E1061.50654
G1 F420 X65.689 Y133.578 E1061.52358
G1 F418.6 X65.38 Y133.708 E1061.54036
G1 X65.043 Y133.752 E1061.55737
G1 X64.704 Y133.708 E1061.57448
G1 X64.396 Y133.579 E1061.5912
G1 F419.3 X64.127 Y133.37 E1061.60822
G1 F420.7 X63.922 Y133.103 E1061.62499
G1 F422.1 X63.788 Y132.781 E1061.6423
G1 F422.8 X63.745 Y132.44 E1061.65934
G1 X63.789 Y132.099 E1061.67637
M204 S1000
G1 F1500 E1060.67637
G0 F9000 X99.288 Y153.323
M204 S2000
G1 F1500 E1061.67637
G1 F421.4 X99.422 Y153 E1061.69376
G1 F420 X99.628 Y152.732 E1061.71063
G1 F419.3 X99.894 Y152.526 E1061.72744
G1 F418.6 X100.204 Y152.395 E1061.74429
G1 F419.3 X100.543 Y152.351 E1061.76137
G1 F420 X100.882 Y152.395 E1061.77842
G1 X101.192 Y152.525 E1061.79519
G1 F419.3 X101.457 Y152.731 E1061.81197
G1 F420 X101.663 Y153 E1061.82887
G1 F421.4 X101.797 Y153.322 E1061.84621
G1 F422.1 X101.841 Y153.663 E1061.86328
G1 F422.8 X101.797 Y154.004 E1061.88032
G1 F422.1 X101.663 Y154.326 E1061.89763
G1 F420.7 X101.457 Y154.595 E1061.91451
G1 F420 X101.192 Y154.801 E1061.93126
G1 X100.882 Y154.931 E1061.94803
G1 F419.3 X100.543 Y154.975 E1061.96511
G1 F418.6 X100.204 Y154.931 E1061.98222
G1 X99.894 Y154.801 E1061.99905
G1 F419.3 X99.628 Y154.594 E1062.01589
G1 F420.7 X99.423 Y154.326 E1062.0327
G1 F422.1 X99.288 Y154.003 E1062.05007
G1 F422.8 X99.245 Y153.663 E1062.06706
G1 X99.288 Y153.323 E1062.08404
M204 S1000
G1 F1500 E1061.08404
G0 F9000 X169.245 Y128.903
M204 S2000
G1 F1500 E1062.08404
G1 F422.8 X169.289 Y128.562 E1062.10108
G1 F422.1 X169.421 Y128.242 E1062.11827
G1 F420.7 X169.627 Y127.973 E1062.13514
G1 F419.3 X169.896 Y127.764 E1062.15216
G1 F418.6 X170.204 Y127.635 E1062.16888
G1 F419.3 X170.543 Y127.591 E1062.18596
G1 F420 X170.88 Y127.635 E1062.20292
G1 X171.189 Y127.765 E1062.21964
G1 F419.3 X171.459 Y127.973 E1062.23667
G1 F420 X171.664 Y128.242 E1062.25355
G1 F422.1 X171.797 Y128.561 E1062.2707
G1 F422.8 X171.841 Y128.903 E1062.28779
G1 X171.797 Y129.244 E1062.30483
G1 F422.1 X171.663 Y129.565 E1062.3221
G1 F420.7 X171.457 Y129.835 E1062.33901
G1 F419.3 X171.192 Y130.04 E1062.35576
G1 X170.881 Y130.171 E1062.37262
G1 X170.543 Y130.215 E1062.38966
G1 X170.205 Y130.171 E1062.40669
G1 X169.894 Y130.04 E1062.42355
G1 X169.628 Y129.834 E1062.44037
G1 F420.7 X169.422 Y129.565 E1062.45724
G1 F422.1 X169.288 Y129.244 E1062.47451
G1 F422.8 X169.245 Y128.903 E1062.49154
M204 S1000
G1 F1500 E1061.49154
;MESH:NONMESH
G0 F600 X169.245 Y128.903 Z16.8
G0 F9000 X63.788 Y132.07
;TIME_ELAPSED:8194.517289
;LAYER:83
M204 S2000
;TYPE:WALL-OUTER
;MESH:Bottom_Standoffs.stl
G1 F1500 E1062.49154
G1 F422.1 X63.922 Y131.748 E1062.50886
G1 F420.7 X64.128 Y131.48 E1062.52569
G1 F419.3 X64.394 Y131.274 E1062.5425
G1 F418.6 X64.704 Y131.143 E1062.55935
G1 F419.3 X65.043 Y131.099 E1062.57643
G1 F420 X65.382 Y131.143 E1062.59349
G1 X65.692 Y131.273 E1062.61026
G1 X65.957 Y131.479 E1062.627
G1 F420.7 X66.163 Y131.749 E1062.64392
G1 F421.4 X66.297 Y132.07 E1062.66122
G1 F422.1 X66.341 Y132.41 E1062.67823
G1 F423.5 X66.297 Y132.753 E1062.69534
G1 F422.8 X66.164 Y133.072 E1062.71247
G1 F420.7 X65.959 Y133.341 E1062.72932
G1 F419.3 X65.689 Y133.549 E1062.74635
G1 F418.6 X65.38 Y133.679 E1062.76313
G1 X65.043 Y133.723 E1062.78014
G1 X64.704 Y133.679 E1062.79725
G1 X64.396 Y133.55 E1062.81397
G1 F419.3 X64.127 Y133.341 E1062.83099
G1 F420.7 X63.921 Y133.072 E1062.84787
G1 F422.1 X63.789 Y132.752 E1062.86505
G1 F422.8 X63.745 Y132.41 E1062.88214
G1 X63.788 Y132.07 E1062.89912
M204 S1000
G1 F1500 E1061.89912
G0 F9000 X99.288 Y153.293
M204 S2000
G1 F1500 E1062.89912
G1 F421.4 X99.422 Y152.971 E1062.91646
G1 F419.3 X99.629 Y152.701 E1062.93347
G1 F417.9 X99.895 Y152.495 E1062.95034
G1 X100.202 Y152.367 E1062.96701
G1 F419.3 X100.543 Y152.322 E1062.9842
G1 X100.884 Y152.367 E1063.00139
G1 F418.6 X101.191 Y152.495 E1063.01804
G1 X101.457 Y152.701 E1063.03488
G1 F420 X101.663 Y152.97 E1063.05178
G1 F421.4 X101.797 Y153.292 E1063.06913
G1 F422.1 X101.841 Y153.633 E1063.08619
G1 F422.8 X101.797 Y153.974 E1063.10323
G1 X101.663 Y154.297 E1063.12056
G1 F422.1 X101.458 Y154.566 E1063.13735
G1 F420 X101.192 Y154.771 E1063.15411
G1 F417.9 X100.88 Y154.901 E1063.17105
G1 F417.2 X100.543 Y154.945 E1063.18812
G1 F417.9 X100.206 Y154.901 E1063.20516
G1 F419.3 X99.894 Y154.771 E1063.22205
G1 F420 X99.628 Y154.565 E1063.23884
G1 F420.7 X99.422 Y154.296 E1063.25572
G1 F422.1 X99.288 Y153.974 E1063.27303
G1 F422.8 X99.245 Y153.633 E1063.29006
G1 X99.288 Y153.293 E1063.30705
M204 S1000
G1 F1500 E1062.30705
G0 F9000 X169.245 Y128.874
M204 S2000
G1 F1500 E1063.30705
G1 F422.8 X169.288 Y128.533 E1063.32408
G1 F422.1 X169.422 Y128.211 E1063.34139
G1 F420.7 X169.627 Y127.944 E1063.35816
G1 F419.3 X169.896 Y127.735 E1063.37518
G1 F418.6 X170.204 Y127.606 E1063.3919
G1 F419.3 X170.543 Y127.562 E1063.40898
G1 F420 X170.88 Y127.606 E1063.42593
G1 X171.189 Y127.736 E1063.44266
G1 X171.46 Y127.944 E1063.4597
G1 F420.7 X171.663 Y128.211 E1063.47641
G1 F421.4 X171.797 Y128.533 E1063.49375
G1 F422.1 X171.841 Y128.874 E1063.51082
G1 F422.8 X171.797 Y129.215 E1063.52786
G1 X171.664 Y129.536 E1063.54508
G1 F421.4 X171.457 Y129.806 E1063.56199
G1 F419.3 X171.192 Y130.011 E1063.57874
G1 X170.881 Y130.142 E1063.5956
G1 X170.543 Y130.186 E1063.61263
G1 F418.6 X170.205 Y130.142 E1063.6297
G1 F419.3 X169.894 Y130.011 E1063.64656
G1 F420 X169.628 Y129.805 E1063.66335
G1 F420.7 X169.422 Y129.536 E1063.68022
G1 F422.1 X169.289 Y129.215 E1063.69747
G1 F422.8 X169.245 Y128.874 E1063.71451
M204 S1000
G1 F1500 E1062.71451
;MESH:NONMESH
G0 F600 X169.245 Y128.874 Z17
G0 F9000 X63.788 Y132.041
;TIME_ELAPSED:8200.305929
;LAYER:84
M204 S2000
;TYPE:WALL-OUTER
;MESH:Bottom_Standoffs.stl
G1 F1500 E1063.71451
G1 F422.1 X63.922 Y131.719 E1063.73182
G1 F420.7 X64.128 Y131.45 E1063.7487
G1 F420 X64.394 Y131.244 E1063.76548
G1 X64.704 Y131.114 E1063.78225
G1 X65.043 Y131.07 E1063.79931
G1 X65.382 Y131.114 E1063.81636
G1 X65.692 Y131.244 E1063.83313
G1 X65.957 Y131.45 E1063.84988
G1 F420.7 X66.163 Y131.72 E1063.86679
G1 F421.4 X66.297 Y132.041 E1063.88409
G1 F422.1 X66.341 Y132.381 E1063.90111
G1 F422.8 X66.297 Y132.722 E1063.91815
G1 X66.163 Y133.045 E1063.93548
G1 F421.4 X65.957 Y133.314 E1063.95233
G1 F419.3 X65.691 Y133.52 E1063.96914
G1 X65.383 Y133.649 E1063.98583
G1 X65.043 Y133.694 E1064.00297
G1 X64.703 Y133.649 E1064.0201
G1 X64.395 Y133.52 E1064.03679
G1 X64.128 Y133.313 E1064.05367
G1 F420.7 X63.922 Y133.044 E1064.07055
G1 F422.1 X63.789 Y132.722 E1064.08784
G1 F422.8 X63.745 Y132.381 E1064.10488
G1 X63.788 Y132.041 E1064.12187
M204 S1000
G1 F1500 E1063.12187
G0 F9000 X99.288 Y153.264
M204 S2000
G1 F1500 E1064.12187
G1 F422.1 X99.422 Y152.942 E1064.13918
G1 F419.3 X99.628 Y152.673 E1064.15611
G1 F417.9 X99.894 Y152.467 E1064.17298
G1 F418.6 X100.206 Y152.337 E1064.1899
G1 F419.3 X100.543 Y152.292 E1064.20689
G1 X100.88 Y152.337 E1064.22388
G1 F418.6 X101.192 Y152.468 E1064.24082
G1 X101.457 Y152.673 E1064.25759
G1 F420 X101.663 Y152.941 E1064.27445
G1 F421.4 X101.797 Y153.263 E1064.2918
G1 F422.1 X101.841 Y153.604 E1064.30886
G1 F422.8 X101.797 Y153.945 E1064.3259
G1 X101.663 Y154.268 E1064.34323
G1 F422.1 X101.458 Y154.537 E1064.36002
G1 F420 X101.192 Y154.742 E1064.37678
G1 F417.9 X100.88 Y154.872 E1064.39372
G1 F417.2 X100.543 Y154.916 E1064.41079
G1 F417.9 X100.206 Y154.872 E1064.42783
G1 F419.3 X99.894 Y154.742 E1064.44472
G1 F420 X99.628 Y154.536 E1064.46151
G1 X99.422 Y154.267 E1064.47841
G1 F421.4 X99.288 Y153.945 E1064.49576
G1 F422.8 X99.245 Y153.604 E1064.51279
G1 X99.288 Y153.264 E1064.52977
M204 S1000
G1 F1500 E1063.52977
G0 F9000 X169.245 Y128.844
M204 S2000
G1 F1500 E1064.52977
G1 F422.8 X169.288 Y128.504 E1064.54676
G1 F422.1 X169.422 Y128.182 E1064.56407
G1 F420.7 X169.629 Y127.912 E1064.58101
G1 F420 X169.895 Y127.706 E1064.5978
G1 X170.202 Y127.578 E1064.61439
G1 X170.543 Y127.533 E1064.63155
G1 F419.3 X170.884 Y127.578 E1064.64874
G1 F418.6 X171.191 Y127.706 E1064.66539
G1 X171.457 Y127.912 E1064.68223
G1 F420 X171.663 Y128.181 E1064.69914
G1 F421.4 X171.797 Y128.503 E1064.71648
G1 F422.1 X171.841 Y128.844 E1064.73355
G1 F422.8 X171.797 Y129.185 E1064.75059
G1 X171.663 Y129.508 E1064.76792
G1 F421.4 X171.457 Y129.777 E1064.78476
G1 F419.3 X171.191 Y129.983 E1064.80158
G1 X170.883 Y130.112 E1064.81826
G1 X170.543 Y130.157 E1064.8354
G1 X170.203 Y130.112 E1064.85254
G1 X169.895 Y129.983 E1064.86923
G1 X169.628 Y129.776 E1064.88611
G1 F420.7 X169.422 Y129.507 E1064.90299
G1 F422.1 X169.289 Y129.185 E1064.92028
G1 F422.8 X169.245 Y128.844 E1064.93732
M204 S1000
G1 F1500 E1063.93732
;MESH:NONMESH
G0 F600 X169.245 Y128.844 Z17.2
G0 F9000 X63.788 Y132.012
;TIME_ELAPSED:8206.094131
;LAYER:85
M204 S2000
;TYPE:WALL-OUTER
;MESH:Bottom_Standoffs.stl
G1 F1500 E1064.93732
G1 F422.1 X63.922 Y131.69 E1064.95463
G1 F420.7 X64.129 Y131.42 E1064.97158
G1 F420 X64.395 Y131.214 E1064.98837
G1 X64.702 Y131.086 E1065.00496
G1 X65.043 Y131.041 E1065.02212
G1 F419.3 X65.384 Y131.086 E1065.03931
G1 F418.6 X65.691 Y131.214 E1065.05596
G1 X65.957 Y131.42 E1065.0728
G1 F420 X66.163 Y131.689 E1065.0897
G1 F421.4 X66.297 Y132.011 E1065.10704
G1 F422.1 X66.341 Y132.352 E1065.12411
G1 F422.8 X66.297 Y132.693 E1065.14115
G1 X66.163 Y133.016 E1065.15848
G1 F421.4 X65.957 Y133.285 E1065.17533
G1 F419.3 X65.691 Y133.491 E1065.19214
G1 F418.6 X65.384 Y133.619 E1065.20879
G1 X65.043 Y133.664 E1065.22601
G1 F419.3 X64.702 Y133.619 E1065.2432
G1 F420 X64.395 Y133.491 E1065.25979
G1 X64.129 Y133.285 E1065.27658
G1 F420.7 X63.922 Y133.015 E1065.29352
G1 F422.1 X63.788 Y132.693 E1065.31083
G1 F422.8 X63.745 Y132.352 E1065.32787
G1 X63.788 Y132.012 E1065.34485
M204 S1000
G1 F1500 E1064.34485
G0 F9000 X99.288 Y153.235
M204 S2000
G1 F1500 E1065.34485
G1 F422.1 X99.422 Y152.913 E1065.36216
G1 F420.7 X99.628 Y152.644 E1065.37904
G1 F420 X99.894 Y152.438 E1065.39583
G1 F419.3 X100.205 Y152.307 E1065.41269
G1 X100.543 Y152.263 E1065.42972
G1 F420 X100.881 Y152.307 E1065.44673
G1 X101.192 Y152.438 E1065.46356
G1 F420.7 X101.458 Y152.643 E1065.48029
G1 F421.4 X101.663 Y152.912 E1065.49711
G1 X101.797 Y153.234 E1065.51445
G1 F422.1 X101.841 Y153.575 E1065.53152
G1 F422.8 X101.797 Y153.916 E1065.54856
G1 F422.1 X101.662 Y154.238 E1065.56589
G1 F421.4 X101.458 Y154.508 E1065.58272
G1 F420 X101.191 Y154.714 E1065.59954
G1 F417.9 X100.883 Y154.841 E1065.61625
G1 F418.6 X100.543 Y154.889 E1065.63343
G1 F419.3 X100.203 Y154.841 E1065.65059
G1 F418.6 X99.895 Y154.714 E1065.66727
G1 F419.3 X99.628 Y154.507 E1065.68415
G1 F420.7 X99.422 Y154.238 E1065.70103
G1 F422.1 X99.288 Y153.916 E1065.71834
G1 F422.8 X99.245 Y153.575 E1065.73537
G1 X99.288 Y153.235 E1065.75236
M204 S1000
G1 F1500 E1064.75236
G0 F9000 X169.245 Y128.815
M204 S2000
G1 F1500 E1065.75236
G1 F422.8 X169.288 Y128.475 E1065.76934
G1 F422.1 X169.422 Y128.153 E1065.78665
G1 F420.7 X169.629 Y127.883 E1065.8036
G1 F420 X169.895 Y127.677 E1065.82039
G1 X170.202 Y127.549 E1065.83698
G1 X170.543 Y127.504 E1065.85414
G1 F419.3 X170.884 Y127.549 E1065.87133
G1 F418.6 X171.191 Y127.677 E1065.88798
G1 X171.457 Y127.883 E1065.90482
G1 F420 X171.663 Y128.152 E1065.92172
G1 F421.4 X171.797 Y128.474 E1065.93906
G1 F422.1 X171.841 Y128.815 E1065.95613
G1 F422.8 X171.797 Y129.156 E1065.97317
G1 F422.1 X171.663 Y129.477 E1065.99044
G1 F420.7 X171.457 Y129.747 E1066.00735
G1 F420 X171.192 Y129.953 E1066.0241
G1 X170.882 Y130.083 E1066.04087
G1 F419.3 X170.543 Y130.127 E1066.05795
G1 X170.204 Y130.083 E1066.07504
G1 F420 X169.894 Y129.953 E1066.09181
G1 X169.628 Y129.747 E1066.10859
G1 F420.7 X169.422 Y129.478 E1066.12547
G1 F422.1 X169.288 Y129.156 E1066.14278
G1 F422.8 X169.245 Y128.815 E1066.15981
M204 S1000
G1 F1500 E1065.15981
;MESH:NONMESH
G0 F600 X169.245 Y128.815 Z17.4
G0 F9000 X63.789 Y131.983
;TIME_ELAPSED:8211.881410
;LAYER:86
M204 S2000
;TYPE:WALL-OUTER
;MESH:Bottom_Standoffs.stl
G1 F1500 E1066.15981
G1 F422.1 X63.922 Y131.661 E1066.17711
G1 F420.7 X64.128 Y131.392 E1066.19398
G1 F420 X64.394 Y131.186 E1066.21077
G1 F419.3 X64.705 Y131.055 E1066.22763
G1 X65.043 Y131.011 E1066.24467
G1 F420 X65.381 Y131.055 E1066.26167
G1 X65.692 Y131.186 E1066.27851
G1 F420.7 X65.958 Y131.391 E1066.29523
G1 F421.4 X66.163 Y131.66 E1066.31205
G1 X66.297 Y131.982 E1066.32939
G1 F422.1 X66.341 Y132.323 E1066.34646
G1 F422.8 X66.297 Y132.664 E1066.3635
G1 X66.163 Y132.987 E1066.38083
G1 F421.4 X65.957 Y133.256 E1066.39768
G1 F419.3 X65.691 Y133.462 E1066.41449
G1 F418.6 X65.384 Y133.59 E1066.43114
G1 X65.043 Y133.635 E1066.44836
G1 F419.3 X64.702 Y133.59 E1066.46555
G1 F420 X64.395 Y133.462 E1066.48214
G1 X64.129 Y133.256 E1066.49893
G1 F420.7 X63.922 Y132.986 E1066.51587
G1 F422.1 X63.788 Y132.664 E1066.53318
G1 F422.8 X63.745 Y132.323 E1066.55022
G1 X63.789 Y131.983 E1066.56721
M204 S1000
G1 F1500 E1065.56721
G0 F9000 X99.288 Y153.206
M204 S2000
G1 F1500 E1066.56721
G1 F422.1 X99.422 Y152.884 E1066.58452
G1 F420.7 X99.628 Y152.615 E1066.6014
G1 F420 X99.894 Y152.409 E1066.61818
G1 F419.3 X100.205 Y152.278 E1066.63505
G1 X100.543 Y152.234 E1066.65208
G1 F420 X100.881 Y152.278 E1066.66908
G1 X101.192 Y152.409 E1066.68592
G1 F420.7 X101.458 Y152.614 E1066.70265
G1 F421.4 X101.663 Y152.883 E1066.71946
G1 X101.797 Y153.205 E1066.73681
G1 F422.1 X101.841 Y153.546 E1066.75387
G1 F422.8 X101.797 Y153.887 E1066.77091
G1 F422.1 X101.663 Y154.208 E1066.78818
G1 F420.7 X101.457 Y154.478 E1066.8051
G1 F420 X101.192 Y154.684 E1066.82184
G1 F418.6 X100.881 Y154.813 E1066.8387
G1 F417.9 X100.543 Y154.859 E1066.8558
G1 F418.6 X100.204 Y154.813 E1066.87292
G1 X99.894 Y154.684 E1066.88973
G1 F419.3 X99.628 Y154.478 E1066.90654
G1 F420 X99.422 Y154.209 E1066.92345
G1 F421.4 X99.288 Y153.887 E1066.94079
G1 F422.8 X99.245 Y153.546 E1066.95782
G1 X99.288 Y153.206 E1066.97481
M204 S1000
G1 F1500 E1065.97481
G0 F9000 X169.245 Y128.786
M204 S2000
G1 F1500 E1066.97481
G1 F422.8 X169.289 Y128.445 E1066.99185
G1 F422.1 X169.421 Y128.124 E1067.00907
G1 F420 X169.625 Y127.857 E1067.02584
G1 F418.6 X169.897 Y127.647 E1067.04304
G1 X170.203 Y127.519 E1067.05964
G1 F419.3 X170.543 Y127.475 E1067.07678
G1 X170.884 Y127.52 E1067.09396
G1 F418.6 X171.191 Y127.648 E1067.11061
G1 X171.457 Y127.854 E1067.12745
G1 F420 X171.664 Y128.125 E1067.14447
G1 F422.1 X171.797 Y128.444 E1067.16162
G1 F422.8 X171.841 Y128.786 E1067.17871
G1 X171.797 Y129.127 E1067.19575
G1 F422.1 X171.663 Y129.448 E1067.21302
G1 F420.7 X171.458 Y129.718 E1067.2299
G1 F420 X171.192 Y129.924 E1067.24669
G1 X170.881 Y130.054 E1067.26351
G1 F419.3 X170.543 Y130.098 E1067.28054
G1 X170.205 Y130.054 E1067.29757
G1 F420 X169.893 Y129.924 E1067.31444
G1 F419.3 X169.627 Y129.718 E1067.33125
G1 F420 X169.422 Y129.448 E1067.34816
G1 F422.1 X169.288 Y129.127 E1067.36543
G1 F422.8 X169.245 Y128.786 E1067.38246
M204 S1000
G1 F1500 E1066.38246
;MESH:NONMESH
G0 F600 X169.245 Y128.786 Z17.6
G0 F9000 X63.788 Y131.953
;TIME_ELAPSED:8217.669137
;LAYER:87
M204 S2000
;TYPE:WALL-OUTER
;MESH:Bottom_Standoffs.stl
G1 F1500 E1067.38246
G1 F422.8 X63.922 Y131.632 E1067.3997
G1 F421.4 X64.128 Y131.363 E1067.41655
G1 F420 X64.394 Y131.157 E1067.43333
G1 F419.3 X64.705 Y131.026 E1067.4502
G1 X65.043 Y130.982 E1067.46723
G1 F420 X65.381 Y131.026 E1067.48424
G1 X65.692 Y131.157 E1067.50107
G1 X65.957 Y131.362 E1067.51779
G1 F421.4 X66.164 Y131.632 E1067.5347
G1 F422.1 X66.297 Y131.953 E1067.55195
G1 X66.341 Y132.294 E1067.56902
G1 F422.8 X66.297 Y132.635 E1067.58606
G1 F422.1 X66.163 Y132.957 E1067.60337
G1 F421.4 X65.96 Y133.224 E1067.62005
G1 F420 X65.689 Y133.432 E1067.63709
G1 F418.6 X65.38 Y133.562 E1067.65388
G1 X65.043 Y133.606 E1067.67089
G1 X64.704 Y133.562 E1067.688
G1 X64.396 Y133.433 E1067.70471
G1 F419.3 X64.127 Y133.224 E1067.72174
G1 F420.7 X63.922 Y132.957 E1067.7385
G1 F422.1 X63.788 Y132.635 E1067.75582
G1 F422.8 X63.745 Y132.294 E1067.77285
G1 X63.788 Y131.953 E1067.78988
M204 S1000
G1 F1500 E1066.78988
G0 F9000 X99.288 Y153.176
M204 S2000
G1 F1500 E1067.78988
G1 F422.1 X99.42 Y152.858 E1067.80697
G1 F420 X99.63 Y152.583 E1067.82424
G1 F417.9 X99.895 Y152.378 E1067.84104
G1 X100.202 Y152.25 E1067.85771
G1 F419.3 X100.543 Y152.205 E1067.8749
G1 X100.884 Y152.25 E1067.89209
G1 F418.6 X101.191 Y152.378 E1067.90874
G1 F419.3 X101.455 Y152.582 E1067.92541
G1 F420.7 X101.665 Y152.858 E1067.94269
G1 F422.1 X101.797 Y153.175 E1067.95973
G1 F422.8 X101.841 Y153.517 E1067.97682
G1 X101.797 Y153.858 E1067.99386
G1 F422.1 X101.663 Y154.18 E1068.01117
G1 F420.7 X101.457 Y154.449 E1068.02805
G1 F420 X101.192 Y154.655 E1068.04479
G1 X100.882 Y154.785 E1068.06156
G1 F419.3 X100.543 Y154.829 E1068.07865
G1 F418.6 X100.204 Y154.785 E1068.09576
G1 X99.894 Y154.655 E1068.11259
G1 F419.3 X99.628 Y154.448 E1068.12943
G1 F420.7 X99.423 Y154.18 E1068.14624
G1 F422.1 X99.288 Y153.857 E1068.16361
G1 F422.8 X99.245 Y153.517 E1068.1806
G1 X99.288 Y153.176 E1068.19763
M204 S1000
G1 F1500 E1067.19763
G0 F9000 X169.245 Y128.757
M204 S2000
G1 F1500 E1068.19763
G1 F422.8 X169.289 Y128.416 E1068.21467
G1 F422.1 X169.422 Y128.094 E1068.23196
G1 F420.7 X169.626 Y127.828 E1068.24866
G1 F419.3 X169.897 Y127.618 E1068.26579
G1 X170.203 Y127.491 E1068.28235
G1 F420 X170.543 Y127.445 E1068.29947
G1 F419.3 X170.883 Y127.491 E1068.31661
G1 F418.6 X171.189 Y127.618 E1068.3332
G1 F419.3 X171.459 Y127.827 E1068.35026
G1 F420.7 X171.663 Y128.093 E1068.36696
G1 F421.4 X171.797 Y128.416 E1068.38434
G1 F422.1 X171.841 Y128.757 E1068.40141
G1 F422.8 X171.797 Y129.098 E1068.41845
G1 F422.1 X171.663 Y129.419 E1068.43572
G1 F420.7 X171.457 Y129.689 E1068.45263
G1 F419.3 X171.192 Y129.894 E1068.46938
G1 X170.881 Y130.025 E1068.48624
G1 X170.543 Y130.069 E1068.50327
G1 X170.205 Y130.025 E1068.52031
G1 X169.894 Y129.894 E1068.53717
G1 X169.628 Y129.688 E1068.55398
G1 F420.7 X169.422 Y129.419 E1068.57086
G1 F422.1 X169.288 Y129.098 E1068.58813
G1 F422.8 X169.245 Y128.757 E1068.60516
M204 S1000
G1 F1500 E1067.60516
;MESH:NONMESH
G0 F600 X169.245 Y128.757 Z17.8
G0 F9000 X63.788 Y131.924
;TIME_ELAPSED:8223.457011
;LAYER:88
M204 S2000
;TYPE:WALL-OUTER
;MESH:Bottom_Standoffs.stl
G1 F1500 E1068.60516
G1 F422.1 X63.922 Y131.602 E1068.62247
G1 F420.7 X64.128 Y131.334 E1068.63931
G1 F419.3 X64.394 Y131.128 E1068.65612
G1 F418.6 X64.704 Y130.997 E1068.67297
G1 F419.3 X65.043 Y130.953 E1068.69005
G1 F420 X65.382 Y130.997 E1068.70711
G1 X65.692 Y131.127 E1068.72388
G1 X65.957 Y131.333 E1068.74062
G1 F420.7 X66.163 Y131.603 E1068.75754
G1 F421.4 X66.297 Y131.924 E1068.77483
G1 F422.1 X66.341 Y132.265 E1068.7919
G1 F422.8 X66.297 Y132.606 E1068.80894
G1 X66.163 Y132.929 E1068.82627
G1 F420.7 X65.959 Y133.195 E1068.84297
G1 F418.6 X65.689 Y133.404 E1068.86006
G1 X65.383 Y133.531 E1068.87664
G1 X65.043 Y133.577 E1068.89382
G1 F419.3 X64.703 Y133.531 E1068.91096
G1 X64.397 Y133.404 E1068.92752
G1 X64.126 Y133.194 E1068.94465
G1 F420.7 X63.922 Y132.928 E1068.96135
G1 F422.1 X63.789 Y132.606 E1068.97864
G1 F422.8 X63.745 Y132.265 E1068.99568
G1 X63.788 Y131.924 E1069.01272
M204 S1000
G1 F1500 E1068.01272
G0 F9000 X99.288 Y153.147
M204 S2000
G1 F1500 E1069.01272
G1 F422.1 X99.422 Y152.825 E1069.03003
G1 F420 X99.628 Y152.556 E1069.04693
G1 F418.6 X99.894 Y152.35 E1069.06377
G1 F417.9 X100.205 Y152.219 E1069.08069
G1 X100.543 Y152.176 E1069.09778
G1 F418.6 X100.881 Y152.219 E1069.11483
G1 X101.191 Y152.35 E1069.13168
G1 X101.457 Y152.556 E1069.14852
G1 F420 X101.663 Y152.824 E1069.16538
G1 F421.4 X101.797 Y153.146 E1069.18273
G1 F422.1 X101.841 Y153.487 E1069.19979
G1 F422.8 X101.797 Y153.828 E1069.21683
G1 X101.663 Y154.151 E1069.23416
G1 F422.1 X101.458 Y154.42 E1069.25095
G1 F420 X101.192 Y154.625 E1069.26771
G1 F419.3 X100.881 Y154.756 E1069.28457
G1 X100.543 Y154.8 E1069.3016
G1 F418.6 X100.205 Y154.756 E1069.31867
G1 F419.3 X99.894 Y154.625 E1069.33553
G1 F420 X99.628 Y154.419 E1069.35232
G1 F420.7 X99.422 Y154.15 E1069.36919
G1 F422.1 X99.288 Y153.828 E1069.3865
G1 F422.8 X99.245 Y153.487 E1069.40354
G1 X99.288 Y153.147 E1069.42052
M204 S1000
G1 F1500 E1068.42052
G0 F9000 X169.245 Y128.728
M204 S2000
G1 F1500 E1069.42052
G1 F422.8 X169.288 Y128.387 E1069.43755
G1 F422.1 X169.422 Y128.065 E1069.45487
G1 F420.7 X169.627 Y127.798 E1069.47163
G1 F419.3 X169.896 Y127.59 E1069.48863
G1 F418.6 X170.204 Y127.46 E1069.50536
G1 F419.3 X170.543 Y127.416 E1069.52244
G1 F420 X170.881 Y127.46 E1069.53945
G1 X171.189 Y127.59 E1069.55613
G1 X171.46 Y127.798 E1069.57317
G1 F420.7 X171.663 Y128.065 E1069.58988
G1 F421.4 X171.797 Y128.387 E1069.60722
G1 F422.1 X171.841 Y128.728 E1069.62429
G1 F422.8 X171.797 Y129.069 E1069.64133
G1 X171.664 Y129.39 E1069.65855
G1 F421.4 X171.457 Y129.66 E1069.67546
G1 F419.3 X171.192 Y129.865 E1069.69221
G1 X170.881 Y129.996 E1069.70907
G1 X170.543 Y130.04 E1069.7261
G1 F418.6 X170.205 Y129.996 E1069.74316
G1 F419.3 X169.894 Y129.865 E1069.76003
G1 F420 X169.628 Y129.659 E1069.77681
G1 F420.7 X169.422 Y129.39 E1069.79369
G1 F422.1 X169.289 Y129.069 E1069.81094
G1 F422.8 X169.245 Y128.728 E1069.82798
M204 S1000
G1 F1500 E1068.82798
;MESH:NONMESH
G0 F600 X169.245 Y128.728 Z18
G0 F9000 X63.788 Y131.895
;TIME_ELAPSED:8229.245222
;LAYER:89
M204 S2000
;TYPE:WALL-OUTER
;MESH:Bottom_Standoffs.stl
G1 F1500 E1069.82798
G1 F422.1 X63.922 Y131.573 E1069.84529
G1 F420.7 X64.128 Y131.304 E1069.86217
G1 F420 X64.394 Y131.098 E1069.87895
G1 X64.704 Y130.968 E1069.89572
G1 X65.043 Y130.924 E1069.91278
G1 X65.382 Y130.968 E1069.92983
G1 X65.692 Y131.098 E1069.9466
G1 X65.957 Y131.304 E1069.96335
G1 F420.7 X66.163 Y131.574 E1069.98026
G1 F421.4 X66.297 Y131.895 E1069.99756
G1 F422.1 X66.341 Y132.235 E1070.01458
G1 F422.8 X66.297 Y132.576 E1070.03162
G1 X66.163 Y132.899 E1070.04895
G1 F421.4 X65.957 Y133.168 E1070.06579
G1 F419.3 X65.691 Y133.374 E1070.08261
G1 F418.6 X65.384 Y133.502 E1070.09926
G1 X65.043 Y133.547 E1070.11647
G1 F419.3 X64.702 Y133.502 E1070.13366
G1 X64.395 Y133.374 E1070.15028
G1 X64.129 Y133.168 E1070.1671
G1 F420.7 X63.922 Y132.898 E1070.18404
G1 F422.1 X63.789 Y132.576 E1070.20134
G1 F422.8 X63.745 Y132.235 E1070.21838
G1 X63.788 Y131.895 E1070.23536
M204 S1000
G1 F1500 E1069.23536
G0 F9000 X99.288 Y153.118
M204 S2000
G1 F1500 E1070.23536
G1 F422.8 X99.245 Y153.458 E1070.25234
G1 X99.288 Y153.799 E1070.26938
G1 F421.4 X99.422 Y154.121 E1070.28672
G1 F420 X99.628 Y154.39 E1070.30362
G1 X99.894 Y154.596 E1070.32041
G1 F419.3 X100.206 Y154.726 E1070.3373
G1 F417.9 X100.543 Y154.77 E1070.35434
G1 F417.2 X100.88 Y154.726 E1070.37141
G1 F417.9 X101.192 Y154.596 E1070.38835
G1 F420 X101.458 Y154.391 E1070.40511
G1 F422.1 X101.663 Y154.122 E1070.4219
G1 F422.8 X101.797 Y153.799 E1070.43923
G1 X101.841 Y153.458 E1070.45627
G1 F422.1 X101.797 Y153.117 E1070.47334
G1 F421.4 X101.663 Y152.795 E1070.49068
G1 F420 X101.457 Y152.527 E1070.50754
G1 F418.6 X101.191 Y152.321 E1070.52438
G1 X100.881 Y152.19 E1070.54123
G1 X100.543 Y152.147 E1070.55828
G1 X100.205 Y152.19 E1070.57534
G1 X99.894 Y152.322 E1070.59225
G1 X99.628 Y152.527 E1070.60906
G1 F420 X99.422 Y152.796 E1070.62597
G1 F422.1 X99.288 Y153.118 E1070.64328
M204 S1000
G1 F1500 E1069.64328
G0 F9000 X169.245 Y128.698
M204 S2000
G1 F1500 E1070.64328
G1 F422.8 X169.288 Y128.358 E1070.66026
G1 F422.1 X169.422 Y128.036 E1070.67758
G1 F420.7 X169.629 Y127.766 E1070.69452
G1 F420 X169.895 Y127.56 E1070.71131
G1 X170.202 Y127.432 E1070.7279
G1 X170.543 Y127.387 E1070.74506
G1 F419.3 X170.884 Y127.432 E1070.76225
G1 F418.6 X171.191 Y127.56 E1070.7789
G1 X171.457 Y127.766 E1070.79574
G1 F420 X171.663 Y128.035 E1070.81264
G1 F421.4 X171.797 Y128.357 E1070.82999
G1 F422.1 X171.841 Y128.698 E1070.84705
G1 F422.8 X171.797 Y129.039 E1070.86409
G1 X171.663 Y129.362 E1070.88142
G1 F421.4 X171.457 Y129.631 E1070.89827
G1 F419.3 X171.191 Y129.837 E1070.91508
G1 X170.883 Y129.966 E1070.93177
G1 X170.543 Y130.011 E1070.94891
G1 X170.203 Y129.966 E1070.96605
G1 X169.895 Y129.837 E1070.98274
G1 X169.628 Y129.63 E1070.99962
G1 F420.7 X169.422 Y129.361 E1071.01649
G1 F422.1 X169.289 Y129.039 E1071.03379
G1 F422.8 X169.245 Y128.698 E1071.05083
M204 S1000
G1 F1500 E1070.05083
;MESH:NONMESH
G0 F600 X169.245 Y128.698 Z18.2
G0 F9000 X63.788 Y131.866
;TIME_ELAPSED:8235.033533
;LAYER:90
M204 S2000
;TYPE:WALL-OUTER
;MESH:Bottom_Standoffs.stl
G1 F1500 E1071.05083
G1 F422.1 X63.922 Y131.544 E1071.06814
G1 F420.7 X64.129 Y131.274 E1071.08509
G1 F420 X64.395 Y131.068 E1071.10187
G1 X64.702 Y130.94 E1071.11847
G1 X65.043 Y130.895 E1071.13563
G1 F419.3 X65.384 Y130.94 E1071.15281
G1 F418.6 X65.691 Y131.068 E1071.16946
G1 X65.957 Y131.274 E1071.1863
G1 F420 X66.163 Y131.543 E1071.20321
G1 F421.4 X66.297 Y131.865 E1071.22055
G1 F422.1 X66.341 Y132.206 E1071.23762
G1 F422.8 X66.297 Y132.547 E1071.25466
G1 X66.163 Y132.87 E1071.27199
G1 F421.4 X65.957 Y133.139 E1071.28883
G1 F419.3 X65.691 Y133.345 E1071.30565
G1 F418.6 X65.384 Y133.473 E1071.3223
G1 X65.043 Y133.518 E1071.33951
G1 F419.3 X64.702 Y133.473 E1071.3567
G1 F420 X64.395 Y133.345 E1071.3733
G1 X64.129 Y133.139 E1071.39008
G1 F420.7 X63.922 Y132.869 E1071.40703
G1 F422.1 X63.788 Y132.547 E1071.42434
G1 F422.8 X63.745 Y132.206 E1071.44137
G1 X63.788 Y131.866 E1071.45836
M204 S1000
G1 F1500 E1070.45836
G0 F9000 X99.288 Y153.089
M204 S2000
G1 F1500 E1071.45836
G1 F422.1 X99.422 Y152.767 E1071.47567
G1 F420.7 X99.628 Y152.498 E1071.49255
G1 F420 X99.894 Y152.292 E1071.50933
G1 F419.3 X100.205 Y152.161 E1071.5262
G1 X100.543 Y152.117 E1071.54323
G1 F420 X100.881 Y152.161 E1071.56023
G1 X101.192 Y152.292 E1071.57707
G1 F420.7 X101.458 Y152.497 E1071.5938
G1 F421.4 X101.663 Y152.766 E1071.61061
G1 X101.797 Y153.088 E1071.62796
G1 F422.1 X101.841 Y153.429 E1071.64502
G1 F422.8 X101.797 Y153.77 E1071.66206
G1 X101.663 Y154.093 E1071.67939
G1 F420.7 X101.457 Y154.361 E1071.69623
G1 F418.6 X101.191 Y154.568 E1071.7131
G1 X100.884 Y154.696 E1071.72975
G1 X100.543 Y154.741 E1071.74697
G1 X100.202 Y154.696 E1071.76419
G1 X99.895 Y154.568 E1071.78084
G1 X99.629 Y154.361 E1071.79771
G1 F419.3 X99.422 Y154.092 E1071.81467
G1 F421.4 X99.288 Y153.77 E1071.83201
G1 F422.8 X99.245 Y153.429 E1071.84904
G1 X99.288 Y153.089 E1071.86603
M204 S1000
G1 F1500 E1070.86603
G0 F9000 X169.245 Y128.669
M204 S2000
G1 F1500 E1071.86603
G1 F422.8 X169.288 Y128.329 E1071.88301
G1 F422.1 X169.422 Y128.007 E1071.90032
G1 F420.7 X169.629 Y127.737 E1071.91727
G1 F420 X169.895 Y127.531 E1071.93406
G1 X170.202 Y127.403 E1071.95065
G1 X170.543 Y127.358 E1071.96781
G1 F419.3 X170.884 Y127.403 E1071.985
G1 F418.6 X171.191 Y127.531 E1072.00165
G1 X171.457 Y127.737 E1072.01849
G1 F420 X171.663 Y128.006 E1072.03539
G1 F421.4 X171.797 Y128.328 E1072.05273
G1 F422.1 X171.841 Y128.669 E1072.0698
G1 F422.8 X171.797 Y129.01 E1072.08684
G1 F422.1 X171.663 Y129.331 E1072.10411
G1 F420.7 X171.457 Y129.601 E1072.12102
G1 F420 X171.192 Y129.807 E1072.13777
G1 X170.882 Y129.937 E1072.15454
G1 F419.3 X170.543 Y129.981 E1072.17162
G1 X170.204 Y129.937 E1072.18871
G1 F420 X169.894 Y129.807 E1072.20548
G1 X169.628 Y129.601 E1072.22226
G1 F420.7 X169.422 Y129.332 E1072.23914
G1 F422.1 X169.288 Y129.01 E1072.25645
G1 F422.8 X169.245 Y128.669 E1072.27348
M204 S1000
G1 F1500 E1071.27348
;MESH:NONMESH
G0 F600 X169.245 Y128.669 Z18.4
G0 F9000 X63.789 Y131.836
;TIME_ELAPSED:8240.821281
;LAYER:91
M204 S2000
;TYPE:WALL-OUTER
;MESH:Bottom_Standoffs.stl
G1 F1500 E1072.27348
G1 F422.1 X63.922 Y131.515 E1072.29073
G1 F420.7 X64.128 Y131.246 E1072.30761
G1 F420 X64.394 Y131.04 E1072.32439
G1 F419.3 X64.705 Y130.909 E1072.34126
G1 X65.043 Y130.865 E1072.35829
G1 F420 X65.381 Y130.909 E1072.3753
G1 X65.692 Y131.04 E1072.39213
G1 X65.957 Y131.245 E1072.40885
G1 F421.4 X66.164 Y131.515 E1072.42576
G1 F422.1 X66.297 Y131.836 E1072.44301
G1 X66.341 Y132.177 E1072.46008
G1 F422.8 X66.297 Y132.518 E1072.47712
G1 F422.1 X66.163 Y132.84 E1072.49443
G1 F421.4 X65.96 Y133.107 E1072.51111
G1 F420 X65.689 Y133.315 E1072.52815
G1 F418.6 X65.381 Y133.445 E1072.54489
G1 X65.043 Y133.489 E1072.56195
G1 X64.704 Y133.445 E1072.57906
G1 X64.396 Y133.315 E1072.5958
G1 F419.3 X64.127 Y133.107 E1072.61279
G1 F420.7 X63.922 Y132.84 E1072.62956
G1 F422.1 X63.788 Y132.518 E1072.64687
G1 F422.8 X63.745 Y132.177 E1072.6639
G1 X63.789 Y131.836 E1072.68094
M204 S1000
G1 F1500 E1071.68094
G0 F9000 X99.288 Y153.06
M204 S2000
G1 F1500 E1072.68094
G1 F422.1 X99.422 Y152.738 E1072.69825
G1 F420.7 X99.628 Y152.469 E1072.71513
G1 F419.3 X99.894 Y152.263 E1072.73194
G1 F418.6 X100.205 Y152.132 E1072.74883
G1 F419.3 X100.543 Y152.088 E1072.76587
G1 F420 X100.881 Y152.132 E1072.78287
G1 X101.192 Y152.263 E1072.79971
G1 F420.7 X101.458 Y152.468 E1072.81644
G1 F421.4 X101.663 Y152.737 E1072.83325
G1 X101.797 Y153.059 E1072.8506
G1 F422.1 X101.841 Y153.4 E1072.86766
G1 F422.8 X101.797 Y153.741 E1072.8847
G1 F422.1 X101.663 Y154.062 E1072.90197
G1 F420.7 X101.457 Y154.332 E1072.91888
G1 F420 X101.192 Y154.538 E1072.93563
G1 F419.3 X100.882 Y154.667 E1072.95241
G1 F418.6 X100.543 Y154.712 E1072.96953
G1 X100.204 Y154.667 E1072.98665
G1 X99.894 Y154.538 E1073.00345
G1 X99.628 Y154.331 E1073.02033
G1 F419.3 X99.422 Y154.063 E1073.03722
G1 F421.4 X99.288 Y153.741 E1073.05456
G1 F422.8 X99.245 Y153.4 E1073.07159
G1 X99.288 Y153.06 E1073.08858
M204 S1000
G1 F1500 E1072.08858
G0 F9000 X169.245 Y128.64
M204 S2000
G1 F1500 E1073.08858
G1 F422.8 X169.289 Y128.299 E1073.10562
G1 F422.1 X169.421 Y127.979 E1073.1228
G1 F420.7 X169.624 Y127.713 E1073.13946
G1 F421.4 X169.836 Y127.548 E1073.15282
G1 F497 X170.248 Y127.457 E1073.17061
G1 F604.3 X170.828 Y127.456 E1073.19072
G1 F498 X171.25 Y127.547 E1073.20888
G1 F421.4 X171.46 Y127.711 E1073.22213
G1 F420.7 X171.664 Y127.979 E1073.23891
G1 F422.1 X171.797 Y128.298 E1073.25607
G1 F422.8 X171.841 Y128.64 E1073.27315
G1 X171.797 Y128.981 E1073.29019
G1 F422.1 X171.663 Y129.302 E1073.30746
G1 F420.7 X171.458 Y129.572 E1073.32435
G1 F420 X171.192 Y129.778 E1073.34113
G1 X170.881 Y129.908 E1073.35795
G1 F419.3 X170.543 Y129.952 E1073.37498
G1 X170.205 Y129.908 E1073.39201
G1 F420 X169.893 Y129.778 E1073.40888
G1 F419.3 X169.627 Y129.572 E1073.42569
G1 F420 X169.422 Y129.302 E1073.4426
G1 F422.1 X169.288 Y128.981 E1073.45987
G1 F422.8 X169.245 Y128.64 E1073.4769
M204 S1000
G1 F1500 E1072.4769
;MESH:NONMESH
G0 F600 X169.245 Y128.64 Z18.6
G0 F9000 X63.788 Y131.807
;TIME_ELAPSED:8246.554459
;LAYER:92
M204 S2000
;TYPE:WALL-OUTER
;MESH:Bottom_Standoffs.stl
G1 F1500 E1073.4769
G1 F422.1 X63.922 Y131.486 E1073.49417
G1 F420.7 X64.128 Y131.217 E1073.51105
G1 F420 X64.394 Y131.011 E1073.52783
G1 F419.3 X64.705 Y130.88 E1073.5447
G1 X65.043 Y130.836 E1073.56173
G1 F420 X65.381 Y130.88 E1073.57873
G1 X65.692 Y131.011 E1073.59557
G1 X65.957 Y131.216 E1073.61229
G1 F420.7 X66.163 Y131.486 E1073.6292
G1 F421.4 X66.297 Y131.807 E1073.6465
G1 F422.1 X66.341 Y132.148 E1073.66356
G1 F422.8 X66.297 Y132.489 E1073.6806
G1 F422.1 X66.163 Y132.811 E1073.69792
G1 F421.4 X65.96 Y133.078 E1073.71459
G1 F420 X65.689 Y133.286 E1073.73164
G1 F418.6 X65.38 Y133.416 E1073.74842
G1 X65.043 Y133.46 E1073.76543
G1 X64.704 Y133.416 E1073.78254
G1 X64.396 Y133.287 E1073.79926
G1 F419.3 X64.127 Y133.078 E1073.81628
G1 F420.7 X63.922 Y132.811 E1073.83305
G1 F422.1 X63.788 Y132.489 E1073.85036
G1 F422.8 X63.745 Y132.148 E1073.86739
G1 X63.788 Y131.807 E1073.88443
M204 S1000
G1 F1500 E1072.88443
G0 F9000 X99.288 Y153.03
M204 S2000
G1 F1500 E1073.88443
G1 F421.4 X99.422 Y152.708 E1073.90177
G1 F419.3 X99.629 Y152.438 E1073.91877
G1 F417.9 X99.895 Y152.232 E1073.93564
G1 X100.202 Y152.104 E1073.95232
G1 F419.3 X100.543 Y152.059 E1073.96951
G1 X100.884 Y152.104 E1073.98669
G1 F418.6 X101.191 Y152.232 E1074.00334
G1 X101.457 Y152.438 E1074.02018
G1 F420 X101.663 Y152.707 E1074.03709
G1 F421.4 X101.797 Y153.029 E1074.05443
G1 F422.1 X101.841 Y153.37 E1074.0715
G1 F422.8 X101.797 Y153.711 E1074.08854
G1 X101.663 Y154.034 E1074.10587
G1 F422.1 X101.458 Y154.303 E1074.12266
G1 F420 X101.192 Y154.508 E1074.13941
G1 F419.3 X100.881 Y154.639 E1074.15628
G1 X100.543 Y154.683 E1074.17331
G1 F418.6 X100.205 Y154.639 E1074.19037
G1 F419.3 X99.894 Y154.508 E1074.20723
G1 F420 X99.628 Y154.302 E1074.22402
G1 F420.7 X99.422 Y154.033 E1074.2409
G1 F422.1 X99.288 Y153.711 E1074.25821
G1 F422.8 X99.245 Y153.37 E1074.27524
G1 X99.288 Y153.03 E1074.29223
M204 S1000
G1 F1500 E1073.29223
G0 F9000 X171.803 Y128.917
M204 S2000
G1 F1500 E1074.29223
G1 F425.7 X171.664 Y129.274 E1074.31108
G1 F422.8 X171.458 Y129.543 E1074.32787
G1 F420 X171.192 Y129.748 E1074.34463
G1 F419.3 X170.881 Y129.879 E1074.36149
G1 X170.543 Y129.923 E1074.37853
G1 F418.6 X170.205 Y129.879 E1074.39559
G1 X169.894 Y129.747 E1074.4125
G1 F419.3 X169.628 Y129.542 E1074.42928
G1 F421.4 X169.421 Y129.273 E1074.44616
G1 F423.5 X169.282 Y128.916 E1074.46511
M204 S1000
G1 F1500 E1073.46511
;MESH:NONMESH
G0 F600 X169.282 Y128.916 Z18.8
G0 F9000 X63.788 Y131.778
;TIME_ELAPSED:8251.686577
;LAYER:93
M204 S2000
;TYPE:WALL-OUTER
;MESH:Bottom_Standoffs.stl
G1 F1500 E1074.46511
G1 F422.1 X63.922 Y131.456 E1074.48243
G1 F420.7 X64.128 Y131.188 E1074.49926
G1 F419.3 X64.394 Y130.982 E1074.51608
G1 F418.6 X64.704 Y130.851 E1074.53292
G1 F419.3 X65.043 Y130.807 E1074.55001
G1 F420 X65.382 Y130.851 E1074.56706
G1 X65.692 Y130.981 E1074.58383
G1 X65.957 Y131.187 E1074.60058
G1 F420.7 X66.163 Y131.457 E1074.61749
G1 F421.4 X66.297 Y131.778 E1074.63479
G1 F422.1 X66.341 Y132.119 E1074.65186
G1 F422.8 X66.297 Y132.46 E1074.6689
G1 X66.163 Y132.783 E1074.68623
G1 F420.7 X65.959 Y133.049 E1074.70292
G1 F418.6 X65.689 Y133.258 E1074.72001
G1 X65.383 Y133.385 E1074.7366
G1 X65.043 Y133.431 E1074.75377
G1 F419.3 X64.703 Y133.385 E1074.77092
G1 X64.397 Y133.258 E1074.78747
G1 X64.126 Y133.048 E1074.80461
G1 F420.7 X63.922 Y132.782 E1074.8213
G1 F422.1 X63.789 Y132.46 E1074.8386
G1 F422.8 X63.745 Y132.119 E1074.85564
G1 X63.788 Y131.778 E1074.87267
M204 S1000
G1 F1500 E1073.87267
G0 F9000 X99.288 Y153.001
M204 S2000
G1 F1500 E1074.87267
G1 F422.8 X99.245 Y153.341 E1074.88965
G1 X99.288 Y153.682 E1074.90669
G1 F422.1 X99.422 Y154.004 E1074.924
G1 F420.7 X99.628 Y154.273 E1074.94087
G1 F420 X99.894 Y154.479 E1074.95766
G1 F419.3 X100.205 Y154.61 E1074.97452
G1 F418.6 X100.543 Y154.654 E1074.99159
G1 F419.3 X100.881 Y154.61 E1075.00862
G1 X101.192 Y154.479 E1075.02548
G1 F420 X101.458 Y154.274 E1075.04224
G1 F422.1 X101.663 Y154.005 E1075.05903
G1 F422.8 X101.797 Y153.682 E1075.07636
G1 X101.841 Y153.341 E1075.0934
G1 F422.1 X101.797 Y153 E1075.11046
G1 F421.4 X101.663 Y152.678 E1075.12781
G1 F420 X101.457 Y152.41 E1075.14467
G1 F418.6 X101.191 Y152.204 E1075.16151
G1 X100.881 Y152.073 E1075.17836
G1 X100.543 Y152.03 E1075.19541
G1 F417.9 X100.205 Y152.073 E1075.2125
G1 X99.894 Y152.204 E1075.22942
G1 F418.6 X99.628 Y152.41 E1075.24626
G1 F420 X99.422 Y152.679 E1075.26316
G1 F422.1 X99.288 Y153.001 E1075.28047
M204 S1000
G1 F1500 E1074.28047
;MESH:NONMESH
G0 F600 X99.288 Y153.001 Z19
G0 F9000 X98.396 Y152.636
G0 X67.235 Y131.528
G0 X66.26 Y131.656
;TIME_ELAPSED:8255.166463
;LAYER:94
M204 S2000
;TYPE:WALL-OUTER
;MESH:Bottom_Standoffs.stl
G1 F1500 E1075.28047
G1 F423.5 X66.341 Y132.089 E1075.30227
G1 F422.8 X66.297 Y132.43 E1075.31931
G1 X66.163 Y132.753 E1075.33664
G1 F421.4 X65.957 Y133.022 E1075.35349
G1 F419.3 X65.691 Y133.228 E1075.3703
G1 F418.6 X65.384 Y133.356 E1075.38695
G1 X65.043 Y133.401 E1075.40417
G1 F419.3 X64.702 Y133.356 E1075.42135
G1 X64.395 Y133.228 E1075.43798
G1 X64.129 Y133.022 E1075.45479
G1 F421.4 X63.922 Y132.752 E1075.47171
G1 F422.8 X63.789 Y132.43 E1075.48897
G1 X63.745 Y132.089 E1075.50601
G1 F423.5 X63.825 Y131.656 E1075.5278
M204 S1000
G1 F1500 E1074.5278
G0 F9000 X99.288 Y152.972
M204 S2000
G1 F1500 E1075.5278
G1 F422.1 X99.422 Y152.65 E1075.54511
G1 F420.7 X99.628 Y152.381 E1075.56198
G1 F420 X99.894 Y152.175 E1075.57877
G1 F419.3 X100.205 Y152.044 E1075.59563
G1 F418.6 X100.543 Y152.001 E1075.61269
G1 X100.881 Y152.044 E1075.62974
G1 F419.3 X101.192 Y152.175 E1075.64661
G1 F420.7 X101.458 Y152.38 E1075.66334
G1 F421.4 X101.663 Y152.649 E1075.68015
G1 X101.797 Y152.971 E1075.69749
G1 F422.1 X101.841 Y153.312 E1075.71456
G1 F422.8 X101.797 Y153.653 E1075.7316
G1 X101.663 Y153.976 E1075.74893
G1 F421.4 X101.457 Y154.245 E1075.76578
G1 F419.3 X101.191 Y154.451 E1075.78259
G1 X100.883 Y154.58 E1075.79928
G1 X100.543 Y154.625 E1075.81642
G1 X100.203 Y154.58 E1075.83356
G1 F420 X99.895 Y154.451 E1075.85022
G1 X99.628 Y154.244 E1075.86707
G1 F420.7 X99.422 Y153.975 E1075.88395
G1 F422.1 X99.288 Y153.653 E1075.90126
G1 F422.8 X99.245 Y153.312 E1075.91829
G1 X99.288 Y152.972 E1075.93528
M204 S1000
G1 F1500 E1074.93528
;MESH:NONMESH
G0 F600 X99.288 Y152.972 Z19.2
G0 F9000 X98.396 Y152.607
G0 X66.698 Y133.64
G0 X65.898 Y133.033
;TIME_ELAPSED:8258.141928
;LAYER:95
M204 S2000
;TYPE:WALL-OUTER
;MESH:Bottom_Standoffs.stl
G1 F1500 E1075.93528
G1 F415.8 X65.692 Y133.198 E1075.94858
G1 F418.6 X65.386 Y133.327 E1075.9652
G1 X65.041 Y133.372 E1075.98262
G1 F419.3 X64.707 Y133.329 E1075.99944
G1 X64.397 Y133.2 E1076.01622
G1 F415.8 X64.187 Y133.033 E1076.02974
M204 S1000
G1 F1500 E1075.02974
G0 F9000 X64.897 Y132.365
G0 X67.447 Y132.083
G0 X98.396 Y152.578
G0 X99.288 Y152.943
M204 S2000
G1 F1500 E1076.02974
G1 F422.1 X99.422 Y152.621 E1076.04706
G1 F420.7 X99.628 Y152.352 E1076.06393
G1 F420 X99.894 Y152.146 E1076.08072
G1 F419.3 X100.205 Y152.015 E1076.09758
G1 X100.543 Y151.971 E1076.11461
G1 F420 X100.881 Y152.015 E1076.13162
G1 X101.192 Y152.146 E1076.14846
G1 F420.7 X101.458 Y152.351 E1076.16518
G1 F421.4 X101.663 Y152.62 E1076.182
G1 X101.797 Y152.942 E1076.19934
G1 X101.841 Y153.283 E1076.21644
G1 F422.8 X101.796 Y153.628 E1076.23368
G1 F423.5 X101.667 Y153.939 E1076.25034
G1 F420.7 X101.454 Y154.218 E1076.26782
G1 F418.6 X101.191 Y154.422 E1076.28448
G1 X100.884 Y154.55 E1076.30113
G1 X100.543 Y154.595 E1076.31835
G1 X100.203 Y154.55 E1076.33552
G1 F419.3 X99.897 Y154.422 E1076.35209
G1 X99.629 Y154.215 E1076.36902
G1 F420 X99.421 Y153.942 E1076.38614
G1 F422.1 X99.288 Y153.624 E1076.40325
G1 F422.8 X99.245 Y153.283 E1076.42028
G1 X99.288 Y152.943 E1076.43727
M204 S1000
;MESH:NONMESH
G0 F600 X99.288 Y152.943 Z19.4
G0 F9000 X99.288 Y152.913
;TIME_ELAPSED:8260.328769
;LAYER:96
M204 S2000
;TYPE:WALL-OUTER
;MESH:Bottom_Standoffs.stl
G1 F422.1 X99.422 Y152.592 E1076.45453
G1 F420 X99.625 Y152.325 E1076.47127
G1 F418.6 X99.897 Y152.115 E1076.48847
G1 X100.205 Y151.986 E1076.50518
G1 F419.3 X100.543 Y151.942 E1076.52222
G1 F420 X100.881 Y151.986 E1076.53922
G1 X101.192 Y152.117 E1076.55606
G1 F419.3 X101.457 Y152.322 E1076.5728
G1 F420 X101.664 Y152.593 E1076.58981
G1 F422.1 X101.797 Y152.912 E1076.60697
G1 F422.8 X101.841 Y153.254 E1076.62406
G1 X101.797 Y153.595 E1076.6411
G1 F422.1 X101.663 Y153.916 E1076.65837
G1 F420.7 X101.457 Y154.186 E1076.67528
G1 F420 X101.192 Y154.392 E1076.69203
G1 F419.3 X100.882 Y154.521 E1076.70881
G1 F418.6 X100.543 Y154.566 E1076.72592
G1 X100.204 Y154.521 E1076.74304
G1 X99.894 Y154.392 E1076.75985
G1 X99.628 Y154.185 E1076.77672
G1 F419.3 X99.422 Y153.917 E1076.79361
G1 F421.4 X99.288 Y153.595 E1076.81095
G1 F422.8 X99.245 Y153.254 E1076.82799
G1 X99.288 Y152.913 E1076.84502
M204 S1000
;MESH:NONMESH
G0 F600 X99.288 Y152.913 Z19.6
G0 F9000 X99.288 Y152.884
;TIME_ELAPSED:8261.567218
;LAYER:97
M204 S2000
;TYPE:WALL-OUTER
;MESH:Bottom_Standoffs.stl
G1 F421.4 X99.422 Y152.562 E1076.86236
G1 F420 X99.627 Y152.295 E1076.87916
G1 F419.3 X99.896 Y152.086 E1076.89618
G1 F418.6 X100.204 Y151.957 E1076.9129
G1 F419.3 X100.543 Y151.913 E1076.92998
G1 F420 X100.88 Y151.957 E1076.94693
G1 X101.189 Y152.087 E1076.96366
G1 X101.46 Y152.295 E1076.9807
G1 F420.7 X101.663 Y152.562 E1076.99741
G1 F421.4 X101.797 Y152.884 E1077.01475
G1 F422.1 X101.841 Y153.225 E1077.03182
G1 F422.8 X101.797 Y153.566 E1077.04886
G1 F422.1 X101.663 Y153.887 E1077.06612
G1 F420.7 X101.457 Y154.157 E1077.08304
G1 F419.3 X101.192 Y154.362 E1077.09978
G1 X100.881 Y154.493 E1077.11665
G1 X100.543 Y154.537 E1077.13368
G1 F418.6 X100.205 Y154.493 E1077.15074
G1 F419.3 X99.894 Y154.362 E1077.16761
G1 F420 X99.628 Y154.156 E1077.18439
G1 F420.7 X99.422 Y153.887 E1077.20127
G1 F422.1 X99.288 Y153.566 E1077.21853
G1 F422.8 X99.245 Y153.225 E1077.23557
G1 X99.288 Y152.884 E1077.2526
M204 S1000
;MESH:NONMESH
G0 F600 X99.288 Y152.884 Z19.8
G0 F9000 X99.288 Y152.855
;TIME_ELAPSED:8262.805159
;LAYER:98
M204 S2000
;TYPE:WALL-OUTER
;MESH:Bottom_Standoffs.stl
G1 F422.1 X99.422 Y152.533 E1077.26991
G1 F420 X99.628 Y152.264 E1077.28682
G1 F418.6 X99.894 Y152.058 E1077.30366
G1 F417.9 X100.205 Y151.927 E1077.32058
G1 X100.543 Y151.884 E1077.33766
G1 F418.6 X100.881 Y151.927 E1077.35472
G1 X101.191 Y152.058 E1077.37156
G1 X101.457 Y152.264 E1077.38841
G1 F420 X101.663 Y152.532 E1077.40527
G1 F421.4 X101.797 Y152.854 E1077.42261
G1 F422.1 X101.841 Y153.195 E1077.43968
G1 F422.8 X101.797 Y153.536 E1077.45672
G1 X101.663 Y153.859 E1077.47405
G1 F422.1 X101.458 Y154.128 E1077.49084
G1 F420 X101.192 Y154.333 E1077.50759
G1 F419.3 X100.881 Y154.464 E1077.52446
G1 X100.543 Y154.508 E1077.54149
G1 F418.6 X100.205 Y154.464 E1077.55855
G1 F419.3 X99.894 Y154.333 E1077.57542
G1 F420 X99.628 Y154.127 E1077.5922
G1 F420.7 X99.422 Y153.858 E1077.60908
G1 F422.1 X99.288 Y153.536 E1077.62639
G1 F422.8 X99.245 Y153.195 E1077.64342
G1 X99.288 Y152.855 E1077.66041
M204 S1000
;MESH:NONMESH
G0 F600 X99.288 Y152.855 Z20
G0 F9000 X99.288 Y152.826
;TIME_ELAPSED:8264.043752
;LAYER:99
M204 S2000
;TYPE:WALL-OUTER
;MESH:Bottom_Standoffs.stl
G1 F422.1 X99.422 Y152.504 E1077.67772
G1 F420.7 X99.628 Y152.235 E1077.69459
G1 F420 X99.894 Y152.029 E1077.71138
G1 F419.3 X100.205 Y151.898 E1077.72824
G1 F418.6 X100.543 Y151.855 E1077.7453
G1 X100.881 Y151.898 E1077.76236
G1 F419.3 X101.192 Y152.029 E1077.77922
G1 F420.7 X101.458 Y152.234 E1077.79595
G1 F421.4 X101.663 Y152.503 E1077.81276
G1 X101.797 Y152.825 E1077.83011
G1 F422.1 X101.841 Y153.166 E1077.84717
G1 F422.8 X101.797 Y153.507 E1077.86421
G1 X101.663 Y153.83 E1077.88154
G1 F421.4 X101.457 Y154.099 E1077.89839
G1 F419.3 X101.191 Y154.305 E1077.9152
G1 F418.6 X100.884 Y154.433 E1077.93185
G1 X100.543 Y154.478 E1077.94907
G1 F419.3 X100.202 Y154.433 E1077.96626
G1 F420 X99.895 Y154.305 E1077.98285
G1 X99.629 Y154.099 E1077.99964
G1 F420.7 X99.422 Y153.829 E1078.01658
G1 F422.1 X99.288 Y153.507 E1078.0339
G1 F422.8 X99.245 Y153.166 E1078.05093
G1 X99.288 Y152.826 E1078.06791
M204 S1000
;MESH:NONMESH
G0 F600 X99.288 Y152.826 Z20.2
G0 F9000 X99.288 Y152.797
;TIME_ELAPSED:8265.281488
;LAYER:100
M204 S2000
;TYPE:WALL-OUTER
;MESH:Bottom_Standoffs.stl
G1 F422.1 X99.422 Y152.475 E1078.08523
G1 F420.7 X99.628 Y152.206 E1078.1021
G1 F420 X99.894 Y152 E1078.11889
G1 F419.3 X100.205 Y151.869 E1078.13575
G1 X100.543 Y151.825 E1078.15278
G1 F420 X100.881 Y151.869 E1078.16979
G1 X101.192 Y152 E1078.18663
G1 F420.7 X101.458 Y152.205 E1078.20335
G1 F421.4 X101.663 Y152.474 E1078.22017
G1 X101.797 Y152.796 E1078.23751
G1 F422.1 X101.841 Y153.137 E1078.25458
G1 F422.8 X101.797 Y153.478 E1078.27162
G1 X101.664 Y153.799 E1078.28884
G1 F421.4 X101.457 Y154.069 E1078.30575
G1 F420 X101.192 Y154.275 E1078.3225
G1 F419.3 X100.882 Y154.404 E1078.33928
G1 F418.6 X100.543 Y154.449 E1078.3564
G1 X100.204 Y154.404 E1078.37352
G1 X99.894 Y154.275 E1078.39032
G1 F419.3 X99.628 Y154.068 E1078.40717
G1 F420.7 X99.422 Y153.8 E1078.424
G1 F422.1 X99.288 Y153.478 E1078.44132
G1 F422.8 X99.245 Y153.137 E1078.45835
G1 X99.288 Y152.797 E1078.47533
M204 S1000
;MESH:NONMESH
G0 F600 X99.288 Y152.797 Z20.4
G0 F9000 X99.289 Y152.767
;TIME_ELAPSED:8266.519125
;LAYER:101
M204 S2000
;TYPE:WALL-OUTER
;MESH:Bottom_Standoffs.stl
G1 F422.1 X99.421 Y152.447 E1078.49252
G1 F420.7 X99.627 Y152.178 E1078.50939
G1 F419.3 X99.896 Y151.969 E1078.52642
G1 F418.6 X100.204 Y151.84 E1078.54313
G1 F419.3 X100.543 Y151.796 E1078.56021
G1 F420 X100.88 Y151.84 E1078.57717
G1 X101.189 Y151.97 E1078.59389
G1 F419.3 X101.459 Y152.178 E1078.61093
G1 F420 X101.664 Y152.447 E1078.6278
G1 F422.1 X101.797 Y152.766 E1078.64496
G1 F422.8 X101.841 Y153.108 E1078.66204
G1 X101.797 Y153.449 E1078.67908
G1 F422.1 X101.663 Y153.77 E1078.69635
G1 F420.7 X101.457 Y154.04 E1078.71327
G1 F420 X101.192 Y154.246 E1078.73001
G1 X100.882 Y154.376 E1078.74678
G1 F419.3 X100.543 Y154.42 E1078.76387
G1 F418.6 X100.204 Y154.376 E1078.78098
G1 X99.894 Y154.246 E1078.7978
G1 F419.3 X99.628 Y154.039 E1078.81465
G1 F420 X99.422 Y153.771 E1078.83151
G1 F421.4 X99.288 Y153.449 E1078.84885
G1 F422.8 X99.245 Y153.108 E1078.86589
G1 X99.289 Y152.767 E1078.88293
M204 S1000
;MESH:NONMESH
G0 F600 X99.289 Y152.767 Z20.6
G0 F9000 X99.288 Y152.738
;TIME_ELAPSED:8267.757112
;LAYER:102
M204 S2000
;TYPE:WALL-OUTER
;MESH:Bottom_Standoffs.stl
G1 F421.4 X99.422 Y152.416 E1078.90027
G1 F420 X99.624 Y152.152 E1078.91685
G1 X99.9 Y151.939 E1078.93425
G1 F419.3 X100.206 Y151.811 E1078.95082
G1 X100.543 Y151.767 E1078.96781
G1 X100.88 Y151.811 E1078.98479
G1 X101.189 Y151.941 E1079.00154
G1 F420 X101.46 Y152.149 E1079.01859
G1 F420.7 X101.663 Y152.416 E1079.03529
G1 F421.4 X101.797 Y152.738 E1079.05263
G1 F422.1 X101.841 Y153.079 E1079.0697
G1 F422.8 X101.797 Y153.42 E1079.08674
G1 F422.1 X101.663 Y153.741 E1079.10401
G1 F420.7 X101.457 Y154.011 E1079.12092
G1 F419.3 X101.192 Y154.216 E1079.13767
G1 X100.881 Y154.347 E1079.15453
G1 X100.543 Y154.391 E1079.17156
G1 F418.6 X100.205 Y154.347 E1079.18863
G1 F419.3 X99.894 Y154.216 E1079.20549
G1 F420 X99.628 Y154.01 E1079.22228
G1 F420.7 X99.422 Y153.741 E1079.23915
G1 F422.1 X99.288 Y153.42 E1079.25642
G1 F422.8 X99.245 Y153.079 E1079.27345
G1 X99.288 Y152.738 E1079.29048
M204 S1000
;MESH:NONMESH
G0 F600 X99.288 Y152.738 Z20.8
G0 F9000 X99.288 Y152.709
;TIME_ELAPSED:8268.994990
;LAYER:103
M204 S2000
;TYPE:WALL-OUTER
;MESH:Bottom_Standoffs.stl
G1 F422.1 X99.422 Y152.387 E1079.3078
G1 F420 X99.628 Y152.118 E1079.3247
G1 F418.6 X99.894 Y151.912 E1079.34154
G1 F417.9 X100.205 Y151.781 E1079.35846
G1 X100.543 Y151.738 E1079.37555
G1 F418.6 X100.881 Y151.781 E1079.3926
G1 X101.191 Y151.912 E1079.40945
G1 X101.457 Y152.118 E1079.42629
G1 F420 X101.663 Y152.386 E1079.44315
G1 F421.4 X101.797 Y152.708 E1079.46049
G1 F422.1 X101.841 Y153.049 E1079.47756
G1 F422.8 X101.797 Y153.39 E1079.4946
G1 X101.663 Y153.713 E1079.51193
G1 F421.4 X101.457 Y153.982 E1079.52878
G1 F419.3 X101.191 Y154.188 E1079.54559
G1 X100.883 Y154.317 E1079.56228
G1 X100.543 Y154.362 E1079.57942
G1 X100.203 Y154.317 E1079.59656
G1 F420 X99.895 Y154.188 E1079.61322
G1 X99.628 Y153.981 E1079.63007
G1 F420.7 X99.422 Y153.712 E1079.64695
G1 F422.1 X99.288 Y153.39 E1079.66426
G1 F422.8 X99.245 Y153.049 E1079.68129
G1 X99.288 Y152.709 E1079.69828
M204 S1000
;MESH:NONMESH
G0 F600 X99.288 Y152.709 Z21
G0 F9000 X99.288 Y152.68
;TIME_ELAPSED:8270.233549
;LAYER:104
M204 S2000
;TYPE:WALL-OUTER
;MESH:Bottom_Standoffs.stl
G1 F422.1 X99.422 Y152.358 E1079.71559
G1 F420.7 X99.628 Y152.089 E1079.73247
G1 F420 X99.894 Y151.883 E1079.74925
G1 F419.3 X100.205 Y151.752 E1079.76612
G1 F418.6 X100.543 Y151.709 E1079.78317
G1 X100.881 Y151.752 E1079.80023
G1 F419.3 X101.192 Y151.883 E1079.81709
G1 F420.7 X101.458 Y152.088 E1079.83382
G1 F421.4 X101.663 Y152.357 E1079.85063
G1 X101.797 Y152.679 E1079.86798
G1 F422.1 X101.841 Y153.02 E1079.88504
G1 F422.8 X101.797 Y153.361 E1079.90208
G1 X101.663 Y153.684 E1079.91941
G1 F421.4 X101.457 Y153.953 E1079.93626
G1 F419.3 X101.191 Y154.159 E1079.95307
G1 F418.6 X100.884 Y154.287 E1079.96972
G1 X100.543 Y154.332 E1079.98694
G1 F419.3 X100.202 Y154.287 E1080.00413
G1 F420 X99.895 Y154.159 E1080.02072
G1 X99.629 Y153.953 E1080.03751
G1 F420.7 X99.422 Y153.683 E1080.05445
G1 F422.1 X99.288 Y153.361 E1080.07177
G1 F422.8 X99.245 Y153.02 E1080.0888
G1 X99.288 Y152.68 E1080.10578
M204 S1000
;MESH:NONMESH
G0 F600 X99.288 Y152.68 Z21.2
G0 F9000 X99.289 Y152.65
;TIME_ELAPSED:8271.471432
;LAYER:105
M204 S2000
;TYPE:WALL-OUTER
;MESH:Bottom_Standoffs.stl
G1 F422.1 X99.421 Y152.329 E1080.12301
G1 F420.7 X99.625 Y152.063 E1080.13971
G1 F420 X99.898 Y151.852 E1080.15692
G1 F419.3 X100.205 Y151.723 E1080.17356
G1 F418.6 X100.543 Y151.68 E1080.19062
G1 X100.881 Y151.723 E1080.20768
G1 F419.3 X101.192 Y151.854 E1080.22454
G1 X101.457 Y152.059 E1080.24128
G1 F420 X101.664 Y152.33 E1080.2583
G1 F422.1 X101.797 Y152.649 E1080.27545
G1 F422.8 X101.841 Y152.991 E1080.29254
G1 X101.797 Y153.332 E1080.30958
G1 X101.664 Y153.653 E1080.3268
G1 F421.4 X101.457 Y153.923 E1080.34372
G1 F420 X101.192 Y154.129 E1080.36046
G1 X100.882 Y154.259 E1080.37723
G1 F419.3 X100.543 Y154.303 E1080.39432
G1 X100.204 Y154.259 E1080.4114
G1 F420 X99.894 Y154.129 E1080.42817
G1 X99.628 Y153.922 E1080.44499
G1 F420.7 X99.422 Y153.654 E1080.46182
G1 F422.1 X99.288 Y153.332 E1080.47913
G1 F422.8 X99.245 Y152.991 E1080.49617
G1 X99.289 Y152.65 E1080.51321
M204 S1000
;MESH:NONMESH
G0 F600 X99.289 Y152.65 Z21.4
G0 F9000 X99.289 Y152.621
;TIME_ELAPSED:8272.708929
;LAYER:106
M204 S2000
;TYPE:WALL-OUTER
;MESH:Bottom_Standoffs.stl
G1 F422.1 X99.422 Y152.299 E1080.5305
G1 F420.7 X99.627 Y152.032 E1080.54727
G1 F419.3 X99.896 Y151.823 E1080.56429
G1 F418.6 X100.204 Y151.694 E1080.58101
G1 F419.3 X100.543 Y151.65 E1080.59809
G1 F420 X100.88 Y151.694 E1080.61504
G1 X101.189 Y151.824 E1080.63177
G1 X101.46 Y152.032 E1080.64881
G1 F420.7 X101.663 Y152.299 E1080.66552
G1 F421.4 X101.797 Y152.621 E1080.68286
G1 F422.1 X101.841 Y152.962 E1080.69993
G1 F422.8 X101.797 Y153.303 E1080.71697
G1 X101.664 Y153.624 E1080.73419
G1 F420.7 X101.457 Y153.893 E1080.75109
G1 F418.6 X101.192 Y154.099 E1080.76789
G1 F419.3 X100.881 Y154.23 E1080.78476
G1 X100.543 Y154.274 E1080.80179
G1 F418.6 X100.205 Y154.23 E1080.81885
G1 F419.3 X99.894 Y154.099 E1080.83572
G1 X99.628 Y153.893 E1080.85253
G1 F420.7 X99.422 Y153.624 E1080.86941
G1 F422.8 X99.288 Y153.303 E1080.88665
G1 X99.245 Y152.962 E1080.90368
G1 X99.289 Y152.621 E1080.92072
M204 S1000
;MESH:NONMESH
G0 F600 X99.289 Y152.621 Z21.6
G0 F9000 X99.288 Y152.592
;TIME_ELAPSED:8273.946679
;LAYER:107
M204 S2000
;TYPE:WALL-OUTER
;MESH:Bottom_Standoffs.stl
G1 F422.1 X99.422 Y152.27 E1080.93803
G1 F420.7 X99.624 Y152.006 E1080.95459
G1 F420 X99.9 Y151.793 E1080.97198
G1 F419.3 X100.206 Y151.665 E1080.98856
G1 X100.543 Y151.621 E1081.00554
G1 X100.88 Y151.665 E1081.02252
G1 X101.189 Y151.795 E1081.03928
G1 F420 X101.46 Y152.003 E1081.05632
G1 F420.7 X101.663 Y152.27 E1081.07303
G1 F421.4 X101.797 Y152.592 E1081.09037
G1 F422.1 X101.841 Y152.933 E1081.10744
G1 F422.8 X101.797 Y153.274 E1081.12448
G1 F422.1 X101.663 Y153.595 E1081.14174
G1 F420.7 X101.457 Y153.865 E1081.15866
G1 F419.3 X101.192 Y154.07 E1081.1754
G1 X100.881 Y154.201 E1081.19226
G1 X100.543 Y154.245 E1081.2093
G1 F418.6 X100.205 Y154.201 E1081.22636
G1 F419.3 X99.894 Y154.07 E1081.24322
G1 F420 X99.628 Y153.864 E1081.26001
G1 F420.7 X99.422 Y153.595 E1081.27689
G1 F422.1 X99.288 Y153.274 E1081.29415
G1 F422.8 X99.245 Y152.933 E1081.31119
G1 X99.288 Y152.592 E1081.32822
M204 S1000
;MESH:NONMESH
G0 F600 X99.288 Y152.592 Z21.8
G0 F9000 X99.288 Y152.563
;TIME_ELAPSED:8275.184399
;LAYER:108
M204 S2000
;TYPE:WALL-OUTER
;MESH:Bottom_Standoffs.stl
G1 F422.1 X99.422 Y152.241 E1081.34553
G1 F420.7 X99.624 Y151.977 E1081.36209
G1 F420 X99.9 Y151.765 E1081.37945
G1 F419.3 X100.206 Y151.635 E1081.39607
G1 X100.543 Y151.592 E1081.41304
G1 F420 X100.88 Y151.635 E1081.42999
G1 X101.189 Y151.766 E1081.44674
G1 X101.46 Y151.974 E1081.46378
G1 F420.7 X101.663 Y152.241 E1081.48049
G1 F421.4 X101.797 Y152.562 E1081.49778
G1 F422.1 X101.841 Y152.903 E1081.51485
G1 F422.8 X101.797 Y153.244 E1081.53189
G1 X101.663 Y153.567 E1081.54922
G1 F421.4 X101.457 Y153.836 E1081.56607
G1 F419.3 X101.191 Y154.042 E1081.58288
G1 X100.883 Y154.171 E1081.59957
G1 X100.543 Y154.216 E1081.61671
G1 X100.203 Y154.171 E1081.63385
G1 F420 X99.895 Y154.042 E1081.6505
G1 X99.628 Y153.835 E1081.66736
G1 F420.7 X99.422 Y153.566 E1081.68424
G1 F422.1 X99.288 Y153.244 E1081.70155
G1 F422.8 X99.245 Y152.903 E1081.71858
G1 X99.288 Y152.563 E1081.73557
M204 S1000
G1 F1500 E1080.73557
;MESH:NONMESH
G0 F600 X99.288 Y152.563 Z22
G0 F9000 X101.655 Y152.2
;TIME_ELAPSED:8276.563546
;LAYER:109
M204 S2000
;TYPE:WALL-OUTER
;MESH:Bottom_Standoffs.stl
G1 F1500 E1081.73557
G1 F421.4 X101.797 Y152.533 E1081.75357
G1 X101.841 Y152.874 E1081.77066
G1 F422.8 X101.796 Y153.219 E1081.7879
G1 F423.5 X101.667 Y153.531 E1081.80461
G1 F421.4 X101.455 Y153.809 E1081.82199
G1 F419.3 X101.191 Y154.013 E1081.83866
G1 F418.6 X100.884 Y154.141 E1081.85531
G1 X100.543 Y154.186 E1081.87253
G1 F419.3 X100.203 Y154.142 E1081.88966
G1 X99.897 Y154.014 E1081.90624
G1 F418.6 X99.628 Y153.806 E1081.92326
G1 F420.7 X99.421 Y153.534 E1081.94029
G1 F422.8 X99.288 Y153.215 E1081.95741
G1 X99.245 Y152.874 E1081.97445
G1 X99.288 Y152.534 E1081.99143
G1 F422.1 X99.429 Y152.201 E1082.00938
M204 S1000
G1 F1500 E1081.00938
;MESH:NONMESH
G0 F600 X99.429 Y152.201 Z22.2
G0 F9000 X101.602 Y153.58
;TIME_ELAPSED:8277.616109
;LAYER:110
M204 S2000
;TYPE:WALL-OUTER
;MESH:Bottom_Standoffs.stl
G1 F1500 E1082.00938
G1 F417.9 X101.458 Y153.777 E1082.02162
G1 F420.7 X101.192 Y153.983 E1082.03837
G1 F420 X100.882 Y154.113 E1082.05514
G1 F419.3 X100.543 Y154.157 E1082.07223
G1 F418.6 X100.204 Y154.113 E1082.08934
G1 F420 X99.894 Y153.983 E1082.10611
G1 X99.628 Y153.776 E1082.12293
G1 F415.8 X99.484 Y153.58 E1082.13518
;TIME_ELAPSED:8278.032581
G1 F1500 E1081.13518
M140 S0
M204 S1000
M107
G91 ;Relative positionning
G1 E-2 F2700 ;Retract a bit
G1 E-8 X5 Y5 Z3 F3000 ;Retract
G90 ;Absolute positionning
G1 X0 Y235 ;Present print
M106 S0 ;Turn-off fan
M104 S0 ;Turn-off hotend
M140 S0 ;Turn-off bed
M84 X Y E ;Disable all steppers but Z
M82 ;absolute extrusion mode
M104 S0
;End of Gcode
;SETTING_3 {"global_quality": "[general]\\nversion = 4\\nname = Fast #2\\ndefini
;SETTING_3 tion = elegoo_neptune_3pro\\n\\n[metadata]\\ntype = quality_changes\\
;SETTING_3 nquality_type = Elegoo_layer_020\\nsetting_version = 22\\n\\n[values]
;SETTING_3 \\nadhesion_type = none\\nmaterial_bed_temperature = 65\\nmaterial_be
;SETTING_3 d_temperature_layer_0 = 70\\nsupport_enable = True\\nsupport_structur
;SETTING_3 e = normal\\nsupport_type = buildplate\\n\\n", "extruder_quality": ["
;SETTING_3 [general]\\nversion = 4\\nname = Fast #2\\ndefinition = elegoo_neptun
;SETTING_3 e_3pro\\n\\n[metadata]\\ntype = quality_changes\\nquality_type = Eleg
;SETTING_3 oo_layer_020\\nintent_category = default\\nposition = 0\\nsetting_ver
;SETTING_3 sion = 22\\n\\n[values]\\ninfill_pattern = gyroid\\ninfill_sparse_den
;SETTING_3 sity = 5\\nmaterial_print_temperature = 215.0\\nsupport_infill_rate =
;SETTING_3  30\\n\\n"]}
