;FLAVOR:Marlin
;TIME:563
;Filament used: 0.489059m
;Layer height: 0.2
;MINX:109.232
;MINY:109.218
;MINZ:0.2
;MAXX:125.778
;MAXY:125.765
;MAXZ:14
;TARGET_MACHINE.NAME:ELEGOO NEPTUNE 3 Pro
;Generated with Cura_SteamEngine 5.5.0
M140 S70
M105
M190 S70
M104 S215
M105
M109 S215
M82 ;absolute extrusion mode
;ELEGOO NEPTUNE 3 Pro
M220 S100 ;Set the feed speed to 100%
M221 S100 ;Set the flow rate to 100%
G90
G28 ;home
;M420 S1 Z10;Uncomment to enable progressive compensation height of 10mm
G92 E0 ;Reset Extruder
G1 Z0.45 F300
G1 X1.5 Y20 F5000.0 ;Move to start position
G1 Y120.0 F600.0 E15 ;Draw the first line
G1 X0.5 F1000.0 ;Move to side a little
G1 Y20 F600 E30 ;Draw the second line
G92 E0 ;Reset Extruder
G92 E0
G92 E0
G1 F1500 E-1
;LAYER_COUNT:70
;LAYER:0
M107
M204 S500
G0 F6000 X112.838 Y113.094 Z0.2
;TYPE:SKIRT
G1 F1500 E0
G1 F1800 X113.162 Y112.775 E0.02064
G1 X113.507 Y112.479 E0.04128
G1 X113.854 Y112.221 E0.06091
G1 X114.229 Y111.982 E0.0811
G1 X114.603 Y111.777 E0.10046
G1 X115.032 Y111.579 E0.12191
G1 X115.424 Y111.43 E0.14095
G1 X116.083 Y111.233 E0.17218
G1 X116.733 Y111.131 E0.20205
G1 X117.16 Y111.095 E0.22151
G1 X117.594 Y111.086 E0.24121
G1 X118.065 Y111.111 E0.26263
G1 X118.474 Y111.16 E0.28133
G1 X118.94 Y111.25 E0.30288
G1 X119.335 Y111.354 E0.32142
G1 X119.772 Y111.501 E0.34235
G1 X120.18 Y111.673 E0.36245
G1 X120.576 Y111.87 E0.38254
G1 X120.956 Y112.095 E0.40258
G1 X121.303 Y112.336 E0.42177
G1 X121.68 Y112.635 E0.44361
G1 X121.984 Y112.913 E0.46231
G1 X122.297 Y113.241 E0.4829
G1 X122.574 Y113.575 E0.5026
G1 X122.834 Y113.937 E0.52283
G1 X123.188 Y114.511 E0.55345
G1 X123.468 Y115.15 E0.58512
G1 X123.606 Y115.532 E0.60356
G1 X123.733 Y115.985 E0.62492
G1 X123.82 Y116.401 E0.64422
G1 X123.885 Y116.881 E0.66621
G1 X123.927 Y117.492 E0.69401
G1 X123.884 Y118.12 E0.72259
G1 X123.819 Y118.6 E0.74458
G1 X123.732 Y119.017 E0.76392
G1 X123.613 Y119.445 E0.78409
G1 X123.461 Y119.866 E0.80441
G1 X123.28 Y120.279 E0.82488
G1 X123.074 Y120.676 E0.84519
G1 X122.86 Y121.022 E0.86366
G1 X122.457 Y121.589 E0.89524
G1 X122.011 Y122.06 E0.92469
G1 X121.683 Y122.363 E0.94496
G1 X121.317 Y122.655 E0.96622
G1 X120.956 Y122.905 E0.98615
G1 X120.393 Y123.236 E1.0158
G1 X119.765 Y123.5 E1.04673
G1 X119.329 Y123.648 E1.06764
G1 X118.73 Y123.806 E1.09576
G1 X118.055 Y123.89 E1.12664
G1 X117.4 Y123.923 E1.15642
G1 X116.717 Y123.865 E1.18754
G1 X116.078 Y123.765 E1.2169
G1 X115.229 Y123.51 E1.25715
G1 X114.615 Y123.228 E1.28782
G1 X114.22 Y123.013 E1.30824
G1 X113.678 Y122.666 E1.33746
G1 X113.16 Y122.222 E1.36843
G1 X112.84 Y121.908 E1.38878
G1 X112.543 Y121.573 E1.40911
G1 X112.293 Y121.247 E1.42776
G1 X112.037 Y120.861 E1.44879
G1 X111.819 Y120.479 E1.46876
G1 X111.63 Y120.087 E1.48852
G1 X111.461 Y119.662 E1.50928
G1 X111.328 Y119.25 E1.52893
G1 X111.221 Y118.818 E1.54914
G1 X111.143 Y118.369 E1.56983
G1 X111.102 Y117.951 E1.5889
G1 X111.086 Y117.492 E1.60975
G1 X111.102 Y117.045 E1.63006
G1 X111.146 Y116.616 E1.64964
G1 X111.224 Y116.171 E1.67015
G1 X111.325 Y115.761 E1.68932
G1 X111.471 Y115.314 E1.71067
G1 X111.624 Y114.926 E1.7296
G1 X111.821 Y114.519 E1.75013
G1 X112.038 Y114.138 E1.77004
G1 X112.299 Y113.743 E1.79153
G1 X112.545 Y113.424 E1.80982
G1 X112.838 Y113.094 E1.82985
G0 F6000 X113.24 Y113.464
G1 F1800 X113.53 Y113.179 E1.84831
G1 X113.849 Y112.905 E1.86741
G1 X114.162 Y112.672 E1.88512
G1 X114.502 Y112.456 E1.90341
G1 X114.851 Y112.265 E1.92147
G1 X115.253 Y112.079 E1.94158
G1 X115.594 Y111.949 E1.95815
G1 X116.207 Y111.766 E1.98719
G1 X116.794 Y111.674 E2.01417
G1 X117.186 Y111.641 E2.03203
G1 X117.59 Y111.633 E2.05037
G1 X118.016 Y111.655 E2.06974
G1 X118.391 Y111.7 E2.08689
G1 X118.816 Y111.782 E2.10654
G1 X119.186 Y111.88 E2.12391
G1 X119.575 Y112.01 E2.14254
G1 X119.943 Y112.165 E2.16066
G1 X120.32 Y112.353 E2.17979
G1 X120.66 Y112.554 E2.19772
G1 X120.983 Y112.779 E2.21559
G1 X121.322 Y113.048 E2.23524
G1 X121.607 Y113.309 E2.25279
G1 X121.885 Y113.601 E2.27109
G1 X122.146 Y113.915 E2.28963
G1 X122.374 Y114.233 E2.30739
G1 X122.705 Y114.769 E2.33599
G1 X122.964 Y115.36 E2.36529
G1 X123.083 Y115.688 E2.38113
G1 X123.2 Y116.105 E2.40079
G1 X123.283 Y116.503 E2.41925
G1 X123.341 Y116.935 E2.43904
G1 X123.379 Y117.492 E2.46438
G1 X123.34 Y118.066 E2.4905
G1 X123.282 Y118.498 E2.51029
G1 X123.198 Y118.9 E2.52894
G1 X123.088 Y119.295 E2.54755
G1 X122.957 Y119.656 E2.56499
G1 X122.789 Y120.04 E2.58402
G1 X122.6 Y120.402 E2.60256
G1 X122.406 Y120.718 E2.61939
G1 X122.033 Y121.243 E2.64863
G1 X121.623 Y121.677 E2.67574
G1 X121.336 Y121.94 E2.69341
G1 X120.986 Y122.22 E2.71376
G1 X120.664 Y122.443 E2.73154
G1 X120.144 Y122.748 E2.75891
G1 X119.571 Y122.99 E2.78715
G1 X119.174 Y123.124 E2.80617
G1 X118.627 Y123.269 E2.83186
G1 X118.002 Y123.347 E2.86046
G1 X117.411 Y123.376 E2.88732
G1 X116.776 Y123.322 E2.91626
G1 X116.203 Y123.233 E2.94258
G1 X115.422 Y122.998 E2.97961
G1 X114.866 Y122.742 E3.0074
G1 X114.493 Y122.539 E3.02668
G1 X114.009 Y122.23 E3.05275
G1 X113.527 Y121.817 E3.08157
G1 X113.238 Y121.534 E3.09993
G1 X112.96 Y121.22 E3.11897
G1 X112.737 Y120.929 E3.13561
G1 X112.508 Y120.584 E3.15441
G1 X112.298 Y120.215 E3.17369
G1 X112.13 Y119.868 E3.19119
G1 X111.977 Y119.483 E3.21
G1 X111.851 Y119.09 E3.22874
G1 X111.756 Y118.706 E3.2467
G1 X111.684 Y118.291 E3.26582
G1 X111.647 Y117.915 E3.28297
G1 X111.632 Y117.492 E3.30219
G1 X111.647 Y117.086 E3.32063
G1 X111.686 Y116.699 E3.33829
G1 X111.759 Y116.283 E3.35747
G1 X111.85 Y115.911 E3.37485
G1 X111.982 Y115.506 E3.39419
G1 X112.131 Y115.132 E3.41247
G1 X112.299 Y114.784 E3.43001
G1 X112.509 Y114.414 E3.44933
G1 X112.736 Y114.071 E3.468
G1 X112.964 Y113.775 E3.48497
G1 X113.24 Y113.464 E3.50384
G0 F6000 X113.597 Y113.792
;TYPE:SUPPORT
G1 F2340 X114.292 Y113.156 E3.5351
G1 X115.063 Y112.7 E3.56482
G1 X115.773 Y112.399 E3.5904
G1 X116.305 Y112.241 E3.60881
G1 X116.867 Y112.152 E3.62769
G1 X117.572 Y112.117 E3.65111
G1 X118.321 Y112.178 E3.67604
G1 X118.85 Y112.275 E3.69389
G1 X119.395 Y112.458 E3.71296
G1 X120.081 Y112.773 E3.738
G1 X120.698 Y113.169 E3.76233
G1 X121.412 Y113.779 E3.79348
G1 X121.974 Y114.504 E3.82392
G1 X122.276 Y114.993 E3.84299
G1 X122.509 Y115.522 E3.86216
G1 X122.731 Y116.225 E3.88662
G1 X122.86 Y116.975 E3.91187
G1 X122.893 Y117.486 E3.92886
G1 X122.858 Y118.03 E3.94694
G1 X122.729 Y118.78 E3.97219
G1 X122.455 Y119.65 E4.00245
G1 X122.006 Y120.445 E4.03275
G1 X121.654 Y120.941 E4.05292
G1 X121.149 Y121.475 E4.07731
G1 X120.402 Y122.035 E4.10828
G1 X119.922 Y122.317 E4.12675
G1 X119.245 Y122.604 E4.15115
G1 X118.539 Y122.793 E4.1754
G1 X117.961 Y122.863 E4.19471
G1 X117.407 Y122.892 E4.21312
G1 X116.852 Y122.845 E4.2316
G1 X116.314 Y122.761 E4.24966
G1 X115.588 Y122.541 E4.27483
G1 X114.902 Y122.226 E4.29987
G1 X114.298 Y121.84 E4.32366
G1 X113.856 Y121.461 E4.34297
G1 X113.216 Y120.789 E4.37376
G1 X112.735 Y120.005 E4.40428
G1 X112.433 Y119.323 E4.42902
G1 X112.232 Y118.615 E4.45344
G1 X112.163 Y118.222 E4.46668
G1 X112.116 Y117.503 E4.49058
G1 X112.163 Y116.787 E4.51439
G1 X112.318 Y116.039 E4.53973
G1 X112.567 Y115.345 E4.5642
G1 X112.735 Y114.995 E4.57708
G1 X113.127 Y114.357 E4.60192
G1 X113.597 Y113.792 E4.6263
G0 F6000 X113.64 Y114.066
G1 F1800 X112.381 Y116.766 E4.75479
G0 F6000 X112.341 Y117.264
G1 F1800 X121.015 Y121.309 E5.16758
G1 X121.134 Y121.183
G1 X122.653 Y117.927 E5.32254
G0 F6000 X122.681 Y117.451
G1 F1800 X114.22 Y113.506 E5.72518
G1 F1500 E4.72518
G0 F6000 X113.231 Y114.589
G1 F1500 E5.72518
G1 F1800 X122.47 Y118.898 E6.16487
G1 F1500 E5.16487
G0 F6000 X121.911 Y120.182
G1 F1500 E6.16487
G1 F1800 X112.609 Y115.844 E6.60755
G1 F1500 E5.60755
G0 F6000 X112.53 Y118.897
G1 F1500 E6.60755
G1 F1800 X119.634 Y122.209 E6.94561
G0 F6000 X118.998 Y122.451
G1 F1800 X122.255 Y115.467 E7.27797
G0 F6000 X122.363 Y115.758
G1 F1800 X115.706 Y112.654 E7.59477
G1 X115.875 Y112.585
G1 X112.697 Y119.401 E7.91913
G1 F1500 E6.91913
G0 F6000 X113.566 Y120.851
G1 F1500 E7.91913
G1 F1800 X117.54 Y112.328 E8.32472
G1 F1500 E7.32472
G0 F6000 X118.539 Y112.431
G1 F1500 E8.32472
G1 F1800 X120.677 Y113.427 E8.42645
G0 F6000 X120.254 Y113.134
G1 F1800 X115.922 Y122.423 E8.86851
G1 F1500 E7.86851
G0 F6000 X114.659 Y121.82
G1 F1500 E8.86851
G1 F1800 X118.986 Y112.54 E9.31012
G1 F1500 E8.31012
G0 F6000 X121.365 Y114.063
G1 F1500 E9.31012
G1 F1800 X117.349 Y122.676 E9.72
G1 X117.316 Y122.673
G1 X113.691 Y120.983 E9.8925
G1 F1500 E8.8925
;MESH:Encoder_Knob.stl
G0 F6000 X110.939 Y118.877
G0 X109.232 Y117.512
;TYPE:WALL-OUTER
G1 F1500 E9.8925
G1 F1640.7 X109.251 Y116.962 E9.91991
G1 F1646.2 X109.298 Y116.454 E9.94524
G1 F1651.8 X109.423 Y115.689 E9.98359
G1 F1643.5 X109.653 Y114.898 E10.02455
G1 F1635.3 X109.834 Y114.41 E10.05056
G1 F1646.2 X110.052 Y113.905 E10.07786
G1 X110.291 Y113.455 E10.10316
G1 F1635.3 X110.576 Y112.984 E10.13067
G1 X110.867 Y112.566 E10.15612
G1 X111.211 Y112.135 E10.18368
G1 F1640.7 X111.552 Y111.757 E10.20904
G1 F1643.5 X111.949 Y111.374 E10.23646
G1 F1638 X112.359 Y111.025 E10.26333
G1 X112.777 Y110.713 E10.28935
G1 F1640.7 X113.202 Y110.436 E10.31462
G1 F1638 X113.677 Y110.171 E10.34175
G1 F1635.3 X114.157 Y109.94 E10.36837
G1 X114.642 Y109.743 E10.39453
G1 F1632.6 X115.144 Y109.577 E10.421
G1 F1643.5 X115.648 Y109.439 E10.44698
G1 F1646.2 X116.168 Y109.341 E10.47325
G1 F1635.3 X116.713 Y109.272 E10.5007
G1 F1638 X117.465 Y109.218 E10.53832
G1 F1640.7 X118.285 Y109.271 E10.57925
G1 F1638 X118.821 Y109.339 E10.6062
G1 F1640.7 X119.331 Y109.437 E10.63207
G1 X119.846 Y109.574 E10.65861
G1 F1643.5 X120.362 Y109.744 E10.68562
G1 F1640.7 X120.843 Y109.939 E10.71147
G1 F1638 X121.33 Y110.175 E10.73847
G1 F1646.2 X121.795 Y110.434 E10.7649
G1 F1640.7 X122.219 Y110.713 E10.79018
G1 F1646.2 X122.642 Y111.021 E10.81615
G1 F1649 X123.049 Y111.373 E10.84282
G1 F1646.2 X123.441 Y111.747 E10.86971
G1 F1643.5 X123.787 Y112.131 E10.89541
G1 F1635.3 X124.131 Y112.563 E10.92301
G1 X124.423 Y112.979 E10.94841
G1 F1638 X124.699 Y113.432 E10.97487
G1 X124.948 Y113.908 E11.00168
G1 X125.158 Y114.386 E11.02772
G1 X125.349 Y114.902 E11.05517
G1 F1635.3 X125.494 Y115.392 E11.08071
G1 X125.616 Y115.929 E11.10823
G1 X125.7 Y116.451 E11.13465
G1 F1643.5 X125.778 Y117.272 E11.17566
G1 X125.749 Y118.036 E11.21367
G1 F1638 X125.7 Y118.545 E11.23919
G1 X125.617 Y119.067 E11.26556
G1 F1635.3 X125.494 Y119.605 E11.29314
G1 F1638 X125.35 Y120.092 E11.31847
G1 F1640.7 X125.168 Y120.591 E11.34493
G1 F1643.5 X124.946 Y121.091 E11.37213
G1 F1640.7 X124.71 Y121.546 E11.39766
G1 X124.425 Y122.019 E11.42516
G1 X124.133 Y122.434 E11.45044
G1 F1643.5 X123.79 Y122.868 E11.47794
G1 F1640.7 X123.446 Y123.242 E11.50325
G1 F1643.5 X123.062 Y123.62 E11.53005
G1 X122.646 Y123.969 E11.55705
G1 F1632.6 X122.226 Y124.283 E11.5833
G1 X121.797 Y124.563 E11.60894
G1 F1643.5 X121.327 Y124.83 E11.63582
G1 X120.843 Y125.061 E11.66248
G1 F1638 X120.367 Y125.254 E11.68811
G1 F1640.7 X119.864 Y125.422 E11.71452
G1 X119.339 Y125.56 E11.74156
G1 X118.827 Y125.66 E11.76754
G1 X118.291 Y125.729 E11.79446
G1 F1635.3 X117.75 Y125.764 E11.82155
G1 F1638 X117.246 Y125.765 E11.8467
G1 X116.718 Y125.729 E11.8731
G1 F1635.3 X116.172 Y125.659 E11.90061
G1 F1646.2 X115.652 Y125.562 E11.92687
G1 X115.154 Y125.425 E11.95251
G1 X114.638 Y125.258 E11.97943
G1 X114.167 Y125.064 E12.00472
G1 F1638 X113.671 Y124.825 E12.03218
G1 X113.207 Y124.564 E12.05874
G1 F1640.7 X112.777 Y124.287 E12.08422
G1 X112.339 Y123.96 E12.11144
G1 X111.95 Y123.627 E12.13695
G1 F1643.5 X111.554 Y123.246 E12.16427
G1 F1638 X111.209 Y122.865 E12.18992
G1 F1635.3 X110.869 Y122.437 E12.21723
G1 X110.574 Y122.016 E12.24292
G1 F1632.6 X110.293 Y121.55 E12.27016
G1 F1643.5 X110.056 Y121.106 E12.29519
G1 X109.84 Y120.607 E12.32222
G1 F1632.6 X109.651 Y120.098 E12.3494
G1 F1640.7 X109.504 Y119.609 E12.37484
G1 F1646.2 X109.383 Y119.071 E12.40221
G1 F1638 X109.299 Y118.549 E12.42859
G1 X109.25 Y118.04 E12.4541
G1 X109.232 Y117.512 E12.48046
G0 F6000 X109.238 Y117.712
G0 X109.832 Y117.501
G1 F1640.7 X109.851 Y118.044 E12.50752
G1 F1643.5 X109.902 Y118.542 E12.53241
G1 F1654.5 X110.049 Y119.357 E12.57331
G1 X110.278 Y120.074 E12.61049
G1 F1649 X110.582 Y120.833 E12.65101
G1 X110.968 Y121.515 E12.68984
G1 F1643.5 X111.259 Y121.957 E12.71616
G1 X111.581 Y122.373 E12.74232
G1 F1654.5 X112.117 Y122.976 E12.78216
G1 F1662.9 X112.933 Y123.673 E12.8349
G1 F1651.8 X113.575 Y124.087 E12.87269
G1 F1643.5 X114.043 Y124.344 E12.89924
G1 F1649 X114.802 Y124.687 E12.94052
G1 F1654.5 X115.814 Y124.99 E12.9927
G1 F1649 X116.565 Y125.11 E13.03039
G1 X117.379 Y125.175 E13.07085
G1 F1646.2 X118.177 Y125.138 E13.11051
G1 F1651.8 X118.96 Y125.036 E13.14958
G1 F1649 X119.688 Y124.849 E13.18683
G1 F1638 X120.213 Y124.672 E13.21447
G1 F1651.8 X120.965 Y124.351 E13.25492
G1 F1654.5 X121.622 Y123.967 E13.29251
G1 F1646.2 X122.073 Y123.655 E13.31973
G1 F1654.5 X122.729 Y123.129 E13.36126
G1 F1665.8 X123.431 Y122.376 E13.41176
G1 F1668.6 X124.049 Y121.508 E13.46395
G1 F1665.8 X124.534 Y120.575 E13.51553
G1 F1654.5 X124.801 Y119.841 E13.55411
G1 F1643.5 X124.945 Y119.328 E13.58061
G1 F1646.2 X125.058 Y118.799 E13.60746
G1 F1649 X125.127 Y118.287 E13.63306
G1 F1651.8 X125.18 Y117.504 E13.67189
G1 X125.129 Y116.725 E13.71051
G1 F1646.2 X125.059 Y116.21 E13.73631
G1 F1643.5 X124.951 Y115.692 E13.76262
G1 F1640.7 X124.808 Y115.179 E13.78915
G1 F1638 X124.622 Y114.659 E13.8167
G1 F1651.8 X124.299 Y113.935 E13.85592
G1 X123.892 Y113.265 E13.89471
G1 F1643.5 X123.567 Y112.809 E13.92255
G1 F1654.5 X123.053 Y112.198 E13.96199
G1 F1662.9 X122.287 Y111.496 E14.01305
G1 X121.405 Y110.89 E14.06563
G1 F1654.5 X120.696 Y110.53 E14.10491
G1 X119.957 Y110.227 E14.14436
G1 F1651.8 X119.209 Y110.025 E14.18269
G1 F1640.7 X118.697 Y109.926 E14.20866
G1 X118.168 Y109.863 E14.2352
G1 F1649 X117.345 Y109.824 E14.27603
G1 F1651.8 X116.578 Y109.888 E14.31411
G1 X115.797 Y110.013 E14.35324
G1 F1649 X115.043 Y110.238 E14.39223
G1 F1643.5 X114.533 Y110.43 E14.41933
G1 F1640.7 X114.062 Y110.648 E14.44518
G1 F1651.8 X113.345 Y111.043 E14.48568
G1 X112.727 Y111.499 E14.52368
G1 F1649 X112.117 Y112.024 E14.56356
G1 F1651.8 X111.594 Y112.611 E14.60246
G1 F1643.5 X111.26 Y113.042 E14.62957
G1 X110.979 Y113.466 E14.65487
G1 F1649 X110.577 Y114.179 E14.69543
G1 X110.288 Y114.9 E14.73392
G1 F1651.8 X110.042 Y115.669 E14.77387
G1 F1662.9 X109.862 Y116.714 E14.82598
G1 F1651.8 X109.832 Y117.501 E14.86494
G0 F6000 X109.839 Y117.301
G1 F1500 E13.86494
;MESH:NONMESH
G0 F600 X109.839 Y117.301 Z0.4
G0 F6000 X109.629 Y117.294
G0 X109.796 Y116.43
G0 X110.861 Y116.575
G0 X120.867 Y111.971
;TIME_ELAPSED:18.056563
;LAYER:1
M140 S65
M106 S255
M204 S750
;TYPE:SUPPORT
G1 F1500 E14.86494
G1 F3418.4 X119.615 Y111.387 E14.91078
G1 X119.794 Y111.441 E14.91698
G1 X120.581 Y111.802 E14.94571
G1 X121.005 Y112.053 E14.96205
G1 X121.711 Y112.579 E14.99126
G1 X122.325 Y113.181 E15.01979
G1 X122.877 Y113.889 E15.04958
G1 X123.239 Y114.476 E15.07246
G1 X123.321 Y114.66 E15.07914
G1 X115.951 Y111.224 E15.34892
G1 X115.417 Y111.365 E15.36725
G1 X114.579 Y111.718 E15.39741
G1 X114.192 Y111.948 E15.41235
G1 X123.921 Y116.484 E15.76849
G1 X123.986 Y117.488 E15.80187
G1 X123.951 Y118.044 E15.82035
G1 X112.945 Y112.911 E16.22325
G1 X112.494 Y113.385 E16.24496
G1 X112.034 Y114.031 E16.27127
G1 X123.67 Y119.457 E16.69723
G1 X123.505 Y119.921 E16.71357
G1 X123.111 Y120.741 E16.74375
G1 X111.424 Y115.291 E17.17158
G1 X111.273 Y115.712 E17.18642
G1 X111.072 Y116.672 E17.21896
G1 X122.258 Y121.888 E17.62844
G1 X121.86 Y122.307 E17.64761
G1 X121.084 Y122.886 E17.67973
G1 X111.069 Y118.215 E18.04636
G1 X111.079 Y118.37 E18.05152
G1 X111.259 Y119.235 E18.08083
G1 X111.519 Y119.97 E18.10669
G1 X119.473 Y123.679 E18.39786
G1 X118.514 Y123.896 E18.43048
G1 X117.602 Y123.975 E18.46086
G1 X116.693 Y123.925 E18.49106
G1 X116.259 Y123.856 E18.50564
G1 X115.408 Y123.628 E18.53487
G1 X114.58 Y123.28 E18.56467
G1 X114.199 Y123.072 E18.57907
G1 X113.455 Y122.558 E18.60907
G1 X113.146 Y122.274 E18.62299
G1 X116.685 Y123.924 E18.75254
G1 F1500 E17.75254
;MESH:Encoder_Knob.stl
G0 F7500 X110.86 Y118.422
G0 X109.252 Y117.755
M204 S1250
;TYPE:WALL-OUTER
G1 F1500 E18.75254
G1 F1613.1 X109.284 Y116.767 E18.80005
G1 F1610.4 X109.413 Y115.914 E18.84158
G1 F1607.6 X109.533 Y115.388 E18.8676
G1 F1604.8 X109.683 Y114.894 E18.89254
G1 F1599.3 X109.872 Y114.388 E18.91873
G1 F1610.4 X110.082 Y113.904 E18.94413
G1 X110.322 Y113.455 E18.96864
G1 F1599.3 X110.607 Y112.986 E18.99524
G1 X110.898 Y112.57 E19.01985
G1 F1596.6 X111.246 Y112.133 E19.04698
G1 F1604.8 X111.596 Y111.749 E19.07208
G1 F1610.4 X111.962 Y111.398 E19.0965
G1 F1604.8 X112.388 Y111.037 E19.12347
G1 F1591.1 X113.006 Y110.581 E19.1609
G1 F1588.4 X113.701 Y110.188 E19.19987
G1 F1604.8 X114.175 Y109.958 E19.22532
G1 F1602.1 X114.667 Y109.763 E19.25093
G1 F1607.6 X115.141 Y109.602 E19.27507
G1 X115.689 Y109.462 E19.30235
G1 F1599.3 X116.422 Y109.316 E19.33858
G1 F1593.8 X117.509 Y109.249 E19.39156
G1 X118.283 Y109.297 E19.42928
G1 F1602.1 X118.817 Y109.366 E19.45534
G1 X119.337 Y109.465 E19.48095
G1 X119.845 Y109.599 E19.50638
G1 X120.356 Y109.77 E19.53245
G1 X120.847 Y109.97 E19.55811
G1 X121.323 Y110.201 E19.58371
G1 F1599.3 X121.792 Y110.467 E19.60985
G1 F1607.6 X122.225 Y110.745 E19.63467
G1 F1604.8 X122.655 Y111.071 E19.66074
G1 F1596.6 X123.041 Y111.401 E19.6854
G1 F1607.6 X123.424 Y111.768 E19.71098
G1 F1604.8 X123.791 Y112.177 E19.73753
G1 F1593.8 X124.105 Y112.573 E19.76211
G1 F1596.6 X124.407 Y113.005 E19.78771
G1 F1602.1 X124.683 Y113.459 E19.81342
G1 X124.925 Y113.925 E19.83883
G1 X125.139 Y114.41 E19.86448
G1 F1604.8 X125.329 Y114.927 E19.89109
G1 F1610.4 X125.537 Y115.632 E19.92648
G1 F1607.6 X125.676 Y116.469 E19.9674
G1 F1596.6 X125.725 Y116.991 E19.99286
G1 F1604.8 X125.744 Y117.501 E20.01751
G1 F1607.6 X125.721 Y118.058 E20.0444
G1 F1602.1 X125.671 Y118.557 E20.06867
G1 F1599.3 X125.586 Y119.086 E20.09464
G1 F1596.6 X125.464 Y119.612 E20.12086
G1 X125.319 Y120.097 E20.14544
G1 F1602.1 X125.13 Y120.613 E20.17204
G1 F1604.8 X124.912 Y121.099 E20.19777
G1 F1602.1 X124.675 Y121.553 E20.22255
G1 X124.397 Y122.008 E20.24836
G1 F1599.3 X124.102 Y122.43 E20.27332
G1 F1602.1 X123.77 Y122.849 E20.29919
G1 F1613.1 X123.206 Y123.461 E20.33919
G1 F1610.4 X122.618 Y123.957 E20.37622
G1 F1596.6 X121.996 Y124.42 E20.41388
G1 F1593.8 X121.303 Y124.81 E20.45256
G1 F1599.3 X120.824 Y125.04 E20.47832
G1 F1602.1 X120.325 Y125.242 E20.50437
G1 F1604.8 X119.842 Y125.401 E20.52893
G1 X119.331 Y125.535 E20.55445
G1 F1602.1 X118.813 Y125.635 E20.57999
G1 X118.263 Y125.705 E20.60682
G1 F1604.8 X117.747 Y125.74 E20.6318
G1 F1602.1 X117.228 Y125.736 E20.65692
G1 F1596.6 X116.72 Y125.702 E20.68164
G1 F1607.6 X116.175 Y125.636 E20.70812
G1 X115.646 Y125.529 E20.73415
G1 F1596.6 X115.143 Y125.394 E20.75944
G1 X114.643 Y125.228 E20.78502
G1 F1604.8 X114.152 Y125.032 E20.81056
G1 F1607.6 X113.677 Y124.799 E20.83608
G1 F1599.3 X113.2 Y124.529 E20.86265
G1 X112.78 Y124.255 E20.88696
G1 F1602.1 X112.343 Y123.928 E20.91337
G1 X111.957 Y123.599 E20.93791
G1 F1604.8 X111.574 Y123.228 E20.96367
G1 X111.21 Y122.825 E20.98991
G1 F1599.3 X110.884 Y122.412 E21.01542
G1 F1602.1 X110.586 Y121.982 E21.04073
G1 F1599.3 X110.309 Y121.524 E21.06668
G1 F1602.1 X109.966 Y120.874 E21.10225
G1 X109.672 Y120.074 E21.14349
G1 F1604.8 X109.525 Y119.587 E21.16807
G1 F1607.6 X109.407 Y119.053 E21.19444
G1 F1604.8 X109.322 Y118.531 E21.21999
G1 F1610.4 X109.252 Y117.755 E21.25751
M204 S750
G0 F7500 X109.269 Y117.954
G0 X109.841 Y117.49
M204 S1250
G1 F1615.9 X109.871 Y118.291 E21.29596
G1 F1627.2 X110.033 Y119.276 E21.34352
G1 F1618.7 X110.289 Y120.081 E21.38398
G1 F1613.1 X110.58 Y120.807 E21.42157
G1 X110.973 Y121.508 E21.4602
G1 F1610.4 X111.262 Y121.944 E21.48538
G1 F1607.6 X111.581 Y122.359 E21.51062
G1 F1615.9 X112.116 Y122.963 E21.54934
G1 F1613.1 X112.706 Y123.474 E21.58685
G1 F1604.8 X113.135 Y123.794 E21.6127
G1 X113.583 Y124.08 E21.63838
G1 F1615.9 X114.279 Y124.46 E21.67643
G1 X115.018 Y124.743 E21.71439
G1 F1604.8 X115.516 Y124.895 E21.73955
G1 F1613.1 X116.269 Y125.069 E21.77669
G1 X117.084 Y125.147 E21.81604
G1 X117.9 Y125.159 E21.85526
G1 X118.668 Y125.069 E21.89243
G1 F1618.7 X119.446 Y124.917 E21.93039
G1 X120.19 Y124.672 E21.96791
G1 F1607.6 X120.695 Y124.461 E21.9943
G1 X121.144 Y124.236 E22.01852
G1 F1613.1 X121.844 Y123.822 E22.05761
G1 F1627.2 X122.68 Y123.157 E22.10851
G1 F1630.1 X123.416 Y122.376 E22.15955
G1 F1615.9 X123.855 Y121.771 E22.19541
G1 F1602.1 X124.174 Y121.257 E22.22469
G1 F1615.9 X124.521 Y120.58 E22.26118
G1 F1618.7 X124.801 Y119.807 E22.30056
G1 F1610.4 X124.946 Y119.288 E22.3265
G1 F1613.1 X125.053 Y118.773 E22.35178
G1 X125.12 Y118.259 E22.3767
G1 X125.167 Y117.501 E22.4132
G1 F1610.4 X125.124 Y116.772 E22.44835
G1 F1615.9 X124.999 Y115.865 E22.49228
G1 F1630.1 X124.706 Y114.878 E22.54125
G1 F1627.2 X124.288 Y113.935 E22.5904
G1 F1613.1 X123.868 Y113.246 E22.62918
G1 F1604.8 X123.558 Y112.815 E22.65483
G1 F1615.9 X123.055 Y112.213 E22.69246
G1 X122.465 Y111.669 E22.73097
G1 X121.83 Y111.171 E22.76968
G1 X121.161 Y110.774 E22.80701
G1 F1607.6 X120.696 Y110.539 E22.83213
G1 X120.21 Y110.336 E22.85753
G1 F1618.7 X119.448 Y110.083 E22.89599
G1 F1615.9 X118.688 Y109.935 E22.93314
G1 F1613.1 X117.898 Y109.842 E22.97137
G1 X117.092 Y109.852 E23.01011
G1 X116.309 Y109.923 E23.04789
G1 F1621.6 X115.27 Y110.164 E23.09889
G1 X114.288 Y110.536 E23.1491
G1 F1613.1 X113.587 Y110.916 E23.18742
G1 F1602.1 X113.153 Y111.193 E23.21233
G1 X112.722 Y111.514 E23.23834
G1 F1613.1 X112.121 Y112.033 E23.2765
G1 F1615.9 X111.6 Y112.619 E23.31412
G1 F1607.6 X111.278 Y113.036 E23.33953
G1 X110.982 Y113.478 E23.36519
G1 F1613.1 X110.596 Y114.162 E23.40294
G1 X110.29 Y114.917 E23.44209
G1 F1615.9 X110.052 Y115.672 E23.48007
G1 F1627.2 X109.871 Y116.704 E23.52999
G1 F1615.9 X109.841 Y117.49 E23.56773
M204 S750
G0 F7500 X109.848 Y117.29
G1 F1500 E22.56773
;MESH:NONMESH
G0 F600 X109.848 Y117.29 Z0.6
G0 F7500 X109.63 Y117.283
G0 X109.796 Y116.43
G0 X110.861 Y116.576
G0 X120.79 Y111.936
;TIME_ELAPSED:25.947603
;LAYER:2
M204 S1000
;TYPE:SUPPORT
G1 F1500 E23.56773
G1 F2815.2 X119.612 Y111.386 E23.61086
G1 X119.77 Y111.433 E23.61633
G1 X120.58 Y111.802 E23.64586
G1 X121.348 Y112.289 E23.67603
G1 X122.017 Y112.858 E23.70517
G1 X122.331 Y113.185 E23.72021
G1 X122.877 Y113.889 E23.74977
G1 X123.321 Y114.66 E23.77928
G1 X115.923 Y111.21 E24.0501
G1 X114.989 Y111.529 E24.08285
G1 X114.192 Y111.948 E24.11272
G1 X123.878 Y116.465 E24.4673
G1 X123.945 Y116.857 E24.48049
G1 X123.985 Y117.488 E24.50147
G1 X123.95 Y118.043 E24.51992
G1 X112.944 Y112.911 E24.92281
G1 X112.503 Y113.376 E24.94407
G1 X112.034 Y114.031 E24.9708
G1 X123.67 Y119.457 E25.39676
G1 X123.342 Y120.293 E25.42655
G1 X123.091 Y120.732 E25.44333
G1 X111.425 Y115.292 E25.87038
G1 X111.272 Y115.719 E25.88543
G1 X111.072 Y116.672 E25.91774
G1 X122.248 Y121.883 E26.32685
G1 X121.713 Y122.417 E26.35193
G1 X121.082 Y122.885 E26.37799
G1 X111.07 Y118.216 E26.7445
G1 X111.081 Y118.38 E26.74996
G1 X111.259 Y119.235 E26.77893
G1 X111.519 Y119.97 E26.8048
G1 X119.439 Y123.663 E27.09472
G1 X118.944 Y123.812 E27.11187
G1 X118.04 Y123.953 E27.14223
G1 X117.218 Y123.968 E27.1695
G1 X116.437 Y123.905 E27.1955
G1 X115.408 Y123.628 E27.23085
G1 X114.58 Y123.28 E27.26065
G1 X114.199 Y123.072 E27.27505
G1 X113.455 Y122.558 E27.30505
G1 X113.146 Y122.274 E27.31898
G1 X116.688 Y123.925 E27.44863
G1 F1500 E26.44863
;MESH:Encoder_Knob.stl
G0 F9000 X110.86 Y118.422
G0 X109.278 Y117.757
M204 S2000
;TYPE:WALL-OUTER
G1 F1500 E27.44863
G1 F1969.4 X109.314 Y116.695 E27.49837
G1 X109.44 Y115.916 E27.53532
G1 F1955.6 X109.625 Y115.134 E27.5732
G1 F1952.1 X109.895 Y114.401 E27.61009
G1 F1959 X110.117 Y113.904 E27.63571
G1 X110.353 Y113.455 E27.65959
G1 F1955.6 X110.769 Y112.776 E27.69713
G1 X111.264 Y112.156 E27.73453
G1 F1969.4 X111.625 Y111.757 E27.75972
G1 X112.005 Y111.395 E27.78429
G1 F1962.5 X112.391 Y111.068 E27.80806
G1 F1966 X112.831 Y110.742 E27.83374
G1 X113.454 Y110.34 E27.86851
G1 F1962.5 X114.178 Y109.988 E27.90633
G1 F1959 X114.65 Y109.797 E27.93029
G1 F1955.6 X115.191 Y109.619 E27.95714
G1 F1969.4 X115.703 Y109.481 E27.98197
G1 X116.207 Y109.39 E28.00594
G1 F1955.6 X116.724 Y109.324 E28.03052
G1 F1948.7 X117.503 Y109.277 E28.06744
G1 F1952.1 X118.279 Y109.323 E28.10415
G1 F1962.5 X118.814 Y109.392 E28.1295
G1 F1966 X119.326 Y109.489 E28.15393
G1 F1969.4 X119.831 Y109.624 E28.17841
G1 X120.346 Y109.794 E28.20379
G1 F1966 X121.073 Y110.092 E28.24064
G1 F1962.5 X121.759 Y110.478 E28.27762
G1 X122.213 Y110.774 E28.30308
G1 X122.641 Y111.095 E28.32822
G1 F1976.5 X123.029 Y111.421 E28.35186
G1 F1973 X123.41 Y111.796 E28.37684
G1 F1955.6 X123.777 Y112.204 E28.40271
G1 F1959 X124.092 Y112.601 E28.42656
G1 F1948.7 X124.547 Y113.263 E28.46457
G1 F1952.1 X125.025 Y114.177 E28.51328
G1 F1966 X125.294 Y114.905 E28.54968
G1 X125.44 Y115.4 E28.57388
G1 F1962.5 X125.624 Y116.211 E28.61295
G1 F1969.4 X125.725 Y117.269 E28.6627
G1 F1962.5 X125.683 Y118.307 E28.71151
G1 F1955.6 X125.558 Y119.093 E28.74903
G1 F1948.7 X125.374 Y119.863 E28.78649
G1 F1952.1 X125.118 Y120.568 E28.82191
G1 F1966 X124.889 Y121.09 E28.84865
G1 X124.648 Y121.544 E28.87275
G1 F1952.1 X124.231 Y122.222 E28.91034
G1 F1959 X123.735 Y122.85 E28.94801
G1 F1969.4 X123.375 Y123.238 E28.97278
G1 F1962.5 X122.999 Y123.6 E28.9973
G1 F1976.5 X122.611 Y123.935 E29.02122
G1 X122.173 Y124.255 E29.04652
G1 F1952.1 X121.53 Y124.666 E29.08256
G1 F1959 X120.82 Y125.013 E29.11975
G1 F1969.4 X120.35 Y125.204 E29.1435
G1 X119.825 Y125.378 E29.1694
G1 F1966 X119.328 Y125.508 E29.19349
G1 X118.793 Y125.612 E29.21905
G1 X118.266 Y125.679 E29.24396
G1 F1952.1 X117.742 Y125.708 E29.26875
G1 F1938.5 X116.951 Y125.705 E29.30637
G1 F1948.7 X116.153 Y125.601 E29.34444
G1 F1973 X115.481 Y125.474 E29.3764
G1 F1987.1 X114.653 Y125.208 E29.41675
G1 F1962.5 X113.928 Y124.905 E29.45367
G1 F1952.1 X113.24 Y124.522 E29.49086
G1 F1962.5 X112.785 Y124.225 E29.51638
G1 F1966 X112.363 Y123.909 E29.54111
G1 F1969.4 X111.951 Y123.556 E29.56651
G1 F1973 X111.585 Y123.201 E29.59033
G1 F1969.4 X111.222 Y122.797 E29.61576
G1 F1959 X110.908 Y122.399 E29.63962
G1 F1952.1 X110.45 Y121.733 E29.67779
G1 F1945.3 X109.977 Y120.821 E29.72649
G1 F1955.6 X109.704 Y120.086 E29.76345
G1 F1973 X109.557 Y119.601 E29.78713
G1 F1983.5 X109.371 Y118.767 E29.82685
G1 F1976.5 X109.278 Y117.757 E29.87416
M204 S1000
G0 F9000 X109.296 Y117.956
G0 X109.85 Y117.489
M204 S2000
G1 F1980 X109.88 Y118.291 E29.91153
G1 F1997.8 X110.058 Y119.321 E29.95977
G1 F1987.1 X110.294 Y120.066 E29.99603
G1 F1962.5 X110.489 Y120.569 E30.02138
G1 X110.72 Y121.042 E30.04611
G1 F1980 X111.116 Y121.735 E30.08327
G1 X111.591 Y122.358 E30.11975
G1 F1983.5 X112.12 Y122.953 E30.15676
G1 X112.71 Y123.465 E30.19307
G1 F1969.4 X113.134 Y123.783 E30.21788
G1 F1980 X113.867 Y124.249 E30.25832
G1 F1990.7 X114.751 Y124.651 E30.3033
G1 F1987.1 X115.773 Y124.962 E30.35287
G1 F1980 X116.549 Y125.09 E30.38949
G1 F1966 X117.162 Y125.143 E30.41834
G1 F1962.5 X118.128 Y125.125 E30.46373
G1 F1980 X118.929 Y125.025 E30.50132
G1 X119.655 Y124.84 E30.53621
G1 F1983.5 X120.419 Y124.582 E30.57369
G1 X121.135 Y124.233 E30.61071
G1 F1966 X121.585 Y123.967 E30.63523
G1 F1983.5 X122.247 Y123.514 E30.67251
G1 X122.82 Y122.995 E30.70845
G1 X123.369 Y122.42 E30.7454
G1 F1997.8 X123.954 Y121.635 E30.79058
G1 F1987.1 X124.366 Y120.875 E30.83069
G1 F1983.5 X124.705 Y120.094 E30.87026
G1 F1987.1 X124.941 Y119.273 E30.9099
G1 F1983.5 X125.107 Y118.437 E30.94952
G1 F1987.1 X125.157 Y117.506 E30.99277
G1 F1976.5 X125.116 Y116.787 E31.02637
G1 F1973 X125.05 Y116.269 E31.05077
G1 X124.911 Y115.604 E31.08252
G1 F1969.4 X124.766 Y115.104 E31.10689
G1 X124.496 Y114.374 E31.14333
G1 F1966 X124.133 Y113.686 E31.17981
G1 F1969.4 X123.84 Y113.219 E31.20561
G1 F1973 X123.539 Y112.805 E31.22953
G1 X123.198 Y112.396 E31.25442
G1 F1983.5 X122.646 Y111.825 E31.29133
G1 X122.041 Y111.343 E31.32729
G1 F1973 X121.598 Y111.039 E31.35239
G1 X120.899 Y110.634 E31.39015
G1 X120.177 Y110.333 E31.4267
G1 F1983.5 X119.425 Y110.086 E31.46349
G1 X118.677 Y109.941 E31.49891
G1 F1976.5 X117.891 Y109.85 E31.53582
G1 F1980 X117.085 Y109.862 E31.57335
G1 F1973 X116.565 Y109.908 E31.59775
G1 F1980 X115.816 Y110.028 E31.63307
G1 F1976.5 X115.034 Y110.26 E31.67112
G1 F1973 X114.527 Y110.452 E31.69645
G1 X113.783 Y110.801 E31.73485
G1 F1969.4 X113.152 Y111.205 E31.76993
G1 X112.724 Y111.524 E31.79492
G1 F1980 X112.117 Y112.051 E31.83235
G1 F1976.5 X111.596 Y112.636 E31.86889
G1 F1973 X111.118 Y113.264 E31.90577
G1 F1976.5 X110.729 Y113.941 E31.94219
G1 F1969.4 X110.495 Y114.427 E31.96744
G1 X110.304 Y114.91 E31.99176
G1 F1983.5 X110.061 Y115.67 E32.02885
G1 F1987.1 X109.88 Y116.696 E32.07719
G1 F1973 X109.85 Y117.489 E32.11427
M204 S1000
G0 F9000 X109.857 Y117.289
G1 F1500 E31.11427
;MESH:NONMESH
G0 F600 X109.857 Y117.289 Z0.8
G0 F9000 X109.63 Y117.281
G0 X109.796 Y116.43
G0 X110.861 Y116.576
G0 X120.793 Y111.937
;TIME_ELAPSED:33.095744
;LAYER:3
;TYPE:SUPPORT
G1 F1500 E32.11427
G1 F2805.6 X119.62 Y111.39 E32.15721
G1 X120.197 Y111.61 E32.1777
G1 X120.996 Y112.048 E32.20793
G1 X121.685 Y112.558 E32.23637
G1 X122.331 Y113.185 E32.26624
G1 X122.876 Y113.888 E32.29575
G1 X123.319 Y114.659 E32.32525
G1 X115.921 Y111.21 E32.59605
G1 X114.989 Y111.529 E32.62874
G1 X114.192 Y111.948 E32.65861
G1 X123.915 Y116.482 E33.01454
G1 X123.976 Y117.331 E33.04278
G1 X123.945 Y118.041 E33.06636
G1 X112.946 Y112.912 E33.46899
G1 X112.503 Y113.376 E33.49028
G1 X112.034 Y114.031 E33.51701
G1 X123.669 Y119.457 E33.94293
G1 X123.33 Y120.315 E33.97354
G1 X123.091 Y120.732 E33.98949
G1 X111.425 Y115.292 E34.41654
G1 X111.278 Y115.706 E34.43112
G1 X111.155 Y116.193 E34.44778
G1 X111.088 Y116.68 E34.46409
G1 X122.247 Y121.883 E34.87258
G1 X122.029 Y122.129 E34.88348
G1 X121.335 Y122.717 E34.91366
G1 X121.087 Y122.887 E34.92364
G1 X111.074 Y118.218 E35.29018
G1 X111.155 Y118.814 E35.31013
G1 X111.258 Y119.231 E35.32438
G1 X111.519 Y119.97 E35.35039
G1 X119.439 Y123.663 E35.64031
G1 X118.944 Y123.812 E35.65746
G1 X118.038 Y123.953 E35.68788
G1 X117.199 Y123.966 E35.71572
G1 X116.446 Y123.906 E35.74078
G1 X115.408 Y123.628 E35.77643
G1 X114.576 Y123.278 E35.80638
G1 X113.803 Y122.817 E35.83624
G1 X113.146 Y122.274 E35.86452
G1 X116.687 Y123.925 E35.99414
G1 F1500 E34.99414
;MESH:Encoder_Knob.stl
G0 F9000 X110.86 Y118.421
G0 X109.307 Y117.737
M204 S2000
;TYPE:WALL-OUTER
G1 F1500 E35.99414
G1 F2016 X109.33 Y116.976 E36.02896
G1 F2034.5 X109.384 Y116.422 E36.05418
G1 X109.511 Y115.666 E36.08892
G1 F2027.1 X109.725 Y114.938 E36.12343
G1 F2023.4 X109.905 Y114.446 E36.1473
G1 F2038.2 X110.196 Y113.77 E36.1806
G1 F2053.3 X110.63 Y113.04 E36.21873
G1 F2034.5 X110.971 Y112.562 E36.24534
G1 F2019.7 X111.299 Y112.154 E36.26923
G1 X111.654 Y111.768 E36.29317
G1 F2012.3 X112.217 Y111.236 E36.32866
G1 F2019.7 X112.843 Y110.766 E36.3644
G1 F2030.8 X113.292 Y110.477 E36.38864
G1 X113.741 Y110.227 E36.41197
G1 F2027.1 X114.234 Y109.992 E36.43681
G1 F2023.4 X114.701 Y109.805 E36.45973
G1 X115.208 Y109.641 E36.48401
G1 F2038.2 X115.703 Y109.509 E36.50719
G1 X116.227 Y109.413 E36.53128
G1 F2019.7 X116.752 Y109.347 E36.55544
G1 F2012.3 X117.513 Y109.304 E36.59036
G1 F2016 X118.279 Y109.35 E36.62546
G1 F2030.8 X118.81 Y109.417 E36.64975
G1 X119.319 Y109.515 E36.67329
G1 F2027.1 X119.866 Y109.662 E36.69905
G1 F2012.3 X120.638 Y109.928 E36.73646
G1 X121.314 Y110.255 E36.77086
G1 F2030.8 X121.772 Y110.515 E36.79477
G1 F2034.5 X122.226 Y110.816 E36.81946
G1 X122.629 Y111.116 E36.84223
G1 X123.041 Y111.474 E36.86696
G1 F2023.4 X123.409 Y111.834 E36.89042
G1 F2042 X123.787 Y112.25 E36.9158
G1 F2030.8 X124.246 Y112.845 E36.94991
G1 F2016 X124.625 Y113.466 E36.98319
G1 F2023.4 X124.894 Y113.986 E37.00986
G1 F2027.1 X125.102 Y114.455 E37.0332
G1 F2019.7 X125.355 Y115.164 E37.06756
G1 F2001.4 X125.533 Y115.939 E37.10419
G1 F2016 X125.627 Y116.504 E37.13039
G1 F2019.7 X125.695 Y117.261 E37.16508
G1 X125.669 Y118.024 E37.19993
G1 F2023.4 X125.613 Y118.586 E37.22567
G1 F2008.7 X125.482 Y119.348 E37.26116
G1 F2012.3 X125.276 Y120.062 E37.2952
G1 F2034.5 X125.096 Y120.555 E37.31899
G1 X124.875 Y121.054 E37.34372
G1 F2027.1 X124.643 Y121.501 E37.36663
G1 F2030.8 X124.366 Y121.964 E37.39112
G1 X124.033 Y122.434 E37.41727
G1 F2034.5 X123.711 Y122.839 E37.44072
G1 X123.351 Y123.225 E37.46464
G1 F2016 X122.783 Y123.765 E37.50048
G1 X122.153 Y124.236 E37.53645
G1 F2034.5 X121.701 Y124.53 E37.56089
G1 F2038.2 X121.258 Y124.773 E37.58374
G1 F2023.4 X120.765 Y125.008 E37.60863
G1 F2027.1 X120.298 Y125.195 E37.63151
G1 F2016 X119.535 Y125.439 E37.66814
G1 F2008.7 X118.892 Y125.572 E37.69828
G1 F2019.7 X118.274 Y125.65 E37.72672
G1 F2030.8 X117.737 Y125.687 E37.75115
G1 F2019.7 X116.954 Y125.678 E37.7869
G1 F2012.3 X116.146 Y125.573 E37.82423
G1 F2038.2 X115.638 Y125.475 E37.84763
G1 X115.135 Y125.337 E37.87123
G1 F2016 X114.362 Y125.072 E37.9086
G1 X113.676 Y124.739 E37.94347
G1 F2027.1 X113.229 Y124.484 E37.96688
G1 F2030.8 X112.582 Y124.058 E38.00205
G1 X111.958 Y123.525 E38.0393
G1 F2027.1 X111.595 Y123.17 E38.0624
G1 X111.244 Y122.78 E38.08626
G1 F2016 X110.754 Y122.155 E38.12258
G1 X110.371 Y121.525 E38.1563
G1 F2038.2 X110.129 Y121.072 E38.17953
G1 X109.892 Y120.524 E38.20654
G1 F2016 X109.64 Y119.821 E38.24069
G1 F2019.7 X109.463 Y119.061 E38.27631
G1 F2038.2 X109.371 Y118.494 E38.3023
G1 F2023.4 X109.307 Y117.737 E38.33691
M204 S1000
G0 F9000 X109.323 Y117.936
G0 X109.859 Y117.491
M204 S2000
G1 F2042 X109.888 Y118.288 E38.37292
G1 F2061 X110.07 Y119.33 E38.42024
G1 F2049.5 X110.301 Y120.061 E38.45473
G1 F2045.8 X110.608 Y120.825 E38.49184
G1 F2042 X110.99 Y121.502 E38.52693
G1 F2027.1 X111.271 Y121.93 E38.55022
G1 X111.595 Y122.348 E38.57428
G1 F2034.5 X111.942 Y122.743 E38.5981
G1 X112.315 Y123.111 E38.62185
G1 F2030.8 X112.707 Y123.451 E38.64541
G1 F2034.5 X113.135 Y123.773 E38.66968
G1 X113.583 Y124.06 E38.69379
G1 X114.051 Y124.319 E38.71803
G1 F2023.4 X114.532 Y124.544 E38.74222
G1 F2027.1 X115.001 Y124.72 E38.76501
G1 F2049.5 X115.795 Y124.959 E38.80231
G1 F2045.8 X116.545 Y125.08 E38.83655
G1 F2023.4 X117.071 Y125.131 E38.86063
G1 F2034.5 X117.887 Y125.141 E38.89761
G1 F2057.1 X118.922 Y125.017 E38.94433
G1 F2045.8 X119.658 Y124.831 E38.97854
G1 F2030.8 X120.157 Y124.665 E39.00241
G1 F2034.5 X120.655 Y124.459 E39.02684
G1 F2049.5 X121.364 Y124.104 E39.06251
G1 F2064.8 X122.215 Y123.525 E39.10847
G1 F2053.3 X122.813 Y122.994 E39.14437
G1 X123.364 Y122.415 E39.18026
G1 F2064.8 X123.981 Y121.565 E39.22716
G1 F2045.8 X124.376 Y120.831 E39.26473
G1 X124.672 Y120.161 E39.29774
G1 F2049.5 X124.918 Y119.344 E39.33612
G1 F2034.5 X125.086 Y118.403 E39.37944
G1 F2038.2 X125.132 Y117.85 E39.40454
G1 F2030.8 X125.141 Y117.225 E39.43292
G1 F2023.4 X125.088 Y116.596 E39.46168
G1 F2030.8 X124.904 Y115.61 E39.50722
G1 F2049.5 X124.673 Y114.837 E39.54351
G1 X124.352 Y114.12 E39.57885
G1 F2045.8 X123.946 Y113.369 E39.61732
G1 F2061 X123.363 Y112.584 E39.66106
G1 F2053.3 X122.812 Y112.006 E39.69692
G1 X122.217 Y111.477 E39.73267
G1 F2064.8 X121.368 Y110.899 E39.77853
G1 F2045.8 X120.656 Y110.542 E39.81442
G1 F2030.8 X120.177 Y110.343 E39.83797
G1 X119.676 Y110.175 E39.86196
G1 F2042 X118.923 Y109.983 E39.89705
G1 F2053.3 X117.883 Y109.859 E39.94408
G1 F2045.8 X117.092 Y109.871 E39.97973
G1 F2034.5 X116.557 Y109.918 E40.00407
G1 F2045.8 X115.785 Y110.043 E40.03931
G1 X115.021 Y110.272 E40.07526
G1 F2034.5 X114.534 Y110.458 E40.09888
G1 F2030.8 X114.041 Y110.686 E40.12354
G1 X113.602 Y110.927 E40.14628
G1 X113.158 Y111.211 E40.17021
G1 X112.735 Y111.526 E40.19415
G1 F2034.5 X112.329 Y111.876 E40.21844
G1 X111.957 Y112.241 E40.24206
G1 F2030.8 X111.601 Y112.644 E40.26647
G1 F2038.2 X111.096 Y113.313 E40.30439
G1 F2049.5 X110.61 Y114.172 E40.34879
G1 F2042 X110.308 Y114.921 E40.38525
G1 F2038.2 X110.073 Y115.65 E40.4199
G1 F2053.3 X109.889 Y116.707 E40.46807
G1 F2045.8 X109.859 Y117.491 E40.50343
M204 S1000
G0 F9000 X109.866 Y117.291
G1 F1500 E39.50343
;MESH:NONMESH
G0 F600 X109.866 Y117.291 Z1
G0 F9000 X109.63 Y117.283
G0 X109.796 Y116.431
G0 X110.861 Y116.577
G0 X120.803 Y111.941
;TIME_ELAPSED:40.147049
;LAYER:4
;TYPE:SUPPORT
G1 F1500 E40.50343
G1 F2793.9 X119.622 Y111.391 E40.54665
G1 X120.194 Y111.61 E40.56697
G1 X120.973 Y112.034 E40.5964
G1 X121.348 Y112.289 E40.61144
G1 X122.012 Y112.854 E40.64037
G1 X122.331 Y113.185 E40.65562
G1 X122.847 Y113.846 E40.68344
G1 X123.123 Y114.289 E40.70076
G1 X123.298 Y114.65 E40.71407
G1 X115.922 Y111.21 E40.98409
G1 X114.989 Y111.529 E41.0168
G1 X114.193 Y111.948 E41.04664
G1 X123.877 Y116.464 E41.40115
G1 X123.937 Y116.801 E41.4125
G1 X123.98 Y117.483 E41.43517
G1 X123.947 Y118.041 E41.45372
G1 X112.946 Y112.912 E41.85642
G1 X112.503 Y113.376 E41.8777
G1 X112.034 Y114.031 E41.90443
G1 X123.668 Y119.456 E42.33031
G1 X123.323 Y120.331 E42.36152
G1 X123.091 Y120.732 E42.37689
G1 X111.414 Y115.287 E42.80434
G1 X111.329 Y115.502 E42.81201
G1 X111.155 Y116.193 E42.83565
G1 X111.088 Y116.68 E42.85196
G1 X122.246 Y121.883 E43.26042
G1 X122.017 Y122.139 E43.27182
G1 X121.335 Y122.717 E43.30148
G1 X121.087 Y122.887 E43.31145
G1 X111.071 Y118.217 E43.6781
G1 X111.084 Y118.395 E43.68402
G1 X111.258 Y119.231 E43.71235
G1 X111.519 Y119.97 E43.73835
G1 X119.44 Y123.664 E44.02832
G1 X118.937 Y123.813 E44.04572
G1 X118.019 Y123.953 E44.07653
G1 X117.179 Y123.964 E44.1044
G1 X116.254 Y123.855 E44.1353
G1 X115.408 Y123.628 E44.16436
G1 X114.576 Y123.278 E44.19431
G1 X113.803 Y122.817 E44.22417
G1 X113.146 Y122.274 E44.25245
G1 X116.634 Y123.9 E44.38013
G1 F1500 E43.38013
;MESH:Encoder_Knob.stl
G0 F9000 X110.86 Y118.424
G0 X109.338 Y117.527
M204 S2000
;TYPE:WALL-OUTER
G1 F1500 E44.38013
G1 F2100 X109.356 Y116.977 E44.40429
G1 F2108 X109.403 Y116.474 E44.42638
G1 X109.486 Y115.96 E44.44915
G1 F2104 X109.652 Y115.216 E44.48256
G1 F2096 X109.93 Y114.455 E44.5182
G1 F2088.1 X110.172 Y113.91 E44.54452
G1 F2084.2 X110.539 Y113.223 E44.57898
G1 F2096 X110.946 Y112.633 E44.61051
G1 F2104 X111.293 Y112.202 E44.63475
G1 F2096 X111.632 Y111.829 E44.65692
G1 X112.016 Y111.457 E44.68044
G1 F2100 X112.63 Y110.936 E44.71579
G1 X113.254 Y110.53 E44.74848
G1 X113.727 Y110.262 E44.77235
G1 F2096 X114.189 Y110.041 E44.79487
G1 F2104 X114.665 Y109.845 E44.81743
G1 X115.177 Y109.678 E44.84103
G1 F2108 X115.675 Y109.541 E44.86362
G1 F2104 X116.18 Y109.447 E44.88613
G1 F2088.1 X116.745 Y109.376 E44.91127
G1 F2080.3 X117.517 Y109.331 E44.94555
G1 F2084.2 X118.278 Y109.377 E44.97927
G1 F2104 X118.806 Y109.442 E45.00258
G1 F2100 X119.312 Y109.541 E45.02522
G1 F2092.1 X119.805 Y109.672 E45.0477
G1 F2100 X120.328 Y109.844 E45.07187
G1 F2084.2 X121.065 Y110.149 E45.10715
G1 F2096 X121.608 Y110.447 E45.1344
G1 F2128.2 X122.378 Y110.94 E45.17401
G1 F2132.3 X123.22 Y111.659 E45.22188
G1 F2112 X123.702 Y112.197 E45.25341
G1 F2092.1 X124.03 Y112.606 E45.27652
G1 X124.341 Y113.05 E45.30041
G1 X124.632 Y113.535 E45.32533
G1 F2080.3 X124.979 Y114.218 E45.35929
G1 F2084.2 X125.247 Y114.931 E45.39298
G1 F2092.1 X125.389 Y115.414 E45.41517
G1 F2100 X125.564 Y116.161 E45.44885
G1 X125.642 Y116.961 E45.48414
G1 X125.663 Y117.497 E45.50769
G1 X125.643 Y118.03 E45.53111
G1 F2088.1 X125.594 Y118.533 E45.55342
G1 F2096 X125.514 Y119.04 E45.576
G1 F2100 X125.393 Y119.573 E45.6
G1 X125.251 Y120.053 E45.62197
G1 X125.072 Y120.546 E45.645
G1 X124.827 Y121.094 E45.67135
G1 F2084.2 X124.463 Y121.771 E45.70535
G1 F2080.3 X124.047 Y122.371 E45.73771
G1 F2088.1 X123.717 Y122.786 E45.76112
G1 F2108 X123.367 Y123.178 E45.78411
G1 X122.993 Y123.536 E45.80675
G1 F2088.1 X122.368 Y124.061 E45.84279
G1 F2096 X121.747 Y124.471 E45.87552
G1 F2100 X121.276 Y124.735 E45.89923
G1 F2096 X120.805 Y124.963 E45.92225
G1 F2100 X120.335 Y125.153 E45.9445
G1 X119.824 Y125.323 E45.96815
G1 F2096 X119.324 Y125.455 E45.99089
G1 X118.82 Y125.555 E46.01349
G1 F2100 X118.266 Y125.624 E46.038
G1 X117.738 Y125.66 E46.06124
G1 F2088.1 X116.952 Y125.651 E46.09595
G1 F2080.3 X116.196 Y125.555 E46.12972
G1 F2104 X115.703 Y125.464 E46.15169
G1 F2108 X115.191 Y125.325 E46.17489
G1 F2104 X114.68 Y125.16 E46.19842
G1 F2092.1 X113.935 Y124.851 E46.23397
G1 F2080.3 X113.267 Y124.477 E46.2679
G1 F2100 X112.842 Y124.202 E46.29012
G1 X112.426 Y123.892 E46.3129
G1 F2096 X112.011 Y123.54 E46.33683
G1 F2092.1 X111.646 Y123.186 E46.35924
G1 X111.295 Y122.8 E46.38223
G1 F2104 X110.955 Y122.378 E46.40598
G1 F2100 X110.663 Y121.956 E46.42851
G1 F2092.1 X110.368 Y121.465 E46.45375
G1 F2088.1 X110.02 Y120.782 E46.4876
G1 F2084.2 X109.754 Y120.069 E46.52126
G1 F2092.1 X109.61 Y119.586 E46.54348
G1 F2096 X109.489 Y119.056 E46.56739
G1 X109.367 Y118.301 E46.60103
G1 X109.338 Y117.527 E46.6351
M204 S1000
G0 F9000 X109.345 Y117.727
G0 X109.868 Y117.491
M204 S2000
G1 F2100 X109.885 Y118.021 E46.65838
G1 F2104 X109.937 Y118.537 E46.6811
G1 F2108 X110.026 Y119.058 E46.70422
G1 X110.15 Y119.562 E46.72692
G1 X110.31 Y120.058 E46.74972
G1 F2092.1 X110.505 Y120.559 E46.77341
G1 F2096 X110.733 Y121.029 E46.79639
G1 F2108 X110.993 Y121.488 E46.81946
G1 F2120.1 X111.443 Y122.161 E46.85467
G1 F2116 X111.946 Y122.735 E46.88792
G1 F2104 X112.318 Y123.103 E46.91085
G1 F2116 X112.933 Y123.628 E46.94608
G1 F2132.3 X113.865 Y124.229 E46.99403
G1 F2128.2 X114.751 Y124.632 E47.0362
G1 F2124.1 X115.789 Y124.948 E47.08329
G1 F2108 X116.542 Y125.072 E47.11667
G1 F2088.1 X117.065 Y125.121 E47.13986
G1 F2104 X117.895 Y125.131 E47.17624
G1 F2128.2 X118.9 Y125.012 E47.22008
G1 F2132.3 X119.921 Y124.748 E47.26568
G1 F2120.1 X120.624 Y124.466 E47.29862
G1 X121.351 Y124.101 E47.33399
G1 F2136.4 X122.235 Y123.5 E47.38012
G1 F2132.3 X122.974 Y122.835 E47.42311
G1 F2116 X123.492 Y122.226 E47.45794
G1 F2104 X123.799 Y121.807 E47.48071
G1 F2096 X124.083 Y121.363 E47.50389
G1 X124.33 Y120.905 E47.52678
G1 F2120.1 X124.647 Y120.205 E47.5602
G1 X124.882 Y119.439 E47.59504
G1 F2108 X125.02 Y118.815 E47.62299
G1 X125.1 Y118.179 E47.65103
G1 X125.137 Y117.488 E47.68129
G1 F2104 X125.103 Y116.84 E47.70973
G1 F2112 X125.007 Y116.075 E47.74338
G1 F2116 X124.78 Y115.197 E47.7829
G1 F2104 X124.557 Y114.591 E47.81119
G1 F2100 X124.338 Y114.111 E47.83436
G1 F2108 X124.087 Y113.644 E47.85755
G1 F2112 X123.804 Y113.197 E47.88064
G1 X123.498 Y112.78 E47.90322
G1 F2116 X122.988 Y112.179 E47.93756
G1 F2124.1 X122.244 Y111.509 E47.98102
G1 X121.352 Y110.899 E48.02793
G1 F2112 X120.643 Y110.543 E48.06256
G1 F2120.1 X119.919 Y110.251 E48.09651
G1 F2136.4 X118.888 Y109.985 E48.14246
G1 F2128.2 X117.888 Y109.869 E48.18607
G1 F2112 X117.084 Y109.881 E48.22117
G1 F2104 X116.543 Y109.928 E48.24497
G1 F2112 X115.799 Y110.049 E48.27787
G1 F2128.2 X114.755 Y110.367 E48.32515
G1 F2132.3 X113.79 Y110.819 E48.37123
G1 F2116 X112.937 Y111.364 E48.41533
G1 F2104 X112.319 Y111.896 E48.45106
G1 F2100 X111.96 Y112.25 E48.4732
G1 F2116 X111.444 Y112.838 E48.50728
G1 F2104 X111 Y113.493 E48.54196
G1 F2092.1 X110.742 Y113.954 E48.56524
G1 F2108 X110.516 Y114.425 E48.58809
G1 F2104 X110.316 Y114.925 E48.61169
G1 F2116 X110.074 Y115.687 E48.64652
G1 F2132.3 X109.897 Y116.721 E48.69188
G1 F2112 X109.868 Y117.491 E48.72552
M204 S1000
G0 F9000 X109.875 Y117.291
G1 F1500 E47.72552
;MESH:NONMESH
G0 F600 X109.875 Y117.291 Z1.2
G0 F9000 X109.63 Y117.283
G0 X109.796 Y116.432
G0 X110.861 Y116.574
G0 X120.858 Y111.967
;TIME_ELAPSED:47.080641
;LAYER:5
;TYPE:SUPPORT
G1 F1500 E48.72552
G1 F2793.1 X119.615 Y111.387 E48.77103
G1 X119.745 Y111.426 E48.77553
G1 X120.565 Y111.796 E48.80538
G1 X120.98 Y112.038 E48.82131
G1 X121.685 Y112.558 E48.85038
G1 X122.331 Y113.185 E48.88025
G1 X122.847 Y113.846 E48.90807
G1 X123.317 Y114.658 E48.93919
G1 X115.922 Y111.21 E49.2099
G1 X114.982 Y111.532 E49.24286
G1 X114.177 Y111.941 E49.27282
G1 X123.876 Y116.464 E49.62787
G1 X123.939 Y116.822 E49.63993
G1 X123.974 Y117.422 E49.65987
G1 X123.947 Y118.041 E49.68043
G1 X112.946 Y112.912 E50.08313
G1 X112.497 Y113.383 E50.10471
G1 X112.035 Y114.032 E50.13114
G1 X123.668 Y119.456 E50.55698
G1 X123.314 Y120.348 E50.58882
G1 X123.091 Y120.732 E50.60355
G1 X111.414 Y115.287 E51.03101
G1 X111.329 Y115.502 E51.03868
G1 X111.155 Y116.193 E51.06232
G1 X111.088 Y116.68 E51.07863
G1 X122.255 Y121.887 E51.48742
G1 X121.713 Y122.417 E51.51257
G1 X121.082 Y122.885 E51.53863
G1 X111.072 Y118.217 E51.90507
G1 X111.085 Y118.394 E51.91096
G1 X111.258 Y119.231 E51.93931
G1 X111.52 Y119.971 E51.96536
G1 X119.475 Y123.68 E52.25656
G1 X118.481 Y123.898 E52.29032
G1 X118.019 Y123.953 E52.30575
G1 X117.181 Y123.965 E52.33356
G1 X116.253 Y123.855 E52.36456
G1 X115.408 Y123.628 E52.39359
G1 X114.573 Y123.276 E52.42365
G1 X113.803 Y122.817 E52.4534
G1 X113.144 Y122.273 E52.48175
G1 X116.634 Y123.9 E52.6095
G1 F1500 E51.6095
;MESH:Encoder_Knob.stl
G0 F9000 X110.86 Y118.423
G0 X109.365 Y117.525
M204 S2000
;TYPE:WALL-OUTER
G1 F1500 E52.6095
G1 F2174.1 X109.383 Y116.977 E52.63275
G1 F2178.4 X109.429 Y116.478 E52.65396
G1 F2174.1 X109.512 Y115.965 E52.676
G1 F2165.6 X109.686 Y115.199 E52.70944
G1 X109.954 Y114.466 E52.74266
G1 F2161.4 X110.281 Y113.727 E52.77713
G1 F2157.2 X110.837 Y112.818 E52.82268
G1 X111.308 Y112.226 E52.85501
G1 F2165.6 X111.651 Y111.847 E52.87677
G1 X112.031 Y111.479 E52.89929
G1 F2169.9 X112.421 Y111.146 E52.92108
G1 F2174.1 X112.838 Y110.834 E52.94317
G1 X113.268 Y110.554 E52.96493
G1 F2169.9 X113.722 Y110.297 E52.98709
G1 X114.212 Y110.061 E53.0102
G1 F2153 X114.935 Y109.773 E53.04353
G1 F2165.6 X115.687 Y109.567 E53.07672
G1 F2178.4 X116.187 Y109.473 E53.09826
G1 F2161.4 X116.756 Y109.401 E53.12272
G1 F2153 X117.525 Y109.358 E53.1557
G1 X118.275 Y109.403 E53.18788
G1 F2169.9 X118.8 Y109.468 E53.21035
G1 F2165.6 X119.321 Y109.571 E53.23296
G1 F2148.8 X120.058 Y109.769 E53.26571
G1 F2153 X120.775 Y110.054 E53.29875
G1 F2174.1 X121.265 Y110.289 E53.32179
G1 F2182.7 X121.966 Y110.687 E53.35584
G1 F2174.1 X122.557 Y111.129 E53.38714
G1 F2165.6 X122.962 Y111.474 E53.40979
G1 X123.338 Y111.837 E53.43204
G1 F2178.4 X123.685 Y112.212 E53.45366
G1 F2191.3 X124.216 Y112.887 E53.4898
G1 F2165.6 X124.735 Y113.767 E53.53329
G1 F2153 X125.033 Y114.431 E53.56446
G1 F2165.6 X125.303 Y115.163 E53.59767
G1 X125.486 Y115.949 E53.63203
G1 X125.607 Y116.718 E53.66517
G1 F2174.1 X125.636 Y117.498 E53.69827
G1 X125.617 Y118.021 E53.72047
G1 F2165.6 X125.568 Y118.529 E53.74219
G1 X125.488 Y119.035 E53.764
G1 F2169.9 X125.371 Y119.552 E53.78653
G1 F2165.6 X125.225 Y120.045 E53.80841
G1 X125.046 Y120.534 E53.83058
G1 X124.731 Y121.254 E53.86404
G1 F2153 X124.162 Y122.182 E53.91066
G1 F2165.6 X123.694 Y122.778 E53.94292
G1 F2178.4 X123.35 Y123.15 E53.96436
G1 F2165.6 X122.975 Y123.514 E53.98661
G1 X122.57 Y123.86 E54.00929
G1 F2178.4 X122.155 Y124.173 E54.03129
G1 X121.732 Y124.446 E54.0526
G1 F2174.1 X121.278 Y124.704 E54.07474
G1 X120.782 Y124.943 E54.09809
G1 F2153 X120.05 Y125.232 E54.13179
G1 X119.309 Y125.431 E54.16464
G1 F2174.1 X118.814 Y125.529 E54.18604
G1 X118.26 Y125.599 E54.20972
G1 F2169.9 X117.732 Y125.633 E54.2322
G1 F2157.2 X116.943 Y125.623 E54.26593
G1 F2153 X116.202 Y125.529 E54.29791
G1 F2178.4 X115.701 Y125.436 E54.31948
G1 X115.192 Y125.298 E54.3418
G1 X114.689 Y125.135 E54.36418
G1 X114.226 Y124.945 E54.38536
G1 F2169.9 X113.518 Y124.606 E54.41871
G1 X112.859 Y124.181 E54.45203
G1 X112.442 Y123.87 E54.47414
G1 X112.029 Y123.519 E54.49717
G1 F2165.6 X111.659 Y123.161 E54.51908
G1 F2161.4 X111.314 Y122.782 E54.54095
G1 X110.978 Y122.361 E54.56392
G1 X110.656 Y121.899 E54.58794
G1 F2153 X110.264 Y121.233 E54.62104
G1 X109.959 Y120.548 E54.65315
G1 F2161.4 X109.779 Y120.061 E54.67529
G1 F2165.6 X109.636 Y119.58 E54.69666
G1 X109.514 Y119.051 E54.71977
G1 F2169.9 X109.432 Y118.536 E54.74193
G1 X109.383 Y118.037 E54.76323
G1 X109.365 Y117.525 E54.785
M204 S1000
G0 F9000 X109.372 Y117.725
G0 X109.877 Y117.491
M204 S2000
G1 F2169.9 X109.893 Y118.005 E54.80685
G1 F2174.1 X109.946 Y118.536 E54.82948
G1 F2178.4 X110.035 Y119.055 E54.85177
G1 X110.161 Y119.571 E54.87425
G1 X110.318 Y120.056 E54.89582
G1 X110.519 Y120.562 E54.91887
G1 F2165.6 X110.737 Y121.025 E54.94065
G1 F2169.9 X110.999 Y121.479 E54.96293
G1 F2182.7 X111.285 Y121.915 E54.98495
G1 F2178.4 X111.617 Y122.348 E55.00804
G1 F2174.1 X111.949 Y122.724 E55.02932
G1 X112.322 Y123.094 E55.05159
G1 X112.738 Y123.454 E55.07492
G1 F2169.9 X113.141 Y123.756 E55.09632
G1 F2174.1 X113.578 Y124.038 E55.11838
G1 X114.035 Y124.29 E55.14051
G1 F2187 X114.754 Y124.623 E55.17391
G1 F2195.6 X115.765 Y124.933 E55.21832
G1 F2182.7 X116.533 Y125.062 E55.25121
G1 F2161.4 X117.059 Y125.112 E55.27375
G1 F2174.1 X117.894 Y125.122 E55.30916
G1 F2200 X118.886 Y125.006 E55.35102
G1 F2187 X119.633 Y124.818 E55.38349
G1 F2169.9 X120.129 Y124.656 E55.40566
G1 F2195.6 X120.863 Y124.353 E55.43901
G1 F2217.6 X121.76 Y123.836 E55.48205
G1 F2200 X122.379 Y123.358 E55.51482
G1 F2182.7 X122.766 Y123.011 E55.53678
G1 F2187 X123.322 Y122.439 E55.57041
G1 F2200 X123.911 Y121.652 E55.6116
G1 F2208.8 X124.436 Y120.686 E55.6575
G1 F2191.3 X124.714 Y119.959 E55.69025
G1 F2169.9 X124.868 Y119.457 E55.71256
G1 F2178.4 X125.017 Y118.801 E55.74103
G1 F2182.7 X125.095 Y118.15 E55.76872
G1 F2178.4 X125.126 Y117.49 E55.79669
G1 X125.098 Y116.87 E55.82295
G1 F2182.7 X125.017 Y116.21 E55.85104
G1 X124.874 Y115.562 E55.87907
G1 F2169.9 X124.722 Y115.062 E55.90128
G1 F2187 X124.408 Y114.243 E55.93825
G1 F2204.4 X123.93 Y113.389 E55.97919
G1 F2200 X123.321 Y112.563 E56.02219
G1 F2191.3 X122.774 Y111.996 E56.05534
G1 F2182.7 X122.394 Y111.655 E56.07691
G1 F2195.6 X121.76 Y111.165 E56.11056
G1 F2217.6 X120.862 Y110.647 E56.15366
G1 F2195.6 X120.13 Y110.344 E56.18692
G1 F2165.6 X119.65 Y110.187 E56.20842
G1 F2187 X118.887 Y109.994 E56.2416
G1 F2200 X117.89 Y109.878 E56.28367
G1 F2187 X117.079 Y109.89 E56.31786
G1 F2178.4 X116.544 Y109.937 E56.34059
G1 F2187 X115.797 Y110.061 E56.37251
G1 F2195.6 X114.827 Y110.343 E56.41493
G1 F2187 X114.051 Y110.702 E56.45097
G1 F2174.1 X113.58 Y110.961 E56.47377
G1 X113.157 Y111.233 E56.4951
G1 X112.739 Y111.545 E56.51722
G1 F2169.9 X112.336 Y111.893 E56.53984
G1 X111.962 Y112.261 E56.56213
G1 F2187 X111.442 Y112.854 E56.59538
G1 F2191.3 X111.01 Y113.503 E56.62818
G1 F2182.7 X110.75 Y113.959 E56.65036
G1 X110.523 Y114.431 E56.67248
G1 F2178.4 X110.324 Y114.931 E56.69526
G1 X110.164 Y115.422 E56.71711
G1 F2182.7 X110.04 Y115.926 E56.73904
G1 F2191.3 X109.906 Y116.723 E56.77304
G1 F2187 X109.877 Y117.491 E56.80544
M204 S1000
G0 F9000 X109.884 Y117.291
G1 F1500 E55.80544
;MESH:NONMESH
G0 F600 X109.884 Y117.291 Z1.4
G0 F9000 X109.63 Y117.282
G0 X109.796 Y116.433
G0 X110.861 Y116.575
G0 X120.858 Y111.967
;TIME_ELAPSED:53.923746
;LAYER:6
;TYPE:SUPPORT
G1 F1500 E56.80544
G1 F2785.1 X119.616 Y111.388 E56.8509
G1 X119.759 Y111.43 E56.85585
G1 X120.565 Y111.796 E56.88522
G1 X120.98 Y112.038 E56.90116
G1 X121.685 Y112.558 E56.93022
G1 X122.331 Y113.185 E56.96009
G1 X122.847 Y113.846 E56.98791
G1 X123.318 Y114.659 E57.01908
G1 X115.92 Y111.21 E57.28989
G1 X114.982 Y111.532 E57.32279
G1 X114.177 Y111.941 E57.35275
G1 X123.922 Y116.485 E57.70948
G1 X123.974 Y117.421 E57.74058
G1 X123.947 Y118.041 E57.76117
G1 X112.946 Y112.912 E58.16387
G1 X112.497 Y113.383 E58.18546
G1 X112.035 Y114.032 E58.21189
G1 X123.664 Y119.454 E58.63758
G1 X123.566 Y119.777 E58.64877
G1 X123.314 Y120.348 E58.66948
G1 X123.091 Y120.732 E58.68421
G1 X111.414 Y115.287 E59.11167
G1 X111.329 Y115.502 E59.11934
G1 X111.155 Y116.193 E59.14298
G1 X111.088 Y116.68 E59.15929
G1 X122.255 Y121.887 E59.56807
G1 X121.713 Y122.417 E59.59323
G1 X121.082 Y122.884 E59.61927
G1 X111.072 Y118.217 E59.98569
G1 X111.085 Y118.394 E59.99158
G1 X111.266 Y119.256 E60.0208
G1 X111.52 Y119.971 E60.04598
G1 X119.439 Y123.663 E60.33586
G1 X118.929 Y123.815 E60.35351
G1 X118.019 Y123.953 E60.38405
G1 X117.181 Y123.965 E60.41185
G1 X116.411 Y123.899 E60.43749
G1 X115.404 Y123.626 E60.47211
G1 X114.576 Y123.277 E60.50192
G1 X113.803 Y122.817 E60.53176
G1 X113.144 Y122.273 E60.56011
G1 X116.681 Y123.922 E60.68959
G1 F1500 E59.68959
;MESH:Encoder_Knob.stl
G0 F9000 X110.86 Y118.422
G0 X109.391 Y117.524
M204 S2000
;TYPE:WALL-OUTER
G1 F1500 E60.68959
G1 F2249.1 X109.416 Y116.723 E60.72244
G1 X109.538 Y115.969 E60.75375
G1 F2253.7 X109.721 Y115.164 E60.78752
G1 F2249.1 X109.979 Y114.475 E60.81768
G1 F2240 X110.197 Y113.98 E60.83994
G1 X110.433 Y113.528 E60.86093
G1 X110.7 Y113.084 E60.88226
G1 F2244.5 X110.992 Y112.666 E60.9032
G1 F2249.1 X111.476 Y112.056 E60.93512
G1 F2253.7 X112.052 Y111.496 E60.96799
G1 X112.453 Y111.154 E60.98955
G1 F2249.1 X113.063 Y110.698 E61.02077
G1 X113.735 Y110.32 E61.05237
G1 F2253.7 X114.439 Y109.98 E61.08436
G1 F2267.5 X115.186 Y109.727 E61.11643
G1 F2258.2 X115.699 Y109.595 E61.13805
G1 F2240 X116.196 Y109.498 E61.15889
G1 X116.716 Y109.432 E61.18047
G1 F2231 X117.524 Y109.385 E61.21392
G1 X118.27 Y109.43 E61.2448
G1 F2240 X118.805 Y109.497 E61.26699
G1 F2244.5 X119.306 Y109.593 E61.28795
G1 F2231 X120.051 Y109.794 E61.31984
G1 X120.772 Y110.081 E61.35191
G1 F2249.1 X121.252 Y110.313 E61.37376
G1 X121.923 Y110.691 E61.40533
G1 F2244.5 X122.54 Y111.15 E61.43692
G1 F2253.7 X122.939 Y111.485 E61.45823
G1 F2262.9 X123.515 Y112.048 E61.49105
G1 F2272.1 X124.037 Y112.699 E61.52491
G1 X124.558 Y113.506 E61.56389
G1 F2249.1 X124.797 Y113.968 E61.58521
G1 F2240 X125.008 Y114.442 E61.60656
G1 F2244.5 X125.28 Y115.175 E61.63868
G1 F2249.1 X125.46 Y115.954 E61.67145
G1 X125.582 Y116.727 E61.70353
G1 F2244.5 X125.608 Y117.498 E61.73522
G1 F2240 X125.591 Y118.028 E61.75705
G1 F2244.5 X125.543 Y118.526 E61.7776
G1 F2249.1 X125.462 Y119.031 E61.79856
G1 X125.295 Y119.771 E61.82966
G1 F2258.2 X125.021 Y120.532 E61.86268
G1 F2249.1 X124.804 Y121.017 E61.88446
G1 F2240 X124.567 Y121.472 E61.90558
G1 F2253.7 X124.156 Y122.154 E61.93816
G1 F2249.1 X123.678 Y122.75 E61.96947
G1 F2235.5 X123.336 Y123.126 E61.99044
G1 F2253.7 X122.749 Y123.694 E62.02385
G1 F2258.2 X122.146 Y124.144 E62.05457
G1 F2244.5 X121.708 Y124.428 E62.07601
G1 X121.01 Y124.818 E62.10886
G1 F2249.1 X120.318 Y125.102 E62.13952
G1 X119.813 Y125.27 E62.16134
G1 X119.078 Y125.465 E62.19251
G1 F2244.5 X118.235 Y125.575 E62.22743
G1 X117.729 Y125.607 E62.24826
G1 F2235.5 X116.938 Y125.596 E62.28088
G1 F2240 X115.968 Y125.473 E62.32113
G1 F2267.5 X115.199 Y125.276 E62.3534
G1 F2258.2 X114.698 Y125.108 E62.37498
G1 F2240 X114.23 Y124.919 E62.39575
G1 F2249.1 X113.749 Y124.687 E62.41764
G1 F2253.7 X113.303 Y124.436 E62.43858
G1 F2258.2 X112.866 Y124.153 E62.45984
G1 F2253.7 X112.459 Y123.85 E62.48059
G1 X112.058 Y123.51 E62.5021
G1 F2249.1 X111.674 Y123.137 E62.52405
G1 F2244.5 X111.332 Y122.762 E62.54489
G1 X111 Y122.345 E62.56679
G1 F2240 X110.707 Y121.926 E62.58783
G1 X110.44 Y121.485 E62.60905
G1 X110.202 Y121.03 E62.63019
G1 X109.984 Y120.539 E62.6523
G1 F2249.1 X109.711 Y119.801 E62.68455
G1 X109.541 Y119.046 E62.71628
G1 F2244.5 X109.419 Y118.29 E62.74773
G1 X109.391 Y117.524 E62.77922
M204 S1000
G0 F9000 X109.398 Y117.724
G0 X109.876 Y117.743
M204 S2000
G1 F2253.7 X109.955 Y118.534 E62.81174
G1 F2267.5 X110.089 Y119.297 E62.84324
G1 X110.324 Y120.048 E62.87524
G1 F2258.2 X110.522 Y120.547 E62.89715
G1 X110.75 Y121.026 E62.91881
G1 F2253.7 X111.004 Y121.472 E62.93981
G1 F2258.2 X111.289 Y121.907 E62.96104
G1 X111.609 Y122.325 E62.98253
G1 X111.954 Y122.717 E63.00385
G1 F2267.5 X112.541 Y123.292 E63.03726
G1 F2286.2 X113.356 Y123.899 E63.07825
G1 F2272.1 X114.039 Y124.283 E63.11004
G1 F2253.7 X114.516 Y124.505 E63.13156
G1 F2267.5 X115.253 Y124.786 E63.16363
G1 X116.006 Y124.966 E63.19511
G1 F2253.7 X116.528 Y125.052 E63.21676
G1 F2240 X117.053 Y125.103 E63.23847
G1 F2253.7 X117.885 Y125.113 E63.27251
G1 F2262.9 X118.6 Y125.034 E63.30182
G1 F2276.8 X119.389 Y124.886 E63.33432
G1 F2272.1 X120.12 Y124.65 E63.36549
G1 F2253.7 X120.605 Y124.454 E63.38689
G1 X121.506 Y123.975 E63.42864
G1 X121.951 Y123.679 E63.4505
G1 F2272.1 X122.556 Y123.206 E63.48166
G1 X123.111 Y122.646 E63.51366
G1 F2262.9 X123.62 Y122.045 E63.54575
G1 X124.048 Y121.386 E63.57776
G1 F2253.7 X124.295 Y120.932 E63.59891
G1 F2267.5 X124.619 Y120.231 E63.63031
G1 F2290.9 X124.926 Y119.228 E63.67252
G1 X125.083 Y118.259 E63.71203
G1 F2262.9 X125.113 Y117.422 E63.74615
G1 F2249.1 X125.09 Y116.895 E63.76777
G1 F2262.9 X125.008 Y116.194 E63.79653
G1 X124.856 Y115.534 E63.82413
G1 F2249.1 X124.707 Y115.045 E63.84508
G1 F2244.5 X124.522 Y114.558 E63.86648
G1 F2267.5 X124.183 Y113.831 E63.8991
G1 F2286.2 X123.638 Y112.978 E63.93992
G1 F2267.5 X123.124 Y112.368 E63.97235
G1 X122.557 Y111.795 E64.00513
G1 F2272.1 X121.952 Y111.322 E64.03629
G1 X121.298 Y110.89 E64.06809
G1 X120.606 Y110.547 E64.09943
G1 F2258.2 X120.029 Y110.313 E64.12485
G1 F2276.8 X119.378 Y110.111 E64.15246
G1 F2267.5 X118.616 Y109.968 E64.18398
G1 F2262.9 X117.89 Y109.889 E64.21373
G1 F2267.5 X117.072 Y109.899 E64.247
G1 F2258.2 X116.538 Y109.947 E64.26889
G1 X116.023 Y110.03 E64.29018
G1 F2272.1 X115.253 Y110.214 E64.32231
G1 X114.533 Y110.487 E64.35355
G1 F2258.2 X114.04 Y110.716 E64.37575
G1 F2267.5 X113.356 Y111.1 E64.40764
G1 F2281.5 X112.542 Y111.708 E64.4487
G1 F2267.5 X111.967 Y112.269 E64.48136
G1 F2253.7 X111.62 Y112.661 E64.50278
G1 X111.294 Y113.085 E64.52466
G1 X111.013 Y113.514 E64.54564
G1 X110.756 Y113.965 E64.56688
G1 X110.53 Y114.437 E64.58829
G1 F2267.5 X110.231 Y115.196 E64.62146
G1 F2272.1 X110.048 Y115.929 E64.65211
G1 X109.915 Y116.725 E64.68486
G1 F2267.5 X109.876 Y117.743 E64.72628
M204 S1000
G0 F9000 X109.883 Y117.543
G1 F1500 E63.72628
;MESH:NONMESH
G0 F600 X109.883 Y117.543 Z1.6
G0 F9000 X109.623 Y117.551
G0 X109.796 Y116.434
G0 X110.861 Y116.576
G0 X120.865 Y111.97
;TIME_ELAPSED:60.673603
;LAYER:7
;TYPE:SUPPORT
G1 F1500 E64.72628
G1 F2777 X119.616 Y111.388 E64.772
G1 X119.759 Y111.43 E64.77694
G1 X120.565 Y111.796 E64.80631
G1 X120.952 Y112.021 E64.82116
G1 X121.685 Y112.558 E64.85131
G1 X122.319 Y113.174 E64.88064
G1 X122.841 Y113.839 E64.90868
G1 X123.317 Y114.658 E64.94011
G1 X115.92 Y111.21 E65.21087
G1 X114.982 Y111.532 E65.24378
G1 X114.177 Y111.941 E65.27373
G1 X123.922 Y116.485 E65.63046
G1 X123.974 Y117.421 E65.66157
G1 X123.953 Y118.044 E65.68225
G1 X112.946 Y112.912 E66.08517
G1 X112.497 Y113.383 E66.10676
G1 X112.035 Y114.032 E66.13319
G1 X123.663 Y119.454 E66.55885
G1 X123.566 Y119.777 E66.57004
G1 X123.314 Y120.348 E66.59074
G1 X123.091 Y120.732 E66.60548
G1 X111.414 Y115.287 E67.03293
G1 X111.329 Y115.502 E67.0406
G1 X111.155 Y116.193 E67.06424
G1 X111.088 Y116.68 E67.08055
G1 X122.254 Y121.886 E67.48929
G1 X121.713 Y122.417 E67.51444
G1 X121.075 Y122.881 E67.54062
G1 X111.075 Y118.218 E67.90668
G1 X111.155 Y118.808 E67.92644
G1 X111.266 Y119.256 E67.94175
G1 X111.52 Y119.971 E67.96692
G1 X119.439 Y123.663 E68.2568
G1 X118.929 Y123.815 E68.27446
G1 X118.019 Y123.953 E68.30499
G1 X117.17 Y123.963 E68.33316
G1 X116.246 Y123.854 E68.36403
G1 X115.404 Y123.626 E68.39297
G1 X114.576 Y123.277 E68.42278
G1 X113.804 Y122.817 E68.4526
G1 X113.145 Y122.273 E68.48095
G1 X116.633 Y123.899 E68.60863
G1 F1500 E67.60863
;MESH:Encoder_Knob.stl
G0 F9000 X110.86 Y118.422
G0 X109.418 Y117.524
M204 S2000
;TYPE:WALL-OUTER
G1 F1500 E68.60863
G1 F2329.4 X109.441 Y116.774 E68.63832
G1 X109.565 Y115.974 E68.67037
G1 F2334.3 X109.75 Y115.16 E68.70334
G1 X110.004 Y114.484 E68.73186
G1 X110.333 Y113.734 E68.76421
G1 X110.716 Y113.108 E68.79319
G1 X111.01 Y112.68 E68.8137
G1 F2339.2 X111.502 Y112.067 E68.84468
G1 F2334.3 X112.061 Y111.522 E68.87551
G1 X112.464 Y111.179 E68.89642
G1 X113.079 Y110.721 E68.9267
G1 X113.765 Y110.332 E68.95785
G1 F2329.4 X114.221 Y110.114 E68.97785
G1 F2324.5 X114.693 Y109.922 E68.99806
G1 F2339.2 X115.193 Y109.752 E69.01888
G1 F2344.2 X115.962 Y109.556 E69.05009
G1 F2334.3 X116.777 Y109.452 E69.08254
G1 F2314.8 X117.536 Y109.412 E69.11281
G1 X118.269 Y109.456 E69.14206
G1 F2324.5 X118.793 Y109.523 E69.16301
G1 X119.292 Y109.619 E69.18317
G1 F2334.3 X119.794 Y109.75 E69.20366
G1 F2339.2 X120.294 Y109.917 E69.22444
G1 F2334.3 X120.758 Y110.105 E69.24421
G1 X121.222 Y110.327 E69.26453
G1 X121.897 Y110.706 E69.2951
G1 F2329.4 X122.524 Y111.171 E69.326
G1 F2339.2 X123.135 Y111.69 E69.35759
G1 X123.642 Y112.248 E69.38731
G1 X123.962 Y112.642 E69.40731
G1 F2354.1 X124.442 Y113.336 E69.44036
G1 F2339.2 X124.774 Y113.979 E69.46888
G1 F2334.3 X124.986 Y114.451 E69.48932
G1 F2349.2 X125.271 Y115.234 E69.52202
G1 F2334.3 X125.432 Y115.959 E69.55135
G1 F2329.4 X125.552 Y116.683 E69.5804
G1 F2344.2 X125.583 Y117.496 E69.6124
G1 F2334.3 X125.564 Y118.018 E69.63303
G1 X125.517 Y118.517 E69.65283
G1 F2329.4 X125.435 Y119.026 E69.67323
G1 X125.265 Y119.784 E69.70398
G1 X124.997 Y120.515 E69.73479
G1 F2339.2 X124.676 Y121.244 E69.76619
G1 X124.283 Y121.892 E69.79606
G1 F2344.2 X123.999 Y122.31 E69.81593
G1 X123.655 Y122.737 E69.8375
G1 X123.315 Y123.117 E69.85755
G1 X122.94 Y123.475 E69.87794
G1 F2324.5 X122.536 Y123.819 E69.89899
G1 F2334.3 X122.126 Y124.13 E69.91932
G1 F2339.2 X121.704 Y124.401 E69.93908
G1 F2329.4 X121.239 Y124.665 E69.96025
G1 F2334.3 X120.778 Y124.887 E69.98045
G1 X120.307 Y125.079 E70.00054
G1 F2329.4 X119.806 Y125.245 E70.02143
G1 X119.066 Y125.442 E70.05174
G1 X118.243 Y125.547 E70.08458
G1 X117.721 Y125.58 E70.10528
G1 F2314.8 X116.921 Y125.568 E70.13715
G1 F2319.7 X115.968 Y125.446 E70.17534
G1 F2344.2 X115.207 Y125.251 E70.20623
G1 F2339.2 X114.707 Y125.082 E70.22703
G1 F2324.5 X114.234 Y124.892 E70.24725
G1 F2329.4 X113.774 Y124.672 E70.26743
G1 F2334.3 X113.078 Y124.278 E70.29902
G1 X112.474 Y123.829 E70.32875
G1 X112.064 Y123.481 E70.34999
G1 F2329.4 X111.698 Y123.124 E70.37022
G1 F2319.7 X111.354 Y122.748 E70.39048
G1 F2334.3 X111.018 Y122.331 E70.41163
G1 X110.724 Y121.904 E70.43211
G1 F2319.7 X110.325 Y121.245 E70.46273
G1 X110.008 Y120.528 E70.49388
G1 F2334.3 X109.756 Y119.854 E70.52231
G1 F2349.2 X109.565 Y119.041 E70.55508
G1 F2344.2 X109.445 Y118.276 E70.58554
G1 F2334.3 X109.418 Y117.524 E70.61526
M204 S1000
G0 F9000 X109.425 Y117.724
G0 X109.894 Y117.492
M204 S2000
G1 F2334.3 X109.912 Y118.019 E70.63608
G1 F2354.1 X109.993 Y118.783 E70.66617
G1 F2374.3 X110.237 Y119.79 E70.70641
G1 F2354.1 X110.53 Y120.545 E70.73812
G1 F2339.2 X110.754 Y121.012 E70.75854
G1 X111.01 Y121.465 E70.77905
G1 F2354.1 X111.457 Y122.137 E70.81066
G1 X111.958 Y122.708 E70.84041
G1 X112.544 Y123.283 E70.87256
G1 F2349.2 X113.138 Y123.731 E70.90176
G1 X113.79 Y124.151 E70.9322
G1 F2354.1 X114.509 Y124.493 E70.96338
G1 F2349.2 X115.258 Y124.777 E70.99482
G1 F2354.1 X115.999 Y124.956 E71.02467
G1 F2339.2 X116.524 Y125.043 E71.04565
G1 F2324.5 X117.046 Y125.093 E71.06645
G1 F2339.2 X117.882 Y125.104 E71.0994
G1 F2354.1 X118.591 Y125.027 E71.12733
G1 F2364.2 X119.385 Y124.879 E71.15883
G1 F2379.4 X120.365 Y124.556 E71.19881
G1 F2359.1 X121.055 Y124.225 E71.22872
G1 X121.742 Y123.827 E71.25974
G1 X122.343 Y123.363 E71.28942
G1 X122.934 Y122.839 E71.32028
G1 F2369.2 X123.608 Y122.053 E71.36058
G1 X124.174 Y121.169 E71.40142
G1 F2359.1 X124.504 Y120.464 E71.43184
G1 F2339.2 X124.685 Y119.994 E71.4517
G1 F2354.1 X124.896 Y119.306 E71.47988
G1 X125.041 Y118.491 E71.5123
G1 F2359.1 X125.113 Y117.689 E71.54377
G1 F2374.3 X125.07 Y116.679 E71.58302
G1 X124.903 Y115.692 E71.62189
G1 F2364.2 X124.575 Y114.69 E71.66301
G1 X124.174 Y113.832 E71.69994
G1 F2369.2 X123.613 Y112.958 E71.74036
G1 F2374.3 X122.931 Y112.159 E71.78115
G1 F2359.1 X122.355 Y111.647 E71.81127
G1 F2339.2 X121.945 Y111.33 E71.83169
G1 F2359.1 X121.279 Y110.888 E71.86293
G1 X120.594 Y110.552 E71.89275
G1 X119.854 Y110.257 E71.92388
G1 X119.127 Y110.071 E71.95321
G1 F2334.3 X118.607 Y109.976 E71.97409
G1 F2349.2 X117.889 Y109.897 E72.00244
G1 F2354.1 X117.065 Y109.908 E72.03471
G1 F2344.2 X116.535 Y109.957 E72.05564
G1 X116.017 Y110.041 E72.07628
G1 F2354.1 X115.248 Y110.225 E72.10725
G1 X114.53 Y110.497 E72.13732
G1 F2359.1 X113.795 Y110.846 E72.16912
G1 F2354.1 X113.151 Y111.26 E72.1991
G1 F2349.2 X112.532 Y111.728 E72.22956
G1 F2354.1 X111.97 Y112.28 E72.26041
G1 X111.456 Y112.864 E72.29088
G1 F2364.2 X110.885 Y113.727 E72.33123
G1 F2349.2 X110.533 Y114.448 E72.36272
G1 X110.241 Y115.194 E72.39416
G1 X110.049 Y115.97 E72.42554
G1 F2334.3 X109.912 Y116.96 E72.46501
G1 F2329.4 X109.894 Y117.492 E72.48608
M204 S1000
G0 F9000 X109.9 Y117.292
G1 F1500 E71.48608
;MESH:NONMESH
G0 F600 X109.9 Y117.292 Z1.8
G0 F9000 X109.63 Y117.283
G0 X109.795 Y116.434
G0 X110.86 Y116.583
G0 X120.808 Y111.944
;TIME_ELAPSED:67.320588
;LAYER:8
;TYPE:SUPPORT
G1 F1500 E72.48608
G1 F2763.2 X119.688 Y111.422 E72.52707
G1 X120.149 Y111.591 E72.54336
G1 X120.952 Y112.021 E72.57358
G1 X121.663 Y112.54 E72.60279
G1 X122.319 Y113.174 E72.63306
G1 X122.841 Y113.839 E72.66111
G1 X123.317 Y114.658 E72.69253
G1 X115.92 Y111.21 E72.9633
G1 X114.982 Y111.532 E72.9962
G1 X114.177 Y111.941 E73.02615
G1 X123.922 Y116.485 E73.38289
G1 X123.974 Y117.421 E73.41399
G1 X123.953 Y118.044 E73.43467
G1 X112.946 Y112.912 E73.83759
G1 X112.497 Y113.383 E73.85918
G1 X112.035 Y114.032 E73.88561
G1 X123.663 Y119.454 E74.31127
G1 X123.566 Y119.777 E74.32246
G1 X123.314 Y120.348 E74.34316
G1 X123.091 Y120.732 E74.3579
G1 X111.413 Y115.286 E74.7854
G1 X111.157 Y116.187 E74.81647
G1 X111.089 Y116.68 E74.83298
G1 X122.254 Y121.886 E75.24169
G1 X121.689 Y122.436 E75.26785
G1 X121.101 Y122.893 E75.29256
G1 X111.075 Y118.218 E75.65958
G1 X111.155 Y118.808 E75.67933
G1 X111.266 Y119.256 E75.69464
G1 X111.52 Y119.971 E75.71982
G1 X119.439 Y123.663 E76.0097
G1 X118.929 Y123.815 E76.02735
G1 X118.019 Y123.953 E76.05789
G1 X117.17 Y123.963 E76.08606
G1 X116.239 Y123.851 E76.11717
G1 X115.404 Y123.626 E76.14586
G1 X114.576 Y123.277 E76.17567
G1 X113.793 Y122.81 E76.20592
G1 X113.107 Y122.255 E76.23519
G1 X116.631 Y123.898 E76.36419
G1 F1500 E75.36419
;MESH:Encoder_Knob.stl
G0 F9000 X110.86 Y118.421
G0 X109.443 Y117.523
M204 S2000
;TYPE:WALL-OUTER
G1 F1500 E76.36419
G1 F2415.7 X109.469 Y116.77 E76.39295
G1 X109.591 Y115.979 E76.42349
G1 F2421 X109.776 Y115.169 E76.45513
G1 X110.027 Y114.495 E76.48252
G1 X110.324 Y113.813 E76.51085
G1 X110.745 Y113.112 E76.54199
G1 F2426.3 X111.031 Y112.696 E76.56118
G1 F2442.3 X111.529 Y112.077 E76.59117
G1 F2431.6 X112.087 Y111.535 E76.62066
G1 F2421 X112.481 Y111.2 E76.64036
G1 F2415.7 X113.083 Y110.749 E76.66907
G1 X113.778 Y110.356 E76.69954
G1 X114.232 Y110.137 E76.71878
G1 F2410.4 X114.703 Y109.947 E76.7382
G1 X115.202 Y109.781 E76.75832
G1 F2421 X115.908 Y109.59 E76.78617
G1 F2426.3 X116.721 Y109.484 E76.81733
G1 F2405.2 X117.536 Y109.438 E76.84862
G1 X118.266 Y109.482 E76.87665
G1 F2415.7 X118.79 Y109.549 E76.89681
G1 X119.287 Y109.644 E76.91612
G1 F2400 X120.041 Y109.847 E76.94612
G1 X120.756 Y110.131 E76.97568
G1 F2421 X121.21 Y110.35 E76.99487
G1 X121.888 Y110.731 E77.02449
G1 X122.508 Y111.192 E77.05391
G1 F2426.3 X122.903 Y111.524 E77.07352
G1 F2447.7 X123.493 Y112.101 E77.1046
G1 F2431.6 X123.952 Y112.678 E77.13256
G1 F2426.3 X124.251 Y113.099 E77.15218
G1 F2421 X124.51 Y113.533 E77.17143
G1 F2426.3 X124.753 Y113.99 E77.1911
G1 F2431.6 X124.959 Y114.462 E77.21062
G1 F2415.7 X125.238 Y115.212 E77.24117
G1 X125.407 Y115.965 E77.27062
G1 X125.526 Y116.695 E77.29885
G1 F2421 X125.557 Y117.47 E77.32839
G1 X125.531 Y118.272 E77.35894
G1 X125.41 Y119.02 E77.3878
G1 X125.241 Y119.774 E77.41723
G1 X124.973 Y120.505 E77.44688
G1 F2426.3 X124.648 Y121.239 E77.47738
G1 F2421 X124.256 Y121.885 E77.50616
G1 F2405.2 X123.966 Y122.302 E77.52563
G1 F2426.3 X123.638 Y122.722 E77.54588
G1 F2431.6 X123.298 Y123.09 E77.56488
G1 F2426.3 X122.918 Y123.463 E77.58511
G1 X122.518 Y123.799 E77.60496
G1 F2415.7 X121.907 Y124.258 E77.63413
G1 X121.227 Y124.642 E77.66393
G1 F2421 X120.767 Y124.864 E77.68338
G1 F2426.3 X120.298 Y125.054 E77.70261
G1 X119.797 Y125.22 E77.72267
G1 F2421 X119.054 Y125.417 E77.75194
G1 F2415.7 X118.235 Y125.521 E77.78345
G1 X117.715 Y125.554 E77.80334
G1 F2405.2 X116.913 Y125.54 E77.83408
G1 X115.931 Y125.414 E77.87203
G1 F2415.7 X115.215 Y125.223 E77.90032
G1 X114.716 Y125.058 E77.92038
G1 X114.244 Y124.868 E77.9398
G1 X113.578 Y124.548 E77.968
G1 X112.908 Y124.118 E77.99838
G1 X112.492 Y123.808 E78.01818
G1 F2426.3 X112.093 Y123.471 E78.03803
G1 F2431.6 X111.52 Y122.914 E78.06833
G1 F2405.2 X111.044 Y122.312 E78.09774
G1 F2384.5 X110.752 Y121.896 E78.1174
G1 F2405.2 X110.336 Y121.213 E78.14805
G1 F2415.7 X110.033 Y120.519 E78.17695
G1 F2421 X109.782 Y119.853 E78.20406
G1 F2436.9 X109.59 Y119.035 E78.23585
G1 F2431.6 X109.472 Y118.272 E78.26512
G1 F2426.3 X109.443 Y117.523 E78.2936
M204 S1000
G0 F9000 X109.45 Y117.723
G0 X109.903 Y117.492
M204 S2000
G1 F2426.3 X109.921 Y118.034 E78.31421
G1 F2447.7 X110.001 Y118.779 E78.34243
G1 F2464 X110.251 Y119.807 E78.38202
G1 F2453.1 X110.631 Y120.767 E78.42082
G1 F2442.3 X111.024 Y121.473 E78.45133
G1 F2426.3 X111.614 Y122.305 E78.49009
G1 X111.962 Y122.7 E78.51009
G1 F2442.3 X112.524 Y123.252 E78.53983
G1 X113.145 Y123.725 E78.5693
G1 F2421 X113.789 Y124.143 E78.59854
G1 F2426.3 X114.506 Y124.483 E78.62869
G1 X114.999 Y124.673 E78.64877
G1 F2442.3 X115.736 Y124.899 E78.67787
G1 X116.513 Y125.032 E78.70763
G1 F2415.7 X117.039 Y125.084 E78.7278
G1 F2431.6 X117.883 Y125.095 E78.7598
G1 F2442.3 X118.58 Y125.019 E78.78627
G1 F2453.1 X119.373 Y124.873 E78.81658
G1 F2469.5 X120.364 Y124.547 E78.85552
G1 F2464 X121.258 Y124.112 E78.89273
G1 F2442.3 X121.916 Y123.681 E78.92242
G1 F2447.7 X122.531 Y123.204 E78.95174
G1 F2469.5 X123.26 Y122.47 E78.99036
G1 F2442.3 X123.726 Y121.85 E79.01964
G1 X124.16 Y121.175 E79.04993
G1 F2447.7 X124.481 Y120.495 E79.07826
G1 F2431.6 X124.674 Y120 E79.0984
G1 F2453.1 X124.894 Y119.286 E79.12648
G1 F2475 X125.069 Y118.264 E79.16511
G1 F2447.7 X125.098 Y117.481 E79.19462
G1 F2442.3 X125.064 Y116.713 E79.22364
G1 F2464 X124.891 Y115.706 E79.26187
G1 F2447.7 X124.671 Y114.99 E79.29009
G1 X124.373 Y114.242 E79.32041
G1 F2453.1 X123.87 Y113.344 E79.3591
G1 X123.259 Y112.529 E79.39738
G1 F2464 X122.531 Y111.796 E79.43604
G1 F2447.7 X121.93 Y111.329 E79.46471
G1 F2453.1 X121.274 Y110.896 E79.49425
G1 F2469.5 X120.269 Y110.407 E79.53597
G1 F2464 X119.376 Y110.128 E79.57098
G1 F2447.7 X118.594 Y109.983 E79.60094
G1 F2442.3 X117.886 Y109.906 E79.62782
G1 F2447.7 X117.057 Y109.918 E79.65905
G1 F2436.9 X116.522 Y109.966 E79.67938
G1 F2447.7 X115.737 Y110.1 E79.70937
G1 F2442.3 X115 Y110.326 E79.73847
G1 F2431.6 X114.523 Y110.51 E79.75786
G1 X114.048 Y110.732 E79.77774
G1 F2426.3 X113.579 Y110.993 E79.79813
G1 F2421 X113.157 Y111.266 E79.81727
G1 F2436.9 X112.537 Y111.736 E79.84671
G1 F2442.3 X111.974 Y112.288 E79.87647
G1 X111.453 Y112.881 E79.90627
G1 X111.031 Y113.517 E79.93509
G1 X110.627 Y114.241 E79.96638
G1 F2453.1 X110.251 Y115.194 E80.00489
G1 F2442.3 X110.058 Y115.972 E80.03515
G1 F2426.3 X109.922 Y116.951 E80.07271
G1 X109.903 Y117.492 E80.09328
M204 S1000
G0 F9000 X109.91 Y117.292
G1 F1500 E79.09328
;MESH:NONMESH
G0 F600 X109.91 Y117.292 Z2
G0 F9000 X109.63 Y117.282
G0 X109.795 Y116.435
G0 X110.86 Y116.584
G0 X116.781 Y114.7
;TIME_ELAPSED:73.821378
;LAYER:9
;TYPE:SUPPORT
G1 F1500 E80.09328
G1 F1617.4 X120.101 Y116.248 E80.21481
G1 X119.854 Y115.815 E80.23135
G1 X119.348 Y115.258 E80.25632
G1 X118.856 Y114.929 E80.27595
G1 X118.171 Y114.674 E80.3002
G1 X117.833 Y114.595 E80.31172
G1 X117.833 Y114.496 E80.315
G1 X117.541 Y114.429 E80.32494
G1 X117.253 Y114.483 E80.33466
G1 X117.253 Y114.578 E80.33782
G1 X116.479 Y114.778 E80.36434
G1 X115.933 Y115.05 E80.38458
G1 X115.453 Y115.434 E80.40497
G1 X115.331 Y115.568 E80.41098
G1 X120.378 Y117.922 E80.59574
G1 X120.221 Y118.52 E80.61626
G1 X119.95 Y119.059 E80.63627
G1 X119.83 Y119.211 E80.6427
G1 X114.681 Y116.81 E80.83118
G1 X114.596 Y117.354 E80.84945
G1 X114.596 Y117.646 E80.85914
G1 X114.694 Y118.261 E80.8798
G1 X114.917 Y118.834 E80.9002
G1 X115.251 Y119.34 E80.92031
G1 X115.579 Y119.664 E80.93561
G1 X116.205 Y120.101 E80.96094
G1 X116.928 Y120.346 E80.98627
G1 X117.253 Y120.411 E80.99726
G1 X117.253 Y120.513 E81.00065
G1 X117.602 Y120.582 E81.01245
G1 X117.834 Y120.515 E81.02046
G1 X117.834 Y120.411 E81.02391
G1 X118.603 Y120.184 E81.05051
G1 X114.742 Y118.383 E81.19186
G1 F1500 E80.19186
;MESH:Encoder_Knob.stl
G0 F9000 X110.812 Y117.961
G0 X109.47 Y117.52
M204 S2000
;TYPE:WALL-OUTER
G1 F1500 E81.19186
G1 F1543.9 X109.498 Y116.755 E81.21987
G1 X109.623 Y115.952 E81.2496
G1 F1550.9 X109.792 Y115.218 E81.27703
G1 F1543.9 X110.053 Y114.505 E81.30481
G1 F1540.4 X110.389 Y113.746 E81.33525
G1 F1554.5 X110.93 Y112.866 E81.37278
G1 F1550.9 X111.542 Y112.102 E81.40843
G1 F1536.9 X112.321 Y111.353 E81.44815
G1 F1540.4 X113.093 Y110.774 E81.48354
G1 F1543.9 X113.771 Y110.389 E81.51206
G1 F1547.4 X114.5 Y110.038 E81.5416
G1 F1554.5 X115.469 Y109.721 E81.57864
G1 F1547.4 X116.203 Y109.578 E81.60594
G1 F1533.4 X116.724 Y109.511 E81.62529
G1 F1526.5 X117.541 Y109.465 E81.65557
G1 F1540.4 X118.263 Y109.506 E81.68209
G1 F1547.4 X118.792 Y109.576 E81.70156
G1 F1540.4 X119.49 Y109.707 E81.72761
G1 F1543.9 X120.257 Y109.96 E81.75716
G1 F1530 X120.732 Y110.156 E81.77613
G1 X121.205 Y110.378 E81.79542
G1 F1543.9 X121.899 Y110.767 E81.82452
G1 F1540.4 X122.5 Y111.219 E81.8521
G1 F1547.4 X122.886 Y111.545 E81.87054
G1 F1561.6 X123.473 Y112.118 E81.90021
G1 F1565.2 X124.121 Y112.935 E81.93784
G1 X124.65 Y113.822 E81.97511
G1 F1550.9 X124.935 Y114.473 E82.001
G1 F1547.4 X125.124 Y114.972 E82.02047
G1 F1536.9 X125.34 Y115.726 E82.0493
G1 F1526.5 X125.5 Y116.731 E82.08695
G1 F1540.4 X125.529 Y117.497 E82.11506
G1 F1543.9 X125.505 Y118.221 E82.14157
G1 F1540.4 X125.383 Y119.016 E82.17106
G1 X125.264 Y119.54 E82.19076
G1 F1550.9 X125.126 Y120.021 E82.20899
G1 X124.948 Y120.495 E82.22743
G1 F1554.5 X124.661 Y121.156 E82.25361
G1 F1568.8 X124.236 Y121.874 E82.28365
G1 F1550.9 X123.945 Y122.287 E82.30205
G1 F1533.4 X123.614 Y122.702 E82.32161
G1 F1530 X123.272 Y123.077 E82.34034
G1 F1523.1 X122.902 Y123.434 E82.35941
G1 F1530 X122.502 Y123.779 E82.37891
G1 F1543.9 X122.096 Y124.085 E82.39751
G1 F1547.4 X121.677 Y124.358 E82.41577
G1 X121.217 Y124.617 E82.43504
G1 F1543.9 X120.455 Y124.974 E82.46583
G1 F1540.4 X119.785 Y125.196 E82.49171
G1 F1543.9 X119.294 Y125.328 E82.51031
G1 F1540.4 X118.797 Y125.422 E82.52886
G1 F1536.9 X118.275 Y125.49 E82.5482
G1 F1540.4 X117.708 Y125.528 E82.56904
G1 X116.908 Y125.515 E82.59838
G1 F1543.9 X115.958 Y125.39 E82.63344
G1 F1558 X115.22 Y125.2 E82.66106
G1 X114.511 Y124.961 E82.68819
G1 F1550.9 X113.783 Y124.617 E82.71751
G1 F1547.4 X113.112 Y124.239 E82.74563
G1 F1540.4 X112.507 Y123.787 E82.77332
G1 F1536.9 X112.106 Y123.446 E82.79267
G1 F1543.9 X111.734 Y123.088 E82.81155
G1 X111.393 Y122.712 E82.83013
G1 F1536.9 X110.916 Y122.112 E82.8583
G1 F1543.9 X110.399 Y121.275 E82.89429
G1 X110.057 Y120.508 E82.92501
G1 X109.803 Y119.831 E82.95147
G1 F1547.4 X109.619 Y119.03 E82.98147
G1 F1543.9 X109.499 Y118.296 E83.00868
G1 X109.47 Y117.52 E83.03709
M204 S1000
G0 F9000 X109.477 Y117.72
G0 X109.912 Y117.491
M204 S2000
G1 F1558 X109.942 Y118.282 E83.06579
G1 F1561.6 X110.067 Y119.032 E83.09329
G1 F1558 X110.256 Y119.792 E83.12168
G1 X110.548 Y120.54 E83.15079
G1 F1554.5 X110.889 Y121.246 E83.17928
G1 X111.305 Y121.882 E83.2069
G1 F1550.9 X111.625 Y122.304 E83.22619
G1 F1561.6 X112.156 Y122.899 E83.25503
G1 F1558 X112.951 Y123.589 E83.29319
G1 X113.795 Y124.134 E83.32962
G1 F1554.5 X114.5 Y124.47 E83.35799
G1 F1558 X115.228 Y124.75 E83.38627
G1 F1561.6 X115.988 Y124.936 E83.41457
G1 F1558 X116.784 Y125.065 E83.44381
G1 F1565.2 X117.882 Y125.085 E83.48344
G1 F1558 X118.569 Y125.011 E83.50849
G1 F1561.6 X119.357 Y124.868 E83.53746
G1 F1558 X120.098 Y124.63 E83.56567
G1 F1543.9 X121.005 Y124.23 E83.60194
G1 F1561.6 X121.664 Y123.856 E83.62935
G1 F1565.2 X122.317 Y123.364 E83.65885
G1 F1550.9 X123.047 Y122.676 E83.69538
G1 X123.395 Y122.276 E83.71469
G1 F1561.6 X123.865 Y121.648 E83.74307
G1 F1572.5 X124.368 Y120.747 E83.78013
G1 F1576.1 X124.739 Y119.81 E83.81625
G1 F1565.2 X124.928 Y119.049 E83.84455
G1 F1550.9 X125.07 Y118.041 E83.88162
G1 F1547.4 X125.089 Y117.496 E83.90153
G1 X125.07 Y116.954 E83.92132
G1 F1543.9 X124.935 Y115.973 E83.95755
G1 F1554.5 X124.743 Y115.203 E83.98639
G1 F1572.5 X124.364 Y114.243 E84.02346
G1 F1568.8 X123.853 Y113.335 E84.06098
G1 F1572.5 X123.243 Y112.525 E84.0974
G1 F1576.1 X122.505 Y111.785 E84.13485
G1 X121.677 Y111.154 E84.17216
G1 F1558 X121.027 Y110.781 E84.19933
G1 F1543.9 X120.117 Y110.378 E84.23574
G1 F1554.5 X119.368 Y110.136 E84.26434
G1 F1568.8 X118.302 Y109.941 E84.30336
G1 F1554.5 X117.347 Y109.913 E84.33808
G1 F1547.4 X116.522 Y109.975 E84.36828
G1 F1558 X115.728 Y110.111 E84.39748
G1 F1568.8 X114.721 Y110.427 E84.43548
G1 X113.791 Y110.869 E84.47255
G1 F1554.5 X113.16 Y111.275 E84.49982
G1 F1540.4 X112.721 Y111.605 E84.51996
G1 F1543.9 X111.99 Y112.283 E84.55644
G1 F1558 X111.478 Y112.865 E84.58454
G1 F1568.8 X110.896 Y113.744 E84.62249
G1 F1558 X110.552 Y114.454 E84.6511
G1 X110.256 Y115.206 E84.68039
G1 F1554.5 X110.066 Y115.975 E84.70918
G1 F1543.9 X109.929 Y116.962 E84.74563
G1 X109.912 Y117.491 E84.765
M204 S1000
G0 F9000 X109.918 Y117.291
G1 F1500 E83.765
;MESH:NONMESH
G0 F600 X109.918 Y117.291 Z2.2
G0 F9000 X109.63 Y117.281
G0 X109.795 Y116.435
G0 X110.86 Y116.581
G0 X118.019 Y115.278
;TIME_ELAPSED:79.869165
;LAYER:10
;TYPE:SUPPORT
G1 F1500 E84.765
G1 F5280 X118.051 Y115.372 E84.76829
G1 X118.154 Y115.34 E84.77187
G1 X118.86 Y115.12 E84.7964
G1 X119.45 Y115.561 E84.82084
G1 X119.756 Y115.944 E84.83711
G1 X119.728 Y116.074 E84.84152
G1 X118.154 Y115.34 E84.89914
G1 X118.019 Y115.278 E84.90407
G1 F1500 E83.90407
G0 F9000 X117.004 Y114.804
G1 F1500 E84.90407
G1 F5280 X118.019 Y115.278 E84.94123
G1 X117.823 Y114.687 E84.96189
G1 X117.636 Y114.452 E84.97185
G1 X117.442 Y114.448 E84.97829
G1 X117.204 Y114.752 E84.9911
G1 X116.534 Y114.927 E85.01408
G1 X116.02 Y115.184 E85.03314
G1 X115.664 Y115.467 E85.04823
G1 X115.743 Y115.761 E85.05833
G1 X120 Y117.746 E85.21416
G1 X120.191 Y118.009 E85.22495
G1 X120.069 Y118.47 E85.24077
G1 X119.824 Y118.966 E85.25912
G1 X119.683 Y119.143 E85.26663
G1 X115.194 Y117.049 E85.43097
G1 X114.729 Y117.479 E85.45198
G1 X114.85 Y118.223 E85.47699
G1 X115.024 Y118.674 E85.49303
G1 X115.447 Y118.815 E85.50782
G1 X115.57 Y118.702 E85.51336
G1 X116.327 Y119.445 E85.54855
G1 X116.217 Y119.568 E85.55403
G1 X116.357 Y119.987 E85.56868
G1 X116.824 Y120.161 E85.58522
G1 X117.191 Y120.238 E85.59766
G1 X117.443 Y120.549 E85.61094
G1 X117.614 Y120.578 E85.61669
G1 X117.874 Y120.234 E85.631
G1 X118.393 Y120.086 E85.6489
G1 X114.948 Y118.48 E85.77501
G1 F1500 E84.77501
;MESH:Encoder_Knob.stl
G0 F9000 X114.075 Y118.432
G0 X109.916 Y117.509
M204 S2000
;TYPE:WALL-INNER
G1 F1500 E85.77501
G1 F3780 X109.992 Y118.673 E85.81575
G1 X110.222 Y119.671 E85.85151
G1 X110.475 Y120.355 E85.87698
G1 X110.886 Y121.211 E85.91014
G1 X111.264 Y121.835 E85.93562
G1 X111.868 Y122.596 E85.96955
G1 X112.597 Y123.299 E86.00492
G1 X113.166 Y123.725 E86.02974
G1 X113.983 Y124.219 E86.06309
G1 X114.669 Y124.547 E86.08964
G1 X115.612 Y124.858 E86.12432
G1 X116.414 Y125.002 E86.15277
G1 X116.414 Y121.077 E86.28985
G1 X115.824 Y120.855 E86.31186
G1 X115.18 Y120.445 E86.33852
G1 X114.599 Y119.873 E86.367
G1 X114.167 Y119.221 E86.39431
G1 X113.888 Y118.502 E86.42125
G1 X113.758 Y117.718 E86.449
G1 X113.759 Y117.28 E86.4643
G1 X113.885 Y116.513 E86.49144
G1 X114.167 Y115.782 E86.5188
G1 X114.557 Y115.183 E86.54377
G1 X114.869 Y114.829 E86.56024
G1 X115.48 Y114.338 E86.58762
G1 X116.121 Y114.018 E86.61264
G1 X116.414 Y113.928 E86.62334
G1 X116.414 Y109.998 E86.76059
G1 X115.823 Y110.104 E86.78156
G1 X115.077 Y110.303 E86.80852
G1 X114.441 Y110.561 E86.83249
G1 X113.76 Y110.891 E86.85892
G1 X113.17 Y111.273 E86.88347
G1 X112.599 Y111.699 E86.90835
G1 X111.878 Y112.394 E86.94332
G1 X111.268 Y113.159 E86.97749
G1 X110.886 Y113.789 E87.00322
G1 X110.563 Y114.406 E87.02754
G1 X110.221 Y115.332 E87.06202
G1 X110.053 Y116.062 E87.08818
G1 X109.933 Y117.005 E87.12137
G1 X109.916 Y117.509 E87.13898
M204 S1000
G0 F9000 X109.496 Y117.509
M204 S2000
;TYPE:WALL-OUTER
G1 F2640 X109.521 Y118.26 E87.16523
G1 X109.641 Y119.018 E87.19203
G1 X109.819 Y119.792 E87.21976
G1 X110.085 Y120.513 E87.2466
G1 X110.388 Y121.199 E87.27279
G1 X110.92 Y122.078 E87.30867
G1 X111.561 Y122.885 E87.34467
G1 X112.324 Y123.62 E87.38167
G1 X113.122 Y124.216 E87.41645
G1 X113.789 Y124.591 E87.44317
G1 X114.51 Y124.936 E87.47109
G1 X115.228 Y125.173 E87.49749
G1 X115.718 Y125.304 E87.5152
G1 X116.215 Y125.4 E87.53288
G1 X116.834 Y125.481 E87.55468
G1 X116.834 Y120.757 E87.71966
G1 X116.65 Y120.717 E87.72624
G1 X115.992 Y120.465 E87.75084
G1 X115.432 Y120.109 E87.77402
G1 X114.928 Y119.611 E87.79876
G1 X114.543 Y119.026 E87.82322
G1 X114.291 Y118.383 E87.84734
G1 X114.177 Y117.685 E87.87204
G1 X114.177 Y117.321 E87.88475
G1 X114.288 Y116.632 E87.90912
G1 X114.539 Y115.977 E87.93362
G1 X114.918 Y115.4 E87.95773
G1 X115.161 Y115.131 E87.97039
G1 X115.714 Y114.691 E87.99507
G1 X116.35 Y114.378 E88.01982
G1 X116.834 Y114.252 E88.03729
G1 X116.834 Y109.52 E88.20254
G1 X115.949 Y109.636 E88.23372
G1 X115.223 Y109.828 E88.25994
G1 X114.497 Y110.068 E88.28665
G1 X113.79 Y110.409 E88.31406
G1 X113.131 Y110.778 E88.34043
G1 X112.326 Y111.378 E88.3755
G1 X111.566 Y112.11 E88.41235
G1 X110.923 Y112.918 E88.44841
G1 X110.52 Y113.583 E88.47557
G1 X110.287 Y114.027 E88.49308
G1 X110.085 Y114.487 E88.51062
G1 X109.819 Y115.208 E88.53746
G1 X109.641 Y115.982 E88.5652
G1 X109.52 Y116.743 E88.59211
G1 X109.496 Y117.509 E88.61887
M204 S1000
G0 F9000 X109.502 Y117.709
G0 X110.243 Y117.238
;TYPE:SKIN
G1 F2100 X110.385 Y116.127 E88.65799
G1 X110.62 Y115.221 E88.69067
G1 X110.97 Y114.353 E88.72336
G1 X111.185 Y113.945 E88.73947
G1 X111.68 Y113.182 E88.77123
G1 X112.29 Y112.464 E88.80413
G1 X112.98 Y111.834 E88.83676
G1 X113.733 Y111.307 E88.86886
G1 X114.57 Y110.872 E88.9018
G1 X115.437 Y110.554 E88.93405
G1 X116.078 Y110.404 E88.95704
G1 X116.078 Y113.66 E89.07075
G1 X115.292 Y114.062 E89.10158
G1 X114.638 Y114.584 E89.13081
G1 X114.272 Y115.002 E89.15021
G1 X113.859 Y115.638 E89.17669
G1 X113.554 Y116.45 E89.20698
G1 X113.426 Y117.236 E89.2348
G1 X113.423 Y117.743 E89.2525
G1 X113.56 Y118.59 E89.28247
G1 X113.865 Y119.358 E89.31133
G1 X114.347 Y120.1 E89.34223
G1 X114.975 Y120.711 E89.37282
G1 X115.61 Y121.114 E89.39909
G1 X116.078 Y121.307 E89.41677
G1 X116.078 Y124.597 E89.53167
G1 X115.204 Y124.392 E89.56302
G1 X114.13 Y123.915 E89.60406
G1 X113.362 Y123.452 E89.63538
G1 X112.977 Y123.162 E89.65221
G1 X112.291 Y122.536 E89.68464
G1 X111.981 Y122.197 E89.70068
G1 X111.43 Y121.458 E89.73288
G1 X110.972 Y120.647 E89.7654
G1 X110.62 Y119.776 E89.79821
G1 X110.384 Y118.872 E89.83084
G1 X110.272 Y118.007 E89.8613
G1 X110.243 Y117.238 E89.88818
G0 F9000 X110.041 Y117.23
G0 X110.248 Y119.013
G0 X110.51 Y119.835
G0 X110.92 Y121.027
G0 X111.304 Y120.807
G1 F2100 X114.218 Y123.722 E90.03212
G1 X114.292 Y123.796
G0 F9000 X114.123 Y124.158
G0 X115.11 Y124.572
G0 X115.24 Y124.15
G1 F2100 X110.833 Y119.742 E90.2498
G0 F9000 X110.616 Y118.932
G1 F2100 X115.868 Y124.184 E90.50919
G0 F9000 X115.868 Y123.59
G1 F2100 X110.513 Y118.235 E90.77367
G0 F9000 X110.467 Y117.594
G1 F2100 X115.868 Y122.996 E91.04044
G0 F9000 X115.868 Y122.402
G1 F2100 X110.482 Y117.016 E91.30645
G0 F9000 X110.549 Y116.489
G1 F2100 X113.971 Y119.911 E91.47546
G1 X114.045 Y119.985
G0 F9000 X114.461 Y119.716
G0 X113.877 Y118.552
G0 X113.398 Y118.743
G1 F2100 X110.638 Y115.983 E91.61177
G0 F9000 X110.76 Y115.512
G1 F2100 X113.253 Y118.004 E91.73487
G0 F9000 X113.218 Y117.376
G1 F2100 X110.908 Y115.066 E91.84896
G0 F9000 X111.078 Y114.642
G1 F2100 X113.278 Y116.842 E91.95762
G0 F9000 X113.371 Y116.341
G1 F2100 X111.266 Y114.236 E92.06158
G0 F9000 X111.486 Y113.862
G1 F2100 X113.533 Y115.908 E92.16265
G0 F9000 X113.703 Y115.485
G1 F2100 X111.721 Y113.503 E92.26054
G0 F9000 X111.973 Y113.161
G1 F2100 X113.94 Y115.128 E92.35769
G0 F9000 X114.185 Y114.779
G1 F2100 X112.245 Y112.839 E92.4535
G0 F9000 X112.529 Y112.529
G1 F2100 X114.464 Y114.464 E92.54907
G0 F9000 X114.789 Y114.195
G1 F2100 X112.84 Y112.246 E92.64533
G0 F9000 X113.155 Y111.967
G1 F2100 X115.12 Y113.932 E92.74238
G0 F9000 X115.499 Y113.717
G1 F2100 X113.504 Y111.722 E92.84091
G0 F9000 X113.855 Y111.479
G1 F2100 X115.865 Y113.489 E92.94018
G0 F9000 X115.865 Y112.895
G1 F2100 X114.246 Y111.276 E93.02014
G0 F9000 X114.636 Y111.073
G1 F2100 X115.866 Y112.302 E93.08086
G0 F9000 X115.866 Y111.708
G1 F2100 X115.069 Y110.911 E93.12023
G0 F9000 X115.505 Y110.753
G1 F2100 X115.867 Y111.115 E93.13811
G0 F9000 X115.6 Y110.274
G0 X116.32 Y113.847
G0 X114.999 Y114.954
G0 X114.325 Y115.869
G0 X113.938 Y117.307
G0 X114.056 Y118.437
G0 X115.369 Y120.597
G0 X115.092 Y121.031
G1 F2100 X115.868 Y121.808 E93.17646
G1 X115.942 Y121.882
G1 F1500 E92.17646
G0 F9000 X116.388 Y121.882
G0 X116.614 Y124.826
G0 X118.474 Y124.826
G0 X118.674 Y124.991
M204 S2000
;TYPE:WALL-INNER
G1 F1500 E93.17646
G1 F3780 X119.406 Y124.852 E93.20248
G1 X120.339 Y124.544 E93.23679
G1 X121.016 Y124.218 E93.26303
G1 X121.834 Y123.725 E93.29639
G1 X122.403 Y123.299 E93.32121
G1 X123.125 Y122.603 E93.35623
G1 X123.735 Y121.838 E93.3904
G1 X124.114 Y121.211 E93.41599
G1 X124.525 Y120.355 E93.44915
G1 X124.779 Y119.668 E93.47473
G1 X124.946 Y118.938 E93.50088
G1 X125.067 Y117.994 E93.53412
G1 X125.084 Y117.491 E93.55169
G1 X125.008 Y116.328 E93.5924
G1 X124.779 Y115.332 E93.62809
G1 X124.422 Y114.364 E93.66412
G1 X123.852 Y113.356 E93.70456
G1 X123.157 Y112.428 E93.74505
G1 X122.401 Y111.699 E93.78173
G1 X121.83 Y111.273 E93.80661
G1 X121.016 Y110.781 E93.83982
G1 X120.559 Y110.561 E93.85754
G1 X119.895 Y110.292 E93.88256
G1 X119.188 Y110.105 E93.9081
G1 X118.675 Y110.009 E93.92632
G1 X118.675 Y113.95 E94.06395
G1 X119.247 Y114.18 E94.08548
G1 X119.861 Y114.59 E94.11127
G1 X120.192 Y114.891 E94.12689
G1 X120.64 Y115.451 E94.15194
G1 X120.992 Y116.138 E94.1789
G1 X121.127 Y116.554 E94.19417
G1 X121.242 Y117.281 E94.21987
G1 X121.204 Y118.083 E94.24791
G1 X121.009 Y118.817 E94.27444
G1 X120.672 Y119.503 E94.30113
G1 X120.198 Y120.102 E94.32781
G1 X119.606 Y120.6 E94.35482
G1 X118.966 Y120.947 E94.38025
G1 X118.674 Y121.045 E94.391
G1 X118.674 Y124.991 E94.52881
M204 S1000
G0 F9000 X118.937 Y124.826
G0 X118.533 Y120.939
G0 X118.254 Y120.729
M204 S2000
;TYPE:WALL-OUTER
G1 F2640 X118.254 Y125.468 E94.69431
G1 X119.051 Y125.366 E94.72237
G1 X119.772 Y125.174 E94.74843
G1 X120.495 Y124.934 E94.77503
G1 X121.21 Y124.591 E94.80273
G1 X121.877 Y124.217 E94.82943
G1 X122.676 Y123.62 E94.86427
G1 X123.433 Y122.891 E94.90097
G1 X124.079 Y122.08 E94.93718
G1 X124.612 Y121.199 E94.97314
G1 X124.915 Y120.513 E94.99933
G1 X125.181 Y119.792 E95.02617
G1 X125.359 Y119.018 E95.0539
G1 X125.479 Y118.258 E95.08077
G1 X125.504 Y117.491 E95.10757
G1 X125.479 Y116.74 E95.13382
G1 X125.359 Y115.982 E95.16062
G1 X125.181 Y115.208 E95.18835
G1 X124.915 Y114.487 E95.21519
G1 X124.713 Y114.027 E95.23274
G1 X124.476 Y113.574 E95.25059
G1 X124.204 Y113.126 E95.26889
G1 X123.908 Y112.705 E95.28687
G1 X123.433 Y112.109 E95.31348
G1 X122.674 Y111.378 E95.35028
G1 X121.869 Y110.778 E95.38535
G1 X121.21 Y110.409 E95.41172
G1 X120.729 Y110.177 E95.43037
G1 X120.028 Y109.892 E95.4568
G1 X119.282 Y109.695 E95.48375
G1 X118.785 Y109.599 E95.50142
G1 X118.255 Y109.531 E95.52009
G1 X118.255 Y114.263 E95.68534
G1 X118.441 Y114.308 E95.69202
G1 X119.069 Y114.566 E95.71574
G1 X119.621 Y114.936 E95.73894
G1 X119.881 Y115.174 E95.75125
G1 X120.303 Y115.704 E95.77491
G1 X120.608 Y116.308 E95.79854
G1 X120.717 Y116.648 E95.81101
G1 X120.823 Y117.314 E95.83456
G1 X120.79 Y118.004 E95.85869
G1 X120.615 Y118.671 E95.88277
G1 X120.305 Y119.291 E95.90698
G1 X119.884 Y119.822 E95.93064
G1 X119.361 Y120.259 E95.95445
G1 X118.769 Y120.576 E95.9779
G1 X118.254 Y120.729 E95.99666
M204 S1000
G0 F9000 X118.254 Y120.929
G0 X118.554 Y120.929
G0 X119.489 Y120.463
G0 X120.511 Y119.415
G0 X121.026 Y118.05
G0 X120.832 Y116.22
G0 X120.053 Y115.006
G0 X118.768 Y113.884
G0 X118.776 Y110.222
G0 X119.012 Y110.407
;TYPE:SKIN
G1 F2100 X119.794 Y110.613 E96.0249
G1 X120.693 Y110.979 E96.0588
G1 X121.638 Y111.549 E96.09734
G1 X122.019 Y111.832 E96.11392
G1 X122.709 Y112.464 E96.14659
G1 X123.31 Y113.169 E96.17895
G1 X123.563 Y113.531 E96.19437
G1 X124.031 Y114.357 E96.22752
G1 X124.382 Y115.226 E96.26025
G1 X124.615 Y116.131 E96.29289
G1 X124.687 Y116.567 E96.30832
G1 X124.747 Y117.499 E96.34094
G1 X124.732 Y117.955 E96.35687
G1 X124.615 Y118.873 E96.38919
G1 X124.38 Y119.777 E96.42181
G1 X124.028 Y120.647 E96.45459
G1 X123.563 Y121.471 E96.48763
G1 X123.326 Y121.811 E96.5021
G1 X122.71 Y122.536 E96.53533
G1 X122.023 Y123.162 E96.56779
G1 X121.638 Y123.452 E96.58462
G1 X120.869 Y123.915 E96.61597
G1 X119.813 Y124.386 E96.65635
G1 X119.011 Y124.58 E96.68516
G1 X119.011 Y121.303 E96.79961
G1 X119.736 Y120.917 E96.82829
G1 X120.409 Y120.369 E96.8586
G1 X120.962 Y119.677 E96.88954
G1 X121.324 Y118.94 E96.91821
G1 X121.538 Y118.129 E96.9475
G1 X121.585 Y117.287 E96.97696
G1 X121.456 Y116.471 E97.00581
G1 X121.32 Y116.051 E97.02122
G1 X120.944 Y115.301 E97.05052
G1 X120.408 Y114.631 E97.08049
G1 X120.121 Y114.367 E97.09411
G1 X119.497 Y113.942 E97.12047
G1 X119.012 Y113.725 E97.13903
G1 X119.012 Y110.407 E97.2549
G0 F9000 X119.048 Y110.196
G0 X120.487 Y110.722
G0 X121.583 Y111.305
G0 X122.389 Y111.918
G0 X123.098 Y112.67
G0 X124.078 Y113.971
G0 X123.694 Y114.191
G1 F2100 X120.78 Y111.277 E97.39882
G1 X120.706 Y111.203
G0 F9000 X120.879 Y110.844
G0 X119.847 Y110.415
G0 X119.72 Y110.811
G1 F2100 X124.167 Y115.258 E97.61845
G0 F9000 X124.38 Y116.064
G1 F2100 X119.221 Y110.905 E97.87325
G0 F9000 X119.221 Y111.499
G1 F2100 X124.488 Y116.767 E98.13341
G0 F9000 X124.529 Y117.402
G1 F2100 X119.221 Y112.093 E98.39559
G0 F9000 X119.221 Y112.687
G1 F2100 X124.516 Y117.982 E98.6571
G0 F9000 X124.449 Y118.509
G1 F2100 X121.074 Y115.134 E98.82379
G1 X121 Y115.06
G0 F9000 X120.605 Y115.375
G0 X121.114 Y116.421
G0 X121.608 Y116.262
G1 F2100 X124.36 Y119.015 E98.95973
G0 F9000 X124.237 Y119.486
G1 F2100 X121.75 Y116.998 E99.08259
G0 F9000 X121.775 Y117.617
G1 F2100 X124.09 Y119.932 E99.19692
G0 F9000 X123.919 Y120.355
G1 F2100 X121.741 Y118.177 E99.30449
G0 F9000 X121.616 Y118.646
G1 F2100 X123.725 Y120.755 E99.40865
G0 F9000 X123.511 Y121.135
G1 F2100 X121.477 Y119.101 E99.50911
G0 F9000 X121.281 Y119.499
G1 F2100 X123.284 Y121.502 E99.60803
G0 F9000 X123.026 Y121.838
G1 F2100 X121.065 Y119.877 E99.70488
G0 F9000 X120.8 Y120.206
G1 F2100 X122.754 Y122.16 E99.80139
G0 F9000 X122.47 Y122.47
G1 F2100 X120.536 Y120.536 E99.89691
G0 F9000 X120.21 Y120.804
G1 F2100 X122.159 Y122.753 E99.99317
G0 F9000 X121.844 Y123.032
G1 F2100 X119.883 Y121.071 E100.09002
G0 F9000 X119.498 Y121.28
G1 F2100 X121.504 Y123.286 E100.18909
G0 F9000 X121.133 Y123.509
G1 F2100 X119.221 Y121.596 E100.28355
G0 F9000 X119.221 Y122.19
G1 F2100 X120.762 Y123.732 E100.35968
G0 F9000 X120.35 Y123.914
G1 F2100 X119.221 Y122.784 E100.41546
G0 F9000 X119.221 Y123.378
G1 F2100 X119.94 Y124.097 E100.45098
G0 F9000 X119.493 Y124.245
G1 F2100 X119.221 Y123.972 E100.46443
G0 F9000 X119.406 Y124.718
G0 X118.767 Y121.124
G0 X120.054 Y119.992
G0 X120.841 Y118.756
G0 X121.064 Y117.309
G0 X120.832 Y116.22
G0 X119.618 Y114.399
G0 X119.91 Y113.97
G1 F2100 X119.221 Y113.281 E100.49846
G1 X119.147 Y113.207
G1 F1500 E99.49846
;MESH:NONMESH
G0 F600 X119.147 Y113.207 Z2.4
G0 F9000 X118.701 Y113.207
G0 X118.469 Y114.093
G0 X117.492 Y115.032
;TIME_ELAPSED:99.282841
;LAYER:11
;TYPE:SUPPORT
G1 F1500 E100.49846
G1 F5280 X117.617 Y115.09 E100.50303
G1 X117.532 Y114.982 E100.50759
G1 X117.297 Y115.272 E100.51998
G1 X116.964 Y115.339 E100.53125
G1 X116.394 Y115.553 E100.55145
G1 X115.989 Y115.876 E100.56863
G1 X119.705 Y117.608 E100.70465
G1 X119.693 Y117.854 E100.71282
G1 X119.579 Y118.283 E100.72755
G1 X119.372 Y118.694 E100.74282
G1 X119.195 Y118.915 E100.75221
G1 X115.329 Y117.112 E100.89374
G1 X115.276 Y117.597 E100.90992
G1 X115.352 Y118.075 E100.92598
G1 X115.522 Y118.515 E100.94163
G1 X115.779 Y118.908 E100.95721
G1 X116.026 Y119.151 E100.96871
G1 X116.477 Y119.477 E100.98717
G1 X116.962 Y119.658 E101.00434
G1 X117.299 Y119.729 E101.01577
G1 X117.524 Y120.006 E101.02761
G1 X117.705 Y119.765 E101.03761
G1 X115.741 Y118.849 E101.10951
G1 F1500 E100.10951
;MESH:Encoder_Knob.stl
G0 F9000 X114.343 Y119.123
G0 X110.24 Y117.784
G0 X109.941 Y117.793
M204 S2000
;TYPE:WALL-INNER
G1 F1500 E101.10951
G1 F3780 X110.089 Y118.932 E101.14962
G1 X110.201 Y119.423 E101.16721
G1 X110.499 Y120.323 E101.20032
G1 X110.802 Y121.006 E101.22641
G1 X111.175 Y121.622 E101.25156
G1 X111.755 Y122.396 E101.28534
G1 X112.429 Y123.091 E101.31915
G1 X113.188 Y123.696 E101.35304
G1 X114.007 Y124.192 E101.38648
G1 X114.889 Y124.582 E101.42016
G1 X115.821 Y124.86 E101.45413
G1 X116.414 Y124.967 E101.47517
G1 X116.414 Y121.077 E101.61102
G1 X115.835 Y120.861 E101.6326
G1 X115.427 Y120.62 E101.64915
G1 X114.909 Y120.205 E101.67233
G1 X114.594 Y119.868 E101.68844
G1 X114.167 Y119.217 E101.71563
G1 X113.885 Y118.492 E101.7428
G1 X113.758 Y117.714 E101.77033
G1 X113.759 Y117.275 E101.78566
G1 X113.885 Y116.509 E101.81277
G1 X114.164 Y115.781 E101.84
G1 X114.594 Y115.132 E101.86719
G1 X114.868 Y114.831 E101.8814
G1 X115.495 Y114.333 E101.90936
G1 X115.886 Y114.12 E101.92491
G1 X116.414 Y113.923 E101.9446
G1 X116.414 Y110.033 E102.08045
G1 X115.805 Y110.144 E102.10207
G1 X114.889 Y110.418 E102.13546
G1 X114.158 Y110.716 E102.16302
G1 X113.191 Y111.302 E102.20251
G1 X112.613 Y111.733 E102.22769
G1 X111.906 Y112.417 E102.26205
G1 X111.302 Y113.172 E102.29581
G1 X110.798 Y114.003 E102.32975
G1 X110.5 Y114.677 E102.35549
G1 X110.201 Y115.577 E102.38861
G1 X110.089 Y116.068 E102.4062
G1 X109.968 Y117.008 E102.4393
G1 X109.941 Y117.793 E102.46673
M204 S1000
G0 F9000 X109.531 Y117.509
M204 S2000
;TYPE:WALL-OUTER
G1 F2640 X109.556 Y118.255 E102.49279
G1 X109.676 Y119.012 E102.51956
G1 X109.851 Y119.774 E102.54687
G1 X110.109 Y120.48 E102.57312
G1 X110.427 Y121.197 E102.60051
G1 X110.951 Y122.063 E102.63586
G1 X111.588 Y122.861 E102.67152
G1 X112.147 Y123.402 E102.69868
G1 X112.54 Y123.736 E102.7167
G1 X113.143 Y124.187 E102.74299
G1 X113.813 Y124.564 E102.76984
G1 X114.517 Y124.902 E102.79711
G1 X115.237 Y125.139 E102.82359
G1 X115.727 Y125.27 E102.8413
G1 X116.218 Y125.365 E102.85876
G1 X116.834 Y125.446 E102.88046
G1 X116.834 Y120.756 E103.04425
G1 X116.651 Y120.717 E103.05079
G1 X116.003 Y120.472 E103.07498
G1 X115.689 Y120.292 E103.08762
G1 X115.16 Y119.867 E103.11132
G1 X114.922 Y119.606 E103.12365
G1 X114.54 Y119.023 E103.14799
G1 X114.286 Y118.365 E103.17263
G1 X114.177 Y117.68 E103.19685
G1 X114.177 Y117.316 E103.20956
G1 X114.288 Y116.628 E103.2339
G1 X114.54 Y115.976 E103.25831
G1 X114.922 Y115.394 E103.28262
G1 X115.175 Y115.119 E103.29567
G1 X115.706 Y114.696 E103.31938
G1 X116.033 Y114.514 E103.33245
G1 X116.683 Y114.274 E103.35665
G1 X116.834 Y114.244 E103.36203
G1 X116.834 Y109.556 E103.52575
G1 X115.948 Y109.671 E103.55695
G1 X115.237 Y109.861 E103.58265
G1 X114.541 Y110.09 E103.60824
G1 X113.806 Y110.44 E103.63667
G1 X113.146 Y110.812 E103.66313
G1 X112.54 Y111.264 E103.68953
G1 X112.151 Y111.595 E103.70737
G1 X111.599 Y112.128 E103.73416
G1 X110.953 Y112.936 E103.77029
G1 X110.422 Y113.814 E103.80612
G1 X110.11 Y114.52 E103.83308
G1 X109.852 Y115.223 E103.85923
G1 X109.676 Y115.988 E103.88665
G1 X109.555 Y116.747 E103.91349
G1 X109.531 Y117.509 E103.94011
M204 S1000
G0 F9000 X109.537 Y117.709
G0 X110.288 Y117.501
;TYPE:SKIN
G1 F2100 X110.303 Y117.046 E103.95601
G1 X110.42 Y116.134 E103.98812
G1 X110.654 Y115.234 E104.0206
G1 X111.088 Y114.162 E104.06099
G1 X111.709 Y113.202 E104.10092
G1 X112.319 Y112.486 E104.13377
G1 X112.659 Y112.156 E104.15031
G1 X113.39 Y111.573 E104.18297
G1 X113.747 Y111.342 E104.19782
G1 X114.56 Y110.915 E104.22989
G1 X115.007 Y110.733 E104.24674
G1 X116.078 Y110.413 E104.28578
G1 X116.078 Y113.691 E104.40026
G1 X115.648 Y113.86 E104.41639
G1 X115.246 Y114.096 E104.43267
G1 X114.633 Y114.59 E104.46017
G1 X114.339 Y114.913 E104.47542
G1 X113.869 Y115.625 E104.50521
G1 X113.55 Y116.448 E104.53604
G1 X113.426 Y117.229 E104.56366
G1 X113.424 Y117.752 E104.58192
G1 X113.551 Y118.556 E104.61035
G1 X113.858 Y119.365 E104.64057
G1 X114.342 Y120.09 E104.67101
G1 X114.624 Y120.4 E104.68564
G1 X115.291 Y120.936 E104.71553
G1 X115.623 Y121.127 E104.7289
G1 X116.078 Y121.309 E104.74602
G1 X116.078 Y124.587 E104.8605
G1 X115.011 Y124.268 E104.89939
G1 X114.19 Y123.906 E104.93072
G1 X113.759 Y123.666 E104.94795
G1 X113.015 Y123.146 E104.97965
G1 X112.646 Y122.831 E104.99659
G1 X112.014 Y122.181 E105.02826
G1 X111.455 Y121.435 E105.06081
G1 X111.213 Y121.036 E105.07711
G1 X110.813 Y120.197 E105.10957
G1 X110.656 Y119.77 E105.12546
G1 X110.416 Y118.849 E105.1587
G1 X110.348 Y118.42 E105.17386
G1 X110.288 Y117.501 E105.20603
G0 F9000 X112.399 Y112.714
G1 F2100 X112.811 Y112.302 E105.22638
G0 F9000 X114.55 Y111.157
G1 F2100 X111.156 Y114.552 E105.39403
G1 X111.082 Y114.626
G0 F9000 X110.802 Y115.499
G1 F2100 X115.496 Y110.805 E105.62586
G0 F9000 X115.867 Y111.029
G1 F2100 X110.613 Y116.283 E105.88534
G0 F9000 X110.525 Y116.964
G1 F2100 X115.867 Y111.623 E106.14916
G0 F9000 X115.867 Y112.217
G1 F2100 X110.504 Y117.579 E106.414
G0 F9000 X110.54 Y118.137
G1 F2100 X115.867 Y112.811 E106.67707
G0 F9000 X115.867 Y113.405
G1 F2100 X115.626 Y113.646 E106.68897
G0 F9000 X113.639 Y115.633
G1 F2100 X110.601 Y118.67 E106.83899
G0 F9000 X110.713 Y119.153
G1 F2100 X113.32 Y116.546 E106.96775
G0 F9000 X113.214 Y117.246
G1 F2100 X110.835 Y119.624 E107.08522
G0 F9000 X110.99 Y120.063
G1 F2100 X113.224 Y117.83 E107.19553
G0 F9000 X113.305 Y118.342
G1 F2100 X111.178 Y120.469 E107.30058
G0 F9000 X111.369 Y120.872
G1 F2100 X113.425 Y118.816 E107.40212
G0 F9000 X113.588 Y119.247
G1 F2100 X111.588 Y121.247 E107.5009
G0 F9000 X111.837 Y121.592
G1 F2100 X113.789 Y119.64 E107.59731
G0 F9000 X114.026 Y119.997
G1 F2100 X112.091 Y121.932 E107.69288
G0 F9000 X112.371 Y122.246
G1 F2100 X114.284 Y120.334 E107.78733
G0 F9000 X114.58 Y120.631
G1 F2100 X112.664 Y122.547 E107.88196
G0 F9000 X112.972 Y122.833
G1 F2100 X114.909 Y120.896 E107.97763
G0 F9000 X115.249 Y121.15
G1 F2100 X113.306 Y123.093 E108.07359
G0 F9000 X113.656 Y123.337
G1 F2100 X115.636 Y121.357 E108.17138
G0 F9000 X115.867 Y121.719
G1 F2100 X114.018 Y123.569 E108.26272
G0 F9000 X114.409 Y123.771
G1 F2100 X115.867 Y122.313 E108.33473
G0 F9000 X115.867 Y122.907
G1 F2100 X114.822 Y123.953 E108.38637
G0 F9000 X115.249 Y124.119
G1 F2100 X115.867 Y123.501 E108.41689
G0 F9000 X115.867 Y124.095
G1 F2100 X115.707 Y124.256 E108.42482
G0 F9000 X115.718 Y124.214
G1 F1500 E107.42482
G0 F9000 X116.614 Y124.664
G0 X118.474 Y124.664
G0 X118.674 Y124.955
M204 S2000
;TYPE:WALL-INNER
G1 F1500 E108.42482
G1 F3780 X119.193 Y124.857 E108.44326
G1 X120.112 Y124.583 E108.47675
G1 X120.993 Y124.192 E108.51041
G1 X121.812 Y123.696 E108.54385
G1 X122.571 Y123.091 E108.57775
G1 X123.245 Y122.397 E108.61154
G1 X123.825 Y121.622 E108.64534
G1 X124.198 Y121.006 E108.67049
G1 X124.501 Y120.323 E108.69658
G1 X124.799 Y119.423 E108.72969
G1 X124.911 Y118.932 E108.74728
G1 X125.032 Y117.991 E108.78041
G1 X125.058 Y117.215 E108.80753
G1 X124.912 Y116.068 E108.84791
G1 X124.746 Y115.347 E108.87375
G1 X124.493 Y114.659 E108.89935
G1 X124.078 Y113.797 E108.93276
G1 X123.822 Y113.374 E108.95003
G1 X123.129 Y112.449 E108.99039
G1 X122.567 Y111.906 E109.01768
G1 X121.809 Y111.302 E109.05153
G1 X121 Y110.812 E109.08456
G1 X120.336 Y110.493 E109.11029
G1 X119.378 Y110.175 E109.14554
G1 X118.674 Y110.043 E109.17055
G1 X118.675 Y113.95 E109.307
G1 X119.25 Y114.181 E109.32864
G1 X119.9 Y114.619 E109.35601
G1 X120.435 Y115.169 E109.38281
G1 X120.861 Y115.842 E109.41062
G1 X121.129 Y116.564 E109.43752
G1 X121.244 Y117.314 E109.46402
G1 X121.204 Y118.084 E109.49094
G1 X121.009 Y118.82 E109.51754
G1 X120.667 Y119.511 E109.54446
G1 X120.165 Y120.138 E109.57251
G1 X119.578 Y120.621 E109.59906
G1 X118.958 Y120.95 E109.62357
G1 X118.675 Y121.045 E109.634
G1 X118.674 Y124.955 E109.77055
M204 S1000
G0 F9000 X118.917 Y124.664
G0 X118.933 Y121.239
G0 X118.255 Y120.729
M204 S2000
;TYPE:WALL-OUTER
G1 F2640 X118.254 Y125.432 E109.93479
G1 X118.781 Y125.365 E109.95334
G1 X119.273 Y125.27 E109.97084
G1 X120.049 Y125.061 E109.99891
G1 X120.719 Y124.789 E110.02416
G1 X121.187 Y124.564 E110.0423
G1 X121.857 Y124.187 E110.06914
G1 X122.46 Y123.736 E110.09544
G1 X122.853 Y123.402 E110.11345
G1 X123.412 Y122.861 E110.14062
G1 X124.049 Y122.063 E110.17628
G1 X124.573 Y121.197 E110.21163
G1 X124.891 Y120.48 E110.23902
G1 X125.15 Y119.77 E110.26541
G1 X125.324 Y119.012 E110.29257
G1 X125.444 Y118.253 E110.31941
G1 X125.469 Y117.491 E110.34604
G1 X125.444 Y116.745 E110.3721
G1 X125.324 Y115.988 E110.39887
G1 X125.149 Y115.226 E110.42617
G1 X124.883 Y114.501 E110.45314
G1 X124.675 Y114.035 E110.47097
G1 X124.444 Y113.591 E110.48844
G1 X124.174 Y113.144 E110.50668
G1 X123.886 Y112.734 E110.52418
G1 X123.407 Y112.134 E110.55099
G1 X122.849 Y111.595 E110.57809
G1 X122.46 Y111.264 E110.59592
G1 X121.854 Y110.812 E110.62233
G1 X121.194 Y110.44 E110.64878
G1 X120.485 Y110.099 E110.67626
G1 X119.478 Y109.767 E110.71329
G1 X118.782 Y109.634 E110.73804
G1 X118.254 Y109.566 E110.75663
G1 X118.255 Y114.263 E110.92066
G1 X118.441 Y114.308 E110.92734
G1 X119.069 Y114.566 E110.95105
G1 X119.627 Y114.939 E110.97449
G1 X120.107 Y115.431 E110.9985
G1 X120.477 Y116.013 E111.02258
G1 X120.716 Y116.646 E111.04621
G1 X120.824 Y117.328 E111.07033
G1 X120.79 Y118.004 E111.09397
G1 X120.614 Y118.676 E111.11823
G1 X120.301 Y119.297 E111.14251
G1 X119.872 Y119.836 E111.16657
G1 X119.346 Y120.27 E111.19039
G1 X118.762 Y120.578 E111.21344
G1 X118.255 Y120.729 E111.23192
M204 S1000
G0 F9000 X118.255 Y120.929
G0 X118.933 Y121.239
G0 X119.706 Y120.802
G0 X120.846 Y119.637
G0 X121.424 Y118.112
G0 X121.363 Y116.639
G0 X119.012 Y110.448
;TYPE:SKIN
G1 F2100 X119.269 Y110.497 E111.24105
G1 X120.001 Y110.738 E111.26797
G1 X120.85 Y111.115 E111.30041
G1 X121.611 Y111.575 E111.33146
G1 X122.345 Y112.159 E111.36422
G1 X122.982 Y112.815 E111.39615
G1 X123.545 Y113.565 E111.42891
G1 X123.776 Y113.947 E111.4445
G1 X124.186 Y114.799 E111.47752
G1 X124.343 Y115.226 E111.4934
G1 X124.58 Y116.134 E111.52618
G1 X124.696 Y117.036 E111.55794
G1 X124.696 Y117.963 E111.59031
G1 X124.579 Y118.871 E111.62228
G1 X124.473 Y119.331 E111.63877
G1 X124.185 Y120.201 E111.67077
G1 X123.787 Y121.036 E111.70308
G1 X123.545 Y121.435 E111.71937
G1 X122.985 Y122.181 E111.75195
G1 X122.348 Y122.838 E111.78391
G1 X121.614 Y123.423 E111.81669
G1 X120.843 Y123.888 E111.84813
G1 X119.812 Y124.349 E111.88757
G1 X119.011 Y124.543 E111.91636
G1 X119.011 Y121.305 E112.02944
G1 X119.773 Y120.896 E112.05964
G1 X120.401 Y120.379 E112.08805
G1 X120.928 Y119.726 E112.11735
G1 X121.331 Y118.929 E112.14854
G1 X121.538 Y118.133 E112.17726
G1 X121.585 Y117.304 E112.20626
G1 X121.443 Y116.437 E112.23694
G1 X121.15 Y115.661 E112.26591
G1 X120.684 Y114.944 E112.29578
G1 X120.113 Y114.361 E112.32427
G1 X119.492 Y113.94 E112.35048
G1 X119.011 Y113.724 E112.36889
G1 X119.012 Y110.448 E112.4833
G0 F9000 X119.624 Y110.836
G1 F2100 X119.221 Y111.239 E112.5032
G0 F9000 X119.221 Y111.833
G1 F2100 X120.058 Y110.995 E112.54457
G0 F9000 X120.47 Y111.177
G1 F2100 X119.221 Y112.427 E112.60628
G0 F9000 X119.221 Y113.021
G1 F2100 X120.868 Y111.373 E112.68764
G0 F9000 X121.239 Y111.597
G1 F2100 X119.239 Y113.596 E112.7864
G0 F9000 X119.641 Y113.788
G1 F2100 X121.597 Y111.832 E112.883
G0 F9000 X121.928 Y112.095
G1 F2100 X119.995 Y114.028 E112.97847
G0 F9000 X120.331 Y114.286
G1 F2100 X122.251 Y112.366 E113.0733
G0 F9000 X122.544 Y112.667
G1 F2100 X120.625 Y114.586 E113.16807
G0 F9000 X120.908 Y114.897
G1 F2100 X122.835 Y112.97 E113.26325
G0 F9000 X123.089 Y113.31
G1 F2100 X121.14 Y115.259 E113.3595
G0 F9000 X121.362 Y115.631
G1 F2100 X123.344 Y113.649 E113.45739
G0 F9000 X123.571 Y114.016
G1 F2100 X121.524 Y116.063 E113.55849
G0 F9000 X121.666 Y116.514
G1 F2100 X123.766 Y114.415 E113.66218
G0 F9000 X123.958 Y114.817
G1 F2100 X121.748 Y117.026 E113.77131
G0 F9000 X121.778 Y117.591
G1 F2100 X124.124 Y115.244 E113.8872
G0 F9000 X124.251 Y115.712
G1 F2100 X121.726 Y118.237 E114.01191
G1 X121.652 Y118.311
G0 F9000 X121.497 Y119.059
G1 F2100 X124.373 Y116.184 E114.15392
G0 F9000 X124.44 Y116.71
G1 F2100 X119.221 Y121.93 E114.41171
G0 F9000 X119.221 Y122.524
G1 F2100 X124.484 Y117.26 E114.67167
G0 F9000 X124.484 Y117.854
G1 F2100 X119.221 Y123.118 E114.93162
G0 F9000 X119.221 Y123.712
G1 F2100 X124.41 Y118.523 E115.1879
G0 F9000 X124.275 Y119.252
G1 F2100 X119.262 Y124.265 E115.43549
G1 X119.188 Y124.339
G0 F9000 X120.157 Y123.963
G1 F2100 X123.978 Y120.143 E115.62418
G1 X124.052 Y120.069
G0 F9000 X123.284 Y121.431
G1 F2100 X121.424 Y123.291 E115.71604
G1 X121.35 Y123.365
G0 F9000 X121.314 Y123.304
G1 F1500 E114.71604
;MESH:NONMESH
G0 F600 X121.314 Y123.304 Z2.6
G0 F9000 X120.49 Y119.41
G0 X119.567 Y118.815
G0 X117.492 Y115.032
;TIME_ELAPSED:116.676942
;LAYER:12
;TYPE:SUPPORT
G1 F1500 E115.71604
G1 F5280 X117.617 Y115.09 E115.72061
G1 X117.532 Y114.982 E115.72517
G1 X117.297 Y115.272 E115.73756
G1 X116.964 Y115.339 E115.74883
G1 X116.394 Y115.553 E115.76903
G1 X115.989 Y115.876 E115.78621
G1 X119.705 Y117.608 E115.92223
G1 X119.693 Y117.854 E115.9304
G1 X119.579 Y118.283 E115.94513
G1 X119.372 Y118.694 E115.9604
G1 X119.195 Y118.915 E115.96979
G1 X115.329 Y117.112 E116.11132
G1 X115.276 Y117.597 E116.1275
G1 X115.352 Y118.075 E116.14356
G1 X115.522 Y118.515 E116.15921
G1 X115.779 Y118.908 E116.17479
G1 X116.023 Y119.148 E116.18614
G1 X116.477 Y119.477 E116.20475
G1 X116.962 Y119.658 E116.22192
G1 X117.299 Y119.729 E116.23335
G1 X117.524 Y120.006 E116.24519
G1 X117.705 Y119.765 E116.25519
G1 X115.741 Y118.849 E116.32708
G1 F1500 E115.32708
;MESH:Encoder_Knob.stl
G0 F9000 X114.343 Y119.123
G0 X110.266 Y117.5
G0 X109.986 Y117.511
M204 S2000
;TYPE:WALL-INNER
G1 F1500 E116.32708
G1 F3780 X110.061 Y118.655 E116.36712
G1 X110.288 Y119.646 E116.40263
G1 X110.532 Y120.309 E116.4273
G1 X110.831 Y120.986 E116.45315
G1 X111.347 Y121.839 E116.48796
G1 X112.096 Y122.719 E116.52832
G1 X112.635 Y123.239 E116.55447
G1 X113.199 Y123.661 E116.57907
G1 X114.031 Y124.165 E116.61305
G1 X115.075 Y124.627 E116.65292
G1 X115.853 Y124.83 E116.681
G1 X116.414 Y124.931 E116.7009
G1 X116.414 Y121.077 E116.8355
G1 X115.838 Y120.862 E116.85697
G1 X115.478 Y120.656 E116.87145
G1 X114.911 Y120.207 E116.89671
G1 X114.594 Y119.868 E116.91292
G1 X114.167 Y119.217 E116.94011
G1 X113.885 Y118.491 E116.96731
G1 X113.759 Y117.724 E116.99445
G1 X113.759 Y117.276 E117.0101
G1 X113.879 Y116.531 E117.03645
G1 X114.167 Y115.783 E117.06444
G1 X114.56 Y115.179 E117.08961
G1 X114.869 Y114.831 E117.10586
G1 X115.444 Y114.367 E117.13167
G1 X115.836 Y114.139 E117.1475
G1 X116.414 Y113.923 E117.16905
G1 X116.414 Y110.069 E117.30365
G1 X115.825 Y110.176 E117.32455
G1 X114.896 Y110.452 E117.3584
G1 X114.035 Y110.833 E117.39128
G1 X113.384 Y111.202 E117.41741
G1 X112.64 Y111.756 E117.44981
G1 X111.924 Y112.448 E117.48458
G1 X111.32 Y113.207 E117.51846
G1 X110.832 Y114.012 E117.55133
G1 X110.532 Y114.691 E117.57726
G1 X110.288 Y115.354 E117.60193
G1 X110.123 Y116.076 E117.62779
G1 X110.004 Y117.012 E117.66074
G1 X109.986 Y117.511 E117.67818
M204 S1000
G0 F9000 X109.566 Y117.511
M204 S2000
;TYPE:WALL-OUTER
G1 F2640 X109.593 Y118.265 E117.70453
G1 X109.711 Y119.004 E117.73067
G1 X109.886 Y119.769 E117.75807
G1 X110.142 Y120.467 E117.78404
G1 X110.457 Y121.178 E117.81119
G1 X110.978 Y122.04 E117.84637
G1 X111.616 Y122.84 E117.88211
G1 X112.361 Y123.558 E117.91824
G1 X112.959 Y124.006 E117.94433
G1 X113.387 Y124.283 E117.96214
G1 X113.836 Y124.537 E117.98015
G1 X114.52 Y124.865 E118.00665
G1 X115.242 Y125.105 E118.03322
G1 X115.744 Y125.237 E118.05134
G1 X116.242 Y125.332 E118.06905
G1 X116.834 Y125.41 E118.0899
G1 X116.834 Y120.756 E118.25244
G1 X116.651 Y120.717 E118.25897
G1 X116.003 Y120.472 E118.28316
G1 X115.706 Y120.304 E118.29508
G1 X115.161 Y119.868 E118.31945
G1 X114.922 Y119.606 E118.33184
G1 X114.534 Y119.011 E118.35665
G1 X114.286 Y118.365 E118.38081
G1 X114.177 Y117.68 E118.40503
G1 X114.177 Y117.316 E118.41775
G1 X114.288 Y116.628 E118.44208
G1 X114.54 Y115.977 E118.46646
G1 X114.922 Y115.395 E118.49078
G1 X115.175 Y115.119 E118.50385
G1 X115.703 Y114.698 E118.52744
G1 X116.033 Y114.514 E118.54063
G1 X116.683 Y114.274 E118.56483
G1 X116.834 Y114.244 E118.5702
G1 X116.834 Y109.591 E118.7327
G1 X115.976 Y109.703 E118.76292
G1 X115.241 Y109.895 E118.78945
G1 X114.751 Y110.058 E118.80748
G1 X113.84 Y110.461 E118.84227
G1 X113.154 Y110.85 E118.86981
G1 X112.363 Y111.439 E118.90426
G1 X111.614 Y112.163 E118.94064
G1 X110.976 Y112.964 E118.9764
G1 X110.458 Y113.82 E119.01134
G1 X110.142 Y114.533 E119.03858
G1 X109.886 Y115.231 E119.06454
G1 X109.711 Y115.996 E119.09195
G1 X109.592 Y116.737 E119.11816
G1 X109.566 Y117.511 E119.1452
M204 S1000
G0 F9000 X109.573 Y117.711
G0 X110.323 Y117.503
;TYPE:SKIN
G1 F2100 X110.338 Y117.05 E119.16103
G1 X110.455 Y116.142 E119.193
G1 X110.69 Y115.242 E119.22549
G1 X110.846 Y114.817 E119.2413
G1 X111.246 Y113.977 E119.27379
G1 X111.482 Y113.588 E119.28968
G1 X112.044 Y112.839 E119.32238
G1 X112.337 Y112.518 E119.33756
G1 X113.032 Y111.882 E119.37046
G1 X113.561 Y111.489 E119.39348
G1 X114.408 Y111.008 E119.42749
G1 X115.435 Y110.627 E119.46575
G1 X116.078 Y110.476 E119.48881
G1 X116.078 Y113.691 E119.60109
G1 X115.65 Y113.86 E119.61716
G1 X115.28 Y114.07 E119.63202
G1 X114.65 Y114.576 E119.66024
G1 X114.341 Y114.911 E119.67615
G1 X113.866 Y115.625 E119.7061
G1 X113.554 Y116.449 E119.73687
G1 X113.426 Y117.232 E119.76458
G1 X113.425 Y117.757 E119.78292
G1 X113.553 Y118.55 E119.81097
G1 X113.87 Y119.384 E119.84213
G1 X114.331 Y120.078 E119.87122
G1 X114.642 Y120.418 E119.88732
G1 X115.28 Y120.929 E119.91586
G1 X115.622 Y121.127 E119.92966
G1 X116.078 Y121.309 E119.94681
G1 X116.078 Y124.525 E120.05912
G1 X115.221 Y124.323 E120.08987
G1 X114.186 Y123.866 E120.12938
G1 X113.387 Y123.381 E120.16203
G1 X113.02 Y123.106 E120.17804
G1 X112.342 Y122.487 E120.2101
G1 X111.73 Y121.77 E120.24303
G1 X111.496 Y121.434 E120.25732
G1 X111.038 Y120.62 E120.28994
G1 X110.685 Y119.754 E120.3226
G1 X110.455 Y118.858 E120.35491
G1 X110.383 Y118.414 E120.37062
G1 X110.323 Y117.503 E120.4025
G0 F9000 X111.489 Y120.993
G1 F2100 X114.006 Y123.51 E120.52681
G1 X114.08 Y123.584
G0 F9000 X115.14 Y124.049
G1 F2100 X110.958 Y119.868 E120.73333
G1 X110.884 Y119.794
G0 F9000 X110.717 Y119.032
G1 F2100 X115.867 Y124.183 E120.98771
G0 F9000 X115.867 Y123.589
G1 F2100 X110.586 Y118.308 E121.24853
G0 F9000 X110.545 Y117.673
G1 F2100 X115.867 Y122.995 E121.51138
G0 F9000 X115.867 Y122.401
G1 F2100 X110.547 Y117.081 E121.77413
G0 F9000 X110.614 Y116.553
G1 F2100 X113.967 Y119.907 E121.93975
G1 X114.041 Y119.981
G0 F9000 X113.408 Y118.754
G1 F2100 X110.697 Y116.043 E122.07364
G0 F9000 X110.82 Y115.572
G1 F2100 X113.254 Y118.006 E122.19386
G0 F9000 X113.214 Y117.371
G1 F2100 X110.959 Y115.116 E122.30523
G0 F9000 X111.134 Y114.698
G1 F2100 X113.279 Y116.843 E122.41117
G0 F9000 X113.371 Y116.341
G1 F2100 X111.326 Y114.296 E122.51217
G0 F9000 X111.531 Y113.907
G1 F2100 X113.534 Y115.91 E122.61109
G0 F9000 X113.706 Y115.488
G1 F2100 X111.77 Y113.552 E122.70671
G0 F9000 X112.025 Y113.213
G1 F2100 X113.942 Y115.13 E122.80139
G0 F9000 X114.182 Y114.776
G1 F2100 X112.28 Y112.874 E122.89532
G0 F9000 X112.581 Y112.581
G1 F2100 X114.467 Y114.467 E122.98847
G0 F9000 X114.788 Y114.194
G1 F2100 X112.891 Y112.297 E123.08216
G0 F9000 X113.204 Y112.016
G1 F2100 X115.117 Y113.929 E123.17664
G0 F9000 X115.506 Y113.724
G1 F2100 X113.545 Y111.763 E123.27349
G0 F9000 X113.909 Y111.533
G1 F2100 X115.867 Y113.491 E123.3702
G0 F9000 X115.867 Y112.897
G1 F2100 X114.287 Y111.317 E123.44823
G0 F9000 X114.691 Y111.127
G1 F2100 X115.867 Y112.303 E123.50631
G0 F9000 X115.867 Y111.709
G1 F2100 X115.124 Y110.966 E123.54301
G0 F9000 X115.564 Y110.812
G1 F2100 X115.867 Y111.115 E123.55797
G0 F9000 X113.666 Y116.465
G0 X113.538 Y117.731
G0 X113.911 Y119.167
G0 X115.145 Y121.085
G1 F2100 X115.867 Y121.807 E123.59363
G1 X115.941 Y121.881
G0 F9000 X115.814 Y121.881
G1 F1500 E122.59363
G0 F9000 X116.614 Y124.627
G0 X118.474 Y124.627
G0 X118.674 Y124.919
M204 S2000
;TYPE:WALL-INNER
G1 F1500 E123.59363
G1 F3780 X119.174 Y124.824 E123.61141
G1 X120.104 Y124.548 E123.64529
G1 X120.785 Y124.269 E123.67099
G1 X121.617 Y123.798 E123.70438
G1 X122.362 Y123.242 E123.73684
G1 X122.904 Y122.718 E123.76317
G1 X123.529 Y121.985 E123.79681
G1 X123.796 Y121.603 E123.81309
G1 X124.265 Y120.769 E123.8465
G1 X124.468 Y120.309 E123.86406
G1 X124.712 Y119.646 E123.88873
G1 X124.877 Y118.924 E123.9146
G1 X124.996 Y117.988 E123.94755
G1 X125.014 Y117.489 E123.96499
G1 X124.938 Y116.342 E124.00513
G1 X124.712 Y115.357 E124.04042
G1 X124.461 Y114.672 E124.0659
G1 X124.042 Y113.803 E124.09959
G1 X123.522 Y113.007 E124.1328
G1 X123.075 Y112.448 E124.15779
G1 X122.368 Y111.763 E124.19217
G1 X121.617 Y111.202 E124.22491
G1 X120.965 Y110.833 E124.25107
G1 X120.104 Y110.453 E124.28394
G1 X119.377 Y110.214 E124.31067
G1 X118.675 Y110.081 E124.33562
G1 X118.675 Y113.95 E124.47074
G1 X119.25 Y114.181 E124.49238
G1 X119.901 Y114.621 E124.51982
G1 X120.435 Y115.169 E124.54654
G1 X120.844 Y115.808 E124.57304
G1 X121.119 Y116.527 E124.59992
G1 X121.242 Y117.285 E124.62674
G1 X121.203 Y118.084 E124.65467
G1 X121.008 Y118.821 E124.6813
G1 X120.669 Y119.503 E124.7079
G1 X120.192 Y120.109 E124.73483
G1 X119.577 Y120.621 E124.76278
G1 X118.958 Y120.95 E124.78726
G1 X118.675 Y121.045 E124.79768
G1 X118.674 Y124.919 E124.93297
M204 S1000
G0 F9000 X118.917 Y124.627
G0 X118.933 Y121.239
G0 X118.255 Y120.729
M204 S2000
;TYPE:WALL-OUTER
G1 F2640 X118.254 Y125.398 E125.09603
G1 X119.034 Y125.295 E125.12351
G1 X119.758 Y125.105 E125.14965
G1 X120.5 Y124.856 E125.17698
G1 X121.164 Y124.537 E125.20271
G1 X121.613 Y124.283 E125.22072
G1 X122.041 Y124.006 E125.23853
G1 X122.639 Y123.558 E125.26462
G1 X123.383 Y122.84 E125.30073
G1 X124.023 Y122.04 E125.33651
G1 X124.545 Y121.174 E125.37182
G1 X124.858 Y120.467 E125.39882
G1 X125.114 Y119.769 E125.42479
G1 X125.289 Y119.004 E125.45219
G1 X125.408 Y118.263 E125.4784
G1 X125.434 Y117.489 E125.50545
G1 X125.407 Y116.735 E125.5318
G1 X125.289 Y115.995 E125.55797
G1 X125.114 Y115.231 E125.58534
G1 X124.85 Y114.514 E125.61202
G1 X124.643 Y114.05 E125.62977
G1 X124.291 Y113.371 E125.65648
G1 X123.858 Y112.755 E125.68277
G1 X123.385 Y112.162 E125.70926
G1 X122.638 Y111.44 E125.74554
G1 X121.847 Y110.85 E125.78001
G1 X121.16 Y110.461 E125.80758
G1 X120.249 Y110.058 E125.84237
G1 X119.751 Y109.894 E125.86068
G1 X119.265 Y109.765 E125.87824
G1 X118.774 Y109.669 E125.89571
G1 X118.255 Y109.601 E125.91399
G1 X118.255 Y114.263 E126.0768
G1 X118.441 Y114.308 E126.08348
G1 X119.069 Y114.566 E126.1072
G1 X119.627 Y114.94 E126.13065
G1 X120.107 Y115.431 E126.15463
G1 X120.481 Y116.024 E126.17912
G1 X120.716 Y116.646 E126.20234
G1 X120.823 Y117.319 E126.22614
G1 X120.79 Y118.004 E126.25009
G1 X120.614 Y118.676 E126.27435
G1 X120.309 Y119.285 E126.29813
G1 X119.872 Y119.836 E126.32269
G1 X119.349 Y120.268 E126.34638
G1 X118.762 Y120.578 E126.36957
G1 X118.255 Y120.729 E126.38804
M204 S1000
G0 F9000 X118.255 Y120.929
G0 X118.933 Y121.239
G0 X119.011 Y124.506
;TYPE:SKIN
G1 F2100 X119.011 Y121.303 E126.4999
G1 X119.776 Y120.896 E126.53016
G1 X120.409 Y120.369 E126.55893
G1 X120.96 Y119.672 E126.58996
G1 X121.327 Y118.927 E126.61896
G1 X121.537 Y118.131 E126.64771
G1 X121.585 Y117.297 E126.67688
G1 X121.45 Y116.448 E126.70691
G1 X121.146 Y115.659 E126.73643
G1 X120.695 Y114.955 E126.76563
G1 X120.102 Y114.352 E126.79517
G1 X119.463 Y113.923 E126.82205
G1 X119.011 Y113.725 E126.83928
G1 X119.012 Y110.495 E126.95208
G1 X119.784 Y110.679 E126.9798
G1 X120.81 Y111.134 E127.01899
G1 X121.438 Y111.49 E127.04421
G1 X121.976 Y111.889 E127.0676
G1 X122.658 Y112.513 E127.09988
G1 X123.257 Y113.217 E127.13216
G1 X123.742 Y113.958 E127.16309
G1 X124.155 Y114.815 E127.19631
G1 X124.311 Y115.242 E127.21219
G1 X124.55 Y116.158 E127.24525
G1 X124.617 Y116.576 E127.26003
G1 X124.676 Y117.499 E127.29233
G1 X124.662 Y117.949 E127.30806
G1 X124.544 Y118.863 E127.34024
G1 X124.439 Y119.323 E127.35672
G1 X124.148 Y120.197 E127.38889
G1 X123.97 Y120.608 E127.40453
G1 X123.504 Y121.434 E127.43765
G1 X123.271 Y121.769 E127.4519
G1 X122.658 Y122.487 E127.48487
G1 X121.98 Y123.106 E127.51693
G1 X121.609 Y123.385 E127.53315
G1 X120.817 Y123.864 E127.56547
G1 X119.782 Y124.322 E127.605
G1 X119.011 Y124.506 E127.63268
G0 F9000 X119.435 Y124.187
G1 F2100 X119.221 Y123.972 E127.64327
G0 F9000 X119.221 Y123.378
G1 F2100 X119.886 Y124.044 E127.67614
G0 F9000 X120.297 Y123.861
G1 F2100 X119.221 Y122.784 E127.72931
G0 F9000 X119.221 Y122.19
G1 F2100 X120.709 Y123.679 E127.80282
G0 F9000 X121.081 Y123.457
G1 F2100 X119.221 Y121.596 E127.89471
G0 F9000 X119.5 Y121.282
G1 F2100 X121.451 Y123.233 E127.99107
G0 F9000 X121.793 Y122.981
G1 F2100 X119.884 Y121.072 E128.08535
G0 F9000 X120.209 Y120.803
G1 F2100 X122.108 Y122.702 E128.17914
G0 F9000 X122.419 Y122.419
G1 F2100 X120.534 Y120.534 E128.27224
G0 F9000 X120.802 Y120.208
G1 F2100 X122.704 Y122.11 E128.36618
G0 F9000 X122.977 Y121.789
G1 F2100 X121.063 Y119.875 E128.46071
G0 F9000 X121.278 Y119.496
G1 F2100 X123.245 Y121.463 E128.55785
G0 F9000 X123.46 Y121.084
G1 F2100 X121.473 Y119.097 E128.65599
G0 F9000 X121.616 Y118.646
G1 F2100 X123.674 Y120.704 E128.75763
G0 F9000 X123.885 Y120.321
G1 F2100 X121.739 Y118.175 E128.86362
G0 F9000 X121.775 Y117.617
G1 F2100 X124.033 Y119.875 E128.97514
G0 F9000 X124.182 Y119.43
G1 F2100 X121.748 Y116.996 E129.09535
G0 F9000 X121.596 Y116.25
G1 F2100 X124.305 Y118.959 E129.22915
G0 F9000 X124.384 Y118.444
G1 F2100 X121.024 Y115.084 E129.39509
G1 X120.95 Y115.01
G0 F9000 X119.91 Y113.97
G1 F2100 X119.22 Y113.28 E129.42917
G0 F9000 X119.22 Y112.686
G1 F2100 X124.451 Y117.917 E129.68752
G0 F9000 X124.452 Y117.325
G1 F2100 X119.22 Y112.092 E129.94595
G0 F9000 X119.22 Y111.498
G1 F2100 X124.412 Y116.691 E130.2024
G0 F9000 X124.281 Y115.966
G1 F2100 X119.22 Y110.904 E130.45238
G0 F9000 X119.847 Y110.937
G1 F2100 X124.047 Y115.137 E130.65982
G1 X124.121 Y115.211
G0 F9000 X123.542 Y114.038
G1 F2100 X120.972 Y111.469 E130.78672
G1 X120.898 Y111.395
G0 F9000 X120.86 Y111.461
G1 F1500 E129.78672
;MESH:NONMESH
G0 F600 X120.86 Y111.461 Z2.8
G0 F9000 X118.487 Y114.092
G0 X117.492 Y115.032
;TIME_ELAPSED:133.850950
;LAYER:13
;TYPE:SUPPORT
G1 F1500 E130.78672
G1 F5280 X117.617 Y115.09 E130.79129
G1 X117.532 Y114.982 E130.79585
G1 X117.297 Y115.272 E130.80823
G1 X116.964 Y115.339 E130.8195
G1 X116.394 Y115.553 E130.8397
G1 X115.989 Y115.876 E130.85689
G1 X119.705 Y117.608 E130.99291
G1 X119.693 Y117.854 E131.00108
G1 X119.579 Y118.283 E131.01581
G1 X119.373 Y118.693 E131.03103
G1 X119.195 Y118.915 E131.04047
G1 X115.329 Y117.112 E131.182
G1 X115.276 Y117.597 E131.19818
G1 X115.352 Y118.075 E131.21424
G1 X115.522 Y118.515 E131.22989
G1 X115.779 Y118.908 E131.24547
G1 X116.022 Y119.147 E131.25678
G1 X116.477 Y119.477 E131.27543
G1 X116.962 Y119.658 E131.2926
G1 X117.299 Y119.729 E131.30403
G1 X117.524 Y120.006 E131.31587
G1 X117.705 Y119.765 E131.32587
G1 X115.741 Y118.849 E131.39776
G1 F1500 E130.39776
;MESH:Encoder_Knob.stl
G0 F9000 X114.343 Y119.123
G0 X110.312 Y117.779
G0 X110.013 Y117.788
M204 S2000
;TYPE:WALL-INNER
G1 F1500 E131.39776
G1 F3780 X110.157 Y118.918 E131.43755
G1 X110.321 Y119.63 E131.46306
G1 X110.565 Y120.296 E131.48783
G1 X110.86 Y120.966 E131.5134
G1 X111.375 Y121.817 E131.54814
G1 X112.126 Y122.7 E131.58862
G1 X112.846 Y123.353 E131.62257
G1 X113.227 Y123.638 E131.63918
G1 X114.033 Y124.124 E131.67205
G1 X114.7 Y124.445 E131.6979
G1 X115.373 Y124.667 E131.72265
G1 X116.061 Y124.849 E131.7475
G1 X116.414 Y124.896 E131.75994
G1 X116.414 Y121.077 E131.89331
G1 X115.838 Y120.862 E131.91478
G1 X115.478 Y120.656 E131.92927
G1 X114.908 Y120.205 E131.95465
G1 X114.595 Y119.869 E131.97069
G1 X114.167 Y119.218 E131.9979
G1 X113.875 Y118.453 E132.02649
G1 X113.759 Y117.724 E132.05227
G1 X113.757 Y117.316 E132.06652
G1 X113.88 Y116.517 E132.09475
G1 X114.167 Y115.783 E132.12228
G1 X114.588 Y115.137 E132.14921
G1 X114.868 Y114.831 E132.16369
G1 X115.434 Y114.375 E132.18907
G1 X115.835 Y114.139 E132.20532
G1 X116.414 Y113.923 E132.22691
G1 X116.414 Y110.105 E132.36024
G1 X116.065 Y110.149 E132.37253
G1 X115.373 Y110.333 E132.39753
G1 X114.691 Y110.558 E132.42261
G1 X114.034 Y110.875 E132.44809
G1 X113.222 Y111.367 E132.48125
G1 X112.482 Y111.958 E132.51432
G1 X111.95 Y112.472 E132.54015
G1 X111.5 Y113.037 E132.56538
G1 X110.879 Y113.991 E132.60513
G1 X110.565 Y114.704 E132.63234
G1 X110.321 Y115.37 E132.65711
G1 X110.157 Y116.082 E132.68263
G1 X110.046 Y116.786 E132.70752
G1 X110.013 Y117.788 E132.74253
M204 S1000
G0 F9000 X109.602 Y117.509
M204 S2000
;TYPE:WALL-OUTER
G1 F2640 X109.627 Y118.253 E132.76853
G1 X109.745 Y118.998 E132.79487
G1 X109.917 Y119.75 E132.82181
G1 X110.175 Y120.453 E132.84796
G1 X110.485 Y121.157 E132.87483
G1 X111.012 Y122.027 E132.91035
G1 X111.648 Y122.821 E132.94588
G1 X112.189 Y123.345 E132.97218
G1 X112.584 Y123.681 E132.99029
G1 X113.178 Y124.126 E133.01621
G1 X113.839 Y124.497 E133.04268
G1 X114.543 Y124.835 E133.06995
G1 X115.253 Y125.07 E133.09607
G1 X115.98 Y125.262 E133.12233
G1 X116.834 Y125.374 E133.15241
G1 X116.834 Y120.756 E133.31369
G1 X116.651 Y120.717 E133.32022
G1 X116.003 Y120.472 E133.34441
G1 X115.689 Y120.292 E133.35705
G1 X115.16 Y119.867 E133.38075
G1 X114.923 Y119.606 E133.39306
G1 X114.534 Y119.011 E133.41789
G1 X114.29 Y118.378 E133.44158
G1 X114.177 Y117.681 E133.46624
G1 X114.179 Y117.304 E133.47941
G1 X114.292 Y116.615 E133.50379
G1 X114.54 Y115.977 E133.5277
G1 X114.922 Y115.395 E133.55201
G1 X115.16 Y115.133 E133.56437
G1 X115.689 Y114.708 E133.58807
G1 X116.033 Y114.514 E133.60186
G1 X116.683 Y114.274 E133.62606
G1 X116.834 Y114.244 E133.63143
G1 X116.834 Y109.628 E133.79264
G1 X115.985 Y109.736 E133.82253
G1 X115.253 Y109.93 E133.84898
G1 X114.533 Y110.168 E133.87546
G1 X113.617 Y110.61 E133.91098
G1 X112.982 Y111.022 E133.93741
G1 X112.384 Y111.468 E133.96346
G1 X111.638 Y112.189 E133.9997
G1 X111.008 Y112.979 E134.03498
G1 X110.486 Y113.842 E134.07021
G1 X110.175 Y114.547 E134.09712
G1 X109.917 Y115.25 E134.12327
G1 X109.745 Y116.002 E134.15021
G1 X109.627 Y116.746 E134.17652
G1 X109.602 Y117.509 E134.20318
M204 S1000
G0 F9000 X109.608 Y117.709
G0 X110.359 Y117.501
;TYPE:SKIN
G1 F2100 X110.383 Y116.817 E134.22708
G1 X110.486 Y116.158 E134.25037
G1 X110.644 Y115.466 E134.27516
G1 X110.976 Y114.561 E134.30883
G1 X111.602 Y113.449 E134.35339
G1 X112.195 Y112.705 E134.38662
G1 X112.712 Y112.203 E134.41179
G1 X113.414 Y111.645 E134.4431
G1 X114.186 Y111.176 E134.47465
G1 X114.82 Y110.869 E134.49925
G1 X115.423 Y110.667 E134.52146
G1 X116.078 Y110.493 E134.54513
G1 X116.078 Y113.691 E134.65681
G1 X115.649 Y113.86 E134.67291
G1 X115.281 Y114.071 E134.68773
G1 X114.648 Y114.577 E134.71603
G1 X114.332 Y114.922 E134.73237
G1 X113.871 Y115.614 E134.76141
G1 X113.553 Y116.438 E134.79225
G1 X113.421 Y117.306 E134.82291
G1 X113.425 Y117.758 E134.8387
G1 X113.561 Y118.588 E134.86807
G1 X113.866 Y119.366 E134.89726
G1 X114.336 Y120.085 E134.92725
G1 X114.638 Y120.414 E134.94285
G1 X115.281 Y120.929 E134.97162
G1 X115.622 Y121.127 E134.98539
G1 X116.078 Y121.309 E135.00254
G1 X116.078 Y124.505 E135.11415
G1 X115.482 Y124.348 E135.13568
G1 X114.828 Y124.133 E135.15972
G1 X114.177 Y123.82 E135.18495
G1 X113.423 Y123.365 E135.2157
G1 X113.057 Y123.091 E135.23167
G1 X112.373 Y122.47 E135.26393
G1 X111.772 Y121.766 E135.29626
G1 X111.27 Y120.988 E135.32859
G1 X110.879 Y120.171 E135.36022
G1 X110.644 Y119.533 E135.38397
G1 X110.43 Y118.597 E135.4175
G1 X110.359 Y117.501 E135.45586
G0 F9000 X111.307 Y114.401
G1 F2100 X114.406 Y111.302 E135.60891
G1 X114.48 Y111.228
G0 F9000 X115.409 Y110.892
G1 F2100 X110.886 Y115.416 E135.83232
G0 F9000 X110.691 Y116.205
G1 F2100 X115.867 Y111.029 E136.08796
G0 F9000 X115.867 Y111.623
G1 F2100 X110.59 Y116.9 E136.34858
G0 F9000 X110.571 Y117.512
G1 F2100 X115.867 Y112.217 E136.61012
G0 F9000 X115.867 Y112.811
G1 F2100 X110.607 Y118.071 E136.86991
G0 F9000 X110.65 Y118.621
G1 F2100 X113.641 Y115.631 E137.0176
G1 X113.715 Y115.557
G0 F9000 X113.324 Y116.541
G1 F2100 X110.761 Y119.104 E137.14419
G0 F9000 X110.884 Y119.575
G1 F2100 X113.215 Y117.244 E137.25931
G0 F9000 X113.224 Y117.829
G1 F2100 X111.044 Y120.009 E137.36698
G0 F9000 X111.231 Y120.416
G1 F2100 X113.306 Y118.341 E137.46946
G0 F9000 X113.427 Y118.814
G1 F2100 X111.423 Y120.818 E137.56844
G0 F9000 X111.65 Y121.186
G1 F2100 X113.593 Y119.242 E137.66442
G0 F9000 X113.791 Y119.638
G1 F2100 X111.882 Y121.547 E137.75871
G0 F9000 X112.145 Y121.878
G1 F2100 X114.028 Y119.996 E137.85168
G0 F9000 X114.281 Y120.336
G1 F2100 X112.418 Y122.199 E137.94369
G0 F9000 X112.714 Y122.497
G1 F2100 X114.578 Y120.633 E138.03575
G0 F9000 X114.908 Y120.897
G1 F2100 X113.026 Y122.779 E138.1287
G0 F9000 X113.352 Y123.047
G1 F2100 X115.248 Y121.151 E138.22234
G0 F9000 X115.637 Y121.356
G1 F2100 X113.704 Y123.289 E138.31781
G0 F9000 X114.075 Y123.512
G1 F2100 X115.867 Y121.719 E138.40634
G0 F9000 X115.867 Y122.313
G1 F2100 X114.459 Y123.722 E138.47591
G0 F9000 X114.861 Y123.914
G1 F2100 X115.867 Y122.907 E138.52562
G0 F9000 X115.867 Y123.501
G1 F2100 X115.302 Y124.067 E138.55354
G0 F9000 X115.749 Y124.214
G1 F2100 X115.867 Y124.095 E138.5594
G0 F9000 X113.666 Y118.535
G0 X113.538 Y117.269
G0 X113.968 Y115.685
G0 X115.624 Y113.647
G1 F2100 X115.867 Y113.405 E138.57137
G0 F9000 X115.814 Y113.405
G1 F1500 E137.57137
G0 F9000 X115.58 Y114.516
G0 X116.192 Y115.427
G0 X118.167 Y119.843
G0 X118.469 Y120.89
G0 X118.917 Y124.591
G0 X118.674 Y124.882
M204 S2000
;TYPE:WALL-INNER
G1 F1500 E138.57137
G1 F3780 X119.381 Y124.749 E138.5965
G1 X120.299 Y124.445 E138.63027
G1 X120.967 Y124.124 E138.65615
G1 X121.773 Y123.638 E138.68902
G1 X122.529 Y123.034 E138.72281
G1 X122.874 Y122.7 E138.73958
G1 X123.501 Y121.964 E138.77335
G1 X124.121 Y121.007 E138.81317
G1 X124.435 Y120.296 E138.84032
G1 X124.679 Y119.63 E138.86509
G1 X124.842 Y118.918 E138.8906
G1 X124.988 Y117.775 E138.93084
G1 X124.953 Y116.784 E138.96547
G1 X124.843 Y116.082 E138.99028
G1 X124.679 Y115.369 E139.01583
G1 X124.427 Y114.686 E139.04126
G1 X124.011 Y113.821 E139.07478
G1 X123.495 Y113.029 E139.10779
G1 X123.049 Y112.471 E139.13274
G1 X122.518 Y111.958 E139.15852
G1 X121.779 Y111.367 E139.19157
G1 X120.966 Y110.875 E139.22475
G1 X120.522 Y110.661 E139.24197
G1 X119.726 Y110.357 E139.27172
G1 X119.165 Y110.208 E139.292
G1 X118.674 Y110.115 E139.30945
G1 X118.675 Y113.95 E139.44338
G1 X119.25 Y114.181 E139.46502
G1 X119.9 Y114.62 E139.49241
G1 X120.44 Y115.169 E139.5193
G1 X120.861 Y115.842 E139.54703
G1 X121.129 Y116.565 E139.57396
G1 X121.243 Y117.313 E139.60038
G1 X121.204 Y118.083 E139.6273
G1 X121.009 Y118.821 E139.65396
G1 X120.669 Y119.502 E139.68054
G1 X120.193 Y120.109 E139.70748
G1 X119.577 Y120.621 E139.73546
G1 X118.958 Y120.95 E139.75994
G1 X118.675 Y121.045 E139.77036
G1 X118.674 Y124.882 E139.90436
M204 S1000
G0 F9000 X118.917 Y124.591
G0 X118.933 Y121.239
G0 X118.255 Y120.729
M204 S2000
;TYPE:WALL-OUTER
G1 F2640 X118.254 Y125.354 E140.06588
G1 X119.003 Y125.268 E140.09221
G1 X119.747 Y125.07 E140.1191
G1 X120.457 Y124.835 E140.14522
G1 X121.161 Y124.497 E140.17249
G1 X121.822 Y124.126 E140.19896
G1 X122.416 Y123.681 E140.22488
G1 X122.811 Y123.345 E140.24299
G1 X123.352 Y122.821 E140.2693
G1 X123.988 Y122.027 E140.30482
G1 X124.515 Y121.157 E140.34035
G1 X124.825 Y120.453 E140.36721
G1 X125.083 Y119.75 E140.39336
G1 X125.255 Y118.998 E140.4203
G1 X125.373 Y118.251 E140.44671
G1 X125.398 Y117.49 E140.4733
G1 X125.372 Y116.744 E140.49937
G1 X125.255 Y116.002 E140.52561
G1 X125.083 Y115.249 E140.55258
G1 X124.817 Y114.528 E140.57942
G1 X124.611 Y114.065 E140.59712
G1 X124.263 Y113.396 E140.62345
G1 X123.831 Y112.777 E140.64981
G1 X123.361 Y112.188 E140.67613
G1 X122.618 Y111.47 E140.71221
G1 X122.019 Y111.022 E140.73834
G1 X121.38 Y110.609 E140.76491
G1 X120.688 Y110.275 E140.79174
G1 X119.855 Y109.956 E140.82289
G1 X119.028 Y109.737 E140.85277
G1 X118.254 Y109.638 E140.88002
G1 X118.255 Y114.263 E141.04154
G1 X118.441 Y114.308 E141.04822
G1 X119.069 Y114.566 E141.07193
G1 X119.617 Y114.932 E141.09495
G1 X120.107 Y115.431 E141.11937
G1 X120.477 Y116.013 E141.14346
G1 X120.722 Y116.673 E141.16804
G1 X120.821 Y117.304 E141.19035
G1 X120.79 Y118.004 E141.21482
G1 X120.614 Y118.676 E141.23908
G1 X120.309 Y119.285 E141.26286
G1 X119.872 Y119.836 E141.28742
G1 X119.349 Y120.268 E141.31111
G1 X118.762 Y120.578 E141.3343
G1 X118.255 Y120.729 E141.35277
M204 S1000
G0 F9000 X118.255 Y120.929
G0 X118.933 Y121.239
G0 X119.706 Y120.802
G0 X120.846 Y119.637
G0 X121.424 Y118.112
G0 X121.363 Y116.639
G0 X119.011 Y110.517
;TYPE:SKIN
G1 F2100 X119.631 Y110.681 E141.37517
G1 X120.622 Y111.059 E141.41221
G1 X121.587 Y111.645 E141.45164
G1 X122.286 Y112.203 E141.48287
G1 X122.805 Y112.704 E141.50807
G1 X123.227 Y113.235 E141.53175
G1 X123.711 Y113.977 E141.56269
G1 X124.122 Y114.829 E141.59573
G1 X124.356 Y115.465 E141.61939
G1 X124.514 Y116.158 E141.64422
G1 X124.617 Y116.815 E141.66744
G1 X124.65 Y117.762 E141.70053
G1 X124.51 Y118.858 E141.73912
G1 X124.355 Y119.534 E141.76334
G1 X124.026 Y120.436 E141.79687
G1 X123.477 Y121.41 E141.83592
G1 X123.235 Y121.758 E141.85072
G1 X122.631 Y122.465 E141.8832
G1 X121.942 Y123.09 E141.91568
G1 X121.577 Y123.365 E141.93164
G1 X120.817 Y123.823 E141.96263
G1 X120.179 Y124.128 E141.98733
G1 X119.534 Y124.343 E142.01107
G1 X119.01 Y124.47 E142.0299
G1 X119.011 Y121.306 E142.1404
G1 X119.752 Y120.911 E142.16972
G1 X120.439 Y120.338 E142.20096
G1 X120.963 Y119.666 E142.23072
G1 X121.324 Y118.938 E142.2591
G1 X121.536 Y118.135 E142.28811
G1 X121.58 Y117.299 E142.31734
G1 X121.445 Y116.433 E142.34795
G1 X121.146 Y115.658 E142.37696
G1 X120.681 Y114.938 E142.40689
G1 X120.118 Y114.358 E142.43512
G1 X119.461 Y113.923 E142.46264
G1 X119.011 Y113.725 E142.47981
G1 X119.011 Y110.517 E142.59184
G0 F9000 X119.574 Y110.885
G1 F2100 X119.22 Y111.239 E142.60933
G0 F9000 X119.22 Y111.833
G1 F2100 X120.004 Y111.049 E142.64805
G0 F9000 X120.434 Y111.213
G1 F2100 X119.22 Y112.427 E142.70801
G0 F9000 X119.22 Y113.021
G1 F2100 X120.817 Y111.424 E142.78688
G0 F9000 X121.187 Y111.648
G1 F2100 X119.239 Y113.596 E142.88309
G0 F9000 X119.641 Y113.788
G1 F2100 X121.547 Y111.882 E142.97722
G0 F9000 X121.877 Y112.146
G1 F2100 X119.997 Y114.026 E143.07007
G0 F9000 X120.335 Y114.282
G1 F2100 X122.202 Y112.415 E143.16228
G0 F9000 X122.504 Y112.707
G1 F2100 X120.627 Y114.584 E143.25499
G0 F9000 X120.907 Y114.898
G1 F2100 X122.786 Y113.019 E143.34779
G0 F9000 X123.05 Y113.349
G1 F2100 X121.139 Y115.26 E143.44217
G0 F9000 X121.36 Y115.633
G1 F2100 X123.284 Y113.709 E143.53719
G0 F9000 X123.518 Y114.069
G1 F2100 X121.526 Y116.061 E143.63558
G0 F9000 X121.672 Y116.509
G1 F2100 X123.713 Y114.467 E143.7364
G0 F9000 X123.907 Y114.868
G1 F2100 X121.75 Y117.025 E143.84294
G0 F9000 X121.774 Y117.595
G1 F2100 X124.069 Y115.3 E143.95628
G0 F9000 X124.206 Y115.757
G1 F2100 X121.723 Y118.24 E144.07891
G1 X121.649 Y118.314
G0 F9000 X121.495 Y119.061
G1 F2100 X124.314 Y116.243 E144.21812
G0 F9000 X124.394 Y116.757
G1 F2100 X119.221 Y121.93 E144.47361
G0 F9000 X119.221 Y122.524
G1 F2100 X124.423 Y117.321 E144.73055
G0 F9000 X124.416 Y117.922
G1 F2100 X119.221 Y123.118 E144.98715
G0 F9000 X119.221 Y123.712
G1 F2100 X124.329 Y118.603 E145.23945
G0 F9000 X124.181 Y119.346
G1 F2100 X119.342 Y124.184 E145.47842
G1 X119.268 Y124.258
G0 F9000 X120.271 Y123.85
G1 F2100 X123.868 Y120.252 E145.6561
G1 X123.942 Y120.178
G0 F9000 X122.96 Y121.755
G1 F2100 X121.727 Y122.987 E145.71697
G1 X121.653 Y123.061
G0 F9000 X121.615 Y123.009
G1 F1500 E144.71697
;MESH:NONMESH
G0 F600 X121.615 Y123.009 Z3
G0 F9000 X120.82 Y118.756
G0 X119.792 Y118.366
G0 X117.492 Y115.032
;TIME_ELAPSED:151.288121
;LAYER:14
;TYPE:SUPPORT
G1 F1500 E145.71697
G1 F2571.1 X117.617 Y115.09 E145.72154
G1 X117.532 Y114.982 E145.7261
G1 X117.297 Y115.272 E145.73848
G1 X116.964 Y115.339 E145.74975
G1 X116.394 Y115.553 E145.76995
G1 X115.989 Y115.876 E145.78714
G1 X119.705 Y117.608 E145.92316
G1 X119.693 Y117.854 E145.93133
G1 X119.579 Y118.283 E145.94606
G1 X119.372 Y118.694 E145.96132
G1 X119.195 Y118.915 E145.97072
G1 X115.329 Y117.112 E146.11224
G1 X115.276 Y117.597 E146.12843
G1 X115.352 Y118.075 E146.14449
G1 X115.522 Y118.515 E146.16014
G1 X115.779 Y118.908 E146.17572
G1 X116.022 Y119.147 E146.18702
G1 X116.477 Y119.477 E146.20567
G1 X116.962 Y119.658 E146.22285
G1 X117.299 Y119.729 E146.23427
G1 X117.524 Y120.006 E146.24611
G1 X117.705 Y119.765 E146.25611
G1 X115.741 Y118.849 E146.32801
G1 F1500 E145.32801
;MESH:Encoder_Knob.stl
G0 F9000 X114.754 Y119.746
G0 X113.172 Y123.012
;TYPE:FILL
G1 F1500 E146.32801
G1 F2571.1 X113.85 Y122.866 E146.35223
G1 X115.115 Y122.911 E146.39644
G1 X115.994 Y123.527 E146.43392
G1 X115.994 Y121.365 E146.50943
G1 X115.601 Y121.21 E146.52418
G1 X115.246 Y121.007 E146.53846
G1 X114.578 Y120.474 E146.56831
G1 X114.262 Y120.125 E146.58475
G1 X113.788 Y119.412 E146.61465
G1 X113.473 Y118.591 E146.64536
G1 X113.337 Y117.709 E146.67652
G1 X113.337 Y117.292 E146.69109
G1 X113.473 Y116.408 E146.72232
G1 X113.792 Y115.581 E146.75328
G1 X113.906 Y115.409 E146.76048
G1 X112.585 Y114.228 E146.82237
G1 X111.615 Y113.668 E146.86148
G0 F9000 X110.337 Y117.5
G0 X110.057 Y117.51
M204 S2000
;TYPE:WALL-INNER
G1 F2571.1 X110.082 Y118.213 E146.88605
G1 X110.193 Y118.912 E146.91077
G1 X110.355 Y119.622 E146.9362
G1 X110.599 Y120.286 E146.9609
G1 X110.895 Y120.955 E146.98645
G1 X111.259 Y121.557 E147.01102
G1 X111.835 Y122.329 E147.04466
G1 X112.5 Y123.013 E147.07797
G1 X113.239 Y123.603 E147.111
G1 X114.057 Y124.098 E147.14439
G1 X114.494 Y124.308 E147.16132
G1 X115.594 Y124.712 E147.20224
G1 X116.414 Y124.86 E147.23134
G1 X116.414 Y121.077 E147.36346
G1 X115.839 Y120.862 E147.3849
G1 X115.478 Y120.657 E147.3994
G1 X114.869 Y120.174 E147.42654
G1 X114.593 Y119.866 E147.44098
G1 X114.171 Y119.224 E147.46781
G1 X113.875 Y118.453 E147.49666
G1 X113.757 Y117.686 E147.52376
G1 X113.757 Y117.315 E147.53671
G1 X113.875 Y116.547 E147.56385
G1 X114.166 Y115.78 E147.5925
G1 X114.589 Y115.136 E147.61941
G1 X114.869 Y114.83 E147.63389
G1 X115.433 Y114.375 E147.6592
G1 X115.835 Y114.139 E147.67548
G1 X116.414 Y113.923 E147.69706
G1 X116.414 Y110.14 E147.82917
G1 X115.632 Y110.282 E147.85693
G1 X114.705 Y110.591 E147.89106
G1 X114.049 Y110.906 E147.91647
G1 X113.241 Y111.396 E147.94947
G1 X112.504 Y111.984 E147.9824
G1 X111.98 Y112.491 E148.00786
G1 X111.378 Y113.247 E148.04161
G1 X110.896 Y114.043 E148.07411
G1 X110.601 Y114.708 E148.09952
G1 X110.355 Y115.378 E148.12444
G1 X110.193 Y116.088 E148.14987
G1 X110.081 Y116.79 E148.1747
G1 X110.057 Y117.51 E148.19986
M204 S1000
G0 F9000 X109.637 Y117.51
M204 S2000
;TYPE:WALL-OUTER
G1 F2571.1 X109.663 Y118.253 E148.22582
G1 X109.78 Y118.992 E148.25195
G1 X109.951 Y119.742 E148.27882
G1 X110.209 Y120.444 E148.30494
G1 X110.522 Y121.149 E148.33187
G1 X111.031 Y121.991 E148.36623
G1 X111.661 Y122.784 E148.4016
G1 X112.218 Y123.324 E148.4287
G1 X112.801 Y123.82 E148.45543
G1 X113.424 Y124.223 E148.48134
G1 X113.862 Y124.47 E148.4989
G1 X114.551 Y124.801 E148.5256
G1 X115.532 Y125.125 E148.56168
G1 X116.249 Y125.262 E148.58717
G1 X116.834 Y125.339 E148.60778
G1 X116.834 Y120.756 E148.76783
G1 X116.651 Y120.717 E148.77436
G1 X116.003 Y120.472 E148.79856
G1 X115.706 Y120.304 E148.81047
G1 X115.15 Y119.857 E148.83539
G1 X114.922 Y119.605 E148.84726
G1 X114.534 Y119.012 E148.872
G1 X114.29 Y118.379 E148.8957
G1 X114.179 Y117.695 E148.9199
G1 X114.177 Y117.329 E148.93268
G1 X114.292 Y116.615 E148.95794
G1 X114.541 Y115.974 E148.98195
G1 X114.922 Y115.395 E149.00616
G1 X115.161 Y115.132 E149.01857
G1 X115.706 Y114.696 E149.04294
G1 X116.033 Y114.514 E149.05601
G1 X116.683 Y114.274 E149.08021
G1 X116.834 Y114.244 E149.08559
G1 X116.834 Y109.663 E149.24557
G1 X115.975 Y109.774 E149.27582
G1 X115.268 Y109.961 E149.30136
G1 X114.547 Y110.201 E149.32789
G1 X113.638 Y110.639 E149.36313
G1 X112.799 Y111.182 E149.39803
G1 X112.222 Y111.673 E149.42449
G1 X111.668 Y112.208 E149.45139
G1 X111.035 Y113.004 E149.48691
G1 X110.523 Y113.848 E149.52138
G1 X110.211 Y114.55 E149.54821
G1 X109.951 Y115.258 E149.57455
G1 X109.78 Y116.008 E149.60141
G1 X109.662 Y116.75 E149.62765
G1 X109.637 Y117.51 E149.65421
M204 S1000
G0 F9000 X109.643 Y117.71
G0 X110.664 Y117.676
G1 F1500 E148.65421
G0 F9000 X114.343 Y119.123
G0 X115.321 Y118.619
G0 X118.861 Y119.537
G0 X119.472 Y120.451
G0 X121.216 Y119.346
;TYPE:FILL
G1 F1500 E149.65421
G1 F2571.1 X121.44 Y119.261 E149.66258
G1 X122.705 Y118.531 E149.71358
G1 X123.97 Y117.4 E149.77284
G1 X124.479 Y116.699 E149.8031
G0 F9000 X118.917 Y124.556
G0 X118.674 Y124.848
M204 S2000
;TYPE:WALL-INNER
G1 F2571.1 X119.168 Y124.754 E149.82066
G1 X120.08 Y124.481 E149.8539
G1 X120.943 Y124.098 E149.88688
G1 X121.761 Y123.603 E149.92027
G1 X122.5 Y123.013 E149.95329
G1 X123.165 Y122.329 E149.98661
G1 X123.741 Y121.557 E150.02025
G1 X124.105 Y120.956 E150.04478
G1 X124.403 Y120.282 E150.07052
G1 X124.646 Y119.621 E150.09512
G1 X124.807 Y118.912 E150.12051
G1 X124.953 Y117.77 E150.16071
G1 X124.918 Y116.787 E150.19506
G1 X124.807 Y116.088 E150.21978
G1 X124.645 Y115.377 E150.24525
G1 X124.396 Y114.699 E150.27047
G1 X123.98 Y113.838 E150.30387
G1 X123.46 Y113.042 E150.33707
G1 X123.02 Y112.49 E150.36172
G1 X122.496 Y111.984 E150.38716
G1 X121.613 Y111.279 E150.42662
G1 X120.689 Y110.763 E150.46358
G1 X119.716 Y110.389 E150.49999
G1 X119.168 Y110.244 E150.51978
G1 X118.675 Y110.151 E150.5373
G1 X118.675 Y113.95 E150.66998
G1 X119.25 Y114.181 E150.69162
G1 X119.9 Y114.619 E150.71899
G1 X120.435 Y115.169 E150.74579
G1 X120.848 Y115.808 E150.77236
G1 X121.129 Y116.565 E150.80056
G1 X121.247 Y117.302 E150.82662
G1 X121.203 Y118.084 E150.85398
G1 X121.009 Y118.821 E150.88059
G1 X120.669 Y119.503 E150.90721
G1 X120.191 Y120.11 E150.93419
G1 X119.609 Y120.599 E150.96073
G1 X118.958 Y120.95 E150.98656
G1 X118.675 Y121.045 E150.99699
G1 X118.674 Y124.848 E151.1298
M204 S1000
G0 F9000 X118.917 Y124.556
G0 X118.933 Y121.239
G0 X118.255 Y120.729
M204 S2000
;TYPE:WALL-OUTER
G1 F2571.1 X118.254 Y125.324 E151.29027
G1 X119.021 Y125.227 E151.31727
G1 X119.732 Y125.039 E151.34296
G1 X120.429 Y124.807 E151.36861
G1 X121.138 Y124.47 E151.39603
G1 X121.576 Y124.223 E151.41359
G1 X122.205 Y123.816 E151.43975
G1 X122.782 Y123.324 E151.46623
G1 X123.339 Y122.785 E151.4933
G1 X123.968 Y121.992 E151.52865
G1 X124.478 Y121.15 E151.56303
G1 X124.793 Y120.44 E151.59015
G1 X125.05 Y119.741 E151.61616
G1 X125.22 Y118.992 E151.64299
G1 X125.338 Y118.249 E151.66926
G1 X125.363 Y117.49 E151.69578
G1 X125.337 Y116.747 E151.72174
G1 X125.22 Y116.008 E151.74787
G1 X125.049 Y115.257 E151.77477
G1 X124.785 Y114.541 E151.80142
G1 X124.452 Y113.807 E151.82957
G1 X124.092 Y113.212 E151.85386
G1 X123.796 Y112.79 E151.87186
G1 X123.331 Y112.207 E151.8979
G1 X122.778 Y111.673 E151.92475
G1 X122.202 Y111.182 E151.95118
G1 X121.361 Y110.638 E151.98616
G1 X120.673 Y110.307 E152.01282
G1 X119.845 Y109.989 E152.0438
G1 X119.262 Y109.834 E152.06487
G1 X118.766 Y109.739 E152.0825
G1 X118.255 Y109.673 E152.1005
G1 X118.255 Y114.263 E152.2608
G1 X118.441 Y114.308 E152.26748
G1 X119.069 Y114.566 E152.29119
G1 X119.627 Y114.939 E152.31463
G1 X120.107 Y115.431 E152.33863
G1 X120.462 Y115.985 E152.36161
G1 X120.722 Y116.673 E152.3873
G1 X120.821 Y117.304 E152.4096
G1 X120.79 Y118.004 E152.43407
G1 X120.614 Y118.676 E152.45833
G1 X120.309 Y119.285 E152.48212
G1 X119.881 Y119.826 E152.50621
G1 X119.344 Y120.271 E152.53057
G1 X118.762 Y120.578 E152.55355
G1 X118.255 Y120.729 E152.57202
M204 S1000
G0 F9000 X118.255 Y120.929
G0 X119.274 Y121.432
G1 F1500 E151.57202
;MESH:NONMESH
G0 F600 X119.274 Y121.432 Z3.2
G0 F9000 X119.472 Y120.451
G0 X118.861 Y119.537
G0 X117.492 Y115.032
;TIME_ELAPSED:158.763813
;LAYER:15
;TYPE:SUPPORT
G1 F1500 E152.57202
G1 F2549.4 X117.617 Y115.09 E152.57659
G1 X117.532 Y114.982 E152.58115
G1 X117.297 Y115.272 E152.59354
G1 X116.964 Y115.339 E152.60481
G1 X116.394 Y115.553 E152.62501
G1 X115.989 Y115.876 E152.64219
G1 X119.705 Y117.608 E152.77821
G1 X119.693 Y117.854 E152.78638
G1 X119.579 Y118.283 E152.80111
G1 X119.372 Y118.694 E152.81638
G1 X119.195 Y118.915 E152.82577
G1 X115.329 Y117.112 E152.9673
G1 X115.276 Y117.597 E152.98348
G1 X115.352 Y118.075 E152.99954
G1 X115.522 Y118.515 E153.01519
G1 X115.779 Y118.908 E153.03077
G1 X116.022 Y119.147 E153.04208
G1 X116.477 Y119.477 E153.06073
G1 X116.962 Y119.658 E153.0779
G1 X117.299 Y119.729 E153.08933
G1 X117.524 Y120.006 E153.10117
G1 X117.705 Y119.765 E153.11117
G1 X115.741 Y118.849 E153.18306
G1 F1500 E152.18306
;MESH:Encoder_Knob.stl
G0 F9000 X114.754 Y119.746
G0 X113.401 Y123.149
;TYPE:FILL
G1 F1500 E153.18306
G1 F2549.4 X113.85 Y123.083 E153.19891
G1 X115.115 Y123.253 E153.24349
G1 X115.994 Y123.921 E153.28204
G1 X115.994 Y121.365 E153.37131
G1 X115.601 Y121.21 E153.38606
G1 X115.246 Y121.007 E153.40034
G1 X114.577 Y120.474 E153.43022
G1 X114.263 Y120.126 E153.44658
G1 X113.79 Y119.414 E153.47644
G1 X113.471 Y118.589 E153.50733
G1 X113.337 Y117.71 E153.53838
G1 X113.337 Y117.249 E153.55448
G1 X113.473 Y116.419 E153.58385
G1 X113.789 Y115.586 E153.61497
G1 X113.942 Y115.356 E153.62461
G1 X112.585 Y114.234 E153.6861
G1 X111.621 Y113.725 E153.72417
G0 F9000 X110.372 Y117.5
G0 X110.092 Y117.51
M204 S2000
;TYPE:WALL-INNER
G1 F2549.4 X110.117 Y118.209 E153.7486
G1 X110.228 Y118.912 E153.77346
G1 X110.389 Y119.615 E153.79864
G1 X110.63 Y120.269 E153.82298
G1 X110.922 Y120.931 E153.84825
G1 X111.289 Y121.537 E153.87299
G1 X111.863 Y122.306 E153.90651
G1 X112.519 Y122.982 E153.9394
G1 X113.26 Y123.574 E153.97253
G1 X114.073 Y124.067 E154.00573
G1 X114.718 Y124.377 E154.03072
G1 X115.657 Y124.687 E154.06526
G1 X116.414 Y124.825 E154.09213
G1 X116.414 Y121.077 E154.22302
G1 X115.838 Y120.862 E154.24449
G1 X115.478 Y120.656 E154.25898
G1 X114.908 Y120.205 E154.28436
G1 X114.593 Y119.866 E154.30052
G1 X114.17 Y119.222 E154.32743
G1 X113.88 Y118.485 E154.35509
G1 X113.757 Y117.686 E154.38332
G1 X113.764 Y117.238 E154.39897
G1 X113.88 Y116.527 E154.42413
G1 X114.17 Y115.777 E154.45221
G1 X114.593 Y115.133 E154.47912
G1 X114.868 Y114.831 E154.49338
G1 X115.443 Y114.368 E154.51916
G1 X115.836 Y114.139 E154.53505
G1 X116.414 Y113.923 E154.5566
G1 X116.414 Y110.176 E154.68746
G1 X116.082 Y110.218 E154.69914
G1 X115.371 Y110.407 E154.72483
G1 X114.72 Y110.622 E154.74878
G1 X114.066 Y110.937 E154.77413
G1 X113.442 Y111.289 E154.79915
G1 X112.66 Y111.874 E154.83325
G1 X111.866 Y112.69 E154.87302
G1 X111.291 Y113.46 E154.90658
G1 X110.922 Y114.068 E154.93142
G1 X110.515 Y114.992 E154.96668
G1 X110.237 Y116.049 E155.00485
G1 X110.116 Y116.786 E155.03093
G1 X110.092 Y117.51 E155.05623
M204 S1000
G0 F9000 X109.672 Y117.51
M204 S2000
;TYPE:WALL-OUTER
G1 F2549.4 X109.698 Y118.249 E155.08205
G1 X109.816 Y118.992 E155.10832
G1 X109.985 Y119.735 E155.13493
G1 X110.24 Y120.427 E155.16069
G1 X110.548 Y121.125 E155.18733
G1 X111.062 Y121.974 E155.22199
G1 X111.694 Y122.767 E155.25741
G1 X112.236 Y123.293 E155.28378
G1 X112.82 Y123.789 E155.31054
G1 X113.442 Y124.193 E155.33644
G1 X113.878 Y124.439 E155.35393
G1 X114.56 Y124.767 E155.38036
G1 X115.274 Y125.003 E155.40662
G1 X115.767 Y125.134 E155.42443
G1 X116.26 Y125.228 E155.44196
G1 X116.834 Y125.303 E155.46218
G1 X116.834 Y120.756 E155.62097
G1 X116.651 Y120.717 E155.62751
G1 X116.003 Y120.472 E155.6517
G1 X115.706 Y120.304 E155.66362
G1 X115.16 Y119.867 E155.68804
G1 X114.922 Y119.605 E155.7004
G1 X114.541 Y119.025 E155.72464
G1 X114.29 Y118.379 E155.74884
G1 X114.179 Y117.695 E155.77304
G1 X114.179 Y117.304 E155.78669
G1 X114.286 Y116.634 E155.81039
G1 X114.534 Y115.989 E155.83452
G1 X114.922 Y115.395 E155.8593
G1 X115.175 Y115.119 E155.87238
G1 X115.703 Y114.698 E155.89596
G1 X116.033 Y114.514 E155.90915
G1 X116.683 Y114.274 E155.93335
G1 X116.834 Y114.244 E155.93873
G1 X116.834 Y109.699 E156.09745
G1 X116.002 Y109.805 E156.12675
G1 X115.274 Y109.997 E156.15304
G1 X114.562 Y110.232 E156.17922
G1 X113.871 Y110.565 E156.20601
G1 X113.212 Y110.937 E156.23244
G1 X112.628 Y111.374 E156.25791
G1 X112.238 Y111.706 E156.2758
G1 X111.694 Y112.232 E156.30223
G1 X111.064 Y113.024 E156.33757
G1 X110.548 Y113.874 E156.37229
G1 X110.119 Y114.848 E156.40946
G1 X109.826 Y115.961 E156.44966
G1 X109.697 Y116.744 E156.47737
G1 X109.672 Y117.51 E156.50414
M204 S1000
G0 F9000 X109.679 Y117.71
G0 X110.699 Y117.678
G1 F1500 E155.50414
G0 F9000 X114.343 Y119.123
G0 X115.321 Y118.619
G0 X119.567 Y118.815
G0 X120.49 Y119.41
G0 X121.264 Y119.251
;TYPE:FILL
G1 F1500 E156.50414
G1 F2549.4 X121.44 Y119.193 E156.51061
G1 X122.705 Y118.525 E156.56057
G1 X123.97 Y117.479 E156.61789
G1 X124.465 Y116.858 E156.64562
G0 F9000 X118.917 Y124.519
G0 X118.674 Y124.814
M204 S2000
;TYPE:WALL-INNER
G1 F2549.4 X119.626 Y124.594 E156.67975
G1 X120.282 Y124.377 E156.70388
G1 X120.927 Y124.067 E156.72887
G1 X121.74 Y123.574 E156.76208
G1 X122.481 Y122.982 E156.7952
G1 X123.137 Y122.306 E156.82809
G1 X123.711 Y121.537 E156.86161
G1 X124.078 Y120.931 E156.88635
G1 X124.37 Y120.269 E156.91162
G1 X124.611 Y119.614 E156.93599
G1 X124.772 Y118.906 E156.96135
G1 X124.884 Y118.206 E156.9861
G1 X124.908 Y117.49 E157.01112
G1 X124.883 Y116.791 E157.03555
G1 X124.77 Y116.084 E157.06055
G1 X124.61 Y115.383 E157.08567
G1 X124.362 Y114.712 E157.11065
G1 X123.955 Y113.866 E157.14343
G1 X123.432 Y113.064 E157.17687
G1 X123.134 Y112.691 E157.19354
G1 X122.345 Y111.878 E157.23311
G1 X121.558 Y111.289 E157.26744
G1 X120.698 Y110.803 E157.30194
G1 X119.705 Y110.425 E157.33904
G1 X119.136 Y110.275 E157.35959
G1 X118.676 Y110.188 E157.37594
G1 X118.675 Y113.95 E157.50732
G1 X119.25 Y114.181 E157.52896
G1 X119.899 Y114.62 E157.55633
G1 X120.436 Y115.169 E157.58315
G1 X120.861 Y115.842 E157.61095
G1 X121.129 Y116.565 E157.63787
G1 X121.243 Y117.313 E157.6643
G1 X121.203 Y118.084 E157.69126
G1 X121.009 Y118.821 E157.71787
G1 X120.668 Y119.503 E157.7445
G1 X120.165 Y120.137 E157.77277
G1 X119.609 Y120.599 E157.79801
G1 X118.958 Y120.95 E157.82384
G1 X118.675 Y121.045 E157.83427
G1 X118.674 Y124.814 E157.96589
M204 S1000
G0 F9000 X118.917 Y124.519
G0 X118.933 Y121.239
G0 X118.255 Y120.729
M204 S2000
;TYPE:WALL-OUTER
G1 F2549.4 X118.254 Y125.284 E158.12497
G1 X118.976 Y125.202 E158.15034
G1 X119.726 Y125.003 E158.17744
G1 X120.44 Y124.767 E158.2037
G1 X121.122 Y124.439 E158.23013
G1 X121.558 Y124.193 E158.24762
G1 X122.18 Y123.789 E158.27352
G1 X122.764 Y123.293 E158.30028
G1 X123.307 Y122.767 E158.32668
G1 X123.938 Y121.973 E158.3621
G1 X124.452 Y121.125 E158.39673
G1 X124.76 Y120.427 E158.42337
G1 X125.015 Y119.734 E158.44916
G1 X125.185 Y118.986 E158.47595
G1 X125.303 Y118.246 E158.50212
G1 X125.328 Y117.49 E158.52853
G1 X125.302 Y116.75 E158.55439
G1 X125.183 Y116.004 E158.58078
G1 X125.014 Y115.263 E158.60732
G1 X124.752 Y114.554 E158.63372
G1 X124.445 Y113.864 E158.66009
G1 X124.061 Y113.231 E158.68595
G1 X123.768 Y112.812 E158.7038
G1 X123.305 Y112.231 E158.72975
G1 X122.762 Y111.706 E158.75612
G1 X122.372 Y111.374 E158.77401
G1 X121.788 Y110.937 E158.79948
G1 X121.129 Y110.565 E158.82591
G1 X120.659 Y110.339 E158.84412
G1 X119.834 Y110.024 E158.87496
G1 X119.242 Y109.868 E158.89634
G1 X118.743 Y109.772 E158.91409
G1 X118.255 Y109.71 E158.93127
G1 X118.255 Y114.263 E159.09028
G1 X118.441 Y114.308 E159.09696
G1 X119.069 Y114.566 E159.12067
G1 X119.617 Y114.932 E159.14368
G1 X120.107 Y115.431 E159.16811
G1 X120.477 Y116.013 E159.19219
G1 X120.713 Y116.637 E159.21549
G1 X120.821 Y117.304 E159.23909
G1 X120.788 Y118.018 E159.26405
G1 X120.614 Y118.675 E159.28778
G1 X120.301 Y119.297 E159.3121
G1 X119.872 Y119.835 E159.33613
G1 X119.349 Y120.268 E159.35984
G1 X118.762 Y120.578 E159.38303
G1 X118.255 Y120.729 E159.4015
M204 S1000
G0 F9000 X118.255 Y120.929
G0 X119.274 Y121.432
G1 F1500 E158.4015
;MESH:NONMESH
G0 F600 X119.274 Y121.432 Z3.4
G0 F9000 X119.472 Y120.451
G0 X118.861 Y119.537
G0 X117.492 Y115.032
;TIME_ELAPSED:166.200930
;LAYER:16
;TYPE:SUPPORT
G1 F1500 E159.4015
G1 F2537.9 X117.617 Y115.09 E159.40607
G1 X117.532 Y114.982 E159.41063
G1 X117.297 Y115.272 E159.42302
G1 X116.964 Y115.339 E159.43429
G1 X116.394 Y115.553 E159.45449
G1 X115.989 Y115.876 E159.47167
G1 X119.705 Y117.608 E159.60769
G1 X119.693 Y117.854 E159.61586
G1 X119.579 Y118.283 E159.63059
G1 X119.372 Y118.694 E159.64586
G1 X119.195 Y118.915 E159.65525
G1 X115.329 Y117.112 E159.79678
G1 X115.276 Y117.597 E159.81296
G1 X115.352 Y118.075 E159.82902
G1 X115.522 Y118.515 E159.84467
G1 X115.779 Y118.908 E159.86025
G1 X116.022 Y119.147 E159.87156
G1 X116.477 Y119.477 E159.89021
G1 X116.962 Y119.658 E159.90738
G1 X117.299 Y119.729 E159.91881
G1 X117.524 Y120.006 E159.93065
G1 X117.705 Y119.765 E159.94065
G1 X115.741 Y118.849 E160.01254
G1 F1500 E159.01254
;MESH:Encoder_Knob.stl
G0 F9000 X115.014 Y120.031
G0 X113.653 Y123.3
;TYPE:FILL
G1 F1500 E160.01254
G1 F2537.9 X113.85 Y123.283 E160.01945
G1 X115.115 Y123.556 E160.06465
G1 X115.994 Y124.254 E160.10384
G1 X115.994 Y121.365 E160.20474
G1 X115.601 Y121.21 E160.21949
G1 X115.232 Y120.999 E160.23434
G1 X114.577 Y120.473 E160.26367
G1 X114.217 Y120.064 E160.2827
G1 X113.787 Y119.408 E160.31009
G1 X113.473 Y118.592 E160.34063
G1 X113.337 Y117.71 E160.37179
G1 X113.337 Y117.292 E160.38639
G1 X113.473 Y116.408 E160.41763
G1 X113.791 Y115.583 E160.44851
G1 X113.961 Y115.327 E160.45924
G1 X113.85 Y115.199 E160.46515
G1 X112.585 Y114.233 E160.52074
G1 X111.633 Y113.776 E160.55762
G0 F9000 X110.407 Y117.5
G0 X110.127 Y117.51
M204 S2000
;TYPE:WALL-INNER
G1 F2537.9 X110.152 Y118.203 E160.58184
G1 X110.261 Y118.898 E160.6064
G1 X110.426 Y119.611 E160.63196
G1 X110.663 Y120.256 E160.65596
G1 X110.955 Y120.916 E160.68117
G1 X111.443 Y121.721 E160.71404
G1 X112.029 Y122.459 E160.74695
G1 X112.728 Y123.132 E160.78084
G1 X113.46 Y123.68 E160.81277
G1 X114.095 Y124.04 E160.83826
G1 X114.944 Y124.415 E160.87068
G1 X115.685 Y124.656 E160.89789
G1 X116.414 Y124.79 E160.92377
G1 X116.414 Y121.077 E161.05344
G1 X115.836 Y120.861 E161.07499
G1 X115.443 Y120.632 E161.09088
G1 X114.869 Y120.17 E161.11661
G1 X114.593 Y119.867 E161.13092
G1 X114.163 Y119.217 E161.15814
G1 X113.875 Y118.454 E161.18662
G1 X113.757 Y117.686 E161.21376
G1 X113.757 Y117.315 E161.22672
G1 X113.875 Y116.546 E161.25389
G1 X114.164 Y115.782 E161.28241
G1 X114.587 Y115.139 E161.30929
G1 X114.868 Y114.831 E161.32385
G1 X115.469 Y114.349 E161.35076
G1 X115.886 Y114.12 E161.36737
G1 X116.414 Y113.923 E161.38705
G1 X116.414 Y110.212 E161.51665
G1 X115.86 Y110.312 E161.53631
G1 X114.945 Y110.585 E161.56966
G1 X114.099 Y110.959 E161.60196
G1 X113.463 Y111.318 E161.62747
G1 X112.717 Y111.875 E161.65998
G1 X112.033 Y112.539 E161.69327
G1 X111.444 Y113.277 E161.72625
G1 X110.955 Y114.084 E161.7592
G1 X110.663 Y114.744 E161.78441
G1 X110.426 Y115.389 E161.8084
G1 X110.262 Y116.103 E161.83399
G1 X110.151 Y116.8 E161.85864
G1 X110.127 Y117.51 E161.88345
M204 S1000
G0 F9000 X109.707 Y117.51
M204 S2000
;TYPE:WALL-OUTER
G1 F2537.9 X109.733 Y118.243 E161.90906
G1 X109.849 Y118.978 E161.93505
G1 X110.022 Y119.731 E161.96203
G1 X110.273 Y120.414 E161.98744
G1 X110.582 Y121.111 E162.01407
G1 X111.097 Y121.961 E162.04878
G1 X111.717 Y122.742 E162.0836
G1 X112.266 Y123.271 E162.11022
G1 X112.65 Y123.598 E162.12784
G1 X113.23 Y124.032 E162.15314
G1 X113.901 Y124.412 E162.18007
G1 X114.8 Y124.809 E162.21439
G1 X115.553 Y125.057 E162.24207
G1 X116.262 Y125.193 E162.26729
G1 X116.834 Y125.268 E162.28743
G1 X116.834 Y120.756 E162.44501
G1 X116.651 Y120.717 E162.45154
G1 X116.003 Y120.472 E162.47574
G1 X115.703 Y120.302 E162.48778
G1 X115.151 Y119.858 E162.51252
G1 X114.922 Y119.605 E162.52443
G1 X114.534 Y119.012 E162.54918
G1 X114.29 Y118.379 E162.57287
G1 X114.179 Y117.695 E162.59707
G1 X114.177 Y117.329 E162.60986
G1 X114.292 Y116.615 E162.63511
G1 X114.534 Y115.989 E162.65855
G1 X114.922 Y115.395 E162.68333
G1 X115.16 Y115.133 E162.69569
G1 X115.703 Y114.698 E162.71999
G1 X116.033 Y114.514 E162.73318
G1 X116.683 Y114.274 E162.75738
G1 X116.834 Y114.244 E162.76276
G1 X116.834 Y109.734 E162.92026
G1 X116.248 Y109.809 E162.94089
G1 X115.542 Y109.945 E162.966
G1 X114.8 Y110.191 E162.9933
G1 X113.905 Y110.586 E163.02747
G1 X113.233 Y110.966 E163.05443
G1 X112.446 Y111.554 E163.08874
G1 X111.721 Y112.256 E163.12398
G1 X111.099 Y113.036 E163.15882
G1 X110.582 Y113.889 E163.19366
G1 X110.273 Y114.586 E163.22028
G1 X110.022 Y115.269 E163.24569
G1 X109.849 Y116.023 E163.27271
G1 X109.732 Y116.76 E163.29877
G1 X109.707 Y117.51 E163.32498
M204 S1000
G0 F9000 X109.714 Y117.71
G0 X110.734 Y117.678
G1 F1500 E162.32498
G0 F9000 X114.343 Y119.123
G0 X115.321 Y118.619
G0 X119.567 Y118.815
G0 X120.49 Y119.41
G0 X121.302 Y119.171
;TYPE:FILL
G1 F1500 E163.32498
G1 F2537.9 X121.44 Y119.133 E163.32998
G1 X122.705 Y118.526 E163.37898
G1 X123.97 Y117.56 E163.43456
G1 X124.437 Y117.023 E163.45942
G0 F9000 X118.917 Y124.484
G0 X118.674 Y124.777
M204 S2000
;TYPE:WALL-INNER
G1 F2537.9 X119.15 Y124.686 E163.47634
G1 X120.056 Y124.415 E163.50937
G1 X120.905 Y124.04 E163.54178
G1 X121.54 Y123.68 E163.56727
G1 X122.278 Y123.127 E163.59948
G1 X122.97 Y122.46 E163.63304
G1 X123.557 Y121.722 E163.66597
G1 X124.045 Y120.917 E163.69885
G1 X124.337 Y120.256 E163.72409
G1 X124.574 Y119.61 E163.74812
G1 X124.739 Y118.897 E163.77367
G1 X124.849 Y118.2 E163.79832
G1 X124.873 Y117.49 E163.82313
G1 X124.849 Y116.798 E163.84731
G1 X124.739 Y116.103 E163.87188
G1 X124.574 Y115.388 E163.89751
G1 X124.329 Y114.725 E163.92219
G1 X124.044 Y114.081 E163.94679
G1 X123.555 Y113.275 E163.97971
G1 X122.967 Y112.539 E164.01261
G1 X122.289 Y111.881 E164.04561
G1 X121.537 Y111.318 E164.07841
G1 X120.901 Y110.959 E164.10392
G1 X120.055 Y110.585 E164.13622
G1 X119.336 Y110.349 E164.16265
G1 X118.674 Y110.222 E164.18619
G1 X118.675 Y113.95 E164.31638
G1 X119.25 Y114.181 E164.33802
G1 X119.899 Y114.619 E164.36537
G1 X120.435 Y115.169 E164.39219
G1 X120.848 Y115.808 E164.41876
G1 X121.129 Y116.564 E164.44693
G1 X121.244 Y117.314 E164.47342
G1 X121.204 Y118.083 E164.50032
G1 X121.009 Y118.821 E164.52697
G1 X120.668 Y119.503 E164.5536
G1 X120.179 Y120.128 E164.58132
G1 X119.613 Y120.597 E164.60699
G1 X118.958 Y120.95 E164.63297
G1 X118.675 Y121.045 E164.6434
G1 X118.674 Y124.777 E164.77373
M204 S1000
G0 F9000 X118.917 Y124.484
G0 X118.933 Y121.239
G0 X118.255 Y120.729
M204 S2000
;TYPE:WALL-OUTER
G1 F2537.9 X118.254 Y125.249 E164.93158
G1 X119.231 Y125.099 E164.9661
G1 X119.991 Y124.893 E164.9936
G1 X120.606 Y124.646 E165.01675
G1 X121.099 Y124.412 E165.03581
G1 X121.77 Y124.032 E165.06274
G1 X122.35 Y123.598 E165.08803
G1 X122.734 Y123.271 E165.10565
G1 X123.282 Y122.743 E165.13222
G1 X123.903 Y121.962 E165.16707
G1 X124.418 Y121.111 E165.20181
G1 X124.727 Y120.414 E165.22843
G1 X124.978 Y119.73 E165.25388
G1 X125.151 Y118.977 E165.28086
G1 X125.268 Y118.24 E165.30692
G1 X125.293 Y117.49 E165.33313
G1 X125.268 Y116.758 E165.35871
G1 X125.151 Y116.023 E165.3847
G1 X124.978 Y115.268 E165.41175
G1 X124.719 Y114.567 E165.43785
G1 X124.417 Y113.886 E165.46386
G1 X123.9 Y113.034 E165.49867
G1 X123.279 Y112.256 E165.53343
G1 X122.554 Y111.554 E165.56868
G1 X121.767 Y110.966 E165.60299
G1 X121.095 Y110.586 E165.62995
G1 X120.2 Y110.191 E165.66411
G1 X119.442 Y109.941 E165.69199
G1 X118.753 Y109.808 E165.71649
G1 X118.254 Y109.744 E165.73406
G1 X118.255 Y114.263 E165.89188
G1 X118.441 Y114.308 E165.89856
G1 X119.069 Y114.566 E165.92227
G1 X119.627 Y114.939 E165.94571
G1 X120.107 Y115.431 E165.96972
G1 X120.477 Y116.013 E165.9938
G1 X120.713 Y116.637 E166.0171
G1 X120.824 Y117.328 E166.04154
G1 X120.788 Y118.017 E166.06564
G1 X120.614 Y118.676 E166.08944
G1 X120.308 Y119.285 E166.11324
G1 X119.86 Y119.846 E166.13831
G1 X119.361 Y120.26 E166.16096
G1 X118.762 Y120.578 E166.18464
G1 X118.255 Y120.729 E166.20312
M204 S1000
G0 F9000 X118.255 Y120.929
G0 X119.274 Y121.432
G1 F1500 E165.20312
;MESH:NONMESH
G0 F600 X119.274 Y121.432 Z3.6
G0 F9000 X119.472 Y120.451
G0 X118.861 Y119.537
G0 X117.492 Y115.032
;TIME_ELAPSED:173.604954
;LAYER:17
;TYPE:SUPPORT
G1 F1500 E166.20312
G1 F2518.3 X117.617 Y115.09 E166.20769
G1 X117.532 Y114.982 E166.21225
G1 X117.297 Y115.272 E166.22463
G1 X116.964 Y115.339 E166.2359
G1 X116.394 Y115.553 E166.2561
G1 X115.989 Y115.876 E166.27329
G1 X119.705 Y117.608 E166.40931
G1 X119.693 Y117.854 E166.41748
G1 X119.579 Y118.283 E166.4322
G1 X119.372 Y118.694 E166.44747
G1 X119.195 Y118.915 E166.45687
G1 X115.322 Y117.109 E166.59864
G1 X115.276 Y117.402 E166.60848
G1 X115.353 Y118.075 E166.63096
G1 X115.521 Y118.509 E166.6464
G1 X115.782 Y118.91 E166.66227
G1 X116.022 Y119.147 E166.67346
G1 X116.477 Y119.477 E166.69211
G1 X116.962 Y119.658 E166.70928
G1 X117.299 Y119.729 E166.72071
G1 X117.524 Y120.006 E166.73255
G1 X117.705 Y119.765 E166.74255
G1 X115.742 Y118.85 E166.8144
G1 F1500 E165.8144
;MESH:Encoder_Knob.stl
G0 F9000 X115.014 Y120.031
G0 X114.128 Y123.549
;TYPE:FILL
G1 F1500 E166.8144
G1 F2518.3 X115.115 Y123.828 E166.85022
G1 X115.45 Y124.102 E166.86534
G1 X115.994 Y124.251 E166.88504
G1 X115.994 Y121.365 E166.98582
G1 X115.601 Y121.21 E167.00058
G1 X115.245 Y121.006 E167.01491
G1 X114.579 Y120.475 E167.04465
G1 X114.262 Y120.125 E167.06114
G1 X113.791 Y119.418 E167.09081
G1 X113.473 Y118.591 E167.12176
G1 X113.337 Y117.71 E167.15289
G1 X113.337 Y117.292 E167.16749
G1 X113.474 Y116.404 E167.19886
G1 X113.791 Y115.582 E167.22963
G1 X113.997 Y115.272 E167.24263
G1 X113.85 Y115.116 E167.25012
G1 X112.585 Y114.226 E167.30413
G1 X111.646 Y113.819 E167.33987
G0 F9000 X110.443 Y117.5
G0 X110.163 Y117.51
M204 S2000
;TYPE:WALL-INNER
G1 F2518.3 X110.188 Y118.207 E167.36423
G1 X110.297 Y118.891 E167.38842
G1 X110.46 Y119.605 E167.414
G1 X110.695 Y120.241 E167.43767
G1 X110.99 Y120.906 E167.46308
G1 X111.344 Y121.493 E167.48702
G1 X111.916 Y122.26 E167.52043
G1 X112.565 Y122.929 E167.55299
G1 X113.113 Y123.395 E167.57811
G1 X113.891 Y123.899 E167.61048
G1 X114.754 Y124.314 E167.64392
G1 X115.414 Y124.533 E167.66821
G1 X116.093 Y124.711 E167.69272
G1 X116.414 Y124.753 E167.70403
G1 X116.414 Y121.077 E167.83241
G1 X115.838 Y120.862 E167.85388
G1 X115.478 Y120.656 E167.86836
G1 X114.909 Y120.205 E167.89372
G1 X114.592 Y119.866 E167.90993
G1 X114.171 Y119.224 E167.93674
G1 X113.88 Y118.485 E167.96448
G1 X113.757 Y117.686 E167.99271
G1 X113.757 Y117.315 E168.00566
G1 X113.875 Y116.547 E168.0328
G1 X114.165 Y115.781 E168.0614
G1 X114.559 Y115.18 E168.0865
G1 X114.868 Y114.831 E168.10278
G1 X115.427 Y114.38 E168.12786
G1 X115.835 Y114.139 E168.14441
G1 X116.414 Y113.923 E168.16599
G1 X116.414 Y110.247 E168.29437
G1 X116.1 Y110.288 E168.30543
G1 X115.391 Y110.474 E168.33103
G1 X114.744 Y110.689 E168.35484
G1 X114.098 Y111 E168.37988
G1 X113.483 Y111.347 E168.40454
G1 X112.695 Y111.937 E168.43892
G1 X111.92 Y112.736 E168.47779
G1 X111.344 Y113.507 E168.5114
G1 X110.99 Y114.094 E168.53534
G1 X110.695 Y114.759 E168.56075
G1 X110.46 Y115.395 E168.58442
G1 X110.296 Y116.109 E168.61001
G1 X110.187 Y116.796 E168.6343
G1 X110.163 Y117.51 E168.65925
M204 S1000
G0 F9000 X109.743 Y117.51
M204 S2000
;TYPE:WALL-OUTER
G1 F2518.3 X109.769 Y118.247 E168.685
G1 X109.884 Y118.971 E168.71061
G1 X110.056 Y119.725 E168.73761
G1 X110.305 Y120.399 E168.76271
G1 X110.617 Y121.1 E168.7895
G1 X111.115 Y121.925 E168.82316
G1 X111.596 Y122.532 E168.8502
G1 X112.283 Y123.24 E168.88466
G1 X112.861 Y123.733 E168.91119
G1 X113.682 Y124.265 E168.94535
G1 X114.596 Y124.704 E168.98076
G1 X115.294 Y124.936 E169.00645
G1 X116.012 Y125.124 E169.03237
G1 X116.834 Y125.232 E169.06133
G1 X116.834 Y120.756 E169.21764
G1 X116.651 Y120.717 E169.22418
G1 X116.003 Y120.472 E169.24837
G1 X115.689 Y120.292 E169.26101
G1 X115.161 Y119.868 E169.28466
G1 X114.91 Y119.589 E169.29776
G1 X114.541 Y119.026 E169.32127
G1 X114.291 Y118.38 E169.34546
G1 X114.179 Y117.695 E169.3697
G1 X114.177 Y117.329 E169.38249
G1 X114.292 Y116.615 E169.40774
G1 X114.541 Y115.974 E169.43176
G1 X114.922 Y115.395 E169.45596
G1 X115.16 Y115.133 E169.46832
G1 X115.703 Y114.698 E169.49262
G1 X116.033 Y114.514 E169.50582
G1 X116.683 Y114.274 E169.53002
G1 X116.834 Y114.244 E169.53539
G1 X116.834 Y109.77 E169.69164
G1 X116.02 Y109.874 E169.7203
G1 X115.294 Y110.064 E169.7465
G1 X114.586 Y110.299 E169.77256
G1 X113.904 Y110.628 E169.799
G1 X113.253 Y110.995 E169.8251
G1 X112.672 Y111.429 E169.85043
G1 X112.093 Y111.921 E169.87696
G1 X111.6 Y112.464 E169.90257
G1 X111.116 Y113.073 E169.92974
G1 X110.617 Y113.9 E169.96347
G1 X110.305 Y114.601 E169.99027
G1 X110.056 Y115.275 E170.01536
G1 X109.884 Y116.029 E170.04237
G1 X109.768 Y116.756 E170.06808
G1 X109.743 Y117.51 E170.09443
M204 S1000
G0 F9000 X109.75 Y117.71
G0 X110.77 Y117.676
G1 F1500 E169.09443
G0 F9000 X114.343 Y119.123
G0 X115.321 Y118.619
G0 X119.567 Y118.815
G0 X120.49 Y119.41
G0 X121.336 Y119.105
;TYPE:FILL
G1 F1500 E170.09443
G1 F2518.3 X121.44 Y119.081 E170.09816
G1 X122.705 Y118.533 E170.1463
G1 X123.97 Y117.643 E170.20032
G1 X124.406 Y117.181 E170.2225
G0 F9000 X118.917 Y124.448
G0 X118.674 Y124.742
M204 S2000
;TYPE:WALL-INNER
G1 F2518.3 X118.905 Y124.712 E170.23064
G1 X119.586 Y124.533 E170.25523
G1 X120.246 Y124.314 E170.27951
G1 X121.102 Y123.904 E170.31266
G1 X121.887 Y123.395 E170.34533
G1 X122.435 Y122.929 E170.37045
G1 X123.084 Y122.26 E170.403
G1 X123.656 Y121.493 E170.43642
G1 X124.01 Y120.906 E170.46036
G1 X124.305 Y120.241 E170.48576
G1 X124.54 Y119.604 E170.50948
G1 X124.703 Y118.89 E170.53505
G1 X124.813 Y118.204 E170.55932
G1 X124.837 Y117.49 E170.58427
G1 X124.812 Y116.793 E170.60862
G1 X124.704 Y116.109 E170.63281
G1 X124.54 Y115.394 E170.65842
G1 X124.219 Y114.524 E170.69081
G1 X123.782 Y113.686 E170.72382
G1 X123.198 Y112.857 E170.75923
G1 X122.299 Y111.931 E170.8043
G1 X121.517 Y111.347 E170.83839
G1 X120.902 Y111 E170.86305
G1 X120.254 Y110.688 E170.88816
G1 X119.323 Y110.382 E170.92239
G1 X118.679 Y110.262 E170.94527
G1 X118.675 Y113.95 E171.07406
G1 X119.25 Y114.181 E171.0957
G1 X119.899 Y114.619 E171.12305
G1 X120.436 Y115.17 E171.14992
G1 X120.844 Y115.807 E171.17633
G1 X121.129 Y116.564 E171.20458
G1 X121.243 Y117.313 E171.23104
G1 X121.203 Y118.084 E171.258
G1 X121.009 Y118.822 E171.28465
G1 X120.669 Y119.502 E171.3112
G1 X120.166 Y120.137 E171.33949
G1 X119.578 Y120.621 E171.36609
G1 X118.958 Y120.95 E171.3906
G1 X118.675 Y121.045 E171.40103
G1 X118.674 Y124.742 E171.53014
M204 S1000
G0 F9000 X118.917 Y124.448
G0 X118.933 Y121.239
G0 X118.255 Y120.729
M204 S2000
;TYPE:WALL-OUTER
G1 F2518.3 X118.254 Y125.219 E171.68694
G1 X118.985 Y125.126 E171.71268
G1 X119.706 Y124.936 E171.73872
G1 X120.404 Y124.704 E171.7644
G1 X121.318 Y124.265 E171.79982
G1 X122.139 Y123.733 E171.83398
G1 X122.717 Y123.24 E171.86051
G1 X123.404 Y122.532 E171.89496
G1 X123.885 Y121.925 E171.92201
G1 X124.383 Y121.1 E171.95567
G1 X124.695 Y120.399 E171.98246
G1 X124.944 Y119.724 E172.00759
G1 X125.116 Y118.97 E172.0346
G1 X125.232 Y118.244 E172.06027
G1 X125.257 Y117.49 E172.08662
G1 X125.231 Y116.753 E172.11237
G1 X125.116 Y116.029 E172.13797
G1 X124.943 Y115.274 E172.16502
G1 X124.605 Y114.358 E172.19912
G1 X124.142 Y113.468 E172.23416
G1 X123.531 Y112.597 E172.27131
G1 X122.716 Y111.758 E172.31216
G1 X122.328 Y111.429 E172.32993
G1 X121.747 Y110.995 E172.35526
G1 X121.096 Y110.628 E172.38135
G1 X120.412 Y110.298 E172.40788
G1 X119.4 Y109.964 E172.44509
G1 X118.255 Y109.78 E172.48559
G1 X118.255 Y114.263 E172.64215
G1 X118.441 Y114.308 E172.64884
G1 X119.069 Y114.566 E172.67255
G1 X119.627 Y114.939 E172.69599
G1 X120.096 Y115.419 E172.71942
G1 X120.471 Y116.001 E172.7436
G1 X120.713 Y116.637 E172.76737
G1 X120.821 Y117.304 E172.79096
G1 X120.788 Y118.018 E172.81593
G1 X120.614 Y118.676 E172.8397
G1 X120.309 Y119.285 E172.86348
G1 X119.874 Y119.835 E172.88797
G1 X119.349 Y120.268 E172.91174
G1 X118.762 Y120.578 E172.93492
G1 X118.255 Y120.729 E172.9534
M204 S1000
G0 F9000 X118.255 Y120.929
G0 X119.274 Y121.432
G1 F1500 E171.9534
;MESH:NONMESH
G0 F600 X119.274 Y121.432 Z3.8
G0 F9000 X119.472 Y120.451
G0 X118.861 Y119.537
G0 X117.492 Y115.032
;TIME_ELAPSED:181.014447
;LAYER:18
;TYPE:SUPPORT
G1 F1500 E172.9534
G1 F2384.7 X117.617 Y115.09 E172.95797
G1 X117.532 Y114.982 E172.96253
G1 X117.297 Y115.272 E172.97491
G1 X116.964 Y115.339 E172.98618
G1 X116.394 Y115.553 E173.00638
G1 X115.989 Y115.876 E173.02357
G1 X119.705 Y117.608 E173.15959
G1 X119.693 Y117.854 E173.16776
G1 X119.579 Y118.283 E173.18248
G1 X119.372 Y118.694 E173.19775
G1 X119.195 Y118.915 E173.20715
G1 X115.322 Y117.109 E173.34892
G1 X115.276 Y117.402 E173.35876
G1 X115.353 Y118.075 E173.38124
G1 X115.521 Y118.509 E173.39668
G1 X115.782 Y118.91 E173.41255
G1 X116.022 Y119.147 E173.42374
G1 X116.477 Y119.477 E173.44239
G1 X116.962 Y119.658 E173.45956
G1 X117.299 Y119.729 E173.47099
G1 X117.524 Y120.006 E173.48283
G1 X117.705 Y119.765 E173.49283
G1 X115.742 Y118.85 E173.56468
G1 F1500 E172.56468
;MESH:Encoder_Knob.stl
G0 F9000 X114.073 Y116.575
G0 X114.036 Y115.212
;TYPE:FILL
G1 F1500 E173.56468
G1 F2384.7 X113.85 Y115.029 E173.5738
G1 X112.585 Y114.211 E173.6264
G1 X111.667 Y113.857 E173.66077
G0 F9000 X110.478 Y117.5
G0 X110.198 Y117.511
M204 S2000
;TYPE:WALL-INNER
G1 F2384.7 X110.223 Y118.2 E173.68484
G1 X110.331 Y118.885 E173.70906
G1 X110.492 Y119.585 E173.73415
G1 X110.728 Y120.229 E173.7581
G1 X111.022 Y120.892 E173.78343
G1 X111.5 Y121.68 E173.81561
G1 X111.943 Y122.237 E173.84047
G1 X112.724 Y123.042 E173.87964
G1 X113.513 Y123.629 E173.91398
G1 X114.115 Y123.969 E173.93813
G1 X114.77 Y124.283 E173.96349
G1 X115.424 Y124.499 E173.98755
G1 X116.1 Y124.678 E174.01197
G1 X116.414 Y124.718 E174.02302
G1 X116.414 Y121.077 E174.15018
G1 X115.838 Y120.862 E174.17165
G1 X115.471 Y120.652 E174.18642
G1 X114.873 Y120.176 E174.21311
G1 X114.593 Y119.866 E174.2277
G1 X114.171 Y119.225 E174.2545
G1 X113.875 Y118.454 E174.28334
G1 X113.757 Y117.686 E174.31048
G1 X113.757 Y117.315 E174.32343
G1 X113.875 Y116.546 E174.3506
G1 X114.171 Y115.775 E174.37945
G1 X114.588 Y115.136 E174.40609
G1 X114.868 Y114.831 E174.42055
G1 X115.444 Y114.367 E174.44638
G1 X115.836 Y114.139 E174.46222
G1 X116.414 Y113.923 E174.48377
G1 X116.414 Y110.282 E174.61092
G1 X116.1 Y110.322 E174.62198
G1 X115.424 Y110.5 E174.64639
G1 X114.762 Y110.72 E174.67075
G1 X114.114 Y111.032 E174.69587
G1 X113.508 Y111.373 E174.72015
G1 X112.765 Y111.928 E174.75254
G1 X112.092 Y112.578 E174.78522
G1 X111.503 Y113.316 E174.81819
G1 X111.022 Y114.108 E174.85055
G1 X110.728 Y114.771 E174.87588
G1 X110.492 Y115.415 E174.89983
G1 X110.331 Y116.115 E174.92492
G1 X110.222 Y116.803 E174.94925
G1 X110.198 Y117.511 E174.97399
M204 S1000
G0 F9000 X109.778 Y117.511
M204 S2000
;TYPE:WALL-OUTER
G1 F2384.7 X109.804 Y118.24 E174.99946
G1 X109.918 Y118.965 E175.02509
G1 X110.088 Y119.705 E175.05161
G1 X110.338 Y120.387 E175.07698
G1 X110.649 Y121.087 E175.10373
G1 X111.155 Y121.92 E175.13776
G1 X111.623 Y122.509 E175.16404
G1 X112.307 Y123.214 E175.19834
G1 X112.693 Y123.543 E175.21605
G1 X113.283 Y123.982 E175.24173
G1 X113.921 Y124.341 E175.2673
G1 X114.612 Y124.673 E175.29407
G1 X115.304 Y124.902 E175.31953
G1 X116.02 Y125.091 E175.34539
G1 X116.834 Y125.195 E175.37405
G1 X116.834 Y120.756 E175.52907
G1 X116.651 Y120.717 E175.53561
G1 X116.003 Y120.472 E175.5598
G1 X115.689 Y120.292 E175.57244
G1 X115.16 Y119.867 E175.59614
G1 X114.922 Y119.605 E175.6085
G1 X114.541 Y119.026 E175.63271
G1 X114.29 Y118.379 E175.65694
G1 X114.179 Y117.695 E175.68114
G1 X114.177 Y117.329 E175.69392
G1 X114.292 Y116.615 E175.71918
G1 X114.541 Y115.974 E175.7432
G1 X114.922 Y115.395 E175.7674
G1 X115.175 Y115.119 E175.78048
G1 X115.704 Y114.698 E175.80409
G1 X116.033 Y114.514 E175.81725
G1 X116.683 Y114.274 E175.84145
G1 X116.834 Y114.244 E175.84683
G1 X116.834 Y109.805 E176.00185
G1 X116.02 Y109.909 E176.03051
G1 X115.304 Y110.098 E176.05637
G1 X114.604 Y110.33 E176.08212
G1 X113.92 Y110.659 E176.10863
G1 X113.278 Y111.021 E176.13437
G1 X112.693 Y111.457 E176.15985
G1 X112.309 Y111.784 E176.17747
G1 X111.78 Y112.295 E176.20315
G1 X111.158 Y113.075 E176.23799
G1 X110.649 Y113.913 E176.27223
G1 X110.338 Y114.613 E176.29898
G1 X110.088 Y115.295 E176.32435
G1 X109.918 Y116.035 E176.35087
G1 X109.803 Y116.763 E176.37661
G1 X109.778 Y117.511 E176.40274
M204 S1000
G0 F9000 X109.785 Y117.711
G0 X110.805 Y117.677
G1 F1500 E175.40274
G0 F9000 X114.343 Y119.123
G0 X115.321 Y118.619
G0 X119.567 Y118.815
G0 X120.49 Y119.41
G0 X121.364 Y119.05
;TYPE:FILL
G1 F1500 E176.40274
G1 F2384.7 X121.44 Y119.036 E176.40544
G1 X122.705 Y118.548 E176.45279
G1 X123.97 Y117.73 E176.5054
G1 X124.376 Y117.33 E176.52531
G0 F9000 X118.917 Y124.412
G0 X118.675 Y124.706
M204 S2000
;TYPE:WALL-INNER
G1 F2384.7 X118.9 Y124.678 E176.53323
G1 X119.596 Y124.493 E176.55838
G1 X120.23 Y124.283 E176.5817
G1 X120.885 Y123.969 E176.60707
G1 X121.487 Y123.629 E176.63121
G1 X122.276 Y123.042 E176.66556
G1 X123.057 Y122.237 E176.70473
G1 X123.499 Y121.68 E176.72956
G1 X123.978 Y120.892 E176.76176
G1 X124.272 Y120.229 E176.78709
G1 X124.508 Y119.586 E176.81101
G1 X124.669 Y118.885 E176.83613
G1 X124.778 Y118.198 E176.86042
G1 X124.802 Y117.489 E176.8852
G1 X124.777 Y116.8 E176.90928
G1 X124.67 Y116.115 E176.93349
G1 X124.508 Y115.413 E176.95865
G1 X124.264 Y114.752 E176.98326
G1 X123.976 Y114.106 E177.00796
G1 X123.497 Y113.317 E177.04019
G1 X122.908 Y112.578 E177.07319
G1 X122.239 Y111.931 E177.1057
G1 X121.492 Y111.374 E177.13824
G1 X120.65 Y110.897 E177.17203
G1 X119.675 Y110.525 E177.20848
G1 X118.907 Y110.323 E177.23621
G1 X118.674 Y110.293 E177.24442
G1 X118.675 Y113.95 E177.37213
G1 X119.25 Y114.181 E177.39377
G1 X119.899 Y114.619 E177.42111
G1 X120.436 Y115.169 E177.44796
G1 X120.852 Y115.817 E177.47485
G1 X121.129 Y116.564 E177.50267
G1 X121.243 Y117.313 E177.52913
G1 X121.204 Y118.083 E177.55606
G1 X121.009 Y118.821 E177.58272
G1 X120.668 Y119.504 E177.60938
G1 X120.192 Y120.11 E177.63629
G1 X119.611 Y120.597 E177.66276
G1 X118.958 Y120.95 E177.68869
G1 X118.675 Y121.045 E177.69911
G1 X118.675 Y124.706 E177.82697
M204 S1000
G0 F9000 X118.917 Y124.412
G0 X121.194 Y118.897
G0 X121.444 Y117.297
G0 X118.519 Y110.116
G0 X118.254 Y109.815
M204 S2000
;TYPE:WALL-OUTER
G1 F2384.7 X118.255 Y114.263 E177.9823
G1 X118.441 Y114.308 E177.98899
G1 X119.069 Y114.566 E178.0127
G1 X119.627 Y114.939 E178.03614
G1 X120.107 Y115.431 E178.06014
G1 X120.468 Y115.997 E178.08359
G1 X120.713 Y116.637 E178.10752
G1 X120.821 Y117.304 E178.13112
G1 X120.788 Y118.017 E178.15604
G1 X120.614 Y118.676 E178.17985
G1 X120.308 Y119.286 E178.20368
G1 X119.872 Y119.836 E178.22819
G1 X119.341 Y120.273 E178.25221
G1 X118.762 Y120.578 E178.27506
G1 X118.255 Y120.729 E178.29354
G1 X118.255 Y125.184 E178.44912
G1 X118.98 Y125.091 E178.47465
G1 X119.696 Y124.902 E178.50051
G1 X120.388 Y124.673 E178.52596
G1 X121.079 Y124.341 E178.55274
G1 X121.717 Y123.982 E178.5783
G1 X122.307 Y123.543 E178.60398
G1 X122.886 Y123.05 E178.63054
G1 X123.377 Y122.509 E178.65606
G1 X123.845 Y121.92 E178.68233
G1 X124.351 Y121.087 E178.71637
G1 X124.662 Y120.387 E178.74312
G1 X124.912 Y119.706 E178.76845
G1 X125.082 Y118.965 E178.795
G1 X125.197 Y118.238 E178.82071
G1 X125.222 Y117.489 E178.84688
G1 X125.196 Y116.76 E178.87235
G1 X125.082 Y116.035 E178.89798
G1 X124.911 Y115.293 E178.92458
G1 X124.654 Y114.594 E178.95058
G1 X124.349 Y113.91 E178.97674
G1 X123.842 Y113.076 E179.01082
G1 X123.22 Y112.295 E179.04569
G1 X122.692 Y111.784 E179.07135
G1 X122.307 Y111.457 E179.08899
G1 X121.722 Y111.021 E179.11447
G1 X121.08 Y110.659 E179.14021
G1 X120.616 Y110.435 E179.15821
G1 X119.804 Y110.125 E179.18856
G1 X118.988 Y109.909 E179.21804
G1 X118.254 Y109.815 E179.24388
M204 S1000
G0 F9000 X118.254 Y110.015
G0 X119.08 Y110.988
G1 F1500 E178.24388
;MESH:NONMESH
G0 F600 X119.08 Y110.988 Z4
G0 F9000 X118.469 Y114.093
G0 X117.492 Y115.032
;TIME_ELAPSED:188.302949
;LAYER:19
;TYPE:SUPPORT
G1 F1500 E179.24388
G1 F2312.6 X117.617 Y115.09 E179.24845
G1 X117.532 Y114.982 E179.25301
G1 X117.297 Y115.272 E179.2654
G1 X116.964 Y115.339 E179.27667
G1 X116.394 Y115.553 E179.29687
G1 X115.989 Y115.876 E179.31405
G1 X119.705 Y117.608 E179.45007
G1 X119.693 Y117.854 E179.45824
G1 X119.579 Y118.283 E179.47297
G1 X119.372 Y118.694 E179.48824
G1 X119.195 Y118.915 E179.49763
G1 X115.322 Y117.109 E179.63941
G1 X115.276 Y117.402 E179.64925
G1 X115.353 Y118.075 E179.67172
G1 X115.521 Y118.509 E179.68716
G1 X115.782 Y118.91 E179.70304
G1 X116.022 Y119.147 E179.71423
G1 X116.477 Y119.477 E179.73288
G1 X116.962 Y119.658 E179.75005
G1 X117.299 Y119.729 E179.76148
G1 X117.524 Y120.006 E179.77332
G1 X117.705 Y119.765 E179.78332
G1 X115.742 Y118.85 E179.85517
G1 F1500 E178.85517
;MESH:Encoder_Knob.stl
G0 F9000 X114.073 Y116.575
G0 X114.08 Y115.15
;TYPE:FILL
G1 F1500 E179.85517
G1 F2312.6 X113.85 Y114.939 E179.86607
G1 X112.585 Y114.19 E179.91741
G1 X111.688 Y113.886 E179.95049
G0 F9000 X110.513 Y117.5
G0 X110.233 Y117.511
M204 S2000
;TYPE:WALL-INNER
G1 F2312.6 X110.258 Y118.195 E179.97439
G1 X110.365 Y118.878 E179.99854
G1 X110.526 Y119.579 E180.02365
G1 X110.761 Y120.216 E180.04737
G1 X111.047 Y120.865 E180.07213
G1 X111.522 Y121.652 E180.10424
G1 X112.111 Y122.39 E180.13721
G1 X112.625 Y122.886 E180.16216
G1 X113.139 Y123.328 E180.18583
G1 X113.943 Y123.849 E180.21929
G1 X114.775 Y124.248 E180.25151
G1 X115.682 Y124.547 E180.28487
G1 X116.414 Y124.682 E180.31086
G1 X116.414 Y121.077 E180.43676
G1 X115.838 Y120.862 E180.45823
G1 X115.478 Y120.656 E180.47272
G1 X114.872 Y120.176 E180.49971
G1 X114.594 Y119.867 E180.51423
G1 X114.164 Y119.219 E180.54139
G1 X113.875 Y118.453 E180.56998
G1 X113.757 Y117.686 E180.59708
G1 X113.757 Y117.315 E180.61004
G1 X113.88 Y116.515 E180.6383
G1 X114.171 Y115.776 E180.66604
G1 X114.588 Y115.137 E180.69269
G1 X114.869 Y114.83 E180.70722
G1 X115.477 Y114.344 E180.73441
G1 X115.886 Y114.12 E180.75069
G1 X116.414 Y113.923 E180.77037
G1 X116.414 Y110.31 E180.89655
G1 X115.429 Y110.536 E180.93184
G1 X114.774 Y110.753 E180.95594
G1 X113.931 Y111.158 E180.9886
G1 X113.137 Y111.674 E181.02167
G1 X112.624 Y112.115 E181.0453
G1 X112.117 Y112.604 E181.0699
G1 X111.527 Y113.34 E181.10284
G1 X111.05 Y114.129 E181.13504
G1 X110.761 Y114.784 E181.16004
G1 X110.526 Y115.421 E181.18375
G1 X110.366 Y116.122 E181.20886
G1 X110.257 Y116.808 E181.23312
G1 X110.233 Y117.511 E181.25769
M204 S1000
G0 F9000 X109.813 Y117.511
M204 S2000
;TYPE:WALL-OUTER
G1 F2312.6 X109.839 Y118.235 E181.28299
G1 X109.953 Y118.958 E181.30855
G1 X110.122 Y119.699 E181.33509
G1 X110.371 Y120.374 E181.36022
G1 X110.673 Y121.059 E181.38636
G1 X111.177 Y121.892 E181.42036
G1 X111.799 Y122.673 E181.45523
G1 X112.341 Y123.196 E181.48153
G1 X112.887 Y123.665 E181.50667
G1 X113.506 Y124.067 E181.53245
G1 X113.943 Y124.314 E181.54998
G1 X114.617 Y124.638 E181.57609
G1 X115.576 Y124.954 E181.61136
G1 X116.263 Y125.086 E181.63579
G1 X116.834 Y125.16 E181.6559
G1 X116.834 Y120.756 E181.8097
G1 X116.651 Y120.717 E181.81623
G1 X116.003 Y120.472 E181.84043
G1 X115.689 Y120.292 E181.85307
G1 X115.151 Y119.858 E181.87721
G1 X114.922 Y119.605 E181.88912
G1 X114.541 Y119.025 E181.91336
G1 X114.29 Y118.379 E181.93756
G1 X114.179 Y117.695 E181.96176
G1 X114.177 Y117.329 E181.97454
G1 X114.292 Y116.615 E181.9998
G1 X114.541 Y115.974 E182.02381
G1 X114.931 Y115.384 E182.04851
G1 X115.161 Y115.132 E182.06043
G1 X115.689 Y114.708 E182.08408
G1 X116.033 Y114.514 E182.09787
G1 X116.683 Y114.274 E182.12207
G1 X116.834 Y114.244 E182.12744
G1 X116.834 Y109.84 E182.28125
G1 X116.266 Y109.913 E182.30125
G1 X115.316 Y110.131 E182.33529
G1 X114.616 Y110.363 E182.36104
G1 X113.725 Y110.792 E182.39557
G1 X112.885 Y111.337 E182.43054
G1 X112.341 Y111.804 E182.45558
G1 X111.806 Y112.32 E182.48154
G1 X111.182 Y113.099 E182.5164
G1 X110.677 Y113.935 E182.55051
G1 X110.371 Y114.626 E182.5769
G1 X110.122 Y115.301 E182.60202
G1 X109.953 Y116.042 E182.62857
G1 X109.838 Y116.768 E182.65424
G1 X109.813 Y117.511 E182.6802
M204 S1000
G0 F9000 X109.82 Y117.711
G0 X110.84 Y117.679
G1 F1500 E181.6802
G0 F9000 X114.343 Y119.123
G0 X115.321 Y118.619
G0 X119.567 Y118.815
G0 X120.49 Y119.41
G0 X121.384 Y119.006
;TYPE:FILL
G1 F1500 E182.6802
G1 F2312.6 X121.44 Y118.998 E182.68218
G1 X122.705 Y118.569 E182.72882
G1 X123.97 Y117.82 E182.78016
G1 X124.346 Y117.475 E182.79799
G0 F9000 X118.917 Y124.376
G0 X118.674 Y124.67
M204 S2000
;TYPE:WALL-INNER
G1 F2312.6 X119.571 Y124.464 E182.83013
G1 X120.228 Y124.247 E182.85429
G1 X121.056 Y123.849 E182.88637
G1 X121.861 Y123.328 E182.91986
G1 X122.376 Y122.885 E182.94359
G1 X122.889 Y122.39 E182.96848
G1 X123.477 Y121.651 E183.00146
G1 X123.953 Y120.865 E183.03355
G1 X124.239 Y120.216 E183.05832
G1 X124.474 Y119.578 E183.08207
G1 X124.634 Y118.878 E183.10714
G1 X124.743 Y118.192 E183.1314
G1 X124.767 Y117.489 E183.15597
G1 X124.742 Y116.805 E183.17987
G1 X124.635 Y116.122 E183.20401
G1 X124.473 Y115.419 E183.22921
G1 X124.252 Y114.818 E183.25157
G1 X124.048 Y114.349 E183.26943
G1 X123.72 Y113.722 E183.29414
G1 X123.318 Y113.147 E183.31865
G1 X122.883 Y112.604 E183.34294
G1 X122.376 Y112.115 E183.36754
G1 X121.863 Y111.674 E183.39117
G1 X121.275 Y111.292 E183.41566
G1 X120.436 Y110.854 E183.44871
G1 X119.665 Y110.558 E183.47755
G1 X119.129 Y110.416 E183.49692
G1 X118.675 Y110.329 E183.51306
G1 X118.675 Y113.95 E183.63952
G1 X119.25 Y114.181 E183.66116
G1 X119.902 Y114.621 E183.68863
G1 X120.435 Y115.168 E183.7153
G1 X120.844 Y115.806 E183.74176
G1 X121.129 Y116.565 E183.77008
G1 X121.243 Y117.313 E183.7965
G1 X121.204 Y118.083 E183.82343
G1 X121.008 Y118.822 E183.85013
G1 X120.668 Y119.503 E183.87671
G1 X120.164 Y120.138 E183.90502
G1 X119.589 Y120.617 E183.93116
G1 X118.958 Y120.95 E183.95608
G1 X118.675 Y121.045 E183.9665
G1 X118.674 Y124.67 E184.0931
M204 S1000
G0 F9000 X118.254 Y125.148
M204 S2000
;TYPE:WALL-OUTER
G1 F2312.6 X118.734 Y125.087 E184.10999
G1 X119.684 Y124.869 E184.14403
G1 X120.386 Y124.637 E184.16985
G1 X121.057 Y124.314 E184.19586
G1 X121.493 Y124.067 E184.21336
G1 X122.113 Y123.665 E184.23917
G1 X122.659 Y123.196 E184.2643
G1 X123.201 Y122.673 E184.29061
G1 X123.823 Y121.892 E184.32548
G1 X124.327 Y121.059 E184.35948
G1 X124.629 Y120.374 E184.38562
G1 X124.878 Y119.698 E184.41078
G1 X125.047 Y118.958 E184.43729
G1 X125.162 Y118.232 E184.46296
G1 X125.187 Y117.489 E184.48892
G1 X125.161 Y116.765 E184.51422
G1 X125.047 Y116.042 E184.53978
G1 X124.877 Y115.299 E184.5664
G1 X124.535 Y114.373 E184.60088
G1 X124.08 Y113.503 E184.63516
G1 X123.654 Y112.895 E184.66109
G1 X123.194 Y112.32 E184.68681
G1 X122.659 Y111.804 E184.71276
G1 X122.115 Y111.337 E184.7378
G1 X121.275 Y110.791 E184.77279
G1 X120.602 Y110.468 E184.79886
G1 X119.794 Y110.158 E184.82908
G1 X119.223 Y110.006 E184.84972
G1 X118.255 Y109.85 E184.88396
G1 X118.255 Y114.263 E185.03808
G1 X118.441 Y114.308 E185.04476
G1 X119.069 Y114.566 E185.06847
G1 X119.628 Y114.94 E185.09196
G1 X120.107 Y115.431 E185.11591
G1 X120.471 Y116.001 E185.13953
G1 X120.713 Y116.637 E185.1633
G1 X120.821 Y117.304 E185.18689
G1 X120.788 Y118.017 E185.21182
G1 X120.614 Y118.676 E185.23562
G1 X120.308 Y119.285 E185.25943
G1 X119.872 Y119.836 E185.28396
G1 X119.349 Y120.268 E185.30765
G1 X118.762 Y120.578 E185.33084
G1 X118.255 Y120.729 E185.34931
G1 X118.254 Y125.148 E185.50364
M204 S1000
G0 F9000 X118.452 Y125.123
G0 X119.082 Y123.974
G1 F1500 E184.50364
;MESH:NONMESH
G0 F600 X119.082 Y123.974 Z4.2
G0 F9000 X119.472 Y120.451
G0 X118.861 Y119.537
G0 X117.492 Y115.032
;TIME_ELAPSED:195.479539
;LAYER:20
;TYPE:SUPPORT
G1 F1500 E185.50364
G1 F2316.5 X117.617 Y115.09 E185.50821
G1 X117.532 Y114.982 E185.51277
G1 X117.297 Y115.272 E185.52515
G1 X116.964 Y115.339 E185.53642
G1 X116.394 Y115.553 E185.55662
G1 X115.989 Y115.876 E185.57381
G1 X119.705 Y117.608 E185.70983
G1 X119.693 Y117.854 E185.718
G1 X119.579 Y118.283 E185.73273
G1 X119.372 Y118.694 E185.74799
G1 X119.195 Y118.915 E185.75739
G1 X115.322 Y117.109 E185.89917
G1 X115.276 Y117.402 E185.909
G1 X115.353 Y118.075 E185.93148
G1 X115.521 Y118.509 E185.94692
G1 X115.782 Y118.91 E185.96279
G1 X116.022 Y119.147 E185.97398
G1 X116.477 Y119.477 E185.99263
G1 X116.962 Y119.658 E186.00981
G1 X117.299 Y119.729 E186.02123
G1 X117.524 Y120.006 E186.03307
G1 X117.705 Y119.765 E186.04307
G1 X115.742 Y118.85 E186.11493
G1 F1500 E185.11493
;MESH:Encoder_Knob.stl
G0 F9000 X114.073 Y116.575
G0 X114.125 Y115.081
;TYPE:FILL
G1 F1500 E186.11493
G1 F2316.5 X113.85 Y114.846 E186.12756
G1 X112.585 Y114.163 E186.17776
G1 X111.717 Y113.908 E186.20936
G0 F9000 X110.548 Y117.5
G0 X110.268 Y117.511
M204 S2000
;TYPE:WALL-INNER
G1 F2316.5 X110.293 Y118.192 E186.23316
G1 X110.401 Y118.871 E186.25717
G1 X110.558 Y119.56 E186.28185
G1 X110.793 Y120.203 E186.30575
G1 X111.085 Y120.861 E186.3309
G1 X111.553 Y121.632 E186.36239
G1 X112.131 Y122.361 E186.39488
G1 X112.642 Y122.855 E186.4197
G1 X113.174 Y123.308 E186.44411
G1 X113.992 Y123.839 E186.47817
G1 X115.168 Y124.36 E186.52308
G1 X116.113 Y124.607 E186.5572
G1 X116.414 Y124.647 E186.5678
G1 X116.414 Y121.077 E186.69248
G1 X115.839 Y120.862 E186.71391
G1 X115.478 Y120.657 E186.72841
G1 X114.869 Y120.17 E186.75564
G1 X114.593 Y119.866 E186.76998
G1 X114.165 Y119.22 E186.79705
G1 X113.875 Y118.453 E186.82568
G1 X113.757 Y117.687 E186.85275
G1 X113.757 Y117.315 E186.86574
G1 X113.875 Y116.547 E186.89288
G1 X114.163 Y115.783 E186.92139
G1 X114.593 Y115.133 E186.94861
G1 X114.868 Y114.831 E186.96287
G1 X115.468 Y114.35 E186.98973
G1 X115.886 Y114.12 E187.00639
G1 X116.414 Y113.923 E187.02607
G1 X116.414 Y110.353 E187.15075
G1 X116.113 Y110.393 E187.16135
G1 X115.168 Y110.64 E187.19546
G1 X114.157 Y111.088 E187.23408
G1 X113.538 Y111.439 E187.25893
G1 X112.812 Y111.98 E187.29055
G1 X112.135 Y112.635 E187.32345
G1 X111.554 Y113.365 E187.35603
G1 X111.081 Y114.146 E187.38792
G1 X110.793 Y114.797 E187.41278
G1 X110.558 Y115.44 E187.43669
G1 X110.4 Y116.13 E187.46141
G1 X110.292 Y116.81 E187.48545
G1 X110.268 Y117.511 E187.50995
M204 S1000
G0 F9000 X109.848 Y117.511
M204 S2000
;TYPE:WALL-OUTER
G1 F2316.5 X109.874 Y118.233 E187.53518
G1 X109.988 Y118.951 E187.56057
G1 X110.154 Y119.679 E187.58665
G1 X110.403 Y120.361 E187.612
G1 X110.712 Y121.056 E187.63856
G1 X111.207 Y121.872 E187.67189
G1 X111.819 Y122.644 E187.7063
G1 X112.36 Y123.166 E187.73255
G1 X112.922 Y123.646 E187.75836
G1 X113.797 Y124.212 E187.79476
G1 X115.032 Y124.758 E187.84192
G1 X116.032 Y125.02 E187.87802
G1 X116.834 Y125.125 E187.90626
G1 X116.834 Y120.756 E188.05884
G1 X116.651 Y120.717 E188.06538
G1 X116.003 Y120.472 E188.08957
G1 X115.689 Y120.292 E188.10221
G1 X115.161 Y119.868 E188.12586
G1 X114.922 Y119.605 E188.13827
G1 X114.547 Y119.036 E188.16207
G1 X114.29 Y118.379 E188.18671
G1 X114.179 Y117.695 E188.21091
G1 X114.177 Y117.329 E188.22369
G1 X114.292 Y116.615 E188.24895
G1 X114.534 Y115.988 E188.27242
G1 X114.922 Y115.395 E188.29717
G1 X115.16 Y115.133 E188.30953
G1 X115.703 Y114.698 E188.33383
G1 X116.033 Y114.514 E188.34702
G1 X116.683 Y114.274 E188.37122
G1 X116.834 Y114.244 E188.37659
G1 X116.834 Y109.875 E188.52917
G1 X116.032 Y109.98 E188.55742
G1 X115.032 Y110.242 E188.59352
G1 X113.968 Y110.712 E188.63415
G1 X113.308 Y111.087 E188.66065
G1 X112.541 Y111.658 E188.69405
G1 X111.823 Y112.352 E188.72892
G1 X111.208 Y113.125 E188.76342
G1 X110.708 Y113.952 E188.79717
G1 X110.403 Y114.639 E188.82342
G1 X110.154 Y115.321 E188.84877
G1 X109.988 Y116.05 E188.87489
G1 X109.873 Y116.77 E188.90035
G1 X109.848 Y117.511 E188.92624
M204 S1000
G0 F9000 X109.855 Y117.711
G0 X110.875 Y117.679
G1 F1500 E187.92624
G0 F9000 X114.343 Y119.123
G0 X115.321 Y118.619
G0 X119.567 Y118.815
G0 X120.49 Y119.41
G0 X121.407 Y118.971
;TYPE:FILL
G1 F1500 E188.92624
G1 F2316.5 X121.44 Y118.968 E188.9274
G1 X122.705 Y118.596 E188.97345
G1 X123.97 Y117.913 E189.02365
G1 X124.307 Y117.625 E189.03913
G0 F9000 X118.917 Y124.34
G0 X118.674 Y124.635
M204 S2000
;TYPE:WALL-INNER
G1 F2316.5 X118.886 Y124.608 E189.0466
G1 X119.839 Y124.356 E189.08102
G1 X121.008 Y123.839 E189.12566
G1 X121.826 Y123.308 E189.15972
G1 X122.358 Y122.855 E189.18412
G1 X122.868 Y122.362 E189.2089
G1 X123.448 Y121.632 E189.24146
G1 X123.915 Y120.86 E189.27297
G1 X124.207 Y120.203 E189.29807
G1 X124.442 Y119.559 E189.32202
G1 X124.599 Y118.87 E189.34669
G1 X124.708 Y118.19 E189.37075
G1 X124.732 Y117.489 E189.39524
G1 X124.707 Y116.808 E189.41904
G1 X124.6 Y116.129 E189.44305
G1 X124.442 Y115.439 E189.46777
G1 X124.12 Y114.562 E189.50039
G1 X123.691 Y113.74 E189.53277
G1 X123.297 Y113.177 E189.55677
G1 X122.864 Y112.635 E189.581
G1 X122.195 Y111.986 E189.61355
G1 X121.462 Y111.439 E189.64549
G1 X120.644 Y110.976 E189.67832
G1 X119.779 Y110.625 E189.71092
G1 X119.11 Y110.45 E189.73507
G1 X118.675 Y110.365 E189.75055
G1 X118.675 Y113.95 E189.87575
G1 X119.25 Y114.181 E189.89739
G1 X119.899 Y114.618 E189.92471
G1 X120.435 Y115.169 E189.95156
G1 X120.844 Y115.807 E189.97802
G1 X121.129 Y116.565 E190.0063
G1 X121.243 Y117.312 E190.03269
G1 X121.207 Y118.084 E190.05968
G1 X121.009 Y118.82 E190.0863
G1 X120.668 Y119.503 E190.11296
G1 X120.163 Y120.138 E190.14129
G1 X119.577 Y120.621 E190.16781
G1 X118.958 Y120.95 E190.1923
G1 X118.675 Y121.045 E190.20272
G1 X118.674 Y124.635 E190.3281
M204 S1000
G0 F9000 X118.254 Y125.113
M204 S2000
;TYPE:WALL-OUTER
G1 F2316.5 X118.966 Y125.021 E190.35317
G1 X119.969 Y124.758 E190.38938
G1 X121.203 Y124.212 E190.4365
G1 X122.078 Y123.646 E190.4729
G1 X122.64 Y123.166 E190.49871
G1 X123.18 Y122.645 E190.52491
G1 X123.794 Y121.872 E190.55939
G1 X124.288 Y121.055 E190.59273
G1 X124.597 Y120.361 E190.61926
G1 X124.846 Y119.679 E190.64462
G1 X125.012 Y118.95 E190.67073
G1 X125.127 Y118.23 E190.69619
G1 X125.152 Y117.489 E190.72208
G1 X125.126 Y116.767 E190.74732
G1 X125.012 Y116.049 E190.7727
G1 X124.846 Y115.319 E190.79885
G1 X124.509 Y114.402 E190.83297
G1 X124.051 Y113.522 E190.86761
G1 X123.633 Y112.925 E190.89306
G1 X123.176 Y112.352 E190.91866
G1 X122.46 Y111.659 E190.95346
G1 X121.692 Y111.087 E190.9869
G1 X120.828 Y110.597 E191.02159
G1 X119.912 Y110.225 E191.05612
G1 X119.215 Y110.042 E191.08128
G1 X118.255 Y109.886 E191.11525
G1 X118.255 Y114.263 E191.26811
G1 X118.441 Y114.308 E191.27479
G1 X119.069 Y114.566 E191.2985
G1 X119.627 Y114.939 E191.32194
G1 X120.107 Y115.431 E191.34595
G1 X120.462 Y115.985 E191.36893
G1 X120.713 Y116.637 E191.39332
G1 X120.821 Y117.304 E191.41692
G1 X120.788 Y118.018 E191.44188
G1 X120.614 Y118.676 E191.46565
G1 X120.308 Y119.285 E191.48945
G1 X119.86 Y119.846 E191.51453
G1 X119.339 Y120.274 E191.53807
G1 X118.762 Y120.578 E191.56085
G1 X118.255 Y120.729 E191.57933
G1 X118.254 Y125.113 E191.73243
M204 S1000
G0 F9000 X118.452 Y125.088
G0 X119.081 Y123.938
G1 F1500 E190.73243
;MESH:NONMESH
G0 F600 X119.081 Y123.938 Z4.4
G0 F9000 X119.472 Y120.451
G0 X118.861 Y119.537
G0 X117.492 Y115.032
;TIME_ELAPSED:202.627226
;LAYER:21
;TYPE:SUPPORT
G1 F1500 E191.73243
G1 F2304.7 X117.617 Y115.09 E191.737
G1 X117.532 Y114.982 E191.74156
G1 X117.297 Y115.272 E191.75394
G1 X116.964 Y115.339 E191.76521
G1 X116.394 Y115.553 E191.78541
G1 X115.989 Y115.876 E191.8026
G1 X119.705 Y117.608 E191.93862
G1 X119.693 Y117.854 E191.94679
G1 X119.579 Y118.283 E191.96152
G1 X119.372 Y118.694 E191.97678
G1 X119.195 Y118.915 E191.98618
G1 X115.322 Y117.109 E192.12796
G1 X115.276 Y117.402 E192.1378
G1 X115.353 Y118.075 E192.16027
G1 X115.521 Y118.509 E192.17571
G1 X115.782 Y118.91 E192.19158
G1 X116.022 Y119.147 E192.20277
G1 X116.477 Y119.477 E192.22142
G1 X116.962 Y119.658 E192.2386
G1 X117.299 Y119.729 E192.25002
G1 X117.524 Y120.006 E192.26186
G1 X117.705 Y119.765 E192.27186
G1 X115.742 Y118.85 E192.34372
G1 F1500 E191.34372
;MESH:Encoder_Knob.stl
G0 F9000 X114.073 Y116.575
G0 X114.174 Y115.008
;TYPE:FILL
G1 F1500 E192.34372
G1 F2304.7 X113.85 Y114.749 E192.3582
G1 X112.585 Y114.129 E192.4074
G1 X111.749 Y113.922 E192.43748
G0 F9000 X110.584 Y117.5
G0 X110.304 Y117.509
M204 S2000
;TYPE:WALL-INNER
G1 F2304.7 X110.327 Y118.18 E192.46093
G1 X110.434 Y118.865 E192.48514
G1 X110.594 Y119.558 E192.50998
G1 X110.826 Y120.189 E192.53346
G1 X111.112 Y120.838 E192.55822
G1 X111.462 Y121.415 E192.58179
G1 X111.878 Y122.01 E192.60715
G1 X112.329 Y122.503 E192.63048
G1 X113.015 Y123.128 E192.66289
G1 X113.554 Y123.531 E192.68639
G1 X114.163 Y123.875 E192.71082
G1 X114.813 Y124.187 E192.736
G1 X115.473 Y124.403 E192.76025
G1 X116.116 Y124.573 E192.78348
G1 X116.414 Y124.612 E192.79397
G1 X116.414 Y121.077 E192.91743
G1 X115.838 Y120.862 E192.9389
G1 X115.468 Y120.65 E192.95379
G1 X114.868 Y120.17 E192.98063
G1 X114.59 Y119.863 E192.99509
G1 X114.164 Y119.218 E193.02208
G1 X113.875 Y118.454 E193.05061
G1 X113.757 Y117.685 E193.07778
G1 X113.757 Y117.316 E193.09067
G1 X113.875 Y116.546 E193.11787
G1 X114.165 Y115.781 E193.14644
G1 X114.593 Y115.133 E193.17357
G1 X114.868 Y114.83 E193.18786
G1 X115.469 Y114.349 E193.21474
G1 X115.886 Y114.12 E193.23135
G1 X116.414 Y113.923 E193.25103
G1 X116.414 Y110.389 E193.37445
G1 X116.12 Y110.426 E193.3848
G1 X115.453 Y110.602 E193.40889
G1 X114.805 Y110.816 E193.43272
G1 X114.163 Y111.125 E193.45761
G1 X113.562 Y111.464 E193.4817
G1 X112.841 Y112.002 E193.51312
G1 X112.163 Y112.657 E193.54604
G1 X111.575 Y113.397 E193.57905
G1 X111.112 Y114.162 E193.61028
G1 X110.826 Y114.811 E193.63505
G1 X110.594 Y115.442 E193.65853
G1 X110.435 Y116.135 E193.68336
G1 X110.326 Y116.821 E193.70762
G1 X110.304 Y117.509 E193.73165
M204 S1000
G0 F9000 X109.884 Y117.509
M204 S2000
;TYPE:WALL-OUTER
G1 F2304.7 X109.908 Y118.22 E193.7565
G1 X110.022 Y118.945 E193.78213
G1 X110.19 Y119.678 E193.80839
G1 X110.436 Y120.347 E193.83329
G1 X110.739 Y121.032 E193.85944
G1 X111.11 Y121.645 E193.88447
G1 X111.55 Y122.273 E193.91125
G1 X112.027 Y122.796 E193.93597
G1 X112.752 Y123.456 E193.97021
G1 X113.324 Y123.884 E193.99515
G1 X113.969 Y124.247 E194.021
G1 X114.656 Y124.577 E194.04762
G1 X115.333 Y124.8 E194.07251
G1 X116.036 Y124.986 E194.09791
G1 X116.834 Y125.089 E194.12601
G1 X116.834 Y120.756 E194.27733
G1 X116.651 Y120.717 E194.28386
G1 X116.003 Y120.472 E194.30806
G1 X115.703 Y120.302 E194.3201
G1 X115.16 Y119.868 E194.34438
G1 X114.921 Y119.604 E194.35681
G1 X114.541 Y119.026 E194.38097
G1 X114.29 Y118.379 E194.40521
G1 X114.179 Y117.695 E194.42941
G1 X114.179 Y117.304 E194.44306
G1 X114.292 Y116.615 E194.46744
G1 X114.541 Y115.974 E194.49146
G1 X114.922 Y115.395 E194.51566
G1 X115.16 Y115.132 E194.52805
G1 X115.703 Y114.698 E194.55233
G1 X116.033 Y114.514 E194.56552
G1 X116.683 Y114.274 E194.58972
G1 X116.834 Y114.244 E194.5951
G1 X116.834 Y109.911 E194.74642
G1 X116.039 Y110.013 E194.77441
G1 X115.333 Y110.2 E194.79992
G1 X114.647 Y110.426 E194.82514
G1 X113.969 Y110.753 E194.85143
G1 X113.332 Y111.111 E194.87695
G1 X112.562 Y111.687 E194.91053
G1 X111.851 Y112.374 E194.94506
G1 X111.234 Y113.151 E194.97971
G1 X110.739 Y113.968 E195.01307
G1 X110.436 Y114.653 E195.03923
G1 X110.19 Y115.322 E195.06412
G1 X110.022 Y116.055 E195.09038
G1 X109.907 Y116.781 E195.11605
G1 X109.884 Y117.509 E195.14149
M204 S1000
G0 F9000 X109.89 Y117.709
G0 X110.91 Y117.679
G1 F1500 E194.14149
G0 F9000 X114.343 Y119.123
G0 X115.321 Y118.619
G0 X119.567 Y118.815
G0 X120.49 Y119.41
G0 X121.41 Y118.945
;TYPE:FILL
G1 F1500 E195.14149
G1 F2304.7 X121.44 Y118.944 E195.14254
G1 X122.705 Y118.63 E195.18806
G1 X123.97 Y118.01 E195.23725
G1 X124.266 Y117.774 E195.25047
G0 F9000 X118.917 Y124.304
G0 X118.674 Y124.6
M204 S2000
;TYPE:WALL-INNER
G1 F2304.7 X118.881 Y124.574 E195.25776
G1 X119.566 Y124.392 E195.28251
G1 X120.187 Y124.187 E195.30535
G1 X120.837 Y123.875 E195.33053
G1 X121.446 Y123.532 E195.35494
G1 X121.985 Y123.127 E195.37849
G1 X122.671 Y122.503 E195.41087
G1 X123.122 Y122.01 E195.43421
G1 X123.538 Y121.415 E195.45956
G1 X123.888 Y120.838 E195.48313
G1 X124.174 Y120.189 E195.5079
G1 X124.406 Y119.557 E195.53141
G1 X124.565 Y118.865 E195.5562
G1 X124.674 Y118.179 E195.58046
G1 X124.696 Y117.491 E195.6045
G1 X124.673 Y116.82 E195.62795
G1 X124.565 Y116.135 E195.65217
G1 X124.406 Y115.441 E195.67703
G1 X124.167 Y114.792 E195.70118
G1 X123.881 Y114.151 E195.7257
G1 X123.409 Y113.373 E195.75748
G1 X122.835 Y112.654 E195.78961
G1 X122.164 Y112.006 E195.82218
G1 X121.438 Y111.464 E195.85382
G1 X120.611 Y110.997 E195.88699
G1 X119.645 Y110.626 E195.92313
G1 X119.1 Y110.484 E195.9428
G1 X118.676 Y110.401 E195.95789
G1 X118.675 Y113.95 E196.08183
G1 X119.25 Y114.181 E196.10347
G1 X119.901 Y114.62 E196.13089
G1 X120.436 Y115.168 E196.15764
G1 X120.85 Y115.813 E196.1844
G1 X121.129 Y116.565 E196.21242
G1 X121.244 Y117.314 E196.23888
G1 X121.204 Y118.083 E196.26577
G1 X121.009 Y118.821 E196.29243
G1 X120.669 Y119.503 E196.31904
G1 X120.192 Y120.11 E196.346
G1 X119.587 Y120.618 E196.37359
G1 X118.958 Y120.95 E196.39843
G1 X118.675 Y121.045 E196.40886
G1 X118.674 Y124.6 E196.53301
M204 S1000
G0 F9000 X118.254 Y125.078
M204 S2000
;TYPE:WALL-OUTER
G1 F2304.7 X118.962 Y124.987 E196.55794
G1 X119.697 Y124.791 E196.5845
G1 X120.344 Y124.577 E196.6083
G1 X121.031 Y124.247 E196.63492
G1 X121.676 Y123.884 E196.66077
G1 X122.248 Y123.455 E196.68574
G1 X122.973 Y122.796 E196.71995
G1 X123.45 Y122.273 E196.74467
G1 X123.89 Y121.645 E196.77145
G1 X124.261 Y121.032 E196.79648
G1 X124.564 Y120.347 E196.82263
G1 X124.81 Y119.677 E196.84756
G1 X124.978 Y118.945 E196.87379
G1 X125.093 Y118.219 E196.89946
G1 X125.116 Y117.491 E196.92489
G1 X125.092 Y116.78 E196.94974
G1 X124.978 Y116.055 E196.97537
G1 X124.81 Y115.321 E197.00167
G1 X124.556 Y114.634 E197.02725
G1 X124.254 Y113.956 E197.05317
G1 X123.756 Y113.134 E197.08673
G1 X123.146 Y112.371 E197.12085
G1 X122.438 Y111.687 E197.15523
G1 X121.668 Y111.111 E197.18881
G1 X121.031 Y110.753 E197.21433
G1 X120.574 Y110.533 E197.23204
G1 X119.774 Y110.226 E197.26196
G1 X119.205 Y110.076 E197.28251
G1 X118.255 Y109.922 E197.31612
G1 X118.255 Y114.263 E197.46773
G1 X118.441 Y114.308 E197.47441
G1 X119.069 Y114.566 E197.49812
G1 X119.617 Y114.932 E197.52113
G1 X120.107 Y115.431 E197.54556
G1 X120.477 Y116.013 E197.56964
G1 X120.713 Y116.637 E197.59294
G1 X120.824 Y117.328 E197.61738
G1 X120.788 Y118.017 E197.64148
G1 X120.614 Y118.676 E197.66528
G1 X120.309 Y119.285 E197.68907
G1 X119.872 Y119.836 E197.71363
G1 X119.361 Y120.26 E197.73681
G1 X118.762 Y120.578 E197.7605
G1 X118.255 Y120.729 E197.77897
G1 X118.254 Y125.078 E197.93085
M204 S1000
G0 F9000 X118.452 Y125.053
G0 X119.081 Y123.902
G1 F1500 E196.93085
;MESH:NONMESH
G0 F600 X119.081 Y123.902 Z4.6
G0 F9000 X119.472 Y120.451
G0 X118.861 Y119.537
G0 X117.492 Y115.032
;TIME_ELAPSED:209.770740
;LAYER:22
;TYPE:SUPPORT
G1 F1500 E197.93085
G1 F2346.3 X117.617 Y115.09 E197.93543
G1 X117.532 Y114.982 E197.93999
G1 X117.297 Y115.272 E197.95237
G1 X116.964 Y115.339 E197.96364
G1 X116.394 Y115.553 E197.98384
G1 X115.989 Y115.876 E198.00102
G1 X119.705 Y117.608 E198.13704
G1 X119.693 Y117.854 E198.14522
G1 X119.579 Y118.283 E198.15994
G1 X119.372 Y118.694 E198.17521
G1 X119.195 Y118.915 E198.1846
G1 X115.322 Y117.109 E198.32638
G1 X115.276 Y117.402 E198.33622
G1 X115.353 Y118.075 E198.3587
G1 X115.521 Y118.509 E198.37414
G1 X115.782 Y118.91 E198.39001
G1 X116.022 Y119.147 E198.4012
G1 X116.477 Y119.477 E198.41985
G1 X116.962 Y119.658 E198.43702
G1 X117.299 Y119.729 E198.44845
G1 X117.524 Y120.006 E198.46029
G1 X117.705 Y119.765 E198.47029
G1 X115.742 Y118.85 E198.54214
G1 F1500 E197.54214
;MESH:Encoder_Knob.stl
G0 F9000 X114.073 Y116.575
G0 X114.226 Y114.928
;TYPE:FILL
G1 F1500 E198.54214
G1 F2346.3 X113.85 Y114.648 E198.55851
G1 X112.585 Y114.09 E198.6068
G1 X111.8 Y113.93 E198.63478
G0 F9000 X110.633 Y117.943
G0 X110.355 Y117.953
M204 S2000
;TYPE:WALL-INNER
G1 F2346.3 X110.474 Y118.867 E198.66697
G1 X110.707 Y119.76 E198.6992
G1 X111.049 Y120.603 E198.73097
G1 X111.503 Y121.407 E198.76321
G1 X112.056 Y122.15 E198.79556
G1 X112.349 Y122.473 E198.81079
G1 X113.044 Y123.104 E198.84357
G1 X113.401 Y123.372 E198.85916
G1 X114.184 Y123.845 E198.89111
G1 X114.856 Y124.17 E198.91718
G1 X116.08 Y124.532 E198.96175
G1 X116.414 Y124.576 E198.97352
G1 X116.414 Y121.077 E199.09571
G1 X115.839 Y120.863 E199.11714
G1 X115.495 Y120.667 E199.13097
G1 X114.883 Y120.183 E199.15822
G1 X114.56 Y119.821 E199.17516
G1 X114.16 Y119.209 E199.20069
G1 X113.88 Y118.472 E199.22823
G1 X113.758 Y117.712 E199.25511
G1 X113.758 Y117.288 E199.26991
G1 X113.88 Y116.528 E199.2968
G1 X114.162 Y115.785 E199.32455
G1 X114.593 Y115.133 E199.35185
G1 X114.854 Y114.845 E199.36542
G1 X115.494 Y114.333 E199.39404
G1 X115.886 Y114.12 E199.40962
G1 X116.414 Y113.923 E199.4293
G1 X116.414 Y110.424 E199.5515
G1 X115.457 Y110.638 E199.58575
G1 X114.817 Y110.849 E199.60928
G1 X114.185 Y111.155 E199.6338
G1 X113.408 Y111.625 E199.66552
G1 X112.688 Y112.199 E199.69767
G1 X112.038 Y112.87 E199.7303
G1 X111.764 Y113.214 E199.74566
G1 X111.259 Y113.991 E199.77802
G1 X111.056 Y114.378 E199.79328
G1 X110.707 Y115.24 E199.82576
G1 X110.474 Y116.133 E199.85799
G1 X110.355 Y117.047 E199.89018
G1 X110.355 Y117.953 E199.92182
M204 S1000
G0 F9000 X109.935 Y117.98
M204 S2000
;TYPE:WALL-OUTER
G1 F2346.3 X110.06 Y118.947 E199.95587
G1 X110.307 Y119.892 E199.98998
G1 X110.67 Y120.786 E200.02368
G1 X111.15 Y121.637 E200.0578
G1 X111.731 Y122.418 E200.09179
G1 X112.052 Y122.771 E200.10846
G1 X112.776 Y123.428 E200.1426
G1 X113.165 Y123.72 E200.15959
G1 X113.984 Y124.215 E200.19301
G1 X114.704 Y124.563 E200.22094
G1 X115.992 Y124.944 E200.26784
G1 X116.834 Y125.054 E200.2975
G1 X116.834 Y120.756 E200.4476
G1 X116.651 Y120.717 E200.45413
G1 X116.003 Y120.472 E200.47833
G1 X115.688 Y120.291 E200.49101
G1 X115.165 Y119.872 E200.51442
G1 X114.911 Y119.59 E200.52767
G1 X114.544 Y119.03 E200.55105
G1 X114.286 Y118.366 E200.57593
G1 X114.177 Y117.68 E200.60019
G1 X114.179 Y117.304 E200.61332
G1 X114.286 Y116.634 E200.63702
G1 X114.536 Y115.986 E200.66127
G1 X114.922 Y115.395 E200.68592
G1 X115.175 Y115.119 E200.699
G1 X115.689 Y114.708 E200.72198
G1 X116.033 Y114.514 E200.73578
G1 X116.683 Y114.274 E200.75997
G1 X116.834 Y114.244 E200.76535
G1 X116.834 Y109.946 E200.91545
G1 X116.292 Y110.016 E200.93453
G1 X115.344 Y110.233 E200.9685
G1 X114.659 Y110.459 E200.99369
G1 X113.984 Y110.785 E201.01987
G1 X113.168 Y111.279 E201.05318
G1 X112.405 Y111.887 E201.08725
G1 X111.722 Y112.592 E201.12153
G1 X111.423 Y112.968 E201.13831
G1 X110.896 Y113.779 E201.17209
G1 X110.674 Y114.201 E201.18874
G1 X110.307 Y115.108 E201.22291
G1 X110.06 Y116.053 E201.25702
G1 X109.935 Y117.02 E201.29107
G1 X109.935 Y117.98 E201.3246
M204 S1000
G0 F9000 X109.96 Y118.178
G0 X110.97 Y118.05
G1 F1500 E200.3246
G0 F9000 X114.343 Y119.123
G0 X115.321 Y118.619
G0 X119.567 Y118.815
G0 X120.49 Y119.41
G0 X121.413 Y118.926
;TYPE:FILL
G1 F1500 E201.3246
G1 F2346.3 X122.705 Y118.669 E201.3706
G1 X123.97 Y118.111 E201.41889
G1 X124.226 Y117.92 E201.43004
G0 F9000 X118.92 Y110.713
G0 X118.676 Y110.436
M204 S2000
;TYPE:WALL-INNER
G1 F2346.3 X118.675 Y113.95 E201.55276
G1 X119.249 Y114.18 E201.57436
G1 X119.891 Y114.61 E201.60134
G1 X120.449 Y115.186 E201.62935
G1 X120.859 Y115.839 E201.65628
G1 X121.125 Y116.545 E201.68262
G1 X121.246 Y117.298 E201.70926
G1 X121.206 Y118.066 E201.73612
G1 X121.002 Y118.84 E201.76407
G1 X120.657 Y119.52 E201.7907
G1 X120.179 Y120.124 E201.8176
G1 X119.594 Y120.614 E201.84425
G1 X118.958 Y120.95 E201.86937
G1 X118.675 Y121.045 E201.87979
G1 X118.675 Y124.56 E202.00255
G1 X119.543 Y124.362 E202.03364
G1 X120.183 Y124.151 E202.05717
G1 X120.816 Y123.845 E202.08173
G1 X121.591 Y123.375 E202.11338
G1 X122.312 Y122.801 E202.14557
G1 X122.961 Y122.13 E202.17817
G1 X123.236 Y121.786 E202.19355
G1 X123.743 Y121.005 E202.22607
G1 X123.945 Y120.619 E202.24128
G1 X124.293 Y119.76 E202.27365
G1 X124.527 Y118.867 E202.30589
G1 X124.646 Y117.953 E202.33808
G1 X124.646 Y117.047 E202.36972
G1 X124.527 Y116.133 E202.40191
G1 X124.293 Y115.241 E202.43411
G1 X123.951 Y114.397 E202.46591
G1 X123.497 Y113.593 E202.49816
G1 X122.945 Y112.85 E202.53049
G1 X122.651 Y112.527 E202.54574
G1 X121.956 Y111.896 E202.57852
G1 X121.599 Y111.628 E202.59411
G1 X120.81 Y111.15 E202.62633
G1 X120.149 Y110.833 E202.65193
G1 X118.917 Y110.467 E202.69681
G1 X118.676 Y110.436 E202.7053
M204 S1000
G0 F9000 X118.92 Y110.713
G0 X121.319 Y116.491
G0 X121.402 Y118.108
G0 X118.519 Y124.741
G0 X118.254 Y125.042
M204 S2000
;TYPE:WALL-OUTER
G1 F2346.3 X118.709 Y124.983 E202.72132
G1 X119.656 Y124.767 E202.75524
G1 X120.341 Y124.541 E202.78043
G1 X121.016 Y124.215 E202.80661
G1 X121.832 Y123.721 E202.83993
G1 X122.595 Y123.113 E202.874
G1 X123.277 Y122.408 E202.90825
G1 X123.577 Y122.032 E202.92505
G1 X124.106 Y121.217 E202.95898
G1 X124.327 Y120.796 E202.97559
G1 X124.693 Y119.892 E203.00965
G1 X124.94 Y118.947 E203.04376
G1 X125.066 Y117.98 E203.07782
G1 X125.066 Y117.02 E203.11134
G1 X124.94 Y116.053 E203.1454
G1 X124.693 Y115.108 E203.17951
G1 X124.33 Y114.214 E203.21321
G1 X123.85 Y113.363 E203.24733
G1 X123.269 Y112.582 E203.28132
G1 X122.948 Y112.229 E203.29798
G1 X122.224 Y111.572 E203.33213
G1 X121.835 Y111.28 E203.34911
G1 X121.01 Y110.78 E203.3828
G1 X120.301 Y110.44 E203.41026
G1 X119.004 Y110.054 E203.45752
G1 X118.255 Y109.958 E203.48389
G1 X118.255 Y114.263 E203.63424
G1 X118.441 Y114.308 E203.64092
G1 X119.069 Y114.566 E203.66463
G1 X119.632 Y114.944 E203.68831
G1 X120.12 Y115.449 E203.71284
G1 X120.467 Y115.995 E203.73543
G1 X120.718 Y116.652 E203.75999
G1 X120.824 Y117.336 E203.78417
G1 X120.789 Y118.012 E203.80781
G1 X120.612 Y118.682 E203.83201
G1 X120.305 Y119.291 E203.85583
G1 X119.877 Y119.831 E203.87989
G1 X119.359 Y120.261 E203.9034
G1 X118.762 Y120.578 E203.92701
G1 X118.255 Y120.729 E203.94548
G1 X118.254 Y125.042 E204.0961
M204 S1000
G0 F9000 X118.452 Y125.017
G0 X119.274 Y124.008
G1 F1500 E203.0961
;MESH:NONMESH
G0 F600 X119.274 Y124.008 Z4.8
G0 F9000 X119.472 Y120.451
G0 X118.861 Y119.537
G0 X117.492 Y115.032
;TIME_ELAPSED:217.141351
;LAYER:23
;TYPE:SUPPORT
G1 F1500 E204.0961
G1 F2334.2 X117.617 Y115.09 E204.10068
G1 X117.532 Y114.982 E204.10524
G1 X117.297 Y115.272 E204.11762
G1 X116.964 Y115.339 E204.12889
G1 X116.394 Y115.553 E204.14909
G1 X115.989 Y115.876 E204.16628
G1 X119.705 Y117.608 E204.3023
G1 X119.693 Y117.854 E204.31047
G1 X119.579 Y118.283 E204.32519
G1 X119.372 Y118.694 E204.34046
G1 X119.195 Y118.915 E204.34985
G1 X115.322 Y117.109 E204.49163
G1 X115.276 Y117.402 E204.50147
G1 X115.353 Y118.075 E204.52395
G1 X115.521 Y118.509 E204.53939
G1 X115.782 Y118.91 E204.55526
G1 X116.022 Y119.147 E204.56645
G1 X116.477 Y119.477 E204.5851
G1 X116.962 Y119.658 E204.60227
G1 X117.299 Y119.729 E204.6137
G1 X117.524 Y120.006 E204.62554
G1 X117.705 Y119.765 E204.63554
G1 X115.742 Y118.85 E204.70739
G1 F1500 E203.70739
;MESH:Encoder_Knob.stl
G0 F9000 X114.073 Y116.575
G0 X114.288 Y114.847
;TYPE:FILL
G1 F1500 E204.70739
G1 F2334.2 X113.85 Y114.542 E204.72603
G1 X112.585 Y114.045 E204.7735
G1 X111.837 Y113.926 E204.79995
G0 F9000 X110.654 Y117.5
G0 X110.376 Y117.5
M204 S2000
;TYPE:WALL-INNER
G1 F2334.2 X110.436 Y118.415 E204.83197
G1 X110.611 Y119.32 E204.86416
G1 X110.732 Y119.731 E204.87913
G1 X111.08 Y120.588 E204.91143
G1 X111.532 Y121.388 E204.94352
G1 X112.082 Y122.127 E204.97569
G1 X112.376 Y122.449 E204.99092
G1 X113.061 Y123.071 E205.02323
G1 X113.81 Y123.595 E205.05515
G1 X114.609 Y124.011 E205.08661
G1 X115.474 Y124.329 E205.1188
G1 X116.414 Y124.539 E205.15243
G1 X116.414 Y121.077 E205.27334
G1 X115.838 Y120.862 E205.29481
G1 X115.459 Y120.644 E205.31008
G1 X114.883 Y120.183 E205.33584
G1 X114.589 Y119.865 E205.35097
G1 X114.161 Y119.209 E205.37832
G1 X113.882 Y118.478 E205.40565
G1 X113.758 Y117.705 E205.43299
G1 X113.758 Y117.295 E205.44731
G1 X113.885 Y116.51 E205.47508
G1 X114.164 Y115.781 E205.50234
G1 X114.581 Y115.149 E205.52878
G1 X114.854 Y114.845 E205.54305
G1 X115.441 Y114.369 E205.56944
G1 X115.836 Y114.139 E205.58541
G1 X116.414 Y113.923 E205.60695
G1 X116.414 Y110.461 E205.72786
G1 X115.474 Y110.671 E205.76149
G1 X114.609 Y110.989 E205.79368
G1 X113.8 Y111.411 E205.82555
G1 X113.437 Y111.646 E205.84065
G1 X112.712 Y112.225 E205.87305
G1 X112.074 Y112.884 E205.90508
G1 X111.531 Y113.612 E205.9368
G1 X111.08 Y114.412 E205.96887
G1 X110.732 Y115.27 E206.00121
G1 X110.612 Y115.676 E206.01599
G1 X110.437 Y116.585 E206.04832
G1 X110.376 Y117.5 E206.08035
M204 S1000
G0 F9000 X109.955 Y117.5
M204 S2000
;TYPE:WALL-OUTER
G1 F2334.2 X110.019 Y118.469 E206.11426
G1 X110.203 Y119.419 E206.14805
G1 X110.335 Y119.869 E206.16443
G1 X110.701 Y120.771 E206.19843
G1 X111.179 Y121.618 E206.23239
G1 X111.758 Y122.394 E206.2662
G1 X112.078 Y122.747 E206.28284
G1 X112.798 Y123.4 E206.31679
G1 X113.592 Y123.955 E206.35062
G1 X114.439 Y124.396 E206.38397
G1 X115.354 Y124.733 E206.41802
G1 X116.302 Y124.949 E206.45198
G1 X116.834 Y125.009 E206.47068
G1 X116.834 Y120.756 E206.6192
G1 X116.651 Y120.717 E206.62574
G1 X116.003 Y120.472 E206.64993
G1 X115.7 Y120.3 E206.6621
G1 X115.165 Y119.872 E206.68603
G1 X114.911 Y119.59 E206.69928
G1 X114.544 Y119.03 E206.72266
G1 X114.287 Y118.368 E206.74746
G1 X114.177 Y117.677 E206.7719
G1 X114.177 Y117.323 E206.78426
G1 X114.288 Y116.628 E206.80884
G1 X114.534 Y115.989 E206.83275
G1 X114.918 Y115.4 E206.85731
G1 X115.175 Y115.119 E206.87061
G1 X115.706 Y114.696 E206.89432
G1 X116.033 Y114.514 E206.90739
G1 X116.683 Y114.274 E206.93158
G1 X116.834 Y114.244 E206.93696
G1 X116.834 Y109.991 E207.08549
G1 X116.302 Y110.051 E207.10419
G1 X115.354 Y110.267 E207.13814
G1 X114.439 Y110.604 E207.17219
G1 X113.588 Y111.048 E207.20572
G1 X113.191 Y111.305 E207.22223
G1 X112.429 Y111.913 E207.25628
G1 X111.754 Y112.611 E207.29019
G1 X111.179 Y113.382 E207.32378
G1 X110.701 Y114.229 E207.35774
G1 X110.335 Y115.131 E207.39174
G1 X110.204 Y115.576 E207.40794
G1 X110.019 Y116.531 E207.44191
G1 X109.955 Y117.5 E207.47582
M204 S1000
G0 F9000 X109.968 Y117.699
G0 X110.984 Y117.634
G1 F1500 E206.47582
G0 F9000 X114.343 Y119.123
G0 X115.321 Y118.619
G0 X119.567 Y118.815
G0 X120.49 Y119.41
G0 X121.421 Y118.914
;TYPE:FILL
G1 F1500 E207.47582
G1 F2334.2 X122.705 Y118.714 E207.5212
G1 X123.97 Y118.217 E207.56867
G1 X124.164 Y118.081 E207.57694
G0 F9000 X118.913 Y110.751
G0 X118.675 Y110.471
M204 S2000
;TYPE:WALL-INNER
G1 F2334.2 X118.675 Y113.95 E207.69844
G1 X119.249 Y114.18 E207.72004
G1 X119.899 Y114.615 E207.74735
G1 X120.448 Y115.185 E207.77499
G1 X120.852 Y115.816 E207.80116
G1 X121.128 Y116.545 E207.82838
G1 X121.243 Y117.294 E207.85484
G1 X121.2 Y118.104 E207.88317
G1 X121.001 Y118.841 E207.90983
G1 X120.663 Y119.516 E207.93619
G1 X120.178 Y120.123 E207.96333
G1 X119.578 Y120.621 E207.99056
G1 X118.958 Y120.95 E208.01507
G1 X118.675 Y121.045 E208.0255
G1 X118.675 Y124.524 E208.14699
G1 X119.526 Y124.329 E208.17748
G1 X120.391 Y124.011 E208.20967
G1 X121.2 Y123.589 E208.24153
G1 X121.563 Y123.353 E208.25665
G1 X122.288 Y122.775 E208.28903
G1 X122.926 Y122.116 E208.32107
G1 X123.468 Y121.388 E208.35276
G1 X123.92 Y120.588 E208.38485
G1 X124.268 Y119.731 E208.41716
G1 X124.388 Y119.319 E208.43214
G1 X124.563 Y118.415 E208.4643
G1 X124.624 Y117.5 E208.49632
G1 X124.564 Y116.585 E208.52835
G1 X124.389 Y115.68 E208.56054
G1 X124.268 Y115.269 E208.5755
G1 X123.92 Y114.412 E208.6078
G1 X123.468 Y113.612 E208.63989
G1 X122.917 Y112.874 E208.67206
G1 X122.624 Y112.551 E208.68729
G1 X121.94 Y111.929 E208.71957
G1 X121.19 Y111.404 E208.75155
G1 X120.383 Y110.984 E208.78332
G1 X119.964 Y110.815 E208.7991
G1 X118.885 Y110.495 E208.8384
G1 X118.675 Y110.471 E208.84578
M204 S1000
G0 F9000 X118.913 Y110.751
G0 X121.319 Y116.491
G0 X121.402 Y118.108
G0 X118.52 Y124.703
G0 X118.255 Y125.001
M204 S2000
;TYPE:WALL-OUTER
G1 F2334.2 X118.701 Y124.949 E208.86146
G1 X119.646 Y124.733 E208.89532
G1 X120.561 Y124.396 E208.92937
G1 X121.412 Y123.952 E208.96289
G1 X121.809 Y123.695 E208.97941
G1 X122.571 Y123.087 E209.01345
G1 X123.246 Y122.389 E209.04736
G1 X123.821 Y121.618 E209.08095
G1 X124.299 Y120.771 E209.11492
G1 X124.665 Y119.869 E209.14891
G1 X124.797 Y119.419 E209.16529
G1 X124.981 Y118.469 E209.19908
G1 X125.045 Y117.5 E209.233
G1 X124.981 Y116.531 E209.26691
G1 X124.797 Y115.581 E209.3007
G1 X124.665 Y115.131 E209.31708
G1 X124.299 Y114.229 E209.35108
G1 X123.821 Y113.382 E209.38504
G1 X123.242 Y112.606 E209.41886
G1 X122.922 Y112.253 E209.43549
G1 X122.202 Y111.6 E209.46944
G1 X121.408 Y111.044 E209.50329
G1 X120.559 Y110.602 E209.53672
G1 X120.103 Y110.418 E209.55389
G1 X118.969 Y110.081 E209.59521
G1 X118.255 Y109.999 E209.62031
G1 X118.255 Y114.263 E209.76922
G1 X118.441 Y114.308 E209.7759
G1 X119.069 Y114.566 E209.79961
G1 X119.617 Y114.932 E209.82262
G1 X120.094 Y115.416 E209.84636
G1 X120.468 Y115.995 E209.87043
G1 X120.717 Y116.649 E209.89487
G1 X120.823 Y117.322 E209.91866
G1 X120.79 Y118.004 E209.94251
G1 X120.611 Y118.683 E209.96703
G1 X120.312 Y119.28 E209.99035
G1 X119.876 Y119.831 E210.01489
G1 X119.366 Y120.256 E210.03807
G1 X118.762 Y120.578 E210.06197
G1 X118.255 Y120.729 E210.08045
G1 X118.255 Y125.001 E210.22964
M204 S1000
G0 F9000 X118.453 Y124.978
G0 X119.274 Y123.972
G1 F1500 E209.22964
;MESH:NONMESH
G0 F600 X119.274 Y123.972 Z5
G0 F9000 X119.472 Y120.451
G0 X118.861 Y119.537
G0 X117.492 Y115.032
;TIME_ELAPSED:224.505680
;LAYER:24
;TYPE:SUPPORT
G1 F1500 E210.22964
G1 F2269.7 X117.617 Y115.09 E210.23421
G1 X117.532 Y114.982 E210.23877
G1 X117.297 Y115.272 E210.25116
G1 X116.964 Y115.339 E210.26242
G1 X116.394 Y115.553 E210.28262
G1 X115.989 Y115.876 E210.29981
G1 X119.705 Y117.608 E210.43583
G1 X119.693 Y117.854 E210.444
G1 X119.579 Y118.283 E210.45873
G1 X119.372 Y118.694 E210.474
G1 X119.195 Y118.915 E210.48339
G1 X115.322 Y117.109 E210.62517
G1 X115.276 Y117.402 E210.63501
G1 X115.353 Y118.075 E210.65748
G1 X115.521 Y118.509 E210.67292
G1 X115.782 Y118.91 E210.6888
G1 X116.022 Y119.147 E210.69999
G1 X116.477 Y119.477 E210.71863
G1 X116.962 Y119.658 E210.73581
G1 X117.299 Y119.729 E210.74723
G1 X117.524 Y120.006 E210.75907
G1 X117.705 Y119.765 E210.76907
G1 X115.742 Y118.85 E210.84093
G1 F1500 E209.84093
;MESH:Encoder_Knob.stl
G0 F9000 X114.073 Y116.575
G0 X114.361 Y114.763
;TYPE:FILL
G1 F1500 E210.84093
G1 F2269.7 X113.85 Y114.431 E210.86221
G1 X112.585 Y113.993 E210.90896
G1 X111.883 Y113.913 E210.93364
G0 F9000 X110.688 Y117.501
G0 X110.409 Y117.516
M204 S2000
;TYPE:WALL-INNER
G1 F2269.7 X110.423 Y117.928 E210.94803
G1 X110.542 Y118.853 E210.9806
G1 X110.774 Y119.737 E211.01252
G1 X111.112 Y120.572 E211.04398
G1 X111.562 Y121.369 E211.07594
G1 X112.099 Y122.09 E211.10734
G1 X112.741 Y122.754 E211.13959
G1 X113.443 Y123.314 E211.17096
G1 X114.221 Y123.785 E211.20272
G1 X115.059 Y124.155 E211.23471
G1 X116.12 Y124.473 E211.27339
G1 X116.414 Y124.505 E211.28372
G1 X116.414 Y121.077 E211.40343
G1 X115.835 Y120.861 E211.42502
G1 X115.427 Y120.62 E211.44156
G1 X114.854 Y120.155 E211.46734
G1 X114.581 Y119.851 E211.48161
G1 X114.178 Y119.236 E211.50728
G1 X113.88 Y118.472 E211.53592
G1 X113.761 Y117.744 E211.56168
G1 X113.758 Y117.294 E211.5774
G1 X113.878 Y116.535 E211.60424
G1 X114.16 Y115.791 E211.63202
G1 X114.607 Y115.117 E211.66027
G1 X114.913 Y114.791 E211.67588
G1 X115.46 Y114.356 E211.70029
G1 X115.886 Y114.12 E211.7173
G1 X116.414 Y113.923 E211.73698
G1 X116.414 Y110.495 E211.85669
G1 X116.12 Y110.527 E211.86702
G1 X115.059 Y110.845 E211.9057
G1 X114.212 Y111.219 E211.93804
G1 X113.826 Y111.436 E211.9535
G1 X113.082 Y111.956 E211.9852
G1 X112.412 Y112.565 E212.01682
G1 X111.801 Y113.28 E212.04967
G1 X111.572 Y113.61 E212.0637
G1 X111.108 Y114.434 E212.09672
G1 X110.934 Y114.828 E212.11176
G1 X110.641 Y115.708 E212.14415
G1 X110.472 Y116.588 E212.17545
G1 X110.409 Y117.516 E212.20793
M204 S1000
G0 F9000 X109.989 Y117.509
M204 S2000
;TYPE:WALL-OUTER
G1 F2269.7 X110.004 Y117.962 E212.22376
G1 X110.129 Y118.933 E212.25795
G1 X110.374 Y119.87 E212.29177
G1 X110.733 Y120.755 E212.32513
G1 X111.209 Y121.599 E212.35897
G1 X111.778 Y122.362 E212.39221
G1 X112.457 Y123.065 E212.42634
G1 X113.203 Y123.659 E212.45964
G1 X114.026 Y124.158 E212.49325
G1 X114.913 Y124.55 E212.52712
G1 X116.036 Y124.886 E212.56806
G1 X116.834 Y124.973 E212.59609
G1 X116.834 Y120.756 E212.74336
G1 X116.651 Y120.717 E212.7499
G1 X116.003 Y120.472 E212.77409
G1 X115.689 Y120.292 E212.78673
G1 X115.151 Y119.858 E212.81087
G1 X114.911 Y119.59 E212.82343
G1 X114.544 Y119.03 E212.84682
G1 X114.286 Y118.366 E212.87169
G1 X114.178 Y117.69 E212.8956
G1 X114.177 Y117.322 E212.90845
G1 X114.29 Y116.621 E212.93325
G1 X114.543 Y115.971 E212.95761
G1 X114.931 Y115.384 E212.98218
G1 X115.165 Y115.128 E212.9943
G1 X115.7 Y114.7 E213.01822
G1 X116.033 Y114.514 E213.03154
G1 X116.683 Y114.274 E213.05574
G1 X116.834 Y114.244 E213.06112
G1 X116.834 Y110.027 E213.20839
G1 X116.036 Y110.114 E213.23642
G1 X114.913 Y110.45 E213.27736
G1 X114.024 Y110.843 E213.3113
G1 X113.602 Y111.08 E213.32821
G1 X112.82 Y111.627 E213.36153
G1 X112.11 Y112.272 E213.39503
G1 X111.469 Y113.023 E213.42952
G1 X111.216 Y113.386 E213.44497
G1 X110.732 Y114.246 E213.47943
G1 X110.542 Y114.676 E213.49585
G1 X110.233 Y115.602 E213.52994
G1 X110.054 Y116.534 E213.56308
G1 X109.989 Y117.509 E213.59721
M204 S1000
G0 F9000 X109.995 Y117.709
G0 X111.016 Y117.675
G1 F1500 E212.59721
G0 F9000 X114.343 Y119.123
G0 X115.321 Y118.619
G0 X119.567 Y118.815
G0 X120.49 Y119.41
G0 X121.42 Y118.908
;TYPE:FILL
G1 F1500 E213.59721
G1 F2269.7 X122.705 Y118.766 E213.64236
G1 X123.97 Y118.328 E213.68911
G1 X124.12 Y118.23 E213.69537
G0 F9000 X118.913 Y124.212
G0 X118.674 Y124.494
M204 S2000
;TYPE:WALL-INNER
G1 F2269.7 X118.885 Y124.469 E213.70279
G1 X119.941 Y124.155 E213.74126
G1 X120.788 Y123.781 E213.7736
G1 X121.174 Y123.563 E213.78908
G1 X121.918 Y123.044 E213.82076
G1 X122.588 Y122.435 E213.85238
G1 X123.198 Y121.72 E213.8852
G1 X123.428 Y121.39 E213.89925
G1 X123.892 Y120.566 E213.93228
G1 X124.066 Y120.172 E213.94732
G1 X124.359 Y119.292 E213.97971
G1 X124.528 Y118.412 E214.011
G1 X124.591 Y117.484 E214.04349
G1 X124.577 Y117.072 E214.05788
G1 X124.458 Y116.147 E214.09045
G1 X124.226 Y115.262 E214.1224
G1 X123.888 Y114.428 E214.15383
G1 X123.438 Y113.631 E214.18579
G1 X122.901 Y112.91 E214.21719
G1 X122.26 Y112.247 E214.2494
G1 X121.556 Y111.686 E214.28083
G1 X120.779 Y111.215 E214.31257
G1 X119.941 Y110.845 E214.34456
G1 X118.885 Y110.531 E214.38303
G1 X118.674 Y110.507 E214.39045
G1 X118.675 Y113.95 E214.51069
G1 X119.249 Y114.181 E214.5323
G1 X119.883 Y114.606 E214.55895
G1 X120.448 Y115.186 E214.58723
G1 X120.853 Y115.817 E214.61341
G1 X121.125 Y116.546 E214.64059
G1 X121.247 Y117.305 E214.66744
G1 X121.2 Y118.104 E214.69539
G1 X121.015 Y118.803 E214.72064
G1 X120.679 Y119.486 E214.74722
G1 X120.18 Y120.126 E214.77556
G1 X119.596 Y120.609 E214.80203
G1 X118.958 Y120.95 E214.82729
G1 X118.675 Y121.045 E214.83772
G1 X118.674 Y124.494 E214.95817
M204 S1000
G0 F9000 X118.254 Y124.966
M204 S2000
;TYPE:WALL-OUTER
G1 F2269.7 X118.97 Y124.882 E214.98335
G1 X120.087 Y124.55 E215.02404
G1 X120.976 Y124.157 E215.05799
G1 X121.398 Y123.919 E215.07491
G1 X122.18 Y123.373 E215.10821
G1 X122.89 Y122.728 E215.14171
G1 X123.531 Y121.977 E215.17619
G1 X123.784 Y121.614 E215.19165
G1 X124.268 Y120.754 E215.22611
G1 X124.458 Y120.324 E215.24253
G1 X124.767 Y119.398 E215.27662
G1 X124.946 Y118.466 E215.30976
G1 X125.011 Y117.491 E215.34389
G1 X124.996 Y117.038 E215.35972
G1 X124.871 Y116.067 E215.39391
G1 X124.626 Y115.13 E215.42773
G1 X124.267 Y114.245 E215.46108
G1 X123.791 Y113.401 E215.49492
G1 X123.222 Y112.638 E215.52816
G1 X122.543 Y111.935 E215.5623
G1 X121.797 Y111.341 E215.5956
G1 X120.974 Y110.842 E215.62921
G1 X120.087 Y110.45 E215.66308
G1 X118.97 Y110.118 E215.70377
G1 X118.254 Y110.035 E215.72895
G1 X118.255 Y114.263 E215.8766
G1 X118.441 Y114.308 E215.88328
G1 X119.069 Y114.566 E215.907
G1 X119.621 Y114.935 E215.93018
G1 X120.096 Y115.419 E215.95387
G1 X120.468 Y115.995 E215.97781
G1 X120.718 Y116.652 E216.00236
G1 X120.822 Y117.309 E216.02559
G1 X120.79 Y118.004 E216.04989
G1 X120.616 Y118.67 E216.07393
G1 X120.312 Y119.28 E216.09773
G1 X119.877 Y119.83 E216.12222
G1 X119.355 Y120.264 E216.14593
G1 X118.762 Y120.578 E216.16936
G1 X118.255 Y120.729 E216.18784
G1 X118.254 Y124.966 E216.33581
M204 S1000
G0 F9000 X118.452 Y124.943
G0 X119.274 Y123.956
G1 F1500 E215.33581
;MESH:NONMESH
G0 F600 X119.274 Y123.956 Z5.2
G0 F9000 X119.472 Y120.451
G0 X118.861 Y119.537
G0 X117.492 Y115.032
;TIME_ELAPSED:231.632953
;LAYER:25
;TYPE:SUPPORT
G1 F1500 E216.33581
G1 F2261.5 X117.617 Y115.09 E216.34038
G1 X117.532 Y114.982 E216.34494
G1 X117.297 Y115.272 E216.35732
G1 X116.964 Y115.339 E216.36859
G1 X116.394 Y115.553 E216.38879
G1 X115.989 Y115.876 E216.40598
G1 X119.705 Y117.608 E216.542
G1 X119.693 Y117.854 E216.55017
G1 X119.579 Y118.283 E216.56489
G1 X119.372 Y118.694 E216.58016
G1 X119.195 Y118.915 E216.58956
G1 X115.322 Y117.109 E216.73133
G1 X115.276 Y117.402 E216.74117
G1 X115.353 Y118.075 E216.76365
G1 X115.521 Y118.509 E216.77909
G1 X115.782 Y118.91 E216.79496
G1 X116.022 Y119.147 E216.80615
G1 X116.477 Y119.477 E216.8248
G1 X116.962 Y119.658 E216.84197
G1 X117.299 Y119.729 E216.8534
G1 X117.524 Y120.006 E216.86524
G1 X117.705 Y119.765 E216.87524
G1 X115.742 Y118.85 E216.94709
G1 F1500 E215.94709
;MESH:Encoder_Knob.stl
G0 F9000 X114.073 Y116.575
G0 X114.445 Y114.675
;TYPE:FILL
G1 F1500 E216.94709
G1 F2261.5 X113.85 Y114.315 E216.97138
G1 X112.585 Y113.936 E217.0175
G1 X111.939 Y113.891 E217.04011
G0 F9000 X110.739 Y117.064
G0 X110.461 Y117.054
M204 S2000
;TYPE:WALL-INNER
G1 F2261.5 X110.461 Y117.946 E217.07126
G1 X110.577 Y118.847 E217.10299
G1 X110.806 Y119.727 E217.13475
G1 X111.144 Y120.557 E217.16604
G1 X111.592 Y121.35 E217.19785
G1 X112.126 Y122.066 E217.22904
G1 X112.764 Y122.727 E217.26113
G1 X113.469 Y123.288 E217.29259
G1 X114.231 Y123.749 E217.32369
G1 X115.071 Y124.122 E217.35579
G1 X116.132 Y124.439 E217.39446
G1 X116.414 Y124.469 E217.40437
G1 X116.414 Y121.077 E217.52283
G1 X115.84 Y120.863 E217.54422
G1 X115.494 Y120.667 E217.55811
G1 X114.913 Y120.209 E217.58395
G1 X114.617 Y119.895 E217.59902
G1 X114.16 Y119.209 E217.6278
G1 X113.88 Y118.472 E217.65534
G1 X113.758 Y117.712 E217.68222
G1 X113.758 Y117.288 E217.69702
G1 X113.88 Y116.528 E217.72391
G1 X114.178 Y115.764 E217.75254
G1 X114.581 Y115.149 E217.77822
G1 X114.853 Y114.846 E217.79244
G1 X115.433 Y114.376 E217.81851
G1 X115.835 Y114.139 E217.83481
G1 X116.414 Y113.923 E217.85639
G1 X116.414 Y110.531 E217.97485
G1 X116.132 Y110.561 E217.98476
G1 X115.071 Y110.878 E218.02343
G1 X114.231 Y111.251 E218.05553
G1 X113.469 Y111.712 E218.08663
G1 X112.764 Y112.273 E218.11809
G1 X112.126 Y112.934 E218.15018
G1 X111.592 Y113.65 E218.18137
G1 X111.144 Y114.443 E218.21318
G1 X110.807 Y115.273 E218.24446
G1 X110.578 Y116.153 E218.27622
G1 X110.461 Y117.054 E218.30795
M204 S1000
G0 F9000 X110.739 Y117.064
G0 X110.739 Y117.936
G0 X110.041 Y117.973
M204 S2000
;TYPE:WALL-OUTER
G1 F2261.5 X110.164 Y118.927 E218.34154
G1 X110.407 Y119.859 E218.37518
G1 X110.765 Y120.74 E218.40839
G1 X111.239 Y121.58 E218.44207
G1 X111.805 Y122.339 E218.47514
G1 X112.481 Y123.039 E218.50912
G1 X113.229 Y123.634 E218.5425
G1 X114.036 Y124.122 E218.57543
G1 X114.925 Y124.517 E218.60941
G1 X116.048 Y124.852 E218.65033
G1 X116.834 Y124.937 E218.67794
G1 X116.834 Y120.756 E218.82396
G1 X116.651 Y120.717 E218.83049
G1 X116.003 Y120.472 E218.85469
G1 X115.689 Y120.292 E218.86733
G1 X115.151 Y119.858 E218.89147
G1 X114.911 Y119.59 E218.90403
G1 X114.544 Y119.03 E218.92741
G1 X114.286 Y118.366 E218.95229
G1 X114.177 Y117.68 E218.97655
G1 X114.179 Y117.304 E218.98968
G1 X114.286 Y116.634 E219.01337
G1 X114.534 Y115.99 E219.03747
G1 X114.918 Y115.4 E219.06206
G1 X115.155 Y115.138 E219.0744
G1 X115.691 Y114.707 E219.09842
G1 X116.033 Y114.514 E219.11213
G1 X116.683 Y114.274 E219.13633
G1 X116.834 Y114.244 E219.14171
G1 X116.834 Y110.063 E219.28772
G1 X116.048 Y110.148 E219.31533
G1 X114.925 Y110.483 E219.35626
G1 X114.036 Y110.878 E219.39023
G1 X113.229 Y111.366 E219.42316
G1 X112.481 Y111.961 E219.45654
G1 X111.805 Y112.661 E219.49053
G1 X111.239 Y113.42 E219.52359
G1 X110.765 Y114.26 E219.55728
G1 X110.407 Y115.141 E219.59049
G1 X110.164 Y116.073 E219.62412
G1 X110.041 Y117.027 E219.65772
G1 X110.041 Y117.973 E219.69075
M204 S1000
G0 F9000 X110.066 Y118.171
G0 X111.076 Y118.043
G1 F1500 E218.69075
G0 F9000 X114.343 Y119.123
G0 X115.321 Y118.619
G0 X119.567 Y118.815
G0 X120.49 Y119.41
G0 X121.417 Y118.908
;TYPE:FILL
G1 F1500 E219.69075
G1 F2261.5 X122.705 Y118.823 E219.73583
G1 X123.97 Y118.444 E219.78195
G1 X124.059 Y118.39 E219.78559
G0 F9000 X118.913 Y124.174
G0 X118.674 Y124.458
M204 S2000
;TYPE:WALL-INNER
G1 F2261.5 X118.873 Y124.435 E219.79258
G1 X119.929 Y124.122 E219.83105
G1 X120.769 Y123.749 E219.86314
G1 X121.531 Y123.288 E219.89425
G1 X122.236 Y122.727 E219.92571
G1 X122.874 Y122.067 E219.95777
G1 X123.408 Y121.35 E219.98899
G1 X123.856 Y120.557 E220.0208
G1 X124.193 Y119.727 E220.05208
G1 X124.423 Y118.847 E220.08385
G1 X124.54 Y117.943 E220.11568
G1 X124.54 Y117.054 E220.14673
G1 X124.423 Y116.153 E220.17846
G1 X124.193 Y115.274 E220.21019
G1 X123.856 Y114.443 E220.24151
G1 X123.409 Y113.65 E220.2733
G1 X122.874 Y112.933 E220.30454
G1 X122.237 Y112.274 E220.33655
G1 X121.531 Y111.712 E220.36806
G1 X120.769 Y111.251 E220.39916
G1 X119.929 Y110.878 E220.43126
G1 X118.878 Y110.565 E220.46956
G1 X118.675 Y110.542 E220.47669
G1 X118.675 Y113.95 E220.59571
G1 X119.249 Y114.181 E220.61732
G1 X119.883 Y114.606 E220.64398
G1 X120.448 Y115.185 E220.67223
G1 X120.853 Y115.817 E220.69844
G1 X121.125 Y116.546 E220.72562
G1 X121.246 Y117.298 E220.75222
G1 X121.206 Y118.065 E220.77904
G1 X121.001 Y118.841 E220.80707
G1 X120.662 Y119.519 E220.83354
G1 X120.18 Y120.123 E220.86053
G1 X119.591 Y120.615 E220.88733
G1 X118.958 Y120.95 E220.91234
G1 X118.675 Y121.045 E220.92277
G1 X118.674 Y124.458 E221.04196
M204 S1000
G0 F9000 X118.254 Y124.93
M204 S2000
;TYPE:WALL-OUTER
G1 F2261.5 X118.958 Y124.848 E221.06671
G1 X120.075 Y124.517 E221.1074
G1 X120.964 Y124.122 E221.14137
G1 X121.771 Y123.634 E221.17431
G1 X122.519 Y123.039 E221.20768
G1 X123.195 Y122.339 E221.24167
G1 X123.761 Y121.58 E221.27473
G1 X124.235 Y120.74 E221.30842
G1 X124.593 Y119.859 E221.34163
G1 X124.836 Y118.927 E221.37526
G1 X124.96 Y117.97 E221.40897
G1 X124.96 Y117.027 E221.4419
G1 X124.836 Y116.073 E221.4755
G1 X124.593 Y115.141 E221.50913
G1 X124.235 Y114.26 E221.54234
G1 X123.761 Y113.42 E221.57603
G1 X123.195 Y112.661 E221.60909
G1 X122.519 Y111.962 E221.64305
G1 X121.771 Y111.366 E221.67645
G1 X120.964 Y110.878 E221.70939
G1 X120.075 Y110.483 E221.74336
G1 X118.962 Y110.152 E221.78391
G1 X118.255 Y110.07 E221.80877
G1 X118.255 Y114.263 E221.9552
G1 X118.441 Y114.308 E221.96188
G1 X119.069 Y114.566 E221.98559
G1 X119.621 Y114.935 E222.00878
G1 X120.096 Y115.419 E222.03247
G1 X120.468 Y115.995 E222.05641
G1 X120.718 Y116.652 E222.08096
G1 X120.824 Y117.336 E222.10513
G1 X120.789 Y118.011 E222.12874
G1 X120.611 Y118.683 E222.15302
G1 X120.312 Y119.28 E222.17633
G1 X119.877 Y119.831 E222.20085
G1 X119.359 Y120.261 E222.22436
G1 X118.762 Y120.578 E222.24797
G1 X118.255 Y120.729 E222.26644
G1 X118.254 Y124.93 E222.41315
M204 S1000
G0 F9000 X118.452 Y124.907
G0 X119.058 Y123.756
G1 F1500 E221.41315
;MESH:NONMESH
G0 F600 X119.058 Y123.756 Z5.4
G0 F9000 X119.472 Y120.451
G0 X118.861 Y119.537
G0 X117.492 Y115.032
;TIME_ELAPSED:238.827856
;LAYER:26
;TYPE:SUPPORT
G1 F1500 E222.41315
G1 F2247.6 X117.617 Y115.09 E222.41773
G1 X117.532 Y114.982 E222.42229
G1 X117.297 Y115.272 E222.43467
G1 X116.964 Y115.339 E222.44594
G1 X116.394 Y115.553 E222.46614
G1 X115.989 Y115.876 E222.48333
G1 X119.705 Y117.608 E222.61934
G1 X119.693 Y117.854 E222.62752
G1 X119.579 Y118.283 E222.64224
G1 X119.372 Y118.694 E222.65751
G1 X119.195 Y118.915 E222.6669
G1 X115.322 Y117.109 E222.80868
G1 X115.276 Y117.402 E222.81852
G1 X115.353 Y118.075 E222.841
G1 X115.521 Y118.509 E222.85644
G1 X115.782 Y118.91 E222.87231
G1 X116.022 Y119.147 E222.8835
G1 X116.477 Y119.477 E222.90215
G1 X116.962 Y119.658 E222.91932
G1 X117.299 Y119.729 E222.93075
G1 X117.524 Y120.006 E222.94259
G1 X117.705 Y119.765 E222.95259
G1 X115.742 Y118.85 E223.02444
G1 F1500 E222.02444
;MESH:Encoder_Knob.stl
G0 F9000 X114.073 Y116.575
G0 X114.533 Y114.575
;TYPE:FILL
G1 F1500 E223.02444
G1 F2247.6 X113.85 Y114.192 E223.05179
G1 X112.585 Y113.872 E223.09736
G1 X112.005 Y113.858 E223.11762
G0 F9000 X110.76 Y117.492
G0 X110.48 Y117.483
M204 S2000
;TYPE:WALL-INNER
G1 F2247.6 X110.542 Y118.403 E223.14982
G1 X110.71 Y119.274 E223.1808
G1 X110.993 Y120.13 E223.21229
G1 X111.39 Y120.954 E223.24423
G1 X111.87 Y121.692 E223.27497
G1 X112.463 Y122.386 E223.30685
G1 X113.132 Y122.994 E223.33842
G1 X113.478 Y123.252 E223.3535
G1 X114.249 Y123.72 E223.38499
G1 X115.083 Y124.089 E223.41684
G1 X116.141 Y124.405 E223.45541
G1 X116.414 Y124.435 E223.465
G1 X116.414 Y121.077 E223.58227
G1 X115.84 Y120.863 E223.60366
G1 X115.494 Y120.667 E223.61755
G1 X114.883 Y120.183 E223.64477
G1 X114.607 Y119.884 E223.65898
G1 X114.159 Y119.201 E223.68751
G1 X113.877 Y118.474 E223.71474
G1 X113.758 Y117.706 E223.74188
G1 X113.757 Y117.3 E223.75606
G1 X113.88 Y116.528 E223.78336
G1 X114.158 Y115.794 E223.81077
G1 X114.581 Y115.149 E223.83771
G1 X114.853 Y114.846 E223.85193
G1 X115.46 Y114.356 E223.87917
G1 X115.886 Y114.12 E223.89618
G1 X116.414 Y113.923 E223.91586
G1 X116.414 Y110.565 E224.03313
G1 X116.141 Y110.595 E224.04272
G1 X115.083 Y110.911 E224.08129
G1 X114.244 Y111.282 E224.11332
G1 X113.856 Y111.501 E224.12888
G1 X113.128 Y112.008 E224.15986
G1 X112.793 Y112.293 E224.17523
G1 X112.153 Y112.956 E224.20741
G1 X111.621 Y113.67 E224.2385
G1 X111.176 Y114.458 E224.27011
G1 X110.841 Y115.285 E224.30127
G1 X110.612 Y116.16 E224.33286
G1 X110.493 Y117.076 E224.36511
G1 X110.48 Y117.483 E224.37933
M204 S1000
G0 F9000 X110.06 Y117.49
M204 S2000
;TYPE:WALL-OUTER
G1 F2247.6 X110.124 Y118.457 E224.41318
G1 X110.302 Y119.38 E224.44601
G1 X110.603 Y120.288 E224.47941
G1 X111.024 Y121.16 E224.51323
G1 X111.533 Y121.944 E224.54587
G1 X112.161 Y122.679 E224.57964
G1 X112.864 Y123.318 E224.61281
G1 X113.242 Y123.601 E224.6293
G1 X114.055 Y124.093 E224.66249
G1 X114.937 Y124.484 E224.69618
G1 X116.058 Y124.818 E224.73703
G1 X116.834 Y124.903 E224.7643
G1 X116.834 Y120.756 E224.90912
G1 X116.651 Y120.717 E224.91566
G1 X116.003 Y120.472 E224.93985
G1 X115.689 Y120.292 E224.95249
G1 X115.165 Y119.872 E224.97594
G1 X114.927 Y119.611 E224.98828
G1 X114.537 Y119.018 E225.01307
G1 X114.29 Y118.379 E225.03699
G1 X114.177 Y117.678 E225.06179
G1 X114.179 Y117.304 E225.07485
G1 X114.286 Y116.634 E225.09854
G1 X114.534 Y115.99 E225.12265
G1 X114.918 Y115.4 E225.14723
G1 X115.175 Y115.119 E225.16053
G1 X115.7 Y114.7 E225.18399
G1 X116.033 Y114.514 E225.19731
G1 X116.683 Y114.274 E225.2215
G1 X116.834 Y114.244 E225.22688
G1 X116.834 Y110.097 E225.37171
G1 X116.058 Y110.182 E225.39897
G1 X114.937 Y110.516 E225.43982
G1 X114.056 Y110.906 E225.47347
G1 X113.632 Y111.145 E225.49046
G1 X112.871 Y111.675 E225.52285
G1 X112.505 Y111.987 E225.53965
G1 X111.832 Y112.684 E225.57348
G1 X111.268 Y113.44 E225.60642
G1 X110.797 Y114.275 E225.6399
G1 X110.441 Y115.153 E225.67299
G1 X110.199 Y116.08 E225.70645
G1 X110.074 Y117.042 E225.74033
G1 X110.06 Y117.49 E225.75598
M204 S1000
G0 F9000 X110.073 Y117.689
G0 X111.09 Y117.624
G1 F1500 E224.75598
G0 F9000 X114.343 Y119.123
G0 X115.321 Y118.619
G0 X119.567 Y118.815
G0 X120.49 Y119.41
G0 X121.416 Y118.914
;TYPE:FILL
G1 F1500 E225.75598
G1 F2247.6 X122.705 Y118.887 E225.80101
G1 X123.97 Y118.567 E225.84658
G1 X124.002 Y118.549 E225.84786
G0 F9000 X118.913 Y124.137
G0 X118.674 Y124.423
M204 S2000
;TYPE:WALL-INNER
G1 F2247.6 X118.863 Y124.401 E225.8545
G1 X119.917 Y124.089 E225.89289
G1 X120.756 Y123.717 E225.92494
G1 X121.144 Y123.499 E225.94049
G1 X121.872 Y122.992 E225.97147
G1 X122.206 Y122.707 E225.9868
G1 X122.847 Y122.044 E226.01901
G1 X123.379 Y121.33 E226.0501
G1 X123.824 Y120.542 E226.08171
G1 X124.159 Y119.715 E226.11287
G1 X124.388 Y118.84 E226.14446
G1 X124.507 Y117.924 E226.17671
G1 X124.52 Y117.517 E226.19093
G1 X124.459 Y116.598 E226.2231
G1 X124.289 Y115.723 E226.25423
G1 X124.007 Y114.869 E226.28564
G1 X123.61 Y114.046 E226.31755
G1 X123.129 Y113.308 E226.34831
G1 X122.537 Y112.614 E226.38017
G1 X121.868 Y112.006 E226.41174
G1 X121.523 Y111.748 E226.42678
G1 X120.75 Y111.28 E226.45834
G1 X119.917 Y110.911 E226.49016
G1 X118.864 Y110.598 E226.52852
G1 X118.675 Y110.576 E226.53517
G1 X118.675 Y113.95 E226.653
G1 X119.251 Y114.181 E226.67467
G1 X119.915 Y114.632 E226.7027
G1 X120.445 Y115.176 E226.72923
G1 X120.853 Y115.824 E226.75597
G1 X121.128 Y116.546 E226.78295
G1 X121.243 Y117.293 E226.80935
G1 X121.206 Y118.066 E226.83637
G1 X121.002 Y118.841 E226.86436
G1 X120.66 Y119.521 E226.89094
G1 X120.179 Y120.123 E226.91785
G1 X119.595 Y120.609 E226.94439
G1 X118.958 Y120.95 E226.96962
G1 X118.675 Y121.045 E226.98005
G1 X118.674 Y124.423 E227.09802
M204 S1000
G0 F9000 X118.254 Y124.895
M204 S2000
;TYPE:WALL-OUTER
G1 F2247.6 X118.948 Y124.814 E227.12242
G1 X120.063 Y124.484 E227.16303
G1 X120.944 Y124.093 E227.19669
G1 X121.368 Y123.855 E227.21367
G1 X122.129 Y123.325 E227.24606
G1 X122.494 Y123.013 E227.26282
G1 X123.168 Y122.316 E227.29669
G1 X123.732 Y121.56 E227.32962
G1 X124.203 Y120.725 E227.3631
G1 X124.559 Y119.847 E227.39619
G1 X124.801 Y118.92 E227.42965
G1 X124.926 Y117.958 E227.46353
G1 X124.94 Y117.51 E227.47918
G1 X124.876 Y116.544 E227.51299
G1 X124.697 Y115.617 E227.54596
G1 X124.397 Y114.711 E227.57929
G1 X123.976 Y113.84 E227.61308
G1 X123.467 Y113.056 E227.64572
G1 X122.839 Y112.321 E227.67948
G1 X122.136 Y111.682 E227.71266
G1 X121.758 Y111.399 E227.72915
G1 X120.945 Y110.907 E227.76234
G1 X120.063 Y110.516 E227.79603
G1 X118.948 Y110.184 E227.83666
G1 X118.255 Y110.105 E227.86102
G1 X118.255 Y114.263 E228.00623
G1 X118.441 Y114.308 E228.01291
G1 X119.069 Y114.566 E228.03662
G1 X119.632 Y114.944 E228.06031
G1 X120.102 Y115.426 E228.08382
G1 X120.474 Y116.007 E228.10791
G1 X120.714 Y116.639 E228.13152
G1 X120.823 Y117.321 E228.15564
G1 X120.789 Y118.012 E228.1798
G1 X120.612 Y118.683 E228.20404
G1 X120.312 Y119.28 E228.22737
G1 X119.877 Y119.831 E228.25189
G1 X119.355 Y120.264 E228.27557
G1 X118.762 Y120.578 E228.299
G1 X118.255 Y120.729 E228.31748
G1 X118.254 Y124.895 E228.46297
M204 S1000
G0 F9000 X118.452 Y124.872
G0 X119.058 Y123.719
G1 F1500 E227.46297
;MESH:NONMESH
G0 F600 X119.058 Y123.719 Z5.6
G0 F9000 X119.472 Y120.451
G0 X118.861 Y119.537
G0 X117.492 Y115.032
;TIME_ELAPSED:245.952678
;LAYER:27
;TYPE:SUPPORT
G1 F1500 E228.46297
G1 F2237.4 X117.617 Y115.09 E228.46754
G1 X117.532 Y114.982 E228.4721
G1 X117.297 Y115.272 E228.48448
G1 X116.964 Y115.339 E228.49575
G1 X116.394 Y115.553 E228.51595
G1 X115.989 Y115.876 E228.53314
G1 X119.705 Y117.608 E228.66916
G1 X119.693 Y117.854 E228.67733
G1 X119.579 Y118.283 E228.69206
G1 X119.372 Y118.694 E228.70733
G1 X119.195 Y118.915 E228.71672
G1 X115.322 Y117.109 E228.8585
G1 X115.276 Y117.402 E228.86834
G1 X115.353 Y118.075 E228.89081
G1 X115.521 Y118.509 E228.90625
G1 X115.782 Y118.91 E228.92212
G1 X116.022 Y119.147 E228.93332
G1 X116.477 Y119.477 E228.95196
G1 X116.962 Y119.658 E228.96914
G1 X117.299 Y119.729 E228.98056
G1 X117.524 Y120.006 E228.9924
G1 X117.705 Y119.765 E229.0024
G1 X115.742 Y118.85 E229.07426
G1 F1500 E228.07426
;MESH:Encoder_Knob.stl
G0 F9000 X114.073 Y116.575
G0 X114.641 Y114.471
;TYPE:FILL
G1 F1500 E229.07426
G1 F2237.4 X113.85 Y114.062 E229.10536
G1 X112.585 Y113.802 E229.15046
G1 X112.061 Y113.812 E229.16876
G0 F9000 X110.794 Y117.501
G0 X110.515 Y117.518
M204 S2000
;TYPE:WALL-INNER
G1 F2237.4 X110.529 Y117.922 E229.18288
G1 X110.646 Y118.833 E229.21495
G1 X110.877 Y119.715 E229.24679
G1 X111.017 Y120.096 E229.26097
G1 X111.422 Y120.936 E229.29354
G1 X111.905 Y121.681 E229.32454
G1 X112.166 Y122.007 E229.33913
G1 X112.811 Y122.675 E229.37156
G1 X113.515 Y123.235 E229.40297
G1 X113.873 Y123.466 E229.41785
G1 X114.669 Y123.883 E229.44923
G1 X115.514 Y124.194 E229.48068
G1 X116.414 Y124.398 E229.51291
G1 X116.414 Y121.077 E229.62889
G1 X115.84 Y120.863 E229.65028
G1 X115.427 Y120.62 E229.66702
G1 X114.854 Y120.155 E229.69279
G1 X114.608 Y119.885 E229.70554
G1 X114.159 Y119.2 E229.73415
G1 X113.88 Y118.472 E229.76137
G1 X113.757 Y117.7 E229.78867
G1 X113.758 Y117.296 E229.80278
G1 X113.885 Y116.508 E229.83066
G1 X114.177 Y115.765 E229.85854
G1 X114.607 Y115.117 E229.8857
G1 X114.851 Y114.848 E229.89838
G1 X115.431 Y114.377 E229.92447
G1 X115.835 Y114.139 E229.94085
G1 X116.414 Y113.923 E229.96243
G1 X116.414 Y110.601 E230.07845
G1 X116.145 Y110.63 E230.08789
G1 X115.095 Y110.944 E230.12617
G1 X114.269 Y111.309 E230.15771
G1 X113.504 Y111.773 E230.18895
G1 X112.793 Y112.34 E230.22071
G1 X112.502 Y112.623 E230.23489
G1 X111.887 Y113.343 E230.26796
G1 X111.661 Y113.668 E230.28178
G1 X111.208 Y114.473 E230.31404
G1 X110.866 Y115.315 E230.34578
G1 X110.75 Y115.705 E230.35999
G1 X110.574 Y116.604 E230.39198
G1 X110.515 Y117.518 E230.42397
M204 S1000
G0 F9000 X110.095 Y117.511
M204 S2000
;TYPE:WALL-OUTER
G1 F2237.4 X110.109 Y117.956 E230.43951
G1 X110.233 Y118.913 E230.47321
G1 X110.476 Y119.841 E230.50672
G1 X110.629 Y120.26 E230.52229
G1 X111.055 Y121.142 E230.5565
G1 X111.564 Y121.927 E230.58917
G1 X111.85 Y122.285 E230.60518
G1 X112.528 Y122.987 E230.63926
G1 X113.269 Y123.577 E230.67234
G1 X113.661 Y123.83 E230.68863
G1 X114.499 Y124.268 E230.72165
G1 X115.394 Y124.598 E230.75497
G1 X116.324 Y124.81 E230.78828
G1 X116.834 Y124.868 E230.8062
G1 X116.834 Y120.756 E230.94981
G1 X116.651 Y120.717 E230.95634
G1 X116.003 Y120.472 E230.98054
G1 X115.689 Y120.292 E230.99318
G1 X115.151 Y119.858 E231.01732
G1 X114.922 Y119.605 E231.02923
G1 X114.537 Y119.018 E231.05375
G1 X114.286 Y118.366 E231.07815
G1 X114.178 Y117.691 E231.10202
G1 X114.177 Y117.323 E231.11487
G1 X114.283 Y116.647 E231.13877
G1 X114.534 Y115.99 E231.16333
G1 X114.931 Y115.384 E231.18863
G1 X115.175 Y115.119 E231.20121
G1 X115.691 Y114.707 E231.22427
G1 X116.033 Y114.514 E231.23799
G1 X116.683 Y114.274 E231.26218
G1 X116.834 Y114.244 E231.26756
G1 X116.834 Y110.133 E231.41113
G1 X116.061 Y110.217 E231.43828
G1 X114.949 Y110.549 E231.47881
G1 X114.075 Y110.936 E231.51219
G1 X113.263 Y111.428 E231.54535
G1 X112.515 Y112.024 E231.57875
G1 X112.195 Y112.335 E231.59434
G1 X111.554 Y113.086 E231.62882
G1 X111.305 Y113.444 E231.64405
G1 X110.829 Y114.291 E231.67798
G1 X110.469 Y115.176 E231.71134
G1 X110.342 Y115.605 E231.72697
G1 X110.156 Y116.55 E231.7606
G1 X110.095 Y117.511 E231.79423
M204 S1000
G0 F9000 X110.101 Y117.711
G0 X111.122 Y117.679
G1 F1500 E230.79423
G0 F9000 X114.343 Y119.123
G0 X115.321 Y118.619
G0 X119.567 Y118.815
G0 X120.49 Y119.41
G0 X121.412 Y118.926
;TYPE:FILL
G1 F1500 E231.79423
G1 F2237.4 X122.705 Y118.957 E231.8394
G1 X123.938 Y118.704 E231.88336
G0 F9000 X118.913 Y124.102
G0 X118.674 Y124.388
M204 S2000
;TYPE:WALL-INNER
G1 F2237.4 X118.862 Y124.366 E231.88997
G1 X119.905 Y124.056 E231.92797
G1 X120.731 Y123.691 E231.95951
G1 X121.496 Y123.227 E231.99075
G1 X122.207 Y122.66 E232.02251
G1 X122.502 Y122.374 E232.03686
G1 X123.113 Y121.657 E232.06976
G1 X123.339 Y121.332 E232.08358
G1 X123.793 Y120.526 E232.11589
G1 X124.134 Y119.685 E232.14758
G1 X124.252 Y119.287 E232.16208
G1 X124.426 Y118.395 E232.19382
G1 X124.485 Y117.482 E232.22577
G1 X124.472 Y117.078 E232.23989
G1 X124.354 Y116.167 E232.27197
G1 X124.068 Y115.081 E232.31119
G1 X123.578 Y114.064 E232.35061
G1 X123.094 Y113.319 E232.38164
G1 X122.835 Y112.993 E232.39618
G1 X122.189 Y112.326 E232.42861
G1 X121.496 Y111.774 E232.45955
G1 X120.731 Y111.309 E232.49081
G1 X119.905 Y110.944 E232.52235
G1 X118.861 Y110.634 E232.56038
G1 X118.675 Y110.612 E232.56692
G1 X118.675 Y113.95 E232.6835
G1 X119.249 Y114.181 E232.70511
G1 X119.883 Y114.606 E232.73176
G1 X120.436 Y115.165 E232.75922
G1 X120.853 Y115.824 E232.78646
G1 X121.125 Y116.545 E232.81337
G1 X121.244 Y117.315 E232.84058
G1 X121.208 Y118.074 E232.86711
G1 X121.001 Y118.841 E232.89486
G1 X120.678 Y119.486 E232.92005
G1 X120.164 Y120.138 E232.94905
G1 X119.591 Y120.616 E232.97511
G1 X118.958 Y120.95 E233.0001
G1 X118.675 Y121.045 E233.01053
G1 X118.674 Y124.388 E233.12727
M204 S1000
G0 F9000 X118.254 Y124.86
M204 S2000
;TYPE:WALL-OUTER
G1 F2237.4 X118.947 Y124.779 E233.15164
G1 X120.051 Y124.451 E233.19186
G1 X120.925 Y124.064 E233.22524
G1 X121.737 Y123.572 E233.2584
G1 X122.485 Y122.976 E233.2918
G1 X122.809 Y122.662 E233.30756
G1 X123.446 Y121.914 E233.34187
G1 X123.695 Y121.556 E233.3571
G1 X124.172 Y120.708 E233.39108
G1 X124.531 Y119.824 E233.4244
G1 X124.66 Y119.387 E233.44031
G1 X124.844 Y118.449 E233.47369
G1 X124.905 Y117.489 E233.50729
G1 X124.891 Y117.044 E233.52283
G1 X124.767 Y116.087 E233.55653
G1 X124.524 Y115.159 E233.59004
G1 X124.371 Y114.74 E233.60561
G1 X123.945 Y113.858 E233.63982
G1 X123.436 Y113.073 E233.67249
G1 X123.151 Y112.715 E233.68847
G1 X122.472 Y112.014 E233.72256
G1 X121.737 Y111.428 E233.75538
G1 X120.925 Y110.936 E233.78854
G1 X120.051 Y110.549 E233.82192
G1 X118.946 Y110.22 E233.86219
G1 X118.255 Y110.14 E233.88648
G1 X118.255 Y114.263 E234.03047
G1 X118.441 Y114.308 E234.03715
G1 X119.069 Y114.566 E234.06086
G1 X119.621 Y114.935 E234.08405
G1 X120.099 Y115.422 E234.10788
G1 X120.474 Y116.007 E234.13215
G1 X120.718 Y116.652 E234.15623
G1 X120.824 Y117.329 E234.18016
G1 X120.79 Y118.004 E234.20377
G1 X120.611 Y118.683 E234.22829
G1 X120.312 Y119.28 E234.25161
G1 X119.872 Y119.836 E234.27637
G1 X119.366 Y120.256 E234.29933
G1 X118.762 Y120.578 E234.32324
G1 X118.255 Y120.729 E234.34171
G1 X118.254 Y124.86 E234.48598
M204 S1000
G0 F9000 X118.452 Y124.837
G0 X119.058 Y123.683
G1 F1500 E233.48598
;MESH:NONMESH
G0 F600 X119.058 Y123.683 Z5.8
G0 F9000 X119.472 Y120.451
G0 X118.861 Y119.537
G0 X117.492 Y115.032
;TIME_ELAPSED:253.073829
;LAYER:28
;TYPE:SUPPORT
G1 F1500 E234.48598
G1 F2275.7 X117.617 Y115.09 E234.49055
G1 X117.532 Y114.982 E234.49511
G1 X117.297 Y115.272 E234.5075
G1 X116.964 Y115.339 E234.51876
G1 X116.394 Y115.553 E234.53896
G1 X115.989 Y115.876 E234.55615
G1 X119.705 Y117.608 E234.69217
G1 X119.693 Y117.854 E234.70034
G1 X119.579 Y118.283 E234.71507
G1 X119.372 Y118.694 E234.73034
G1 X119.195 Y118.915 E234.73973
G1 X115.322 Y117.109 E234.88151
G1 X115.276 Y117.402 E234.89135
G1 X115.353 Y118.075 E234.91382
G1 X115.521 Y118.509 E234.92926
G1 X115.782 Y118.91 E234.94514
G1 X116.022 Y119.147 E234.95633
G1 X116.477 Y119.477 E234.97497
G1 X116.962 Y119.658 E234.99215
G1 X117.299 Y119.729 E235.00357
G1 X117.524 Y120.006 E235.01541
G1 X117.705 Y119.765 E235.02541
G1 X115.742 Y118.85 E235.09727
G1 F1500 E234.09727
;MESH:Encoder_Knob.stl
G0 F9000 X114.073 Y116.575
G0 X114.777 Y114.362
;TYPE:FILL
G1 F1500 E235.09727
G1 F2275.7 X113.85 Y113.924 E235.13307
G1 X112.585 Y113.725 E235.17779
G1 X112.148 Y113.753 E235.19309
G0 F9000 X110.83 Y117.5
G0 X110.552 Y117.499
M204 S2000
;TYPE:WALL-INNER
G1 F2275.7 X110.611 Y118.403 E235.22472
G1 X110.676 Y118.808 E235.23905
G1 X110.908 Y119.692 E235.27097
G1 X111.239 Y120.511 E235.30182
G1 X111.682 Y121.3 E235.33342
G1 X112.099 Y121.888 E235.35859
G1 X112.835 Y122.649 E235.39556
G1 X113.524 Y123.197 E235.42631
G1 X114.285 Y123.66 E235.45742
G1 X115.107 Y124.023 E235.4888
G1 X115.517 Y124.159 E235.50389
G1 X116.414 Y124.362 E235.536
G1 X116.414 Y121.077 E235.65073
G1 X115.835 Y120.861 E235.67231
G1 X115.427 Y120.62 E235.68886
G1 X114.854 Y120.155 E235.71463
G1 X114.592 Y119.866 E235.72825
G1 X114.177 Y119.235 E235.75463
G1 X113.88 Y118.473 E235.78319
G1 X113.758 Y117.705 E235.81034
G1 X113.758 Y117.296 E235.82463
G1 X113.878 Y116.535 E235.85153
G1 X114.177 Y115.764 E235.88041
G1 X114.56 Y115.179 E235.90483
G1 X114.854 Y114.846 E235.92034
G1 X115.431 Y114.377 E235.94631
G1 X115.835 Y114.139 E235.96269
G1 X116.414 Y113.923 E235.98427
G1 X116.414 Y110.637 E236.09903
G1 X116.154 Y110.666 E236.10816
G1 X115.108 Y110.977 E236.14627
G1 X114.285 Y111.34 E236.17769
G1 X113.524 Y111.803 E236.2088
G1 X112.835 Y112.351 E236.23954
G1 X112.201 Y113.006 E236.27138
G1 X111.754 Y113.575 E236.29665
G1 X111.235 Y114.495 E236.33353
G1 X111.065 Y114.88 E236.34823
G1 X110.779 Y115.743 E236.37998
G1 X110.609 Y116.608 E236.41077
G1 X110.552 Y117.499 E236.44195
M204 S1000
G0 F9000 X110.131 Y117.499
M204 S2000
;TYPE:WALL-OUTER
G1 F2275.7 X110.193 Y118.45 E236.47523
G1 X110.264 Y118.894 E236.49093
G1 X110.508 Y119.825 E236.52455
G1 X110.86 Y120.693 E236.55726
G1 X111.326 Y121.525 E236.59056
G1 X111.775 Y122.157 E236.61763
G1 X112.552 Y122.961 E236.65668
G1 X113.283 Y123.543 E236.68931
G1 X114.091 Y124.033 E236.72232
G1 X114.956 Y124.415 E236.75534
G1 X115.404 Y124.564 E236.77183
G1 X116.33 Y124.775 E236.80499
G1 X116.834 Y124.832 E236.82271
G1 X116.834 Y120.756 E236.96505
G1 X116.651 Y120.717 E236.97159
G1 X116.003 Y120.472 E236.99578
G1 X115.689 Y120.292 E237.00842
G1 X115.151 Y119.858 E237.03256
G1 X114.915 Y119.596 E237.04488
G1 X114.543 Y119.029 E237.06856
G1 X114.286 Y118.366 E237.09339
G1 X114.177 Y117.677 E237.11775
G1 X114.177 Y117.323 E237.13012
G1 X114.29 Y116.621 E237.15495
G1 X114.543 Y115.97 E237.17934
G1 X114.931 Y115.384 E237.20388
G1 X115.175 Y115.119 E237.21646
G1 X115.691 Y114.707 E237.23952
G1 X116.033 Y114.514 E237.25324
G1 X116.683 Y114.274 E237.27744
G1 X116.834 Y114.244 E237.28281
G1 X116.834 Y110.169 E237.42512
G1 X116.071 Y110.252 E237.45193
G1 X114.962 Y110.582 E237.49234
G1 X114.091 Y110.967 E237.52559
G1 X113.283 Y111.457 E237.55859
G1 X112.552 Y112.039 E237.59123
G1 X111.884 Y112.73 E237.62479
G1 X111.404 Y113.341 E237.65193
G1 X110.859 Y114.307 E237.69066
G1 X110.673 Y114.729 E237.70677
G1 X110.372 Y115.636 E237.74014
G1 X110.191 Y116.554 E237.77282
G1 X110.131 Y117.499 E237.80589
M204 S1000
G0 F9000 X110.144 Y117.698
G0 X111.16 Y117.633
G1 F1500 E236.80589
G0 F9000 X114.343 Y119.123
G0 X115.321 Y118.619
G0 X119.567 Y118.815
G0 X120.49 Y119.41
G0 X121.412 Y118.945
;TYPE:FILL
G1 F1500 E237.80589
G1 F2275.7 X122.705 Y119.034 E237.85115
G1 X123.873 Y118.85 E237.89244
G0 F9000 X118.913 Y124.063
G0 X118.675 Y124.352
M204 S2000
;TYPE:WALL-INNER
G1 F2275.7 X118.85 Y124.331 E237.8986
G1 X119.893 Y124.023 E237.93658
G1 X120.715 Y123.66 E237.96796
G1 X121.476 Y123.198 E237.99905
G1 X122.165 Y122.649 E238.02982
G1 X122.799 Y121.994 E238.06165
G1 X123.246 Y121.425 E238.08692
G1 X123.764 Y120.505 E238.12379
G1 X123.935 Y120.119 E238.13854
G1 X124.221 Y119.257 E238.17025
G1 X124.391 Y118.392 E238.20104
G1 X124.448 Y117.501 E238.23222
G1 X124.389 Y116.593 E238.264
G1 X124.324 Y116.193 E238.27815
G1 X124.092 Y115.308 E238.3101
G1 X123.761 Y114.489 E238.34095
G1 X123.318 Y113.7 E238.37255
G1 X122.901 Y113.112 E238.39773
G1 X122.165 Y112.351 E238.4347
G1 X121.476 Y111.802 E238.46547
G1 X120.715 Y111.34 E238.49656
G1 X119.893 Y110.978 E238.52792
G1 X119.481 Y110.842 E238.54308
G1 X118.676 Y110.656 E238.57193
G1 X118.675 Y113.95 E238.68697
G1 X119.249 Y114.181 E238.70857
G1 X119.884 Y114.606 E238.73526
G1 X120.457 Y115.197 E238.76401
G1 X120.853 Y115.818 E238.78973
G1 X121.124 Y116.545 E238.81682
G1 X121.242 Y117.294 E238.8433
G1 X121.2 Y118.106 E238.8717
G1 X121.006 Y118.835 E238.89804
G1 X120.662 Y119.518 E238.92475
G1 X120.179 Y120.123 E238.95179
G1 X119.592 Y120.615 E238.97854
G1 X118.958 Y120.95 E239.00358
G1 X118.675 Y121.045 E239.014
G1 X118.675 Y124.352 E239.12949
M204 S1000
G0 F9000 X118.913 Y124.063
G0 X121.194 Y118.897
G0 X121.444 Y117.297
G0 X118.52 Y110.473
G0 X118.255 Y110.175
M204 S2000
;TYPE:WALL-OUTER
G1 F2275.7 X118.255 Y114.263 E239.27226
G1 X118.441 Y114.308 E239.27894
G1 X119.069 Y114.566 E239.30265
G1 X119.622 Y114.935 E239.32587
G1 X120.12 Y115.45 E239.35089
G1 X120.468 Y115.996 E239.3735
G1 X120.718 Y116.652 E239.39802
G1 X120.823 Y117.322 E239.4217
G1 X120.79 Y118.004 E239.44555
G1 X120.616 Y118.67 E239.46959
G1 X120.312 Y119.28 E239.49339
G1 X119.877 Y119.831 E239.51791
G1 X119.344 Y120.271 E239.54204
G1 X118.762 Y120.578 E239.56502
G1 X118.255 Y120.729 E239.5835
G1 X118.255 Y124.824 E239.72651
G1 X118.934 Y124.745 E239.75038
G1 X120.038 Y124.418 E239.79059
G1 X120.909 Y124.033 E239.82385
G1 X121.717 Y123.543 E239.85685
G1 X122.448 Y122.961 E239.88948
G1 X123.116 Y122.27 E239.92305
G1 X123.596 Y121.659 E239.95018
G1 X124.14 Y120.693 E239.9889
G1 X124.327 Y120.271 E240.00502
G1 X124.628 Y119.364 E240.03839
G1 X124.809 Y118.446 E240.07107
G1 X124.869 Y117.501 E240.10414
G1 X124.807 Y116.546 E240.13756
G1 X124.736 Y116.106 E240.15312
G1 X124.492 Y115.175 E240.18674
G1 X124.14 Y114.307 E240.21945
G1 X123.674 Y113.475 E240.25275
G1 X123.225 Y112.843 E240.27982
G1 X122.448 Y112.039 E240.31887
G1 X121.717 Y111.457 E240.3515
G1 X120.909 Y110.967 E240.3845
G1 X120.044 Y110.585 E240.41753
G1 X119.594 Y110.436 E240.43408
G1 X118.674 Y110.224 E240.46705
G1 X118.255 Y110.175 E240.48179
M204 S1000
G0 F9000 X118.255 Y110.375
G0 X119.274 Y111.207
G1 F1500 E239.48179
;MESH:NONMESH
G0 F600 X119.274 Y111.207 Z6
G0 F9000 X118.469 Y114.093
G0 X117.492 Y115.032
;TIME_ELAPSED:260.313210
;LAYER:29
;TYPE:SUPPORT
G1 F1500 E240.48179
G1 F2202.6 X117.617 Y115.09 E240.48636
G1 X117.532 Y114.982 E240.49092
G1 X117.297 Y115.272 E240.5033
G1 X116.964 Y115.339 E240.51457
G1 X116.394 Y115.553 E240.53477
G1 X115.989 Y115.876 E240.55196
G1 X119.705 Y117.608 E240.68798
G1 X119.693 Y117.854 E240.69615
G1 X119.579 Y118.283 E240.71087
G1 X119.372 Y118.694 E240.72614
G1 X119.195 Y118.915 E240.73554
G1 X115.322 Y117.109 E240.87731
G1 X115.276 Y117.402 E240.88715
G1 X115.353 Y118.075 E240.90963
G1 X115.521 Y118.509 E240.92507
G1 X115.782 Y118.91 E240.94094
G1 X116.022 Y119.147 E240.95213
G1 X116.477 Y119.477 E240.97078
G1 X116.962 Y119.658 E240.98795
G1 X117.299 Y119.729 E240.99938
G1 X117.524 Y120.006 E241.01122
G1 X117.705 Y119.765 E241.02122
G1 X115.742 Y118.85 E241.09307
G1 F1500 E240.09307
;MESH:Encoder_Knob.stl
G0 F9000 X115.615 Y115.932
G0 X114.747 Y115.262
G0 X114.935 Y114.239
;TYPE:FILL
G1 F1500 E241.09307
G1 F2202.6 X113.85 Y113.778 E241.13424
G1 X112.585 Y113.641 E241.17868
G1 X112.256 Y113.677 E241.19024
G0 F9000 X110.865 Y117.501
G0 X110.586 Y117.518
M204 S2000
;TYPE:WALL-INNER
G1 F2202.6 X110.599 Y117.917 E241.20418
G1 X110.715 Y118.82 E241.23597
G1 X110.941 Y119.682 E241.2671
G1 X111.271 Y120.496 E241.29777
G1 X111.71 Y121.273 E241.32894
G1 X112.233 Y121.976 E241.35954
G1 X112.864 Y122.628 E241.39122
G1 X113.194 Y122.909 E241.40636
G1 X113.915 Y123.412 E241.43706
G1 X114.694 Y123.817 E241.46773
G1 X115.534 Y124.126 E241.49898
G1 X116.414 Y124.326 E241.5305
G1 X116.414 Y121.077 E241.64396
G1 X115.84 Y120.863 E241.66536
G1 X115.427 Y120.62 E241.68209
G1 X114.854 Y120.155 E241.70786
G1 X114.56 Y119.821 E241.7234
G1 X114.16 Y119.208 E241.74897
G1 X113.88 Y118.472 E241.77647
G1 X113.757 Y117.7 E241.80377
G1 X113.758 Y117.296 E241.81788
G1 X113.88 Y116.528 E241.84503
G1 X114.161 Y115.787 E241.87271
G1 X114.591 Y115.136 E241.89996
G1 X114.854 Y114.845 E241.91365
G1 X115.432 Y114.376 E241.93965
G1 X115.835 Y114.139 E241.95598
G1 X116.414 Y113.923 E241.97756
G1 X116.414 Y110.673 E242.09106
G1 X116.157 Y110.701 E242.10009
G1 X115.12 Y111.009 E242.13787
G1 X114.295 Y111.376 E242.1694
G1 X113.549 Y111.828 E242.19986
G1 X112.854 Y112.381 E242.23088
G1 X112.227 Y113.027 E242.26232
G1 X111.94 Y113.392 E242.27853
G1 X111.35 Y114.307 E242.31656
G1 X110.941 Y115.318 E242.35464
G1 X110.659 Y116.398 E242.39362
G1 X110.586 Y117.518 E242.43282
M204 S1000
G0 F9000 X110.166 Y117.511
M204 S2000
;TYPE:WALL-OUTER
G1 F2202.6 X110.18 Y117.951 E242.44819
G1 X110.302 Y118.9 E242.48161
G1 X110.541 Y119.814 E242.5146
G1 X110.892 Y120.679 E242.5472
G1 X111.357 Y121.503 E242.58025
G1 X111.912 Y122.248 E242.61269
G1 X112.576 Y122.935 E242.64606
G1 X112.937 Y123.242 E242.66261
G1 X113.697 Y123.772 E242.69496
G1 X114.524 Y124.202 E242.72752
G1 X115.414 Y124.53 E242.76064
G1 X116.336 Y124.74 E242.79367
G1 X116.834 Y124.796 E242.81117
G1 X116.834 Y120.756 E242.95226
G1 X116.651 Y120.717 E242.95879
G1 X116.003 Y120.472 E242.98298
G1 X115.7 Y120.3 E242.99515
G1 X115.151 Y119.858 E243.01977
G1 X114.911 Y119.59 E243.03233
G1 X114.544 Y119.03 E243.05571
G1 X114.286 Y118.366 E243.08059
G1 X114.178 Y117.69 E243.1045
G1 X114.177 Y117.323 E243.11732
G1 X114.286 Y116.634 E243.14168
G1 X114.536 Y115.986 E243.16593
G1 X114.931 Y115.384 E243.19108
G1 X115.156 Y115.137 E243.20275
G1 X115.691 Y114.707 E243.22672
G1 X116.033 Y114.514 E243.24043
G1 X116.683 Y114.274 E243.26463
G1 X116.834 Y114.244 E243.27001
G1 X116.834 Y110.204 E243.4111
G1 X116.073 Y110.287 E243.43783
G1 X114.974 Y110.615 E243.47788
G1 X114.101 Y111.003 E243.51125
G1 X113.309 Y111.482 E243.54357
G1 X112.571 Y112.069 E243.5765
G1 X111.911 Y112.75 E243.60962
G1 X111.598 Y113.148 E243.6273
G1 X111.105 Y113.912 E243.65906
G1 X110.896 Y114.308 E243.6747
G1 X110.541 Y115.186 E243.70777
G1 X110.297 Y116.118 E243.74142
G1 X110.228 Y116.545 E243.75652
G1 X110.166 Y117.511 E243.79033
M204 S1000
G0 F9000 X110.172 Y117.711
G0 X111.193 Y117.679
G1 F1500 E242.79033
G0 F9000 X114.343 Y119.123
G0 X115.321 Y118.619
G0 X119.567 Y118.815
G0 X120.49 Y119.41
G0 X121.401 Y118.967
;TYPE:FILL
G1 F1500 E243.79033
G1 F2202.6 X121.44 Y118.979 E243.79175
G1 X122.705 Y119.118 E243.83619
G1 X123.804 Y118.999 E243.8748
G0 F9000 X118.913 Y124.027
G0 X118.675 Y124.316
M204 S2000
;TYPE:WALL-INNER
G1 F2202.6 X118.849 Y124.295 E243.88092
G1 X119.88 Y123.99 E243.91847
G1 X120.704 Y123.624 E243.94996
G1 X121.451 Y123.172 E243.98045
G1 X122.147 Y122.619 E244.01149
G1 X122.772 Y121.973 E244.04288
G1 X123.06 Y121.608 E244.05912
G1 X123.648 Y120.697 E244.09699
G1 X124.059 Y119.682 E244.13523
G1 X124.339 Y118.613 E244.17382
G1 X124.414 Y117.482 E244.21341
G1 X124.401 Y117.083 E244.22735
G1 X124.285 Y116.18 E244.25914
G1 X124.059 Y115.318 E244.29026
G1 X123.729 Y114.504 E244.32094
G1 X123.29 Y113.727 E244.35211
G1 X122.767 Y113.024 E244.38271
G1 X122.141 Y112.377 E244.41415
G1 X121.451 Y111.828 E244.44494
G1 X120.704 Y111.376 E244.47543
G1 X119.881 Y111.01 E244.50689
G1 X118.851 Y110.704 E244.54441
G1 X118.675 Y110.683 E244.5506
G1 X118.675 Y113.95 E244.6647
G1 X119.249 Y114.181 E244.6863
G1 X119.883 Y114.606 E244.71296
G1 X120.448 Y115.186 E244.74124
G1 X120.853 Y115.817 E244.76742
G1 X121.125 Y116.546 E244.7946
G1 X121.243 Y117.315 E244.82177
G1 X121.204 Y118.083 E244.84862
G1 X121.002 Y118.84 E244.87598
G1 X120.658 Y119.518 E244.90253
G1 X120.179 Y120.124 E244.92951
G1 X119.594 Y120.614 E244.95616
G1 X118.958 Y120.95 E244.98128
G1 X118.675 Y121.045 E244.99171
G1 X118.675 Y124.316 E245.10594
M204 S1000
G0 F9000 X118.255 Y124.788
M204 S2000
;TYPE:WALL-OUTER
G1 F2202.6 X118.933 Y124.709 E245.12978
G1 X120.026 Y124.385 E245.16959
G1 X120.899 Y123.997 E245.20295
G1 X121.691 Y123.518 E245.23528
G1 X122.429 Y122.931 E245.26821
G1 X123.089 Y122.25 E245.30133
G1 X123.402 Y121.852 E245.31901
G1 X123.895 Y121.089 E245.35074
G1 X124.105 Y120.689 E245.36651
G1 X124.459 Y119.814 E245.39948
G1 X124.703 Y118.882 E245.43312
G1 X124.771 Y118.447 E245.4485
G1 X124.834 Y117.489 E245.48203
G1 X124.82 Y117.049 E245.4974
G1 X124.698 Y116.1 E245.53082
G1 X124.459 Y115.186 E245.56381
G1 X124.108 Y114.321 E245.59641
G1 X123.643 Y113.497 E245.62945
G1 X123.088 Y112.752 E245.6619
G1 X122.424 Y112.065 E245.69526
G1 X121.691 Y111.482 E245.72797
G1 X120.899 Y111.003 E245.7603
G1 X120.027 Y110.615 E245.79363
G1 X118.936 Y110.29 E245.83338
G1 X118.255 Y110.211 E245.85733
G1 X118.255 Y114.263 E245.99883
G1 X118.441 Y114.308 E246.00552
G1 X119.069 Y114.566 E246.02923
G1 X119.621 Y114.935 E246.05242
G1 X120.096 Y115.419 E246.0761
G1 X120.468 Y115.995 E246.10005
G1 X120.718 Y116.652 E246.1246
G1 X120.822 Y117.309 E246.14783
G1 X120.788 Y118.017 E246.17258
G1 X120.612 Y118.682 E246.1966
G1 X120.293 Y119.307 E246.22111
G1 X119.877 Y119.831 E246.24447
G1 X119.359 Y120.261 E246.26798
G1 X118.762 Y120.578 E246.29159
G1 X118.255 Y120.729 E246.31007
G1 X118.255 Y124.788 E246.45182
M204 S1000
G0 F9000 X118.453 Y124.765
G0 X119.058 Y123.609
G1 F1500 E245.45182
;MESH:NONMESH
G0 F600 X119.058 Y123.609 Z6.2
G0 F9000 X119.472 Y120.451
G0 X118.861 Y119.537
G0 X117.492 Y115.032
;TIME_ELAPSED:267.472462
;LAYER:30
;TYPE:SUPPORT
G1 F1500 E246.45182
G1 F2216 X117.617 Y115.09 E246.45639
G1 X117.532 Y114.982 E246.46095
G1 X117.297 Y115.272 E246.47333
G1 X116.964 Y115.339 E246.4846
G1 X116.394 Y115.553 E246.5048
G1 X115.989 Y115.876 E246.52199
G1 X119.705 Y117.608 E246.65801
G1 X119.693 Y117.854 E246.66618
G1 X119.579 Y118.283 E246.68091
G1 X119.372 Y118.694 E246.69617
G1 X119.195 Y118.915 E246.70557
G1 X115.322 Y117.109 E246.84735
G1 X115.276 Y117.402 E246.85719
G1 X115.353 Y118.075 E246.87966
G1 X115.521 Y118.509 E246.8951
G1 X115.782 Y118.91 E246.91097
G1 X116.022 Y119.147 E246.92216
G1 X116.477 Y119.477 E246.94081
G1 X116.962 Y119.658 E246.95799
G1 X117.299 Y119.729 E246.96941
G1 X117.524 Y120.006 E246.98125
G1 X117.705 Y119.765 E246.99125
G1 X115.742 Y118.85 E247.06311
G1 F1500 E246.06311
;MESH:Encoder_Knob.stl
G0 F9000 X115.766 Y115.768
G0 X115.014 Y114.969
G0 X115.116 Y114.097
;TYPE:FILL
G1 F1500 E247.06311
G1 F2216 X113.85 Y113.622 E247.11033
G1 X112.585 Y113.549 E247.15458
G1 X112.383 Y113.581 E247.16172
G0 F9000 X110.9 Y117.501
G0 X110.621 Y117.516
M204 S2000
;TYPE:WALL-INNER
G1 F2216 X110.636 Y117.948 E247.17682
G1 X110.751 Y118.826 E247.20774
G1 X110.903 Y119.482 E247.23126
G1 X111.132 Y120.101 E247.25431
G1 X111.402 Y120.703 E247.27735
G1 X111.75 Y121.274 E247.3007
G1 X112.286 Y121.985 E247.3318
G1 X113.041 Y122.76 E247.36958
G1 X113.945 Y123.387 E247.408
G1 X114.575 Y123.742 E247.43326
G1 X115.571 Y124.101 E247.47023
G1 X116.414 Y124.29 E247.5004
G1 X116.414 Y121.077 E247.61261
G1 X115.84 Y120.863 E247.63401
G1 X115.427 Y120.62 E247.65074
G1 X114.856 Y120.157 E247.67641
G1 X114.583 Y119.854 E247.69066
G1 X114.172 Y119.226 E247.71687
G1 X113.876 Y118.455 E247.74571
G1 X113.757 Y117.685 E247.77292
G1 X113.758 Y117.295 E247.78654
G1 X113.885 Y116.51 E247.81431
G1 X114.163 Y115.784 E247.84146
G1 X114.58 Y115.151 E247.86793
G1 X114.867 Y114.832 E247.88292
G1 X115.434 Y114.375 E247.90835
G1 X115.835 Y114.139 E247.9246
G1 X116.414 Y113.923 E247.94618
G1 X116.414 Y110.71 E248.05839
G1 X115.747 Y110.839 E248.08212
G1 X114.884 Y111.126 E248.11388
G1 X114.109 Y111.503 E248.14397
G1 X113.552 Y111.868 E248.16723
G1 X112.864 Y112.419 E248.19801
G1 X112.355 Y112.913 E248.22279
G1 X111.722 Y113.768 E248.25994
G1 X111.363 Y114.362 E248.28418
G1 X110.963 Y115.357 E248.32163
G1 X110.844 Y115.762 E248.33637
G1 X110.68 Y116.616 E248.36674
G1 X110.621 Y117.516 E248.39824
M204 S1000
G0 F9000 X110.201 Y117.509
M204 S2000
;TYPE:WALL-OUTER
G1 F2216 X110.217 Y117.982 E248.41476
G1 X110.337 Y118.901 E248.44713
G1 X110.5 Y119.603 E248.4723
G1 X110.743 Y120.26 E248.49676
G1 X111.03 Y120.899 E248.52123
G1 X111.402 Y121.51 E248.54621
G1 X111.966 Y122.259 E248.57895
G1 X112.622 Y122.931 E248.61175
G1 X112.96 Y123.215 E248.62717
G1 X113.722 Y123.743 E248.65954
G1 X114.399 Y124.125 E248.68669
G1 X115.453 Y124.505 E248.72582
G1 X116.371 Y124.711 E248.75867
G1 X116.834 Y124.761 E248.77494
G1 X116.834 Y120.756 E248.91481
G1 X116.651 Y120.717 E248.92134
G1 X116.003 Y120.472 E248.94553
G1 X115.689 Y120.292 E248.95817
G1 X115.151 Y119.858 E248.98231
G1 X114.911 Y119.59 E248.99488
G1 X114.535 Y119.013 E249.01893
G1 X114.291 Y118.381 E249.04259
G1 X114.178 Y117.691 E249.06701
G1 X114.177 Y117.323 E249.07986
G1 X114.286 Y116.634 E249.10422
G1 X114.54 Y115.977 E249.12882
G1 X114.931 Y115.384 E249.15362
G1 X115.175 Y115.119 E249.1662
G1 X115.689 Y114.708 E249.18919
G1 X116.033 Y114.514 E249.20298
G1 X116.683 Y114.274 E249.22718
G1 X116.834 Y114.244 E249.23255
G1 X116.834 Y110.231 E249.3727
G1 X116.296 Y110.302 E249.39165
G1 X115.639 Y110.432 E249.41504
G1 X114.725 Y110.736 E249.44868
G1 X113.901 Y111.137 E249.48068
G1 X113.305 Y111.528 E249.50558
G1 X112.586 Y112.103 E249.53773
G1 X112.037 Y112.636 E249.56445
G1 X111.373 Y113.534 E249.60346
G1 X110.986 Y114.174 E249.62957
G1 X110.565 Y115.219 E249.66892
G1 X110.435 Y115.663 E249.68508
G1 X110.263 Y116.562 E249.71704
G1 X110.201 Y117.509 E249.75018
M204 S1000
G0 F9000 X110.207 Y117.709
G0 X111.228 Y117.674
G1 F1500 E248.75018
G0 F9000 X114.343 Y119.123
G0 X115.321 Y118.619
G0 X119.567 Y118.815
G0 X120.49 Y119.41
G0 X121.393 Y118.995
;TYPE:FILL
G1 F1500 E249.75018
G1 F2216 X121.44 Y119.012 E249.75193
G1 X122.705 Y119.21 E249.79665
G1 X123.746 Y119.15 E249.83306
G0 F9000 X118.913 Y111.009
G0 X118.675 Y110.718
M204 S2000
;TYPE:WALL-INNER
G1 F2216 X118.675 Y113.95 E249.94593
G1 X119.248 Y114.18 E249.9675
G1 X119.896 Y114.612 E249.99469
G1 X120.446 Y115.183 E250.02238
G1 X120.86 Y115.839 E250.04947
G1 X121.129 Y116.562 E250.07641
G1 X121.247 Y117.306 E250.10272
G1 X121.2 Y118.103 E250.1306
G1 X121.002 Y118.839 E250.15722
G1 X120.668 Y119.503 E250.18318
G1 X120.166 Y120.137 E250.21142
G1 X119.581 Y120.619 E250.23789
G1 X118.958 Y120.95 E250.26253
G1 X118.675 Y121.045 E250.27295
G1 X118.675 Y124.277 E250.38582
G1 X119.254 Y124.161 E250.40645
G1 X120.114 Y123.874 E250.43811
G1 X120.891 Y123.497 E250.46827
G1 X121.448 Y123.132 E250.49153
G1 X122.136 Y122.581 E250.52231
G1 X122.646 Y122.086 E250.54713
G1 X123.277 Y121.232 E250.58421
G1 X123.637 Y120.638 E250.60847
G1 X124.037 Y119.643 E250.64592
G1 X124.158 Y119.23 E250.66095
G1 X124.319 Y118.384 E250.69102
G1 X124.379 Y117.484 E250.72252
G1 X124.364 Y117.053 E250.73759
G1 X124.247 Y116.163 E250.76893
G1 X124.097 Y115.518 E250.79206
G1 X123.864 Y114.889 E250.81549
G1 X123.598 Y114.298 E250.83812
G1 X123.249 Y113.726 E250.86152
G1 X122.714 Y113.015 E250.8926
G1 X121.955 Y112.238 E250.93053
G1 X121.055 Y111.613 E250.96879
G1 X120.653 Y111.387 E250.9849
G1 X119.843 Y111.032 E251.01579
G1 X118.838 Y110.738 E251.05235
G1 X118.675 Y110.718 E251.05809
M204 S1000
G0 F9000 X118.255 Y110.246
M204 S2000
;TYPE:WALL-OUTER
G1 F2216 X118.255 Y114.263 E251.19838
G1 X118.441 Y114.308 E251.20506
G1 X119.069 Y114.566 E251.22877
G1 X119.619 Y114.933 E251.25186
G1 X120.11 Y115.436 E251.27641
G1 X120.468 Y115.996 E251.29962
G1 X120.722 Y116.673 E251.32487
G1 X120.822 Y117.308 E251.34732
G1 X120.79 Y118.004 E251.37165
G1 X120.612 Y118.682 E251.39613
G1 X120.298 Y119.302 E251.42041
G1 X119.86 Y119.846 E251.4448
G1 X119.366 Y120.256 E251.46722
G1 X118.762 Y120.578 E251.49112
G1 X118.255 Y120.729 E251.50959
G1 X118.254 Y124.753 E251.65013
G1 X118.702 Y124.7 E251.66588
G1 X119.362 Y124.568 E251.68939
G1 X120.273 Y124.264 E251.72293
G1 X121.099 Y123.863 E251.75499
G1 X121.695 Y123.472 E251.77989
G1 X122.414 Y122.897 E251.81204
G1 X122.963 Y122.364 E251.83876
G1 X123.627 Y121.466 E251.87776
G1 X124.014 Y120.826 E251.90388
G1 X124.435 Y119.781 E251.94323
G1 X124.567 Y119.328 E251.9597
G1 X124.737 Y118.438 E251.99135
G1 X124.799 Y117.491 E252.02449
G1 X124.783 Y117.019 E252.04098
G1 X124.661 Y116.088 E252.07378
G1 X124.5 Y115.397 E252.09855
G1 X124.253 Y114.73 E252.12339
G1 X123.97 Y114.102 E252.14745
G1 X123.597 Y113.49 E252.17248
G1 X123.034 Y112.741 E252.2052
G1 X122.378 Y112.07 E252.23797
G1 X122.04 Y111.785 E252.25341
G1 X121.278 Y111.257 E252.28579
G1 X120.841 Y111.011 E252.3033
G1 X119.987 Y110.636 E252.33588
G1 X118.922 Y110.324 E252.37463
G1 X118.255 Y110.246 E252.39808
M204 S1000
G0 F9000 X118.255 Y110.446
G0 X119.274 Y111.265
G1 F1500 E251.39808
;MESH:NONMESH
G0 F600 X119.274 Y111.265 Z6.4
G0 F9000 X118.469 Y114.093
G0 X117.492 Y115.032
;TIME_ELAPSED:274.509450
;LAYER:31
;TYPE:SUPPORT
G1 F1500 E252.39808
G1 F2182.4 X117.617 Y115.09 E252.40266
G1 X117.532 Y114.982 E252.40722
G1 X117.297 Y115.272 E252.4196
G1 X116.964 Y115.339 E252.43087
G1 X116.394 Y115.553 E252.45107
G1 X115.989 Y115.876 E252.46826
G1 X119.705 Y117.608 E252.60428
G1 X119.693 Y117.854 E252.61245
G1 X119.579 Y118.283 E252.62717
G1 X119.372 Y118.694 E252.64244
G1 X119.195 Y118.915 E252.65183
G1 X115.322 Y117.109 E252.79361
G1 X115.276 Y117.402 E252.80345
G1 X115.353 Y118.075 E252.82593
G1 X115.521 Y118.509 E252.84137
G1 X115.782 Y118.91 E252.85724
G1 X116.022 Y119.147 E252.86843
G1 X116.477 Y119.477 E252.88708
G1 X116.962 Y119.658 E252.90425
G1 X117.299 Y119.729 E252.91568
G1 X117.524 Y120.006 E252.92752
G1 X117.705 Y119.765 E252.93752
G1 X115.742 Y118.85 E253.00937
G1 F1500 E252.00937
;MESH:Encoder_Knob.stl
G0 F9000 X115.766 Y115.768
G0 X115.014 Y114.969
G0 X115.261 Y113.98
;TYPE:FILL
G1 F1500 E253.00937
G1 F2182.4 X115.115 Y113.86 E253.01597
G1 X113.85 Y113.455 E253.06236
G1 X112.585 Y113.449 E253.10654
G1 X112.515 Y113.463 E253.10903
G0 F9000 X110.95 Y117.075
G0 X110.671 Y117.067
M204 S2000
;TYPE:WALL-INNER
G1 F2182.4 X110.671 Y117.933 E253.13927
G1 X110.787 Y118.823 E253.17062
G1 X111.012 Y119.677 E253.20146
G1 X111.34 Y120.481 E253.23179
G1 X111.774 Y121.249 E253.26259
G1 X112.303 Y121.951 E253.29329
G1 X112.913 Y122.58 E253.32389
G1 X113.596 Y123.122 E253.35434
G1 X114.326 Y123.562 E253.38411
G1 X115.144 Y123.924 E253.41535
G1 X115.569 Y124.064 E253.43097
G1 X116.414 Y124.255 E253.46123
G1 X116.414 Y121.077 E253.57221
G1 X115.835 Y120.861 E253.5938
G1 X115.427 Y120.62 E253.61034
G1 X114.854 Y120.155 E253.63612
G1 X114.583 Y119.854 E253.65026
G1 X114.178 Y119.237 E253.67604
G1 X113.88 Y118.474 E253.70464
G1 X113.758 Y117.713 E253.73156
G1 X113.758 Y117.287 E253.74643
G1 X113.88 Y116.529 E253.77325
G1 X114.165 Y115.78 E253.80123
G1 X114.581 Y115.15 E253.8276
G1 X114.853 Y114.846 E253.84185
G1 X115.493 Y114.334 E253.87047
G1 X115.886 Y114.12 E253.8861
G1 X116.414 Y113.923 E253.90578
G1 X116.414 Y110.743 E254.01683
G1 X116.156 Y110.772 E254.0259
G1 X115.144 Y111.075 E254.06279
G1 X114.319 Y111.442 E254.09433
G1 X113.57 Y111.898 E254.12495
G1 X112.884 Y112.449 E254.15568
G1 X112.278 Y113.078 E254.18618
G1 X111.758 Y113.777 E254.21661
G1 X111.329 Y114.544 E254.2473
G1 X111.008 Y115.34 E254.27727
G1 X110.782 Y116.21 E254.30866
G1 X110.671 Y117.067 E254.33884
M204 S1000
G0 F9000 X110.251 Y117.04
M204 S2000
;TYPE:WALL-OUTER
G1 F2182.4 X110.251 Y117.96 E254.37097
G1 X110.374 Y118.904 E254.40422
G1 X110.613 Y119.81 E254.43694
G1 X110.961 Y120.665 E254.46918
G1 X111.422 Y121.48 E254.50188
G1 X111.983 Y122.225 E254.53445
G1 X112.631 Y122.892 E254.56692
G1 X113.356 Y123.468 E254.59926
G1 X114.132 Y123.935 E254.63089
G1 X114.992 Y124.316 E254.66374
G1 X115.456 Y124.47 E254.68081
G1 X116.36 Y124.674 E254.71318
G1 X116.834 Y124.725 E254.72983
G1 X116.834 Y120.756 E254.86844
G1 X116.651 Y120.717 E254.87497
G1 X116.003 Y120.472 E254.89917
G1 X115.689 Y120.292 E254.91181
G1 X115.151 Y119.858 E254.93595
G1 X114.911 Y119.59 E254.94851
G1 X114.544 Y119.03 E254.97189
G1 X114.286 Y118.366 E254.99677
G1 X114.177 Y117.68 E255.02103
G1 X114.179 Y117.304 E255.03416
G1 X114.286 Y116.635 E255.05782
G1 X114.543 Y115.971 E255.08268
G1 X114.918 Y115.4 E255.10654
G1 X115.175 Y115.119 E255.11984
G1 X115.689 Y114.708 E255.14282
G1 X116.033 Y114.514 E255.15662
G1 X116.683 Y114.274 E255.18081
G1 X116.834 Y114.244 E255.18619
G1 X116.834 Y110.274 E255.32484
G1 X116.072 Y110.359 E255.35161
G1 X114.998 Y110.681 E255.39077
G1 X114.124 Y111.069 E255.42416
G1 X113.328 Y111.553 E255.4567
G1 X112.6 Y112.138 E255.48931
G1 X111.957 Y112.806 E255.52169
G1 X111.405 Y113.548 E255.55399
G1 X110.949 Y114.362 E255.58658
G1 X110.608 Y115.208 E255.61843
G1 X110.368 Y116.13 E255.6517
G1 X110.251 Y117.04 E255.68374
M204 S1000
G0 F9000 X110.251 Y117.24
G0 X111.271 Y117.24
G1 F1500 E254.68374
G0 F9000 X114.343 Y119.123
G0 X115.321 Y118.619
G0 X119.567 Y118.815
G0 X120.49 Y119.41
G0 X121.376 Y119.027
;TYPE:FILL
G1 F1500 E255.68374
G1 F2182.4 X121.44 Y119.053 E255.68616
G1 X122.705 Y119.31 E255.73124
G1 X123.651 Y119.306 E255.76427
G0 F9000 X118.913 Y123.956
G0 X118.674 Y124.245
M204 S2000
;TYPE:WALL-INNER
G1 F2182.4 X118.85 Y124.224 E255.77046
G1 X119.857 Y123.924 E255.80716
G1 X120.681 Y123.558 E255.83865
G1 X121.43 Y123.102 E255.86927
G1 X122.115 Y122.552 E255.89995
G1 X122.722 Y121.922 E255.9305
G1 X123.241 Y121.223 E255.96091
G1 X123.671 Y120.456 E255.99162
G1 X123.992 Y119.66 E256.02159
G1 X124.218 Y118.79 E256.05298
G1 X124.329 Y117.933 E256.08316
G1 X124.329 Y117.067 E256.1134
G1 X124.213 Y116.177 E256.14475
G1 X123.988 Y115.323 E256.17559
G1 X123.66 Y114.519 E256.20591
G1 X123.226 Y113.751 E256.23672
G1 X122.697 Y113.049 E256.26742
G1 X122.087 Y112.42 E256.29802
G1 X121.404 Y111.878 E256.32847
G1 X120.674 Y111.438 E256.35824
G1 X119.856 Y111.076 E256.38948
G1 X118.837 Y110.773 E256.4266
G1 X118.675 Y110.754 E256.4323
G1 X118.675 Y113.95 E256.54391
G1 X119.249 Y114.181 E256.56552
G1 X119.882 Y114.605 E256.59213
G1 X120.446 Y115.183 E256.62033
G1 X120.853 Y115.82 E256.64673
G1 X121.124 Y116.544 E256.67373
G1 X121.247 Y117.301 E256.70051
G1 X121.206 Y118.065 E256.72723
G1 X121.001 Y118.84 E256.75523
G1 X120.662 Y119.52 E256.78176
G1 X120.18 Y120.122 E256.8087
G1 X119.594 Y120.613 E256.8354
G1 X118.958 Y120.95 E256.86053
G1 X118.675 Y121.045 E256.87096
G1 X118.674 Y124.245 E256.98271
M204 S1000
G0 F9000 X118.254 Y124.717
M204 S2000
;TYPE:WALL-OUTER
G1 F2182.4 X118.935 Y124.637 E257.00666
G1 X120.003 Y124.319 E257.04557
G1 X120.876 Y123.931 E257.07894
G1 X121.672 Y123.447 E257.11147
G1 X122.399 Y122.862 E257.14406
G1 X123.043 Y122.194 E257.17646
G1 X123.595 Y121.452 E257.20876
G1 X124.051 Y120.638 E257.24134
G1 X124.392 Y119.792 E257.2732
G1 X124.632 Y118.87 E257.30647
G1 X124.749 Y117.96 E257.33851
G1 X124.749 Y117.04 E257.37064
G1 X124.626 Y116.096 E257.40389
G1 X124.387 Y115.19 E257.43661
G1 X124.039 Y114.335 E257.46885
G1 X123.578 Y113.52 E257.50155
G1 X123.017 Y112.775 E257.53412
G1 X122.369 Y112.108 E257.5666
G1 X121.644 Y111.532 E257.59893
G1 X120.868 Y111.065 E257.63056
G1 X120.002 Y110.681 E257.66365
G1 X118.922 Y110.359 E257.703
G1 X118.255 Y110.282 E257.72645
G1 X118.255 Y114.263 E257.86548
G1 X118.441 Y114.308 E257.87216
G1 X119.069 Y114.566 E257.89587
G1 X119.621 Y114.935 E257.91906
G1 X120.094 Y115.417 E257.94265
G1 X120.462 Y115.985 E257.96628
G1 X120.718 Y116.652 E257.99123
G1 X120.823 Y117.319 E258.01481
G1 X120.789 Y118.011 E258.03901
G1 X120.619 Y118.659 E258.06241
G1 X120.312 Y119.279 E258.08657
G1 X119.877 Y119.83 E258.11108
G1 X119.344 Y120.271 E258.13524
G1 X118.762 Y120.578 E258.15822
G1 X118.255 Y120.729 E258.1767
G1 X118.254 Y124.717 E258.31597
M204 S1000
G0 F9000 X118.452 Y124.694
G0 X119.058 Y123.537
G1 F1500 E257.31597
;MESH:NONMESH
G0 F600 X119.058 Y123.537 Z6.6
G0 F9000 X119.472 Y120.451
G0 X118.861 Y119.537
G0 X117.492 Y115.032
;TIME_ELAPSED:281.655847
;LAYER:32
;TYPE:SUPPORT
G1 F1500 E258.31597
G1 F2188.3 X117.617 Y115.09 E258.32054
G1 X117.532 Y114.982 E258.3251
G1 X117.297 Y115.272 E258.33749
G1 X116.964 Y115.339 E258.34876
G1 X116.394 Y115.553 E258.36896
G1 X115.989 Y115.876 E258.38614
G1 X119.705 Y117.608 E258.52216
G1 X119.693 Y117.854 E258.53033
G1 X119.579 Y118.283 E258.54506
G1 X119.372 Y118.694 E258.56033
G1 X119.195 Y118.915 E258.56972
G1 X115.322 Y117.109 E258.7115
G1 X115.276 Y117.402 E258.72134
G1 X115.353 Y118.075 E258.74381
G1 X115.521 Y118.509 E258.75925
G1 X115.782 Y118.91 E258.77513
G1 X116.022 Y119.147 E258.78632
G1 X116.477 Y119.477 E258.80496
G1 X116.962 Y119.658 E258.82214
G1 X117.299 Y119.729 E258.83357
G1 X117.524 Y120.006 E258.8454
G1 X117.705 Y119.765 E258.8554
G1 X115.742 Y118.85 E258.92726
G1 F1500 E257.92726
;MESH:Encoder_Knob.stl
G0 F9000 X115.766 Y115.768
G0 X115.014 Y114.969
G0 X115.455 Y113.877
;TYPE:FILL
G1 F1500 E258.92726
G1 F2188.3 X115.115 Y113.602 E258.94253
G1 X113.85 Y113.277 E258.98814
G1 X112.661 Y113.338 E259.02972
G0 F9000 X110.971 Y117.5
G0 X110.692 Y117.501
M204 S2000
;TYPE:WALL-INNER
G1 F2188.3 X110.75 Y118.376 E259.06035
G1 X110.913 Y119.221 E259.0904
G1 X111.19 Y120.051 E259.12096
G1 X111.573 Y120.844 E259.15171
G1 X112.154 Y121.742 E259.18906
G1 X112.93 Y122.544 E259.22804
G1 X113.605 Y123.082 E259.25818
G1 X114.354 Y123.537 E259.28879
G1 X114.742 Y123.724 E259.30383
G1 X115.564 Y124.025 E259.3344
G1 X116.414 Y124.22 E259.36486
G1 X116.414 Y121.077 E259.47462
G1 X115.839 Y120.863 E259.49605
G1 X115.493 Y120.666 E259.50995
G1 X114.854 Y120.155 E259.53853
G1 X114.608 Y119.885 E259.55128
G1 X114.159 Y119.201 E259.57986
G1 X113.876 Y118.47 E259.60723
G1 X113.758 Y117.706 E259.63423
G1 X113.758 Y117.294 E259.64862
G1 X113.878 Y116.535 E259.67545
G1 X114.178 Y115.763 E259.70438
G1 X114.581 Y115.149 E259.73003
G1 X114.853 Y114.846 E259.74425
G1 X115.494 Y114.333 E259.77292
G1 X115.886 Y114.12 E259.7885
G1 X116.414 Y113.923 E259.80818
G1 X116.414 Y110.778 E259.91801
G1 X116.178 Y110.805 E259.92631
G1 X115.156 Y111.109 E259.96355
G1 X114.342 Y111.469 E259.99463
G1 X113.609 Y111.913 E260.02456
G1 X112.929 Y112.456 E260.05495
G1 X112.313 Y113.093 E260.08589
G1 X111.799 Y113.784 E260.11597
G1 X111.362 Y114.557 E260.14698
G1 X111.195 Y114.934 E260.16138
G1 X110.914 Y115.779 E260.19248
G1 X110.751 Y116.624 E260.22253
G1 X110.692 Y117.501 E260.25323
M204 S1000
G0 F9000 X110.271 Y117.501
M204 S2000
;TYPE:WALL-OUTER
G1 F2188.3 X110.333 Y118.43 E260.28575
G1 X110.506 Y119.327 E260.31765
G1 X110.8 Y120.209 E260.35012
G1 X111.206 Y121.05 E260.38273
G1 X111.71 Y121.829 E260.41514
G1 X111.984 Y122.171 E260.43044
G1 X112.647 Y122.856 E260.46373
G1 X113.364 Y123.427 E260.49574
G1 X114.154 Y123.907 E260.52802
G1 X114.578 Y124.111 E260.54446
G1 X115.444 Y124.429 E260.57667
G1 X116.352 Y124.636 E260.6092
G1 X116.834 Y124.691 E260.62614
G1 X116.834 Y120.756 E260.76356
G1 X116.651 Y120.717 E260.7701
G1 X116.003 Y120.472 E260.79429
G1 X115.711 Y120.307 E260.806
G1 X115.151 Y119.858 E260.83107
G1 X114.911 Y119.59 E260.84363
G1 X114.537 Y119.018 E260.8675
G1 X114.29 Y118.379 E260.89143
G1 X114.177 Y117.678 E260.91622
G1 X114.177 Y117.322 E260.92866
G1 X114.29 Y116.621 E260.95345
G1 X114.551 Y115.958 E260.97834
G1 X114.918 Y115.4 E261.00166
G1 X115.179 Y115.116 E261.01513
G1 X115.691 Y114.707 E261.03802
G1 X116.033 Y114.514 E261.05173
G1 X116.683 Y114.274 E261.07593
G1 X116.834 Y114.244 E261.08131
G1 X116.834 Y110.309 E261.21873
G1 X116.094 Y110.391 E261.24473
G1 X115.01 Y110.714 E261.28423
G1 X114.148 Y111.096 E261.31716
G1 X113.368 Y111.568 E261.349
G1 X112.646 Y112.144 E261.38125
G1 X111.993 Y112.821 E261.4141
G1 X111.446 Y113.554 E261.44604
G1 X110.986 Y114.368 E261.4787
G1 X110.803 Y114.782 E261.4945
G1 X110.506 Y115.673 E261.5273
G1 X110.333 Y116.57 E261.55921
G1 X110.271 Y117.501 E261.59179
M204 S1000
G0 F9000 X110.284 Y117.7
G0 X111.301 Y117.635
G1 F1500 E260.59179
G0 F9000 X114.343 Y119.123
G0 X115.321 Y118.619
G0 X119.567 Y118.815
G0 X120.49 Y119.41
G0 X121.36 Y119.065
;TYPE:FILL
G1 F1500 E261.59179
G1 F2188.3 X121.44 Y119.101 E261.59486
G1 X122.705 Y119.417 E261.64039
G1 X123.564 Y119.461 E261.67043
G0 F9000 X118.913 Y123.917
G0 X118.674 Y124.211
M204 S2000
;TYPE:WALL-INNER
G1 F2188.3 X118.829 Y124.193 E261.67588
G1 X119.844 Y123.891 E261.71286
G1 X120.658 Y123.531 E261.74395
G1 X121.391 Y123.087 E261.77387
G1 X122.07 Y122.545 E261.80421
G1 X122.686 Y121.907 E261.83519
G1 X123.202 Y121.216 E261.8653
G1 X123.638 Y120.443 E261.8963
G1 X123.806 Y120.063 E261.91081
G1 X124.086 Y119.221 E261.9418
G1 X124.249 Y118.376 E261.97185
G1 X124.308 Y117.499 E262.00255
G1 X124.249 Y116.624 E262.03317
G1 X124.087 Y115.779 E262.06322
G1 X123.81 Y114.949 E262.09378
G1 X123.427 Y114.156 E262.12453
G1 X122.844 Y113.254 E262.16204
G1 X122.07 Y112.456 E262.20087
G1 X121.395 Y111.918 E262.23101
G1 X120.649 Y111.465 E262.26149
G1 X119.844 Y111.109 E262.29223
G1 X118.834 Y110.809 E262.32903
G1 X118.675 Y110.79 E262.33462
G1 X118.675 Y113.95 E262.44498
G1 X119.249 Y114.181 E262.46658
G1 X119.883 Y114.606 E262.49324
G1 X120.438 Y115.168 E262.52082
G1 X120.852 Y115.824 E262.54791
G1 X121.128 Y116.544 E262.57484
G1 X121.243 Y117.293 E262.60131
G1 X121.2 Y118.104 E262.62967
G1 X121.016 Y118.803 E262.65491
G1 X120.663 Y119.518 E262.68276
G1 X120.179 Y120.123 E262.70982
G1 X119.594 Y120.614 E262.73649
G1 X118.958 Y120.95 E262.76161
G1 X118.675 Y121.045 E262.77203
G1 X118.674 Y124.211 E262.8826
M204 S1000
G0 F9000 X118.254 Y124.683
M204 S2000
;TYPE:WALL-OUTER
G1 F2188.3 X118.913 Y124.606 E262.90577
G1 X119.99 Y124.286 E262.94501
G1 X120.852 Y123.904 E262.97794
G1 X121.632 Y123.432 E263.00978
G1 X122.354 Y122.856 E263.04203
G1 X123.007 Y122.179 E263.07488
G1 X123.554 Y121.446 E263.10682
G1 X124.014 Y120.632 E263.13947
G1 X124.198 Y120.215 E263.15539
G1 X124.494 Y119.327 E263.18808
G1 X124.667 Y118.43 E263.21998
G1 X124.729 Y117.499 E263.25257
G1 X124.667 Y116.57 E263.28509
G1 X124.494 Y115.673 E263.31699
G1 X124.2 Y114.791 E263.34946
G1 X123.794 Y113.95 E263.38207
G1 X123.288 Y113.168 E263.4146
G1 X123.016 Y112.829 E263.42978
G1 X122.353 Y112.144 E263.46307
G1 X121.636 Y111.573 E263.49508
G1 X120.844 Y111.092 E263.52744
G1 X119.99 Y110.714 E263.56006
G1 X118.919 Y110.395 E263.59908
G1 X118.255 Y110.318 E263.62243
G1 X118.255 Y114.263 E263.7602
G1 X118.441 Y114.308 E263.76688
G1 X119.069 Y114.566 E263.79059
G1 X119.621 Y114.935 E263.81378
G1 X120.099 Y115.422 E263.83761
G1 X120.474 Y116.007 E263.86188
G1 X120.714 Y116.639 E263.88549
G1 X120.823 Y117.321 E263.90961
G1 X120.79 Y118.004 E263.93349
G1 X120.616 Y118.67 E263.95753
G1 X120.312 Y119.28 E263.98133
G1 X119.877 Y119.831 E264.00585
G1 X119.359 Y120.261 E264.02936
G1 X118.762 Y120.578 E264.05296
G1 X118.255 Y120.729 E264.07144
G1 X118.254 Y124.683 E264.20952
M204 S1000
G0 F9000 X118.452 Y124.66
G0 X119.058 Y123.499
G1 F1500 E263.20952
;MESH:NONMESH
G0 F600 X119.058 Y123.499 Z6.8
G0 F9000 X119.472 Y120.451
G0 X118.861 Y119.537
G0 X117.491 Y115.031
;TIME_ELAPSED:288.784276
;LAYER:33
;TYPE:SUPPORT
G1 F1500 E264.20952
G1 F2194.1 X117.622 Y115.092 E264.21432
G1 X117.53 Y114.982 E264.21908
G1 X117.297 Y115.272 E264.23142
G1 X116.964 Y115.339 E264.24269
G1 X116.394 Y115.553 E264.26289
G1 X115.989 Y115.876 E264.28007
G1 X119.705 Y117.608 E264.41609
G1 X119.693 Y117.854 E264.42426
G1 X119.579 Y118.283 E264.43899
G1 X119.372 Y118.694 E264.45426
G1 X119.195 Y118.915 E264.46365
G1 X115.322 Y117.109 E264.60543
G1 X115.276 Y117.402 E264.61527
G1 X115.353 Y118.075 E264.63774
G1 X115.521 Y118.509 E264.65318
G1 X115.782 Y118.91 E264.66906
G1 X116.022 Y119.147 E264.68025
G1 X116.477 Y119.477 E264.6989
G1 X116.966 Y119.658 E264.7162
G1 X117.299 Y119.729 E264.72749
G1 X117.524 Y120.006 E264.73933
G1 X117.705 Y119.765 E264.74933
G1 X115.742 Y118.85 E264.82119
G1 F1500 E263.82119
;MESH:Encoder_Knob.stl
G0 F9000 X115.766 Y115.768
G0 X115.014 Y114.969
G0 X115.679 Y113.76
;TYPE:FILL
G1 F1500 E264.82119
G1 F2194.1 X115.115 Y113.319 E264.84619
G1 X113.85 Y113.085 E264.89112
G1 X112.843 Y113.196 E264.9265
G0 F9000 X111.019 Y117.925
G0 X110.74 Y117.938
M204 S2000
;TYPE:WALL-INNER
G1 F2194.1 X110.779 Y118.344 E264.94074
G1 X110.946 Y119.207 E264.97144
G1 X111.288 Y120.239 E265.00941
G1 X111.827 Y121.198 E265.04783
G1 X112.326 Y121.871 E265.07708
G1 X112.95 Y122.518 E265.10848
G1 X113.615 Y123.048 E265.13817
G1 X114.36 Y123.501 E265.16862
G1 X115.163 Y123.857 E265.1993
G1 X115.567 Y123.99 E265.21415
G1 X116.414 Y124.185 E265.24451
G1 X116.414 Y121.077 E265.35305
G1 X115.839 Y120.863 E265.37447
G1 X115.493 Y120.666 E265.38838
G1 X114.853 Y120.154 E265.417
G1 X114.581 Y119.85 E265.43125
G1 X114.16 Y119.209 E265.45803
G1 X113.878 Y118.478 E265.48539
G1 X113.759 Y117.724 E265.51205
G1 X113.758 Y117.286 E265.52735
G1 X113.88 Y116.528 E265.55416
G1 X114.177 Y115.765 E265.58275
G1 X114.581 Y115.149 E265.60848
G1 X114.854 Y114.845 E265.62275
G1 X115.432 Y114.376 E265.64874
G1 X115.835 Y114.139 E265.66507
G1 X116.414 Y113.923 E265.68665
G1 X116.414 Y110.816 E265.79516
G1 X115.578 Y111.006 E265.8251
G1 X115.177 Y111.138 E265.83984
G1 X114.363 Y111.497 E265.87091
G1 X113.631 Y111.941 E265.90081
G1 X112.95 Y112.482 E265.93118
G1 X112.35 Y113.101 E265.96129
G1 X111.829 Y113.8 E265.99174
G1 X111.398 Y114.565 E266.0224
G1 X111.076 Y115.352 E266.0521
G1 X110.854 Y116.2 E266.08271
G1 X110.741 Y117.069 E266.11331
G1 X110.74 Y117.938 E266.14366
M204 S1000
G0 F9000 X110.32 Y117.958
M204 S2000
;TYPE:WALL-OUTER
G1 F2194.1 X110.363 Y118.404 E266.15931
G1 X110.538 Y119.313 E266.19164
G1 X110.834 Y120.203 E266.22439
G1 X111.018 Y120.616 E266.24018
G1 X111.473 Y121.427 E266.27266
G1 X112.005 Y122.143 E266.30381
G1 X112.667 Y122.83 E266.33713
G1 X113.374 Y123.393 E266.36869
G1 X114.165 Y123.874 E266.40102
G1 X115.012 Y124.249 E266.43337
G1 X115.454 Y124.395 E266.44963
G1 X116.347 Y124.6 E266.48163
G1 X116.834 Y124.655 E266.49874
G1 X116.834 Y120.756 E266.63491
G1 X116.651 Y120.717 E266.64144
G1 X116.003 Y120.472 E266.66564
G1 X115.711 Y120.307 E266.67735
G1 X115.151 Y119.858 E266.70242
G1 X114.929 Y119.614 E266.71394
G1 X114.532 Y119.007 E266.73927
G1 X114.29 Y118.379 E266.76277
G1 X114.177 Y117.684 E266.78736
G1 X114.179 Y117.304 E266.80063
G1 X114.286 Y116.634 E266.82433
G1 X114.534 Y115.99 E266.84843
G1 X114.918 Y115.4 E266.87301
G1 X115.156 Y115.137 E266.8854
G1 X115.691 Y114.707 E266.90937
G1 X116.033 Y114.514 E266.92308
G1 X116.683 Y114.274 E266.94728
G1 X116.834 Y114.244 E266.95266
G1 X116.834 Y110.344 E267.08886
G1 X116.36 Y110.398 E267.10552
G1 X115.466 Y110.601 E267.13753
G1 X115.026 Y110.746 E267.15371
G1 X114.169 Y111.124 E267.18642
G1 X113.391 Y111.595 E267.21819
G1 X112.668 Y112.17 E267.25045
G1 X112.03 Y112.828 E267.28245
G1 X111.476 Y113.57 E267.31479
G1 X111.019 Y114.382 E267.34733
G1 X110.677 Y115.219 E267.37891
G1 X110.441 Y116.12 E267.41144
G1 X110.321 Y117.042 E267.44391
G1 X110.32 Y117.958 E267.4759
M204 S1000
G0 F9000 X110.339 Y118.157
G0 X111.355 Y118.063
G1 F1500 E266.4759
G0 F9000 X114.747 Y119.738
G0 X115.766 Y119.232
G0 X118.861 Y119.537
G0 X119.472 Y120.451
G0 X121.339 Y119.105
;TYPE:FILL
G1 F1500 E267.4759
G1 F2194.1 X121.44 Y119.156 E267.47985
G1 X122.705 Y119.534 E267.52596
G1 X123.481 Y119.62 E267.55322
G0 F9000 X118.913 Y111.118
G0 X118.674 Y110.825
M204 S2000
;TYPE:WALL-INNER
G1 F2194.1 X118.675 Y113.95 E267.66236
G1 X119.249 Y114.181 E267.68397
G1 X119.884 Y114.606 E267.71065
G1 X120.449 Y115.186 E267.73893
G1 X120.853 Y115.824 E267.7653
G1 X121.128 Y116.547 E267.79232
G1 X121.245 Y117.337 E267.82021
G1 X121.206 Y118.066 E267.8457
G1 X121.001 Y118.842 E267.87373
G1 X120.663 Y119.518 E267.90013
G1 X120.178 Y120.123 E267.92721
G1 X119.595 Y120.609 E267.95371
G1 X118.958 Y120.95 E267.97895
G1 X118.675 Y121.045 E267.98937
G1 X118.675 Y124.174 E268.09865
G1 X118.821 Y124.157 E268.10378
G1 X119.836 Y123.857 E268.14074
G1 X120.238 Y123.697 E268.15585
G1 X121.01 Y123.294 E268.18626
G1 X121.709 Y122.807 E268.21602
G1 X122.05 Y122.517 E268.23165
G1 X122.651 Y121.897 E268.2618
G1 X123.171 Y121.199 E268.2922
G1 X123.602 Y120.434 E268.32287
G1 X123.923 Y119.647 E268.35255
G1 X124.146 Y118.799 E268.38317
G1 X124.259 Y117.93 E268.41377
G1 X124.259 Y116.854 E268.45135
G1 X124.055 Y115.793 E268.48908
G1 X123.78 Y114.963 E268.51962
G1 X123.396 Y114.166 E268.55052
G1 X123.185 Y113.817 E268.56476
G1 X122.675 Y113.13 E268.59464
G1 X122.05 Y112.485 E268.626
G1 X121.374 Y111.946 E268.6562
G1 X120.642 Y111.5 E268.68613
G1 X119.838 Y111.144 E268.71684
G1 X118.83 Y110.844 E268.75357
G1 X118.674 Y110.825 E268.75906
M204 S1000
G0 F9000 X118.254 Y110.353
M204 S2000
;TYPE:WALL-OUTER
G1 F2194.1 X118.255 Y114.263 E268.89561
G1 X118.441 Y114.308 E268.90229
G1 X119.069 Y114.566 E268.926
G1 X119.622 Y114.935 E268.94922
G1 X120.111 Y115.437 E268.97369
G1 X120.474 Y116.007 E268.99729
G1 X120.714 Y116.639 E269.0209
G1 X120.824 Y117.337 E269.04558
G1 X120.789 Y118.012 E269.06918
G1 X120.611 Y118.683 E269.09343
G1 X120.312 Y119.28 E269.11675
G1 X119.876 Y119.831 E269.14128
G1 X119.355 Y120.264 E269.16494
G1 X118.762 Y120.578 E269.18838
G1 X118.255 Y120.729 E269.20685
G1 X118.255 Y124.646 E269.34364
G1 X118.905 Y124.57 E269.3665
G1 X119.974 Y124.255 E269.40542
G1 X120.414 Y124.079 E269.42197
G1 X121.228 Y123.654 E269.45404
G1 X121.966 Y123.14 E269.48545
G1 X122.338 Y122.824 E269.50249
G1 X122.971 Y122.17 E269.53428
G1 X123.524 Y121.429 E269.56657
G1 X123.981 Y120.617 E269.59911
G1 X124.323 Y119.78 E269.63069
G1 X124.559 Y118.879 E269.66321
G1 X124.679 Y117.958 E269.69565
G1 X124.679 Y117.042 E269.72764
G1 X124.637 Y116.596 E269.74328
G1 X124.462 Y115.687 E269.77561
G1 X124.17 Y114.805 E269.80806
G1 X123.766 Y113.966 E269.84058
G1 X123.534 Y113.583 E269.85622
G1 X122.996 Y112.858 E269.88774
G1 X122.333 Y112.173 E269.92104
G1 X121.615 Y111.601 E269.9531
G1 X120.837 Y111.127 E269.98491
G1 X119.984 Y110.749 E270.0175
G1 X118.915 Y110.43 E270.05646
G1 X118.254 Y110.353 E270.0797
M204 S1000
G0 F9000 X118.254 Y110.553
G0 X119.057 Y111.536
G1 F1500 E269.0797
;MESH:NONMESH
G0 F600 X119.057 Y111.536 Z7
G0 F9000 X118.469 Y114.093
G0 X117.492 Y115.032
;TIME_ELAPSED:295.869649
;LAYER:34
;TYPE:SUPPORT
G1 F1500 E270.0797
G1 F2156 X117.59 Y115.077 E270.08327
G1 X117.525 Y114.992 E270.08682
G1 X117.285 Y115.274 E270.09911
G1 X116.964 Y115.339 E270.10997
G1 X116.393 Y115.554 E270.13022
G1 X115.989 Y115.876 E270.14736
G1 X119.705 Y117.608 E270.28338
G1 X119.693 Y117.854 E270.29155
G1 X119.579 Y118.283 E270.30627
G1 X119.372 Y118.694 E270.32154
G1 X119.195 Y118.915 E270.33094
G1 X115.322 Y117.109 E270.47271
G1 X115.276 Y117.402 E270.48255
G1 X115.353 Y118.075 E270.50503
G1 X115.521 Y118.509 E270.52047
G1 X115.782 Y118.91 E270.53634
G1 X116.306 Y119.373 E270.55954
G1 X116.857 Y119.617 E270.57953
G1 X117.335 Y119.738 E270.59589
G1 X117.533 Y119.994 E270.60663
G1 X117.705 Y119.765 E270.61613
G1 X115.742 Y118.85 E270.68798
G1 F1500 E269.68798
;MESH:Encoder_Knob.stl
G0 F9000 X115.766 Y115.768
G0 X115.014 Y114.969
G0 X115.978 Y113.64
;TYPE:FILL
G1 F1500 E270.68798
G1 F2156 X115.115 Y113.002 E270.72547
G1 X113.85 Y112.878 E270.76985
G1 X113.06 Y113.016 E270.79786
G0 F9000 X111.042 Y117.5
G0 X110.764 Y117.501
M204 S2000
;TYPE:WALL-INNER
G1 F2156 X110.816 Y118.348 E270.8275
G1 X110.978 Y119.192 E270.85751
G1 X111.258 Y120.037 E270.8886
G1 X111.426 Y120.413 E270.90298
G1 X111.947 Y121.344 E270.94024
G1 X112.66 Y122.187 E270.9788
G1 X113.299 Y122.766 E271.00891
G1 X113.992 Y123.251 E271.03845
G1 X114.763 Y123.657 E271.06888
G1 X115.58 Y123.958 E271.09929
G1 X116.411 Y124.146 E271.12904
G1 X116.414 Y121.073 E271.23636
G1 X116.128 Y120.984 E271.24682
G1 X115.478 Y120.661 E271.27217
G1 X114.883 Y120.183 E271.29883
G1 X114.606 Y119.882 E271.31311
G1 X114.177 Y119.235 E271.34022
G1 X113.877 Y118.462 E271.36918
G1 X113.758 Y117.702 E271.39604
G1 X113.758 Y117.296 E271.41022
G1 X113.88 Y116.527 E271.43742
G1 X114.177 Y115.765 E271.46598
G1 X114.582 Y115.148 E271.49175
G1 X114.913 Y114.791 E271.50875
G1 X115.459 Y114.356 E271.53313
G1 X115.886 Y114.12 E271.55017
G1 X116.414 Y113.923 E271.56985
G1 X116.414 Y110.851 E271.67714
G1 X115.601 Y111.037 E271.70626
G1 X114.783 Y111.334 E271.73665
G1 X114.014 Y111.733 E271.76691
G1 X113.306 Y112.228 E271.79708
G1 X112.666 Y112.806 E271.8272
G1 X112.387 Y113.112 E271.84166
G1 X111.86 Y113.814 E271.87231
G1 X111.43 Y114.58 E271.90299
G1 X111.113 Y115.354 E271.9322
G1 X110.836 Y116.403 E271.97009
G1 X110.764 Y117.501 E272.00852
M204 S1000
G0 F9000 X110.343 Y117.501
M204 S2000
;TYPE:WALL-OUTER
G1 F2156 X110.398 Y118.401 E272.04001
G1 X110.571 Y119.298 E272.07191
G1 X110.866 Y120.189 E272.10469
G1 X111.05 Y120.602 E272.12048
G1 X111.5 Y121.405 E272.15263
G1 X111.742 Y121.753 E272.16743
G1 X112.357 Y122.479 E272.20066
G1 X113.036 Y123.095 E272.23267
G1 X113.773 Y123.611 E272.26409
G1 X114.592 Y124.041 E272.2964
G1 X115.46 Y124.361 E272.32871
G1 X116.341 Y124.563 E272.36027
G1 X116.834 Y124.619 E272.3776
G1 X116.834 Y120.748 E272.51279
G1 X116.356 Y120.624 E272.53003
G1 X115.719 Y120.312 E272.5548
G1 X115.165 Y119.872 E272.57951
G1 X114.926 Y119.61 E272.5919
G1 X114.543 Y119.029 E272.6162
G1 X114.29 Y118.378 E272.64059
G1 X114.179 Y117.696 E272.66472
G1 X114.177 Y117.323 E272.67775
G1 X114.286 Y116.634 E272.70211
G1 X114.534 Y115.99 E272.72621
G1 X114.918 Y115.4 E272.75079
G1 X115.175 Y115.119 E272.76409
G1 X115.7 Y114.7 E272.78755
G1 X116.033 Y114.514 E272.80087
G1 X116.683 Y114.274 E272.82507
G1 X116.834 Y114.244 E272.83045
G1 X116.834 Y110.381 E272.96535
G1 X116.367 Y110.432 E272.98176
G1 X115.483 Y110.633 E273.01342
G1 X114.614 Y110.948 E273.0457
G1 X113.796 Y111.373 E273.07789
G1 X113.044 Y111.898 E273.10992
G1 X112.369 Y112.508 E273.1417
G1 X112.063 Y112.844 E273.15757
G1 X111.508 Y113.584 E273.18987
G1 X111.051 Y114.397 E273.22244
G1 X110.714 Y115.22 E273.2535
G1 X110.473 Y116.133 E273.28648
G1 X110.404 Y116.564 E273.30172
G1 X110.343 Y117.501 E273.33451
M204 S1000
G0 F9000 X110.355 Y117.7
G0 X111.372 Y117.638
G1 F1500 E272.33451
G0 F9000 X114.343 Y119.123
G0 X115.321 Y118.619
G0 X119.567 Y118.815
G0 X120.49 Y119.41
G0 X121.314 Y119.15
;TYPE:FILL
G1 F1500 E273.33451
G1 F2156 X121.44 Y119.219 E273.33953
G1 X122.705 Y119.66 E273.38631
G1 X123.379 Y119.778 E273.41021
G0 F9000 X118.916 Y123.825
G0 X118.674 Y124.128
M204 S2000
;TYPE:WALL-INNER
G1 F2156 X119.402 Y123.963 E273.43628
G1 X120.22 Y123.665 E273.46668
G1 X120.99 Y123.265 E273.49699
G1 X121.868 Y122.652 E273.53438
G1 X122.618 Y121.88 E273.57197
G1 X123.14 Y121.184 E273.60235
G1 X123.571 Y120.418 E273.63305
G1 X123.894 Y119.626 E273.66292
G1 X124.01 Y119.237 E273.6771
G1 X124.181 Y118.371 E273.70792
G1 X124.236 Y117.5 E273.7384
G1 X124.169 Y116.442 E273.77542
G1 X123.897 Y115.383 E273.81361
G1 X123.569 Y114.578 E273.84397
G1 X123.153 Y113.832 E273.8738
G1 X122.644 Y113.147 E273.9036
G1 X122.354 Y112.827 E273.91868
G1 X121.701 Y112.232 E273.94953
G1 X120.823 Y111.619 E273.98693
G1 X119.822 Y111.175 E274.02517
G1 X119.439 Y111.047 E274.03927
G1 X118.675 Y110.874 E274.06663
G1 X118.674 Y113.955 E274.17423
G1 X119.302 Y114.217 E274.19799
G1 X119.89 Y114.609 E274.22267
G1 X120.449 Y115.186 E274.25073
G1 X120.854 Y115.821 E274.27703
G1 X121.125 Y116.548 E274.30413
G1 X121.243 Y117.295 E274.33054
G1 X121.2 Y118.107 E274.35894
G1 X121.001 Y118.842 E274.38553
G1 X120.65 Y119.53 E274.4125
G1 X120.178 Y120.124 E274.439
G1 X119.595 Y120.609 E274.46548
G1 X118.958 Y120.95 E274.49072
G1 X118.675 Y121.045 E274.50114
G1 X118.674 Y124.128 E274.60881
M204 S1000
G0 F9000 X118.254 Y124.611
M204 S2000
;TYPE:WALL-OUTER
G1 F2156 X118.658 Y124.563 E274.62302
G1 X119.521 Y124.367 E274.65392
G1 X120.39 Y124.05 E274.68623
G1 X121.208 Y123.625 E274.71842
G1 X121.938 Y123.116 E274.7495
G1 X122.299 Y122.812 E274.76598
G1 X122.938 Y122.154 E274.79801
G1 X123.493 Y121.414 E274.83032
G1 X123.95 Y120.601 E274.86289
G1 X124.291 Y119.766 E274.89439
G1 X124.418 Y119.338 E274.90998
G1 X124.599 Y118.425 E274.94248
G1 X124.657 Y117.5 E274.97485
G1 X124.6 Y116.598 E275.00641
G1 X124.529 Y116.153 E275.02215
G1 X124.297 Y115.251 E275.05468
G1 X123.949 Y114.396 E275.08692
G1 X123.507 Y113.604 E275.11859
G1 X122.969 Y112.88 E275.15009
G1 X122.652 Y112.53 E275.16658
G1 X121.964 Y111.903 E275.19909
G1 X121.223 Y111.385 E275.23067
G1 X120.842 Y111.168 E275.24598
G1 X119.974 Y110.783 E275.27914
G1 X119.553 Y110.642 E275.29464
G1 X118.639 Y110.434 E275.32738
G1 X118.255 Y110.389 E275.34088
G1 X118.254 Y114.271 E275.47645
G1 X118.754 Y114.418 E275.49465
G1 X119.069 Y114.567 E275.50682
G1 X119.617 Y114.932 E275.52982
G1 X120.12 Y115.449 E275.55501
G1 X120.468 Y115.996 E275.57765
G1 X120.718 Y116.653 E275.6022
G1 X120.823 Y117.322 E275.62585
G1 X120.79 Y118.004 E275.6497
G1 X120.611 Y118.683 E275.67422
G1 X120.312 Y119.279 E275.6975
G1 X119.876 Y119.831 E275.72207
G1 X119.355 Y120.264 E275.74573
G1 X118.762 Y120.578 E275.76916
G1 X118.255 Y120.729 E275.78764
G1 X118.254 Y124.611 E275.92321
M204 S1000
G0 F9000 X118.453 Y124.588
G0 X119.274 Y123.575
G1 F1500 E274.92321
;MESH:NONMESH
G0 F600 X119.274 Y123.575 Z7.2
G0 F9000 X119.472 Y120.451
G0 X118.861 Y119.537
G0 X117.506 Y115.038
;TIME_ELAPSED:303.024387
;LAYER:35
;TYPE:SUPPORT
G1 F1500 E275.92321
G1 F2215.6 X117.59 Y115.077 E275.92628
G1 X117.533 Y115.002 E275.92941
G1 X117.336 Y115.258 E275.94012
G1 X116.842 Y115.386 E275.95705
G1 X116.305 Y115.625 E275.97656
G1 X116.009 Y115.885 E275.98963
G1 X119.705 Y117.608 E276.12492
G1 X119.694 Y117.851 E276.13299
G1 X119.581 Y118.283 E276.1478
G1 X119.372 Y118.694 E276.1631
G1 X119.195 Y118.915 E276.17249
G1 X115.323 Y117.11 E276.31423
G1 X115.276 Y117.417 E276.32453
G1 X115.353 Y118.08 E276.34668
G1 X115.525 Y118.514 E276.36216
G1 X115.782 Y118.908 E276.37777
G1 X116.038 Y119.16 E276.38969
G1 X116.412 Y119.426 E276.40492
G1 X116.826 Y119.607 E276.41991
G1 X117.335 Y119.738 E276.43734
G1 X117.533 Y119.994 E276.44808
G1 X117.705 Y119.765 E276.45758
G1 X115.744 Y118.851 E276.52936
G1 F1500 E275.52936
;MESH:Encoder_Knob.stl
G0 F9000 X115.766 Y115.767
G0 X115.013 Y114.969
G0 X115.994 Y113.225
;TYPE:FILL
G1 F1500 E276.52936
G1 F2215.6 X115.115 Y112.64 E276.56624
G1 X113.85 Y112.654 E276.61042
G1 X113.374 Y112.77 E276.62753
G0 F9000 X111.09 Y117.081
G0 X110.812 Y117.071
M204 S2000
;TYPE:WALL-INNER
G1 F2215.6 X110.813 Y117.93 E276.65753
G1 X110.949 Y118.991 E276.69488
G1 X111.354 Y120.215 E276.73991
G1 X111.864 Y121.126 E276.77637
G1 X112.384 Y121.828 E276.80688
G1 X112.996 Y122.463 E276.83768
G1 X113.67 Y123 E276.86777
G1 X114.579 Y123.551 E276.9049
G1 X115.59 Y123.923 E276.94252
G1 X116.414 Y124.113 E276.97205
G1 X116.414 Y121.073 E277.07821
G1 X115.767 Y120.82 E277.10248
G1 X115.163 Y120.432 E277.12755
G1 X114.604 Y119.884 E277.15489
G1 X114.179 Y119.236 E277.18195
G1 X113.894 Y118.522 E277.2088
G1 X113.758 Y117.718 E277.23727
G1 X113.759 Y117.289 E277.25226
G1 X113.88 Y116.529 E277.27913
G1 X114.161 Y115.786 E277.30687
G1 X114.579 Y115.151 E277.33342
G1 X114.855 Y114.843 E277.34787
G1 X115.498 Y114.331 E277.37657
G1 X116.121 Y114.018 E277.40092
G1 X116.414 Y113.928 E277.41162
G1 X116.414 Y110.888 E277.51779
G1 X115.404 Y111.116 E277.55395
G1 X114.413 Y111.55 E277.59173
G1 X113.675 Y111.995 E277.62183
G1 X113.017 Y112.518 E277.65118
G1 X112.415 Y113.136 E277.68131
G1 X111.891 Y113.831 E277.71171
G1 X111.462 Y114.596 E277.74234
G1 X111.145 Y115.371 E277.77158
G1 X110.929 Y116.183 E277.80093
G1 X110.812 Y117.071 E277.83221
M204 S1000
G0 F9000 X110.392 Y117.044
M204 S2000
;TYPE:WALL-OUTER
G1 F2215.6 X110.393 Y117.957 E277.86409
G1 X110.538 Y119.088 E277.90391
G1 X110.898 Y120.174 E277.94387
G1 X111.086 Y120.596 E277.96
G1 X111.51 Y121.354 E277.99033
G1 X112.063 Y122.1 E278.02276
G1 X112.713 Y122.775 E278.05549
G1 X113.43 Y123.345 E278.08748
G1 X114.199 Y123.812 E278.1189
G1 X114.588 Y124.002 E278.13402
G1 X115.47 Y124.327 E278.16684
G1 X116.328 Y124.525 E278.1976
G1 X116.834 Y124.593 E278.21543
G1 X116.834 Y120.747 E278.34974
G1 X116.329 Y120.615 E278.36797
G1 X116.022 Y120.482 E278.37965
G1 X115.442 Y120.116 E278.4036
G1 X114.935 Y119.619 E278.4284
G1 X114.546 Y119.031 E278.45302
G1 X114.293 Y118.39 E278.47709
G1 X114.177 Y117.685 E278.50204
G1 X114.179 Y117.309 E278.51517
G1 X114.286 Y116.637 E278.53893
G1 X114.533 Y115.991 E278.56309
G1 X114.915 Y115.404 E278.58754
G1 X115.156 Y115.136 E278.60013
G1 X115.715 Y114.691 E278.62508
G1 X116.35 Y114.378 E278.64981
G1 X116.834 Y114.252 E278.66727
G1 X116.834 Y110.415 E278.80127
G1 X116.371 Y110.467 E278.81755
G1 X115.508 Y110.661 E278.84844
G1 X115.066 Y110.805 E278.86467
G1 X114.219 Y111.176 E278.89696
G1 X113.435 Y111.649 E278.92894
G1 X112.735 Y112.206 E278.96018
G1 X112.095 Y112.862 E278.99219
G1 X111.538 Y113.601 E279.02451
G1 X111.083 Y114.413 E279.05701
G1 X110.746 Y115.237 E279.0881
G1 X110.516 Y116.101 E279.11933
G1 X110.392 Y117.044 E279.15254
M204 S1000
G0 F9000 X110.392 Y117.244
G0 X111.412 Y117.244
G1 F1500 E278.15254
G0 F9000 X114.347 Y119.128
G0 X115.323 Y118.624
G0 X119.566 Y118.815
G0 X120.494 Y119.404
G0 X121.287 Y119.2
;TYPE:FILL
G1 F1500 E279.15254
G1 F2215.6 X121.44 Y119.291 E279.15876
G1 X122.705 Y119.796 E279.20633
G1 X123.285 Y119.938 E279.22718
G0 F9000 X118.916 Y111.211
G0 X118.675 Y110.91
M204 S2000
;TYPE:WALL-INNER
G1 F2215.6 X118.675 Y113.954 E279.33349
G1 X119.269 Y114.191 E279.35582
G1 X119.851 Y114.582 E279.38031
G1 X120.207 Y114.908 E279.39717
G1 X120.643 Y115.455 E279.4216
G1 X120.999 Y116.156 E279.44905
G1 X121.123 Y116.538 E279.46308
G1 X121.246 Y117.293 E279.48979
G1 X121.206 Y118.068 E279.51689
G1 X121.009 Y118.818 E279.54398
G1 X120.673 Y119.496 E279.5704
G1 X120.183 Y120.118 E279.59805
G1 X119.593 Y120.613 E279.62495
G1 X118.966 Y120.947 E279.64976
G1 X118.674 Y121.045 E279.66052
G1 X118.674 Y124.093 E279.76696
G1 X119.607 Y123.881 E279.80038
G1 X120.584 Y123.451 E279.83765
G1 X121.334 Y122.996 E279.86829
G1 X121.986 Y122.479 E279.89735
G1 X122.588 Y121.861 E279.92748
G1 X123.238 Y120.997 E279.96524
G1 X123.698 Y120.049 E280.00204
G1 X123.851 Y119.639 E280.01732
G1 X124.072 Y118.804 E280.04748
G1 X124.189 Y117.927 E280.07838
G1 X124.188 Y117.071 E280.10828
G1 X124.082 Y116.24 E280.13753
G1 X123.865 Y115.399 E280.16787
G1 X123.538 Y114.594 E280.19821
G1 X123.132 Y113.869 E280.22723
G1 X122.89 Y113.518 E280.24212
G1 X122.32 Y112.844 E280.27295
G1 X121.529 Y112.123 E280.31032
G1 X120.602 Y111.557 E280.34825
G1 X120.253 Y111.388 E280.3618
G1 X119.417 Y111.079 E280.39292
G1 X118.675 Y110.91 E280.4195
M204 S1000
G0 F9000 X118.916 Y111.211
G0 X121.32 Y116.505
G0 X121.402 Y118.108
G0 X118.52 Y124.278
G0 X118.254 Y124.576
M204 S2000
;TYPE:WALL-OUTER
G1 F2215.6 X118.655 Y124.528 E280.4336
G1 X119.499 Y124.337 E280.46382
G1 X119.941 Y124.193 E280.48006
G1 X120.778 Y123.825 E280.51199
G1 X121.574 Y123.342 E280.54451
G1 X122.268 Y122.791 E280.57545
G1 X122.908 Y122.135 E280.60746
G1 X123.471 Y121.386 E280.64018
G1 X123.703 Y121.001 E280.65588
G1 X124.085 Y120.215 E280.6864
G1 X124.252 Y119.766 E280.70313
G1 X124.485 Y118.886 E280.73492
G1 X124.609 Y117.955 E280.76772
G1 X124.608 Y117.044 E280.79954
G1 X124.495 Y116.161 E280.83063
G1 X124.265 Y115.267 E280.86286
G1 X123.917 Y114.412 E280.8951
G1 X123.489 Y113.646 E280.92575
G1 X123.224 Y113.262 E280.94204
G1 X122.623 Y112.552 E280.97452
G1 X121.93 Y111.92 E281.00728
G1 X121.589 Y111.667 E281.02211
G1 X120.804 Y111.188 E281.05422
G1 X120.418 Y111.001 E281.0692
G1 X119.537 Y110.675 E281.10201
G1 X118.634 Y110.469 E281.13435
G1 X118.255 Y110.425 E281.14768
G1 X118.255 Y114.27 E281.28196
G1 X118.746 Y114.414 E281.29983
G1 X119.046 Y114.551 E281.31135
G1 X119.621 Y114.936 E281.33551
G1 X119.89 Y115.184 E281.34829
G1 X120.3 Y115.698 E281.37125
G1 X120.61 Y116.314 E281.39533
G1 X120.716 Y116.643 E281.40741
G1 X120.824 Y117.33 E281.43169
G1 X120.789 Y118.012 E281.45554
G1 X120.615 Y118.672 E281.47938
G1 X120.313 Y119.279 E281.50306
G1 X119.882 Y119.824 E281.52732
G1 X119.36 Y120.259 E281.55105
G1 X118.769 Y120.576 E281.57447
G1 X118.254 Y120.729 E281.59323
G1 X118.254 Y124.576 E281.72758
M204 S1000
G0 F9000 X118.453 Y124.553
G0 X119.083 Y123.386
G1 F1500 E280.72758
;MESH:NONMESH
G0 F600 X119.083 Y123.386 Z7.4
G0 F9000 X119.478 Y120.446
G0 X118.865 Y119.533
G0 X117.506 Y115.038
;TIME_ELAPSED:310.390347
;LAYER:36
;TYPE:SUPPORT
G1 F1500 E281.72758
G1 F2155 X117.59 Y115.077 E281.73066
G1 X117.533 Y115.002 E281.73378
G1 X117.336 Y115.258 E281.7445
G1 X116.842 Y115.386 E281.76143
G1 X116.305 Y115.625 E281.78093
G1 X115.989 Y115.876 E281.79432
G1 X119.705 Y117.608 E281.93034
G1 X119.694 Y117.851 E281.93841
G1 X119.581 Y118.283 E281.95322
G1 X119.372 Y118.694 E281.96852
G1 X119.195 Y118.915 E281.97792
G1 X115.323 Y117.11 E282.11965
G1 X115.276 Y117.417 E282.12995
G1 X115.353 Y118.08 E282.1521
G1 X115.525 Y118.514 E282.16759
G1 X115.782 Y118.908 E282.18319
G1 X116.036 Y119.158 E282.19502
G1 X116.412 Y119.426 E282.21034
G1 X116.83 Y119.608 E282.22546
G1 X117.335 Y119.738 E282.24276
G1 X117.533 Y119.994 E282.2535
G1 X117.705 Y119.765 E282.263
G1 X115.744 Y118.851 E282.33478
G1 F1500 E281.33478
;MESH:Encoder_Knob.stl
G0 F9000 X115.766 Y115.768
G0 X115.014 Y114.969
G0 X115.994 Y112.66
;TYPE:FILL
G1 F1500 E282.33478
G1 F2155 X115.115 Y112.216 E282.36917
G1 X113.891 Y112.406 E282.41243
G0 F9000 X111.112 Y117.5
G0 X110.834 Y117.501
M204 S2000
;TYPE:WALL-INNER
G1 F2155 X110.901 Y118.552 E282.44921
G1 X111.221 Y119.792 E282.49393
G1 X111.672 Y120.735 E282.53044
G1 X111.888 Y121.099 E282.54522
G1 X112.41 Y121.805 E282.57588
G1 X113.015 Y122.432 E282.60631
G1 X113.653 Y122.944 E282.63488
G1 X114.009 Y123.179 E282.64978
G1 X114.781 Y123.588 E282.68029
G1 X115.597 Y123.888 E282.71065
G1 X116.414 Y124.074 E282.73991
G1 X116.414 Y121.077 E282.84458
G1 X115.838 Y120.862 E282.86605
G1 X115.474 Y120.654 E282.88069
G1 X114.853 Y120.154 E282.90853
G1 X114.58 Y119.849 E282.92283
G1 X114.161 Y119.214 E282.9494
G1 X113.879 Y118.47 E282.97718
G1 X113.758 Y117.703 E283.0043
G1 X113.758 Y117.296 E283.01851
G1 X113.876 Y116.533 E283.04548
G1 X114.177 Y115.765 E283.07428
G1 X114.583 Y115.146 E283.10014
G1 X114.854 Y114.844 E283.11431
G1 X115.432 Y114.376 E283.14028
G1 X115.835 Y114.139 E283.15661
G1 X116.414 Y113.923 E283.17819
G1 X116.414 Y110.92 E283.28306
G1 X116.221 Y110.942 E283.28985
G1 X115.238 Y111.228 E283.3256
G1 X114.436 Y111.578 E283.35616
G1 X113.697 Y112.024 E283.3863
G1 X113.009 Y112.573 E283.41704
G1 X112.447 Y113.152 E283.44522
G1 X111.923 Y113.847 E283.47562
G1 X111.495 Y114.608 E283.50611
G1 X111.098 Y115.58 E283.54278
G1 X110.89 Y116.629 E283.58013
G1 X110.834 Y117.501 E283.61064
M204 S1000
G0 F9000 X110.413 Y117.501
M204 S2000
;TYPE:WALL-OUTER
G1 F2155 X110.484 Y118.617 E283.64969
G1 X110.769 Y119.722 E283.68955
G1 X110.927 Y120.152 E283.70555
G1 X111.301 Y120.933 E283.73579
G1 X111.538 Y121.332 E283.75199
G1 X112.088 Y122.077 E283.78433
G1 X112.731 Y122.743 E283.81666
G1 X113.405 Y123.284 E283.84685
G1 X113.795 Y123.541 E283.86316
G1 X114.609 Y123.972 E283.89532
G1 X115.477 Y124.292 E283.92763
G1 X116.385 Y124.498 E283.96015
G1 X116.834 Y124.548 E283.97592
G1 X116.834 Y120.756 E284.10835
G1 X116.651 Y120.717 E284.11489
G1 X116.003 Y120.472 E284.13908
G1 X115.689 Y120.292 E284.15172
G1 X115.151 Y119.858 E284.17586
G1 X114.911 Y119.59 E284.18843
G1 X114.53 Y119.002 E284.21289
G1 X114.286 Y118.365 E284.23672
G1 X114.177 Y117.677 E284.26104
G1 X114.177 Y117.323 E284.27341
G1 X114.287 Y116.631 E284.29788
G1 X114.534 Y115.99 E284.32187
G1 X114.919 Y115.399 E284.3465
G1 X115.175 Y115.119 E284.35975
G1 X115.691 Y114.707 E284.38281
G1 X116.033 Y114.514 E284.39652
G1 X116.683 Y114.274 E284.42072
G1 X116.834 Y114.244 E284.4261
G1 X116.834 Y110.45 E284.5586
G1 X116.138 Y110.528 E284.58305
G1 X115.094 Y110.832 E284.62103
G1 X114.242 Y111.204 E284.6535
G1 X113.457 Y111.678 E284.68552
G1 X112.726 Y112.261 E284.71817
G1 X112.127 Y112.878 E284.74821
G1 X111.57 Y113.617 E284.78052
G1 X111.116 Y114.425 E284.81289
G1 X110.783 Y115.24 E284.84364
G1 X110.652 Y115.668 E284.85927
G1 X110.472 Y116.575 E284.89156
G1 X110.413 Y117.501 E284.92397
M204 S1000
G0 F9000 X110.425 Y117.7
G0 X111.442 Y117.638
G1 F1500 E283.92397
G0 F9000 X114.343 Y119.123
G0 X115.321 Y118.619
G0 X119.567 Y118.815
G0 X120.49 Y119.41
G0 X121.262 Y119.257
;TYPE:FILL
G1 F1500 E284.92397
G1 F2155 X121.44 Y119.372 E284.93137
G1 X122.705 Y119.942 E284.97982
G1 X123.174 Y120.092 E284.99702
G0 F9000 X118.916 Y111.248
G0 X118.674 Y110.945
M204 S2000
;TYPE:WALL-INNER
G1 F2155 X118.675 Y113.95 E285.10196
G1 X119.25 Y114.181 E285.1236
G1 X119.9 Y114.62 E285.151
G1 X120.451 Y115.189 E285.17866
G1 X120.835 Y115.791 E285.20359
G1 X121.127 Y116.541 E285.2317
G1 X121.243 Y117.295 E285.25834
G1 X121.2 Y118.107 E285.28674
G1 X121.001 Y118.842 E285.31333
G1 X120.662 Y119.519 E285.33977
G1 X120.176 Y120.127 E285.36696
G1 X119.593 Y120.61 E285.3934
G1 X118.958 Y120.95 E285.41855
G1 X118.675 Y121.045 E285.42898
G1 X118.675 Y124.055 E285.5341
G1 X119.362 Y123.901 E285.55868
G1 X120.174 Y123.606 E285.58885
G1 X120.945 Y123.206 E285.61919
G1 X121.802 Y122.614 E285.65556
G1 X122.562 Y121.84 E285.69345
G1 X123.08 Y121.15 E285.72358
G1 X123.509 Y120.386 E285.75418
G1 X123.905 Y119.413 E285.79087
G1 X124.11 Y118.37 E285.82799
G1 X124.166 Y117.498 E285.8585
G1 X124.114 Y116.682 E285.88706
G1 X123.954 Y115.833 E285.91723
G1 X123.62 Y114.815 E285.95465
G1 X123.108 Y113.899 E285.99129
G1 X122.589 Y113.192 E286.02192
G1 X121.99 Y112.57 E286.05208
G1 X121.672 Y112.298 E286.06669
G1 X120.994 Y111.823 E286.0956
G1 X120.229 Y111.418 E286.12583
G1 X119.406 Y111.112 E286.1565
G1 X118.674 Y110.945 E286.18272
M204 S1000
G0 F9000 X118.254 Y110.459
M204 S2000
;TYPE:WALL-OUTER
G1 F2155 X118.255 Y114.263 E286.31557
G1 X118.441 Y114.308 E286.32225
G1 X119.069 Y114.566 E286.34596
G1 X119.62 Y114.934 E286.3691
G1 X120.112 Y115.438 E286.3937
G1 X120.468 Y115.996 E286.41681
G1 X120.714 Y116.64 E286.44089
G1 X120.823 Y117.322 E286.46501
G1 X120.79 Y118.004 E286.48885
G1 X120.611 Y118.683 E286.51338
G1 X120.312 Y119.28 E286.53669
G1 X119.876 Y119.832 E286.56126
G1 X119.354 Y120.264 E286.58492
G1 X118.762 Y120.578 E286.60832
G1 X118.255 Y120.729 E286.6268
G1 X118.255 Y124.54 E286.75989
G1 X118.632 Y124.496 E286.77315
G1 X119.48 Y124.305 E286.8035
G1 X120.343 Y123.992 E286.83556
G1 X121.162 Y123.567 E286.86779
G1 X121.895 Y123.061 E286.89889
G1 X122.225 Y122.783 E286.91396
G1 X122.881 Y122.114 E286.94668
G1 X123.432 Y121.38 E286.97874
G1 X123.888 Y120.569 E287.01123
G1 X124.215 Y119.766 E287.04151
G1 X124.349 Y119.33 E287.05744
G1 X124.528 Y118.424 E287.08969
G1 X124.587 Y117.498 E287.12209
G1 X124.532 Y116.63 E287.15247
G1 X124.362 Y115.728 E287.18452
G1 X124.073 Y114.85 E287.2168
G1 X123.887 Y114.432 E287.23278
G1 X123.462 Y113.671 E287.26322
G1 X122.911 Y112.921 E287.29572
G1 X122.278 Y112.263 E287.32761
G1 X121.93 Y111.966 E287.34359
G1 X121.214 Y111.464 E287.37413
G1 X120.401 Y111.034 E287.40624
G1 X119.526 Y110.708 E287.43885
G1 X118.628 Y110.504 E287.47101
G1 X118.254 Y110.459 E287.48417
M204 S1000
G0 F9000 X118.254 Y110.659
G0 X119.274 Y111.498
G1 F1500 E286.48417
;MESH:NONMESH
G0 F600 X119.274 Y111.498 Z7.6
G0 F9000 X118.469 Y114.093
G0 X117.506 Y115.038
;TIME_ELAPSED:317.433285
;LAYER:37
;TYPE:SUPPORT
G1 F1500 E287.48417
G1 F2110.8 X117.59 Y115.077 E287.48724
G1 X117.533 Y115.002 E287.49037
G1 X117.336 Y115.258 E287.50108
G1 X116.842 Y115.386 E287.51802
G1 X116.305 Y115.625 E287.53752
G1 X115.989 Y115.876 E287.55091
G1 X119.705 Y117.608 E287.68692
G1 X119.694 Y117.851 E287.69499
G1 X119.581 Y118.283 E287.70981
G1 X119.372 Y118.694 E287.72511
G1 X119.195 Y118.915 E287.7345
G1 X115.323 Y117.11 E287.87623
G1 X115.276 Y117.417 E287.88654
G1 X115.353 Y118.08 E287.90868
G1 X115.525 Y118.514 E287.92417
G1 X115.782 Y118.908 E287.93978
G1 X116.036 Y119.158 E287.9516
G1 X116.412 Y119.426 E287.96692
G1 X116.828 Y119.607 E287.98197
G1 X117.335 Y119.738 E287.99935
G1 X117.533 Y119.994 E288.01008
G1 X117.705 Y119.765 E288.01958
G1 X115.744 Y118.851 E288.09136
G1 F1500 E287.09136
;MESH:Encoder_Knob.stl
G0 F9000 X114.343 Y119.123
G0 X111.162 Y117.915
G0 X110.884 Y117.93
M204 S2000
;TYPE:WALL-INNER
G1 F1500 E288.09136
G1 F2110.8 X110.985 Y118.732 E288.11959
G1 X111.2 Y119.573 E288.14991
G1 X111.529 Y120.382 E288.18041
G1 X111.914 Y121.071 E288.20797
G1 X112.436 Y121.784 E288.23883
G1 X113.034 Y122.404 E288.26892
G1 X113.835 Y123.046 E288.30477
G1 X114.791 Y123.553 E288.34256
G1 X115.606 Y123.855 E288.37291
G1 X116.414 Y124.039 E288.40185
G1 X116.414 Y121.077 E288.50529
G1 X115.838 Y120.862 E288.52676
G1 X115.474 Y120.654 E288.5414
G1 X114.853 Y120.154 E288.56925
G1 X114.616 Y119.894 E288.58153
G1 X114.164 Y119.219 E288.6099
G1 X113.879 Y118.469 E288.63792
G1 X113.761 Y117.742 E288.66365
G1 X113.759 Y117.284 E288.67964
G1 X113.877 Y116.526 E288.70643
G1 X114.158 Y115.8 E288.73362
G1 X114.584 Y115.146 E288.76088
G1 X114.854 Y114.845 E288.775
G1 X115.433 Y114.376 E288.80102
G1 X115.835 Y114.139 E288.81732
G1 X116.414 Y113.923 E288.8389
G1 X116.414 Y110.959 E288.94241
G1 X115.457 Y111.175 E288.97667
G1 X114.458 Y111.607 E289.01468
G1 X113.72 Y112.052 E289.04478
G1 X113.032 Y112.601 E289.07552
G1 X112.48 Y113.168 E289.10315
G1 X111.949 Y113.871 E289.13392
G1 X111.738 Y114.218 E289.1481
G1 X111.342 Y115.042 E289.18003
G1 X111.028 Y115.978 E289.21451
G1 X110.882 Y117.072 E289.25305
G1 X110.884 Y117.93 E289.28302
M204 S1000
G0 F9000 X110.462 Y117.044
M204 S2000
;TYPE:WALL-OUTER
G1 F2110.8 X110.464 Y117.956 E289.31487
G1 X110.571 Y118.811 E289.34496
G1 X110.8 Y119.705 E289.37719
G1 X111.149 Y120.564 E289.40957
G1 X111.56 Y121.299 E289.43898
G1 X112.114 Y122.055 E289.47171
G1 X112.75 Y122.714 E289.5037
G1 X113.415 Y123.248 E289.53348
G1 X113.806 Y123.506 E289.54984
G1 X114.619 Y123.937 E289.58198
G1 X115.486 Y124.258 E289.61426
G1 X116.392 Y124.464 E289.64671
G1 X116.834 Y124.514 E289.66225
G1 X116.834 Y120.756 E289.79349
G1 X116.651 Y120.717 E289.80002
G1 X116.003 Y120.472 E289.82421
G1 X115.689 Y120.292 E289.83685
G1 X115.151 Y119.858 E289.86099
G1 X114.917 Y119.599 E289.87318
G1 X114.543 Y119.029 E289.89699
G1 X114.286 Y118.365 E289.92186
G1 X114.177 Y117.681 E289.94605
G1 X114.179 Y117.304 E289.95921
G1 X114.286 Y116.635 E289.98287
G1 X114.537 Y115.982 E290.00731
G1 X114.919 Y115.399 E290.03165
G1 X115.175 Y115.119 E290.0449
G1 X115.691 Y114.707 E290.06796
G1 X116.033 Y114.514 E290.08167
G1 X116.683 Y114.274 E290.10587
G1 X116.834 Y114.244 E290.11124
G1 X116.834 Y110.487 E290.24245
G1 X116.388 Y110.535 E290.25812
G1 X115.554 Y110.722 E290.28797
G1 X115.112 Y110.866 E290.3042
G1 X114.265 Y111.233 E290.33644
G1 X113.48 Y111.706 E290.36844
G1 X112.749 Y112.289 E290.4011
G1 X112.16 Y112.894 E290.43059
G1 X111.601 Y113.635 E290.463
G1 X111.368 Y114.017 E290.47863
G1 X110.952 Y114.884 E290.51221
G1 X110.692 Y115.659 E290.54076
G1 X110.586 Y116.109 E290.5569
G1 X110.462 Y117.044 E290.58984
M204 S1000
G0 F9000 X110.462 Y117.244
G0 X111.483 Y117.244
G1 F1500 E289.58984
G0 F9000 X114.343 Y119.123
G0 X115.321 Y118.619
G0 X119.567 Y118.815
G0 X120.49 Y119.41
G0 X121.251 Y119.274
;TYPE:FILL
G1 F1500 E290.58984
G1 F2110.8 X122.877 Y120.175 E290.65476
G1 X123.058 Y120.245 E290.66154
G0 F9000 X118.916 Y123.718
G0 X118.675 Y124.02
M204 S2000
;TYPE:WALL-INNER
G1 F2110.8 X119.342 Y123.87 E290.68542
G1 X120.148 Y123.579 E290.71534
G1 X120.931 Y123.173 E290.74615
G1 X121.607 Y122.706 E290.77484
G1 X121.963 Y122.406 E290.7911
G1 X122.525 Y121.827 E290.81928
G1 X123.053 Y121.124 E290.84998
G1 X123.28 Y120.753 E290.86517
G1 X123.726 Y119.834 E290.90085
G1 X124.002 Y118.803 E290.93812
G1 X124.118 Y117.928 E290.96894
G1 X124.117 Y117.071 E290.99887
G1 X123.986 Y116.042 E291.0351
G1 X123.655 Y115.03 E291.07228
G1 X123.274 Y114.243 E291.10282
G1 X122.826 Y113.549 E291.13167
G1 X122.569 Y113.224 E291.14614
G1 X121.973 Y112.603 E291.1762
G1 X121.643 Y112.321 E291.19136
G1 X120.986 Y111.86 E291.21939
G1 X120.219 Y111.451 E291.24974
G1 X119.4 Y111.147 E291.28025
G1 X118.675 Y110.981 E291.30623
G1 X118.675 Y113.95 E291.40991
G1 X119.253 Y114.182 E291.43166
G1 X119.9 Y114.62 E291.45895
G1 X120.438 Y115.171 E291.48584
G1 X120.852 Y115.824 E291.51284
G1 X121.13 Y116.569 E291.54062
G1 X121.246 Y117.299 E291.56643
G1 X121.206 Y118.067 E291.59329
G1 X121.007 Y118.827 E291.62072
G1 X120.667 Y119.505 E291.64721
G1 X120.178 Y120.124 E291.67476
G1 X119.593 Y120.61 E291.70132
G1 X118.958 Y120.95 E291.72648
G1 X118.675 Y121.045 E291.7369
G1 X118.675 Y124.02 E291.8408
M204 S1000
G0 F9000 X118.916 Y123.718
G0 X121.194 Y118.897
G0 X121.444 Y117.297
G0 X118.519 Y110.793
G0 X118.255 Y110.495
M204 S2000
;TYPE:WALL-OUTER
G1 F2110.8 X118.255 Y114.263 E291.97239
G1 X118.441 Y114.308 E291.97907
G1 X119.031 Y114.546 E292.00129
G1 X119.619 Y114.933 E292.02587
G1 X120.108 Y115.432 E292.05027
G1 X120.474 Y116.007 E292.07407
G1 X120.72 Y116.66 E292.09844
G1 X120.823 Y117.318 E292.1217
G1 X120.789 Y118.012 E292.14597
G1 X120.618 Y118.664 E292.16951
G1 X120.304 Y119.292 E292.19403
G1 X119.876 Y119.831 E292.21807
G1 X119.333 Y120.277 E292.24261
G1 X118.762 Y120.578 E292.26515
G1 X118.255 Y120.729 E292.28362
G1 X118.255 Y124.505 E292.41549
G1 X118.627 Y124.462 E292.42857
G1 X119.46 Y124.274 E292.45839
G1 X120.316 Y123.965 E292.49018
G1 X121.148 Y123.534 E292.5229
G1 X121.863 Y123.04 E292.55325
G1 X122.25 Y122.714 E292.57092
G1 X122.845 Y122.101 E292.60075
G1 X123.401 Y121.36 E292.63311
G1 X123.649 Y120.955 E292.64969
G1 X124.017 Y120.196 E292.67915
G1 X124.177 Y119.773 E292.69494
G1 X124.415 Y118.885 E292.72705
G1 X124.538 Y117.955 E292.75981
G1 X124.537 Y117.044 E292.79163
G1 X124.426 Y116.175 E292.82222
G1 X124.332 Y115.748 E292.83749
G1 X124.045 Y114.872 E292.86968
G1 X123.641 Y114.037 E292.90208
G1 X123.168 Y113.304 E292.93254
G1 X122.886 Y112.948 E292.9484
G1 X122.261 Y112.297 E292.97992
G1 X121.901 Y111.989 E292.99647
G1 X121.206 Y111.502 E293.0261
G1 X120.392 Y111.067 E293.05834
G1 X119.52 Y110.743 E293.09082
G1 X118.623 Y110.538 E293.12296
G1 X118.255 Y110.495 E293.1359
M204 S1000
G0 F9000 X118.255 Y110.695
G0 X119.274 Y111.534
G1 F1500 E292.1359
;MESH:NONMESH
G0 F600 X119.274 Y111.534 Z7.8
G0 F9000 X118.469 Y114.093
G0 X117.506 Y115.038
;TIME_ELAPSED:324.458187
;LAYER:38
;TYPE:SUPPORT
G1 F1500 E293.1359
G1 F2117.2 X117.59 Y115.077 E293.13897
G1 X117.533 Y115.002 E293.14209
G1 X117.336 Y115.258 E293.15281
G1 X116.842 Y115.386 E293.16974
G1 X116.305 Y115.625 E293.18924
G1 X115.989 Y115.876 E293.20263
G1 X119.705 Y117.608 E293.33865
G1 X119.694 Y117.851 E293.34672
G1 X119.581 Y118.283 E293.36154
G1 X119.372 Y118.694 E293.37683
G1 X119.195 Y118.915 E293.38623
G1 X115.323 Y117.11 E293.52796
G1 X115.276 Y117.417 E293.53826
G1 X115.353 Y118.08 E293.56041
G1 X115.525 Y118.514 E293.5759
G1 X115.782 Y118.908 E293.5915
G1 X116.036 Y119.158 E293.60333
G1 X116.412 Y119.426 E293.61865
G1 X116.828 Y119.607 E293.6337
G1 X117.335 Y119.738 E293.65107
G1 X117.533 Y119.994 E293.66181
G1 X117.705 Y119.765 E293.67131
G1 X115.744 Y118.851 E293.74309
G1 F1500 E292.74309
;MESH:Encoder_Knob.stl
G0 F9000 X114.343 Y119.123
G0 X111.196 Y117.084
G0 X110.918 Y117.072
M204 S2000
;TYPE:WALL-INNER
G1 F1500 E293.74309
G1 F2117.2 X110.918 Y117.929 E293.77302
G1 X111.048 Y118.948 E293.80889
G1 X111.381 Y119.966 E293.8463
G1 X111.755 Y120.738 E293.87626
G1 X112.315 Y121.603 E293.91224
G1 X113.053 Y122.373 E293.94949
G1 X113.386 Y122.656 E293.96475
G1 X114.218 Y123.241 E294.00027
G1 X115.223 Y123.692 E294.03874
G1 X115.594 Y123.817 E294.05242
G1 X116.414 Y124.002 E294.08177
G1 X116.414 Y121.077 E294.18392
G1 X115.835 Y120.861 E294.2055
G1 X115.427 Y120.62 E294.22205
G1 X114.852 Y120.153 E294.24792
G1 X114.592 Y119.865 E294.26147
G1 X114.159 Y119.201 E294.28916
G1 X113.873 Y118.445 E294.31738
G1 X113.761 Y117.743 E294.34221
G1 X113.759 Y117.284 E294.35824
G1 X113.881 Y116.523 E294.38516
G1 X114.177 Y115.765 E294.41357
G1 X114.583 Y115.146 E294.43943
G1 X114.856 Y114.843 E294.45367
G1 X115.433 Y114.375 E294.47962
G1 X115.835 Y114.139 E294.4959
G1 X116.414 Y113.923 E294.51748
G1 X116.414 Y110.997 E294.61966
G1 X115.609 Y111.181 E294.6485
G1 X114.869 Y111.449 E294.67599
G1 X114.482 Y111.634 E294.69097
G1 X113.742 Y112.078 E294.7211
G1 X113.053 Y112.629 E294.75191
G1 X112.509 Y113.184 E294.77905
G1 X111.986 Y113.878 E294.8094
G1 X111.561 Y114.636 E294.83975
G1 X111.256 Y115.378 E294.86777
G1 X111.034 Y116.195 E294.89734
G1 X110.918 Y117.072 E294.92823
M204 S1000
G0 F9000 X110.498 Y117.044
M204 S2000
;TYPE:WALL-OUTER
G1 F2117.2 X110.498 Y117.956 E294.96008
G1 X110.637 Y119.043 E294.99835
G1 X110.991 Y120.124 E295.03807
G1 X111.388 Y120.944 E295.06989
G1 X111.856 Y121.667 E295.09997
G1 X112.139 Y122.026 E295.11593
G1 X112.765 Y122.679 E295.14752
G1 X113.128 Y122.988 E295.16417
G1 X113.819 Y123.474 E295.19368
G1 X114.204 Y123.695 E295.20918
G1 X115.069 Y124.084 E295.2423
G1 X115.48 Y124.222 E295.25744
G1 X116.397 Y124.429 E295.29027
G1 X116.834 Y124.478 E295.30563
G1 X116.834 Y120.756 E295.43561
G1 X116.651 Y120.717 E295.44215
G1 X116.003 Y120.472 E295.46634
G1 X115.689 Y120.292 E295.47898
G1 X115.151 Y119.858 E295.50312
G1 X114.922 Y119.605 E295.51504
G1 X114.537 Y119.018 E295.53955
G1 X114.29 Y118.378 E295.56351
G1 X114.177 Y117.682 E295.58814
G1 X114.179 Y117.304 E295.60134
G1 X114.287 Y116.633 E295.62507
G1 X114.534 Y115.99 E295.64913
G1 X114.919 Y115.399 E295.67376
G1 X115.175 Y115.119 E295.68701
G1 X115.691 Y114.707 E295.71007
G1 X116.033 Y114.514 E295.72379
G1 X116.683 Y114.274 E295.74798
G1 X116.834 Y114.244 E295.75336
G1 X116.834 Y110.522 E295.88334
G1 X116.399 Y110.57 E295.89863
G1 X115.49 Y110.777 E295.93119
G1 X114.707 Y111.061 E295.96027
G1 X114.283 Y111.263 E295.97668
G1 X113.502 Y111.732 E296.00849
G1 X112.771 Y112.317 E296.04119
G1 X112.19 Y112.91 E296.07018
G1 X111.634 Y113.648 E296.10245
G1 X111.182 Y114.453 E296.13469
G1 X110.857 Y115.243 E296.16452
G1 X110.622 Y116.112 E296.19596
G1 X110.498 Y117.044 E296.2288
M204 S1000
G0 F9000 X110.498 Y117.244
G0 X111.518 Y117.244
G1 F1500 E295.2288
G0 F9000 X114.343 Y119.123
G0 X115.321 Y118.619
G0 X118.861 Y119.537
G0 X119.472 Y120.451
G0 X121.216 Y119.35
;TYPE:FILL
G1 F1500 E296.2288
G1 F2117.2 X122.524 Y120.175 E296.2828
G1 X122.94 Y120.397 E296.29927
G0 F9000 X121.238 Y116.188
G0 X118.913 Y111.301
G0 X118.674 Y110.98
M204 S2000
;TYPE:WALL-INNER
G1 F2117.2 X118.675 Y113.95 E296.40299
G1 X119.249 Y114.181 E296.4246
G1 X119.891 Y114.608 E296.45153
G1 X120.426 Y115.157 E296.4783
G1 X120.852 Y115.824 E296.50594
G1 X121.125 Y116.549 E296.53299
G1 X121.246 Y117.299 E296.55952
G1 X121.206 Y118.068 E296.58642
G1 X121.001 Y118.842 E296.61438
G1 X120.661 Y119.52 E296.64087
G1 X120.188 Y120.113 E296.66736
G1 X119.596 Y120.609 E296.69433
G1 X118.958 Y120.95 E296.71959
G1 X118.675 Y121.045 E296.73002
G1 X118.674 Y124.017 E296.83381
G1 X119.738 Y123.705 E296.87253
G1 X120.124 Y123.552 E296.88703
G1 X120.92 Y123.141 E296.91832
G1 X121.609 Y122.66 E296.94766
G1 X122.375 Y121.967 E296.98374
G1 X123.018 Y121.117 E297.02096
G1 X123.444 Y120.357 E297.05139
G1 X123.744 Y119.621 E297.07914
G1 X123.966 Y118.802 E297.10878
G1 X124.083 Y117.927 E297.13961
G1 X124.082 Y117.071 E297.1695
G1 X123.982 Y116.284 E297.19721
G1 X123.766 Y115.435 E297.2278
G1 X123.629 Y115.059 E297.24178
G1 X123.238 Y114.251 E297.27313
G1 X122.813 Y113.592 E297.30051
G1 X122.26 Y112.934 E297.33053
G1 X121.622 Y112.351 E297.36071
G1 X120.9 Y111.849 E297.39142
G1 X120.011 Y111.383 E297.42647
G1 X118.674 Y110.98 E297.47524
M204 S1000
G0 F9000 X118.913 Y111.301
G0 X121.319 Y116.491
G0 X121.402 Y118.108
G0 X118.52 Y124.172
G0 X118.254 Y124.469
M204 S2000
;TYPE:WALL-OUTER
G1 F2117.2 X118.874 Y124.396 E297.49704
G1 X119.874 Y124.103 E297.53343
G1 X120.298 Y123.935 E297.54936
G1 X121.138 Y123.501 E297.58238
G1 X121.871 Y122.989 E297.61361
G1 X122.511 Y122.411 E297.64372
G1 X122.813 Y122.084 E297.65927
G1 X123.37 Y121.347 E297.69153
G1 X123.823 Y120.54 E297.72385
G1 X124.143 Y119.756 E297.75342
G1 X124.379 Y118.885 E297.78494
G1 X124.503 Y117.955 E297.8177
G1 X124.502 Y117.045 E297.84948
G1 X124.396 Y116.206 E297.87902
G1 X124.168 Y115.311 E297.91127
G1 X124.016 Y114.895 E297.92674
G1 X123.605 Y114.045 E297.95971
G1 X123.151 Y113.342 E297.98894
G1 X122.564 Y112.643 E298.02081
G1 X121.885 Y112.022 E298.05295
G1 X121.118 Y111.489 E298.08557
G1 X120.387 Y111.106 E298.11439
G1 X119.952 Y110.927 E298.13082
G1 X118.884 Y110.604 E298.16978
G1 X118.254 Y110.531 E298.19193
G1 X118.255 Y114.263 E298.32226
G1 X118.441 Y114.308 E298.32895
G1 X119.031 Y114.546 E298.35117
G1 X119.618 Y114.932 E298.3757
G1 X120.104 Y115.427 E298.39993
G1 X120.474 Y116.007 E298.42395
G1 X120.718 Y116.653 E298.44807
G1 X120.824 Y117.335 E298.47217
G1 X120.789 Y118.012 E298.49585
G1 X120.619 Y118.661 E298.51928
G1 X120.312 Y119.279 E298.54338
G1 X119.878 Y119.829 E298.56784
G1 X119.355 Y120.264 E298.5916
G1 X118.762 Y120.578 E298.61503
G1 X118.255 Y120.729 E298.63351
G1 X118.254 Y124.469 E298.76412
M204 S1000
G0 F9000 X118.452 Y124.446
G0 X119.274 Y123.442
G1 F1500 E297.76412
;MESH:NONMESH
G0 F600 X119.274 Y123.442 Z8
G0 F9000 X119.472 Y120.451
G0 X118.861 Y119.537
G0 X117.506 Y115.038
;TIME_ELAPSED:331.645258
;LAYER:39
;TYPE:SUPPORT
G1 F1500 E298.76412
G1 F2077.3 X117.59 Y115.077 E298.76719
G1 X117.533 Y115.002 E298.77032
G1 X117.336 Y115.258 E298.78104
G1 X116.842 Y115.386 E298.79797
G1 X116.305 Y115.625 E298.81747
G1 X115.989 Y115.876 E298.83086
G1 X119.705 Y117.608 E298.96687
G1 X119.694 Y117.851 E298.97495
G1 X119.581 Y118.283 E298.98976
G1 X119.372 Y118.694 E299.00506
G1 X119.195 Y118.915 E299.01445
G1 X115.323 Y117.11 E299.15618
G1 X115.276 Y117.417 E299.16649
G1 X115.353 Y118.08 E299.18863
G1 X115.525 Y118.514 E299.20412
G1 X115.782 Y118.908 E299.21973
G1 X116.036 Y119.158 E299.23155
G1 X116.412 Y119.426 E299.24687
G1 X116.828 Y119.607 E299.26192
G1 X117.335 Y119.738 E299.2793
G1 X117.533 Y119.994 E299.29003
G1 X117.705 Y119.765 E299.29954
G1 X115.744 Y118.851 E299.37131
G1 F1500 E298.37131
;MESH:Encoder_Knob.stl
G0 F9000 X114.343 Y119.123
G0 X111.224 Y117.681
G0 X110.926 Y117.69
M204 S2000
;TYPE:WALL-INNER
G1 F1500 E299.37131
G1 F2077.3 X111.052 Y118.704 E299.407
G1 X111.265 Y119.544 E299.43726
G1 X111.592 Y120.353 E299.46774
G1 X111.962 Y121.018 E299.49431
G1 X112.485 Y121.729 E299.52514
G1 X113.214 Y122.49 E299.56194
G1 X114.038 Y123.072 E299.59717
G1 X114.814 Y123.485 E299.62787
G1 X115.626 Y123.787 E299.65813
G1 X116.414 Y123.967 E299.68635
G1 X116.414 Y121.077 E299.78728
G1 X115.835 Y120.861 E299.80886
G1 X115.427 Y120.62 E299.82541
G1 X114.852 Y120.153 E299.85128
G1 X114.56 Y119.821 E299.86672
G1 X114.176 Y119.233 E299.89125
G1 X113.879 Y118.468 E299.91991
G1 X113.761 Y117.742 E299.9456
G1 X113.758 Y117.294 E299.96124
G1 X113.88 Y116.527 E299.98836
G1 X114.167 Y115.783 E300.01621
G1 X114.57 Y115.165 E300.04198
G1 X114.855 Y114.844 E300.05697
G1 X115.496 Y114.332 E300.08562
G1 X115.886 Y114.12 E300.10112
G1 X116.414 Y113.923 E300.1208
G1 X116.414 Y111.033 E300.22173
G1 X115.616 Y111.215 E300.25032
G1 X114.683 Y111.556 E300.28501
G1 X113.759 Y112.11 E300.32263
G1 X113.076 Y112.656 E300.35317
G1 X112.391 Y113.358 E300.38742
G1 X111.673 Y114.447 E300.43298
G1 X111.267 Y115.456 E300.47096
G1 X111.013 Y116.423 E300.50588
G1 X110.926 Y117.69 E300.55023
M204 S1000
G0 F9000 X110.504 Y117.712
M204 S2000
;TYPE:WALL-OUTER
G1 F2077.3 X110.638 Y118.782 E300.58789
G1 X110.865 Y119.675 E300.62007
G1 X111.212 Y120.535 E300.65245
G1 X111.608 Y121.245 E300.68084
G1 X112.163 Y122 E300.71357
G1 X112.79 Y122.654 E300.74521
G1 X113.15 Y122.96 E300.76171
G1 X113.818 Y123.43 E300.79023
G1 X114.641 Y123.869 E300.82281
G1 X115.506 Y124.191 E300.85504
G1 X116.406 Y124.395 E300.88727
G1 X116.834 Y124.444 E300.90231
G1 X116.834 Y120.756 E301.03111
G1 X116.651 Y120.717 E301.03765
G1 X116.003 Y120.472 E301.06184
G1 X115.689 Y120.292 E301.07448
G1 X115.151 Y119.858 E301.09862
G1 X114.929 Y119.614 E301.11014
G1 X114.543 Y119.029 E301.13462
G1 X114.286 Y118.364 E301.15951
G1 X114.177 Y117.678 E301.18377
G1 X114.177 Y117.322 E301.1962
G1 X114.286 Y116.634 E301.22053
G1 X114.54 Y115.977 E301.24513
G1 X114.923 Y115.393 E301.26952
G1 X115.175 Y115.119 E301.28252
G1 X115.712 Y114.692 E301.30648
G1 X116.033 Y114.514 E301.3193
G1 X116.683 Y114.274 E301.3435
G1 X116.834 Y114.244 E301.34887
G1 X116.834 Y110.557 E301.47764
G1 X116.407 Y110.604 E301.49264
G1 X115.497 Y110.811 E301.52523
G1 X114.501 Y111.175 E301.56226
G1 X113.519 Y111.764 E301.60225
G1 X112.793 Y112.344 E301.63471
G1 X112.222 Y112.93 E301.66328
G1 X111.938 Y113.281 E301.67905
G1 X111.413 Y114.078 E301.71238
G1 X111.218 Y114.453 E301.72714
G1 X110.867 Y115.324 E301.75993
G1 X110.653 Y116.136 E301.78926
G1 X110.581 Y116.574 E301.80476
G1 X110.504 Y117.712 E301.84459
M204 S1000
G0 F9000 X110.528 Y117.91
G0 X111.551 Y117.877
G1 F1500 E300.84459
G0 F9000 X114.747 Y119.738
G0 X115.766 Y119.232
G0 X118.861 Y119.537
G0 X119.472 Y120.451
G0 X121.175 Y119.426
;TYPE:FILL
G1 F1500 E301.84459
G1 F2077.3 X122.239 Y120.175 E301.89004
G1 X122.833 Y120.542 E301.91442
G0 F9000 X121.049 Y115.72
G0 X118.913 Y111.338
G0 X118.675 Y111.016
M204 S2000
;TYPE:WALL-INNER
G1 F2077.3 X118.675 Y113.95 E302.01689
G1 X119.248 Y114.18 E302.03845
G1 X119.892 Y114.609 E302.06547
G1 X120.426 Y115.157 E302.09219
G1 X120.853 Y115.825 E302.11988
G1 X121.127 Y116.542 E302.14669
G1 X121.247 Y117.309 E302.1738
G1 X121.199 Y118.11 E302.20182
G1 X121.001 Y118.843 E302.22834
G1 X120.656 Y119.523 E302.25497
G1 X120.177 Y120.125 E302.28183
G1 X119.596 Y120.609 E302.30824
G1 X118.958 Y120.95 E302.33351
G1 X118.675 Y121.045 E302.34393
G1 X118.675 Y123.98 E302.44643
G1 X119.71 Y123.677 E302.48409
G1 X120.512 Y123.33 E302.51461
G1 X120.886 Y123.12 E302.52959
G1 X121.765 Y122.506 E302.56704
G1 X122.471 Y121.784 E302.6023
G1 X122.736 Y121.455 E302.61706
G1 X123.32 Y120.566 E302.6542
G1 X123.714 Y119.604 E302.69051
G1 X123.829 Y119.225 E302.70434
G1 X124.003 Y118.363 E302.73505
G1 X124.074 Y117.303 E302.77215
G1 X123.921 Y116.071 E302.81551
G1 X123.59 Y115.061 E302.85262
G1 X123.207 Y114.266 E302.88344
G1 X122.789 Y113.619 E302.91034
G1 X122.238 Y112.962 E302.94029
G1 X121.597 Y112.376 E302.97062
G1 X120.887 Y111.881 E303.00085
G1 X120.009 Y111.42 E303.03548
G1 X118.675 Y111.016 E303.08415
M204 S1000
G0 F9000 X118.255 Y110.566
M204 S2000
;TYPE:WALL-OUTER
G1 F2077.3 X118.255 Y114.263 E303.21327
G1 X118.441 Y114.308 E303.21995
G1 X119.069 Y114.566 E303.24366
G1 X119.617 Y114.932 E303.26667
G1 X120.104 Y115.427 E303.29092
G1 X120.474 Y116.007 E303.31495
G1 X120.714 Y116.64 E303.33859
G1 X120.823 Y117.321 E303.36268
G1 X120.79 Y118.004 E303.38656
G1 X120.611 Y118.683 E303.41108
G1 X120.304 Y119.292 E303.4349
G1 X119.876 Y119.831 E303.45893
G1 X119.355 Y120.264 E303.48259
G1 X118.762 Y120.578 E303.50603
G1 X118.255 Y120.729 E303.5245
G1 X118.255 Y124.435 E303.65393
G1 X118.873 Y124.36 E303.67567
G1 X119.853 Y124.073 E303.71133
G1 X120.699 Y123.707 E303.74352
G1 X121.11 Y123.476 E303.75999
G1 X122.042 Y122.825 E303.79969
G1 X122.785 Y122.063 E303.83686
G1 X123.076 Y121.703 E303.85302
G1 X123.574 Y120.944 E303.88472
G1 X123.791 Y120.525 E303.9012
G1 X124.11 Y119.745 E303.93063
G1 X124.237 Y119.328 E303.94586
G1 X124.421 Y118.419 E303.97825
G1 X124.495 Y117.286 E304.0179
G1 X124.36 Y116.204 E304.05598
G1 X124.269 Y115.785 E304.07095
G1 X123.98 Y114.904 E304.10333
G1 X123.574 Y114.06 E304.13604
G1 X123.128 Y113.369 E304.16476
G1 X122.542 Y112.671 E304.19659
G1 X121.86 Y112.047 E304.22887
G1 X121.105 Y111.521 E304.26101
G1 X120.381 Y111.141 E304.28956
G1 X119.945 Y110.962 E304.30602
G1 X118.882 Y110.64 E304.34481
G1 X118.255 Y110.566 E304.36686
M204 S1000
G0 F9000 X118.255 Y110.766
G0 X119.274 Y111.595
G1 F1500 E303.36686
;MESH:NONMESH
G0 F600 X119.274 Y111.595 Z8.2
G0 F9000 X118.469 Y114.093
G0 X117.506 Y115.038
;TIME_ELAPSED:338.468901
;LAYER:40
;TYPE:SUPPORT
G1 F1500 E304.36686
G1 F2054.8 X117.59 Y115.077 E304.36993
G1 X117.533 Y115.002 E304.37306
G1 X117.336 Y115.258 E304.38378
G1 X116.842 Y115.386 E304.40071
G1 X116.305 Y115.625 E304.42021
G1 X115.989 Y115.876 E304.4336
G1 X119.705 Y117.608 E304.56962
G1 X119.694 Y117.851 E304.57769
G1 X119.581 Y118.283 E304.5925
G1 X119.372 Y118.694 E304.6078
G1 X119.195 Y118.915 E304.61719
G1 X115.323 Y117.11 E304.75893
G1 X115.276 Y117.417 E304.76923
G1 X115.353 Y118.08 E304.79137
G1 X115.525 Y118.514 E304.80686
G1 X115.782 Y118.908 E304.82247
G1 X116.036 Y119.158 E304.83429
G1 X116.412 Y119.426 E304.84961
G1 X116.828 Y119.607 E304.86466
G1 X117.335 Y119.738 E304.88204
G1 X117.533 Y119.994 E304.89277
G1 X117.705 Y119.765 E304.90228
G1 X115.744 Y118.851 E304.97406
G1 F1500 E303.97406
;MESH:Encoder_Knob.stl
G0 F9000 X114.343 Y119.123
G0 X111.268 Y117.915
G0 X110.989 Y117.931
M204 S2000
;TYPE:WALL-INNER
G1 F1500 E304.97406
G1 F2054.8 X111.085 Y118.691 E305.00081
G1 X111.297 Y119.527 E305.03093
G1 X111.623 Y120.335 E305.06136
G1 X112.049 Y121.085 E305.09148
G1 X112.501 Y121.696 E305.11802
G1 X113.1 Y122.318 E305.14818
G1 X113.782 Y122.862 E305.17864
G1 X114.437 Y123.261 E305.20543
G1 X115.233 Y123.621 E305.23594
G1 X115.611 Y123.748 E305.24987
G1 X116.414 Y123.93 E305.27862
G1 X116.414 Y121.077 E305.37826
G1 X115.839 Y120.862 E305.39969
G1 X115.492 Y120.665 E305.41363
G1 X114.852 Y120.153 E305.44225
G1 X114.58 Y119.85 E305.45647
G1 X114.159 Y119.208 E305.48328
G1 X113.879 Y118.467 E305.51095
G1 X113.761 Y117.742 E305.5366
G1 X113.759 Y117.283 E305.55263
G1 X113.88 Y116.528 E305.57933
G1 X114.161 Y115.79 E305.60691
G1 X114.584 Y115.145 E305.63385
G1 X114.856 Y114.843 E305.64804
G1 X115.43 Y114.378 E305.67384
G1 X115.835 Y114.139 E305.69026
G1 X116.414 Y113.923 E305.71185
G1 X116.414 Y111.06 E305.81183
G1 X116.246 Y111.078 E305.81773
G1 X115.218 Y111.387 E305.85522
G1 X114.535 Y111.687 E305.88127
G1 X113.776 Y112.141 E305.91216
G1 X113.098 Y112.682 E305.94245
G1 X112.577 Y113.217 E305.96853
G1 X112.05 Y113.912 E305.99899
G1 X111.621 Y114.671 E306.02944
G1 X111.299 Y115.471 E306.05955
G1 X111.107 Y116.206 E306.08608
G1 X110.988 Y117.074 E306.11668
G1 X110.989 Y117.931 E306.14661
M204 S1000
G0 F9000 X110.568 Y117.046
M204 S2000
;TYPE:WALL-OUTER
G1 F2054.8 X110.569 Y117.957 E306.17843
G1 X110.671 Y118.769 E306.20701
G1 X110.897 Y119.658 E306.23904
G1 X111.244 Y120.518 E306.27143
G1 X111.696 Y121.315 E306.30342
G1 X112.179 Y121.968 E306.33179
G1 X112.816 Y122.63 E306.36387
G1 X113.541 Y123.207 E306.39623
G1 X114.24 Y123.633 E306.42482
G1 X115.079 Y124.013 E306.45699
G1 X115.497 Y124.153 E306.47238
G1 X116.412 Y124.36 E306.50514
G1 X116.834 Y124.408 E306.51998
G1 X116.834 Y120.756 E306.64752
G1 X116.651 Y120.717 E306.65405
G1 X116.003 Y120.472 E306.67824
G1 X115.711 Y120.307 E306.68996
G1 X115.151 Y119.858 E306.71502
G1 X114.918 Y119.6 E306.72716
G1 X114.544 Y119.03 E306.75097
G1 X114.286 Y118.364 E306.77592
G1 X114.177 Y117.682 E306.80004
G1 X114.179 Y117.304 E306.81324
G1 X114.286 Y116.634 E306.83693
G1 X114.534 Y115.99 E306.86103
G1 X114.919 Y115.399 E306.88566
G1 X115.175 Y115.119 E306.89891
G1 X115.717 Y114.69 E306.92305
G1 X116.033 Y114.514 E306.93569
G1 X116.683 Y114.274 E306.95988
G1 X116.834 Y114.244 E306.96526
G1 X116.834 Y110.592 E307.0928
G1 X116.162 Y110.665 E307.11641
G1 X115.073 Y110.992 E307.15612
G1 X114.342 Y111.313 E307.184
G1 X113.536 Y111.795 E307.21679
G1 X112.816 Y112.37 E307.24897
G1 X112.258 Y112.942 E307.27688
G1 X111.698 Y113.681 E307.30926
G1 X111.242 Y114.489 E307.34166
G1 X110.899 Y115.339 E307.37367
G1 X110.694 Y116.124 E307.40201
G1 X110.568 Y117.046 E307.43451
M204 S1000
G0 F9000 X110.568 Y117.246
G0 X111.589 Y117.246
G1 F1500 E306.43451
G0 F9000 X114.343 Y119.123
G0 X115.321 Y118.619
G0 X118.861 Y119.537
G0 X119.472 Y120.451
G0 X121.135 Y119.508
;TYPE:FILL
G1 F1500 E307.43451
G1 F2054.8 X121.994 Y120.175 E307.47249
G1 X122.709 Y120.664 E307.50274
G0 F9000 X121.049 Y115.72
G0 X118.913 Y111.373
G0 X118.674 Y111.052
M204 S2000
;TYPE:WALL-INNER
G1 F2054.8 X118.675 Y113.95 E307.60394
G1 X119.248 Y114.18 E307.62551
G1 X119.891 Y114.607 E307.65246
G1 X120.427 Y115.158 E307.67931
G1 X120.853 Y115.825 E307.70695
G1 X121.128 Y116.547 E307.73393
G1 X121.242 Y117.293 E307.76029
G1 X121.2 Y118.11 E307.78886
G1 X121.007 Y118.836 E307.81509
G1 X120.656 Y119.523 E307.84203
G1 X120.176 Y120.13 E307.86906
G1 X119.596 Y120.608 E307.89531
G1 X118.958 Y120.95 E307.92059
G1 X118.675 Y121.045 E307.93101
G1 X118.674 Y123.944 E308.03225
G1 X119.694 Y123.646 E308.06936
G1 X120.498 Y123.299 E308.09995
G1 X120.852 Y123.101 E308.11411
G1 X121.579 Y122.593 E308.14508
G1 X122.137 Y122.091 E308.1713
G1 X122.705 Y121.434 E308.20163
G1 X123.184 Y120.707 E308.23203
G1 X123.558 Y119.924 E308.26234
G1 X123.793 Y119.222 E308.28819
G1 X123.968 Y118.362 E308.31884
G1 X124.024 Y117.501 E308.34897
G1 X123.966 Y116.63 E308.37946
G1 X123.824 Y115.894 E308.40563
G1 X123.557 Y115.077 E308.43565
G1 X123.176 Y114.283 E308.46641
G1 X122.772 Y113.659 E308.49237
G1 X122.21 Y112.986 E308.52299
G1 X121.578 Y112.405 E308.55297
G1 X120.69 Y111.789 E308.59071
G1 X119.795 Y111.392 E308.6249
G1 X118.674 Y111.052 E308.66581
M204 S1000
G0 F9000 X118.254 Y110.602
M204 S2000
;TYPE:WALL-OUTER
G1 F2054.8 X118.255 Y114.263 E308.79367
G1 X118.441 Y114.308 E308.80035
G1 X119.069 Y114.566 E308.82406
G1 X119.61 Y114.926 E308.84676
G1 X120.104 Y115.428 E308.87135
G1 X120.474 Y116.007 E308.89535
G1 X120.714 Y116.64 E308.91899
G1 X120.823 Y117.321 E308.94308
G1 X120.79 Y118.005 E308.96699
G1 X120.616 Y118.67 E308.991
G1 X120.304 Y119.292 E309.0153
G1 X119.866 Y119.841 E309.03983
G1 X119.355 Y120.264 E309.06299
G1 X118.762 Y120.578 E309.08643
G1 X118.255 Y120.729 E309.1049
G1 X118.254 Y124.398 E309.23303
G1 X118.863 Y124.326 E309.25445
G1 X119.836 Y124.042 E309.28985
G1 X120.684 Y123.676 E309.3221
G1 X121.076 Y123.457 E309.33779
G1 X121.841 Y122.923 E309.37037
G1 X122.437 Y122.385 E309.39841
G1 X123.041 Y121.688 E309.43062
G1 X123.55 Y120.914 E309.46297
G1 X123.948 Y120.082 E309.49518
G1 X124.2 Y119.331 E309.52284
G1 X124.386 Y118.418 E309.55538
G1 X124.445 Y117.501 E309.58747
G1 X124.383 Y116.576 E309.61985
G1 X124.232 Y115.789 E309.64783
G1 X123.948 Y114.92 E309.67976
G1 X123.543 Y114.077 E309.71242
G1 X123.111 Y113.409 E309.74021
G1 X122.515 Y112.696 E309.77266
G1 X121.841 Y112.076 E309.80464
G1 X120.897 Y111.421 E309.84477
G1 X119.942 Y110.997 E309.88126
G1 X118.874 Y110.674 E309.92023
G1 X118.254 Y110.602 E309.94202
M204 S1000
G0 F9000 X118.254 Y110.802
G0 X119.274 Y111.63
G1 F1500 E308.94202
;MESH:NONMESH
G0 F600 X119.274 Y111.63 Z8.4
G0 F9000 X118.469 Y114.093
G0 X117.506 Y115.038
;TIME_ELAPSED:345.339760
;LAYER:41
;TYPE:SUPPORT
G1 F1500 E309.94202
G1 F2024.8 X117.59 Y115.077 E309.9451
G1 X117.533 Y115.002 E309.94822
G1 X117.336 Y115.258 E309.95894
G1 X116.842 Y115.386 E309.97587
G1 X116.305 Y115.625 E309.99537
G1 X116.009 Y115.885 E310.00844
G1 X119.705 Y117.608 E310.14373
G1 X119.694 Y117.851 E310.1518
G1 X119.581 Y118.283 E310.16662
G1 X119.372 Y118.694 E310.18191
G1 X119.195 Y118.915 E310.19131
G1 X115.323 Y117.11 E310.33304
G1 X115.276 Y117.417 E310.34335
G1 X115.353 Y118.08 E310.36549
G1 X115.525 Y118.514 E310.38098
G1 X115.782 Y118.908 E310.39659
G1 X116.036 Y119.158 E310.40841
G1 X116.412 Y119.426 E310.42373
G1 X116.828 Y119.607 E310.43878
G1 X117.335 Y119.738 E310.45615
G1 X117.533 Y119.994 E310.46689
G1 X117.705 Y119.765 E310.47639
G1 X115.744 Y118.851 E310.54817
G1 F1500 E309.54817
;MESH:Encoder_Knob.stl
G0 F9000 X114.343 Y119.123
G0 X111.322 Y118.105
G0 X111.024 Y118.135
M204 S2000
;TYPE:WALL-INNER
G1 F1500 E310.54817
G1 F2024.8 X111.209 Y119.095 E310.58232
G1 X111.48 Y119.928 E310.61291
G1 X111.648 Y120.304 E310.62729
G1 X112.084 Y121.073 E310.65816
G1 X112.528 Y121.673 E310.68423
G1 X113.122 Y122.291 E310.71416
G1 X113.804 Y122.834 E310.74461
G1 X114.445 Y123.227 E310.77087
G1 X115.235 Y123.586 E310.80117
G1 X115.627 Y123.716 E310.81559
G1 X116.414 Y123.893 E310.84377
G1 X116.414 Y121.077 E310.94211
G1 X115.839 Y120.862 E310.96355
G1 X115.492 Y120.665 E310.97748
G1 X114.852 Y120.153 E311.00611
G1 X114.58 Y119.85 E311.02033
G1 X114.16 Y119.21 E311.04706
G1 X113.877 Y118.474 E311.0746
G1 X113.76 Y117.731 E311.10087
G1 X113.759 Y117.282 E311.11655
G1 X113.88 Y116.526 E311.14328
G1 X114.159 Y115.8 E311.17045
G1 X114.566 Y115.17 E311.19664
G1 X114.913 Y114.791 E311.21458
G1 X115.47 Y114.347 E311.23946
G1 X115.886 Y114.12 E311.25601
G1 X116.414 Y113.923 E311.27569
G1 X116.414 Y111.095 E311.37445
G1 X116.256 Y111.113 E311.38001
G1 X115.227 Y111.421 E311.41752
G1 X114.557 Y111.714 E311.44306
G1 X113.786 Y112.176 E311.47445
G1 X113.464 Y112.418 E311.48851
G1 X112.813 Y113.011 E311.51927
G1 X112.336 Y113.57 E311.54493
G1 X111.854 Y114.3 E311.57548
G1 X111.387 Y115.271 E311.61311
G1 X111.144 Y116.186 E311.64617
G1 X111.024 Y117.073 E311.67743
G1 X111.024 Y118.135 E311.71452
M204 S1000
G0 F9000 X110.604 Y118.175
M204 S2000
;TYPE:WALL-OUTER
G1 F2024.8 X110.801 Y119.2 E311.75097
G1 X111.088 Y120.08 E311.7833
G1 X111.273 Y120.494 E311.79913
G1 X111.731 Y121.302 E311.83157
G1 X112.206 Y121.945 E311.85949
G1 X112.838 Y122.602 E311.89132
G1 X113.562 Y123.179 E311.92365
G1 X114.248 Y123.599 E311.95175
G1 X115.081 Y123.977 E311.98369
G1 X115.514 Y124.121 E311.99963
G1 X116.417 Y124.324 E312.03195
G1 X116.834 Y124.377 E312.04663
G1 X116.834 Y120.756 E312.17309
G1 X116.651 Y120.717 E312.17962
G1 X116.003 Y120.472 E312.20382
G1 X115.711 Y120.307 E312.21553
G1 X115.151 Y119.858 E312.24059
G1 X114.918 Y119.6 E312.25274
G1 X114.544 Y119.03 E312.27654
G1 X114.29 Y118.378 E312.30098
G1 X114.178 Y117.686 E312.32546
G1 X114.177 Y117.318 E312.33831
G1 X114.286 Y116.634 E312.3625
G1 X114.537 Y115.982 E312.3869
G1 X114.931 Y115.384 E312.41191
G1 X115.165 Y115.128 E312.42402
G1 X115.717 Y114.69 E312.44863
G1 X116.033 Y114.514 E312.46126
G1 X116.683 Y114.274 E312.48546
G1 X116.834 Y114.244 E312.49084
G1 X116.834 Y110.627 E312.61716
G1 X116.172 Y110.699 E312.64041
G1 X115.082 Y111.026 E312.68015
G1 X114.364 Y111.34 E312.70752
G1 X113.552 Y111.827 E312.74059
G1 X113.196 Y112.094 E312.75613
G1 X112.511 Y112.718 E312.78849
G1 X112 Y113.317 E312.81599
G1 X111.488 Y114.092 E312.84842
G1 X110.991 Y115.125 E312.88846
G1 X110.731 Y116.104 E312.92383
G1 X110.604 Y117.045 E312.95699
G1 X110.604 Y118.175 E312.99646
M204 S1000
G0 F9000 X110.641 Y118.371
G0 X111.66 Y118.269
G1 F1500 E311.99646
G0 F9000 X114.747 Y119.738
G0 X115.766 Y119.232
G0 X118.861 Y119.537
G0 X119.472 Y120.451
G0 X121.093 Y119.595
;TYPE:FILL
G1 F1500 E312.99646
G1 F2024.8 X121.776 Y120.175 E313.02775
G1 X122.604 Y120.791 E313.06379
G0 F9000 X118.916 Y123.571
G0 X118.675 Y123.873
M204 S2000
;TYPE:WALL-INNER
G1 F2024.8 X119.38 Y123.71 E313.08906
G1 X120.079 Y123.456 E313.11503
G1 X120.854 Y123.058 E313.14546
G1 X121.721 Y122.452 E313.1824
G1 X122.398 Y121.759 E313.21623
G1 X122.931 Y121.054 E313.2471
G1 X123.146 Y120.701 E313.26153
G1 X123.527 Y119.908 E313.29226
G1 X123.829 Y119.008 E313.32541
G1 X123.977 Y117.925 E313.36359
G1 X123.976 Y117.071 E313.39341
G1 X123.882 Y116.324 E313.4197
G1 X123.672 Y115.493 E313.44964
G1 X123.35 Y114.693 E313.47975
G1 X122.919 Y113.931 E313.51033
G1 X122.344 Y113.157 E313.544
G1 X121.553 Y112.43 E313.58152
G1 X120.839 Y111.935 E313.61186
G1 X120.183 Y111.59 E313.63775
G1 X119.388 Y111.29 E313.66742
G1 X118.676 Y111.127 E313.69293
G1 X118.675 Y113.95 E313.79152
G1 X119.251 Y114.181 E313.81319
G1 X119.894 Y114.611 E313.8402
G1 X120.449 Y115.186 E313.86811
G1 X120.854 Y115.82 E313.89439
G1 X121.126 Y116.551 E313.92163
G1 X121.246 Y117.3 E313.94812
G1 X121.206 Y118.069 E313.97501
G1 X121.015 Y118.805 E314.00156
G1 X120.668 Y119.504 E314.02882
G1 X120.177 Y120.125 E314.05646
G1 X119.596 Y120.608 E314.08285
G1 X118.958 Y120.95 E314.10813
G1 X118.675 Y121.045 E314.11856
G1 X118.675 Y123.873 E314.21732
M204 S1000
G0 F9000 X118.255 Y124.364
M204 S2000
;TYPE:WALL-OUTER
G1 F2024.8 X118.602 Y124.322 E314.22953
G1 X119.5 Y124.114 E314.26172
G1 X120.247 Y123.842 E314.28948
G1 X121.071 Y123.419 E314.32183
G1 X121.998 Y122.771 E314.36133
G1 X122.717 Y122.033 E314.39731
G1 X123.279 Y121.29 E314.42984
G1 X123.516 Y120.901 E314.44575
G1 X123.917 Y120.066 E314.4781
G1 X124.164 Y119.33 E314.50521
G1 X124.272 Y118.874 E314.52158
G1 X124.397 Y117.953 E314.55404
G1 X124.396 Y117.045 E314.58575
G1 X124.296 Y116.246 E314.61387
G1 X124.072 Y115.363 E314.64568
G1 X123.729 Y114.511 E314.67776
G1 X123.272 Y113.701 E314.71024
G1 X122.658 Y112.875 E314.74618
G1 X121.816 Y112.101 E314.78612
G1 X121.057 Y111.575 E314.81837
G1 X120.355 Y111.206 E314.84607
G1 X119.51 Y110.887 E314.87761
G1 X118.602 Y110.678 E314.91015
G1 X118.255 Y110.637 E314.92235
G1 X118.255 Y114.263 E315.04898
G1 X118.441 Y114.308 E315.05567
G1 X119.069 Y114.566 E315.07938
G1 X119.617 Y114.932 E315.10239
G1 X120.12 Y115.449 E315.12758
G1 X120.468 Y115.995 E315.15019
G1 X120.722 Y116.673 E315.17548
G1 X120.824 Y117.335 E315.19887
G1 X120.789 Y118.013 E315.22258
G1 X120.616 Y118.671 E315.24634
G1 X120.304 Y119.293 E315.27064
G1 X119.876 Y119.831 E315.29465
G1 X119.355 Y120.264 E315.31831
G1 X118.762 Y120.578 E315.34174
G1 X118.255 Y120.729 E315.36022
G1 X118.255 Y124.364 E315.48716
M204 S1000
G0 F9000 X118.453 Y124.34
G0 X119.08 Y123.165
G1 F1500 E314.48716
;MESH:NONMESH
G0 F600 X119.08 Y123.165 Z8.6
G0 F9000 X119.472 Y120.451
G0 X118.861 Y119.537
G0 X117.506 Y115.038
;TIME_ELAPSED:352.233160
;LAYER:42
;TYPE:SUPPORT
G1 F1500 E315.48716
G1 F2068.7 X117.59 Y115.077 E315.49024
G1 X117.533 Y115.002 E315.49336
G1 X117.336 Y115.258 E315.50408
G1 X116.842 Y115.386 E315.52101
G1 X116.305 Y115.625 E315.54051
G1 X115.989 Y115.876 E315.5539
G1 X119.705 Y117.608 E315.68992
G1 X119.694 Y117.851 E315.69799
G1 X119.581 Y118.283 E315.7128
G1 X119.372 Y118.694 E315.7281
G1 X119.195 Y118.915 E315.73749
G1 X115.323 Y117.11 E315.87923
G1 X115.276 Y117.417 E315.88953
G1 X115.353 Y118.08 E315.91168
G1 X115.525 Y118.514 E315.92717
G1 X115.782 Y118.908 E315.94277
G1 X116.036 Y119.158 E315.9546
G1 X116.412 Y119.426 E315.96991
G1 X116.828 Y119.607 E315.98497
G1 X117.335 Y119.738 E316.00234
G1 X117.533 Y119.994 E316.01308
G1 X117.705 Y119.765 E316.02258
G1 X115.744 Y118.851 E316.09436
G1 F1500 E315.09436
;MESH:Encoder_Knob.stl
G0 F9000 X114.343 Y119.123
G0 X111.339 Y117.917
G0 X111.061 Y117.931
M204 S2000
;TYPE:WALL-INNER
G1 F1500 E316.09436
G1 F2068.7 X111.151 Y118.663 E316.12011
G1 X111.365 Y119.512 E316.15069
G1 X111.506 Y119.901 E316.16514
G1 X111.884 Y120.68 E316.19538
G1 X112.406 Y121.492 E316.22909
G1 X113.145 Y122.264 E316.26641
G1 X113.826 Y122.806 E316.29681
G1 X114.637 Y123.303 E316.33003
G1 X115.656 Y123.685 E316.36803
G1 X116.414 Y123.857 E316.39518
G1 X116.414 Y121.077 E316.49226
G1 X115.839 Y120.862 E316.5137
G1 X115.492 Y120.665 E316.52764
G1 X114.852 Y120.153 E316.55626
G1 X114.603 Y119.879 E316.56919
G1 X114.159 Y119.201 E316.59749
G1 X113.878 Y118.466 E316.62497
G1 X113.759 Y117.722 E316.65129
G1 X113.764 Y117.238 E316.66819
G1 X113.88 Y116.527 E316.69335
G1 X114.159 Y115.8 E316.72054
G1 X114.571 Y115.162 E316.74707
G1 X114.856 Y114.843 E316.76201
G1 X115.431 Y114.377 E316.78785
G1 X115.835 Y114.139 E316.80423
G1 X116.414 Y113.923 E316.82581
G1 X116.414 Y111.142 E316.92293
G1 X115.642 Y111.318 E316.95058
G1 X114.747 Y111.644 E316.98385
G1 X113.82 Y112.197 E317.02155
G1 X113.143 Y112.738 E317.05181
G1 X112.477 Y113.42 E317.0851
G1 X111.888 Y114.314 E317.12249
G1 X111.423 Y115.279 E317.1599
G1 X111.178 Y116.207 E317.19342
G1 X111.06 Y117.075 E317.22401
G1 X111.061 Y117.931 E317.2539
M204 S1000
G0 F9000 X110.641 Y117.957
M204 S2000
;TYPE:WALL-OUTER
G1 F2068.7 X110.737 Y118.74 E317.28145
G1 X110.963 Y119.636 E317.31373
G1 X111.119 Y120.065 E317.32967
G1 X111.517 Y120.886 E317.36153
G1 X112.077 Y121.757 E317.39769
G1 X112.861 Y122.575 E317.43726
G1 X113.584 Y123.151 E317.46954
G1 X114.453 Y123.683 E317.50513
G1 X115.536 Y124.089 E317.54552
G1 X116.428 Y124.291 E317.57746
G1 X116.834 Y124.337 E317.59173
G1 X116.834 Y120.756 E317.71679
G1 X116.651 Y120.717 E317.72332
G1 X116.003 Y120.472 E317.74752
G1 X115.711 Y120.307 E317.75923
G1 X115.151 Y119.858 E317.7843
G1 X114.921 Y119.604 E317.79627
G1 X114.537 Y119.018 E317.82073
G1 X114.286 Y118.364 E317.8452
G1 X114.177 Y117.683 E317.86928
G1 X114.179 Y117.304 E317.88252
G1 X114.286 Y116.634 E317.90621
G1 X114.537 Y115.982 E317.93061
G1 X114.915 Y115.404 E317.95473
G1 X115.175 Y115.119 E317.9682
G1 X115.691 Y114.707 E317.99126
G1 X116.033 Y114.514 E318.00498
G1 X116.683 Y114.274 E318.02918
G1 X116.834 Y114.244 E318.03455
G1 X116.834 Y110.662 E318.15965
G1 X116.432 Y110.708 E318.17378
G1 X115.524 Y110.914 E318.20629
G1 X114.562 Y111.265 E318.24206
G1 X113.58 Y111.851 E318.28199
G1 X112.861 Y112.426 E318.31414
G1 X112.147 Y113.156 E318.34981
G1 X111.522 Y114.106 E318.38952
G1 X111.027 Y115.133 E318.42933
G1 X110.765 Y116.125 E318.46516
G1 X110.64 Y117.047 E318.49766
G1 X110.641 Y117.957 E318.52944
M204 S1000
G0 F9000 X110.665 Y118.155
G0 X111.677 Y118.031
G1 F1500 E317.52944
G0 F9000 X114.747 Y119.738
G0 X115.766 Y119.232
G0 X118.861 Y119.537
G0 X119.472 Y120.451
G0 X121.044 Y119.685
;TYPE:FILL
G1 F1500 E318.52944
G1 F2068.7 X121.577 Y120.175 E318.55472
G1 X122.475 Y120.89 E318.59481
G0 F9000 X118.913 Y123.551
G0 X118.674 Y123.87
M204 S2000
;TYPE:WALL-INNER
G1 F2068.7 X119.65 Y123.586 E318.63031
G1 X120.054 Y123.427 E318.64547
G1 X120.83 Y123.03 E318.67591
G1 X121.534 Y122.539 E318.70589
G1 X122.079 Y122.049 E318.73148
G1 X122.639 Y121.404 E318.76131
G1 X123.23 Y120.507 E318.79883
G1 X123.599 Y119.613 E318.8326
G1 X123.824 Y118.793 E318.8623
G1 X123.942 Y117.923 E318.89296
G1 X123.941 Y116.86 E318.93008
G1 X123.759 Y115.925 E318.96335
G1 X123.493 Y115.105 E318.99346
G1 X123.113 Y114.316 E319.02404
G1 X122.723 Y113.71 E319.04921
G1 X122.174 Y113.049 E319.07921
G1 X121.532 Y112.459 E319.10967
G1 X120.82 Y111.964 E319.13995
G1 X120.174 Y111.625 E319.16543
G1 X119.381 Y111.325 E319.19504
G1 X118.676 Y111.164 E319.22029
G1 X118.675 Y113.95 E319.31759
G1 X119.248 Y114.18 E319.33915
G1 X119.891 Y114.608 E319.36613
G1 X120.427 Y115.159 E319.39297
G1 X120.853 Y115.825 E319.42058
G1 X121.129 Y116.565 E319.44816
G1 X121.246 Y117.3 E319.47415
G1 X121.206 Y118.069 E319.50105
G1 X121.014 Y118.816 E319.52798
G1 X120.655 Y119.524 E319.5557
G1 X120.18 Y120.125 E319.58246
G1 X119.596 Y120.609 E319.60895
G1 X118.958 Y120.95 E319.63421
G1 X118.675 Y121.045 E319.64464
G1 X118.674 Y123.87 E319.74329
M204 S1000
G0 F9000 X118.913 Y123.551
G0 X121.194 Y118.897
G0 X121.444 Y117.297
G0 X118.519 Y110.971
G0 X118.255 Y110.673
M204 S2000
;TYPE:WALL-OUTER
G1 F2068.7 X118.255 Y114.263 E319.86867
G1 X118.441 Y114.308 E319.87535
G1 X119.069 Y114.566 E319.89906
G1 X119.617 Y114.932 E319.92207
G1 X120.104 Y115.428 E319.94635
G1 X120.474 Y116.007 E319.97035
G1 X120.721 Y116.665 E319.99489
G1 X120.824 Y117.335 E320.01857
G1 X120.789 Y118.013 E320.04227
G1 X120.611 Y118.684 E320.06652
G1 X120.304 Y119.292 E320.09031
G1 X119.86 Y119.846 E320.1151
G1 X119.355 Y120.264 E320.13799
G1 X118.762 Y120.578 E320.16143
G1 X118.255 Y120.729 E320.1799
G1 X118.254 Y124.328 E320.30559
G1 X118.855 Y124.255 E320.32673
G1 X119.786 Y123.984 E320.3606
G1 X120.227 Y123.811 E320.37714
G1 X121.047 Y123.391 E320.40931
G1 X121.796 Y122.869 E320.4412
G1 X122.379 Y122.344 E320.4686
G1 X122.975 Y121.658 E320.50033
G1 X123.603 Y120.705 E320.54019
G1 X123.997 Y119.749 E320.5763
G1 X124.236 Y118.877 E320.60788
G1 X124.362 Y117.951 E320.64051
G1 X124.361 Y116.82 E320.68001
G1 X124.167 Y115.82 E320.71559
G1 X123.884 Y114.949 E320.74757
G1 X123.481 Y114.11 E320.78008
G1 X123.063 Y113.461 E320.80704
G1 X122.479 Y112.759 E320.83893
G1 X121.795 Y112.13 E320.87138
G1 X121.038 Y111.604 E320.90357
G1 X120.346 Y111.241 E320.93086
G1 X119.503 Y110.922 E320.96234
G1 X118.595 Y110.713 E320.99488
G1 X118.255 Y110.673 E321.00683
M204 S1000
G0 F9000 X118.255 Y110.873
G0 X119.274 Y111.715
G1 F1500 E320.00683
;MESH:NONMESH
G0 F600 X119.274 Y111.715 Z8.8
G0 F9000 X118.469 Y114.093
G0 X117.506 Y115.038
;TIME_ELAPSED:359.208367
;LAYER:43
;TYPE:SUPPORT
G1 F1500 E321.00683
G1 F2004.9 X117.59 Y115.077 E321.00991
G1 X117.533 Y115.002 E321.01303
G1 X117.336 Y115.258 E321.02375
G1 X116.842 Y115.386 E321.04068
G1 X116.305 Y115.625 E321.06018
G1 X115.99 Y115.876 E321.07354
G1 X119.705 Y117.608 E321.20953
G1 X119.694 Y117.851 E321.2176
G1 X119.581 Y118.283 E321.23242
G1 X119.372 Y118.694 E321.24771
G1 X119.195 Y118.915 E321.25711
G1 X115.323 Y117.11 E321.39884
G1 X115.276 Y117.417 E321.40915
G1 X115.353 Y118.08 E321.43129
G1 X115.525 Y118.514 E321.44678
G1 X115.782 Y118.908 E321.46238
G1 X116.036 Y119.158 E321.47421
G1 X116.412 Y119.426 E321.48953
G1 X116.828 Y119.607 E321.50458
G1 X117.335 Y119.738 E321.52195
G1 X117.533 Y119.994 E321.53269
G1 X117.705 Y119.765 E321.54219
G1 X115.744 Y118.851 E321.61397
G1 F1500 E320.61397
;MESH:Encoder_Knob.stl
G0 F9000 X114.343 Y119.123
G0 X111.36 Y117.499
G0 X111.081 Y117.499
M204 S2000
;TYPE:WALL-INNER
G1 F1500 E321.61397
G1 F2004.9 X111.142 Y118.371 E321.6445
G1 X111.275 Y119.064 E321.66914
G1 X111.541 Y119.886 E321.69931
G1 X111.921 Y120.673 E321.72984
G1 X112.438 Y121.475 E321.76316
G1 X113.168 Y122.238 E321.80004
G1 X113.847 Y122.779 E321.83036
G1 X114.464 Y123.157 E321.85563
G1 X115.262 Y123.519 E321.88623
G1 X115.636 Y123.645 E321.90001
G1 X116.414 Y123.822 E321.92787
G1 X116.414 Y121.077 E322.02374
G1 X115.839 Y120.862 E322.04518
G1 X115.492 Y120.665 E322.05911
G1 X114.851 Y120.152 E322.08778
G1 X114.578 Y119.847 E322.10208
G1 X114.159 Y119.201 E322.12897
G1 X113.878 Y118.474 E322.15619
G1 X113.758 Y117.708 E322.18327
G1 X113.758 Y117.294 E322.19773
G1 X113.88 Y116.526 E322.22488
G1 X114.159 Y115.801 E322.25201
G1 X114.589 Y115.134 E322.27973
G1 X114.855 Y114.844 E322.29347
G1 X115.432 Y114.376 E322.31942
G1 X115.835 Y114.139 E322.33574
G1 X116.414 Y113.923 E322.35732
G1 X116.414 Y111.167 E322.45357
G1 X116.272 Y111.182 E322.45856
G1 X115.245 Y111.49 E322.496
G1 X114.598 Y111.774 E322.52068
G1 X113.845 Y112.223 E322.5513
G1 X113.165 Y112.766 E322.58169
G1 X112.507 Y113.44 E322.61458
G1 X111.915 Y114.334 E322.65203
G1 X111.455 Y115.292 E322.68914
G1 X111.152 Y116.436 E322.73047
G1 X111.081 Y117.499 E322.76768
M204 S1000
G0 F9000 X110.66 Y117.499
M204 S2000
;TYPE:WALL-OUTER
G1 F2004.9 X110.724 Y118.425 E322.80009
G1 X110.867 Y119.169 E322.82655
G1 X111.15 Y120.043 E322.85864
G1 X111.554 Y120.879 E322.89106
G1 X112.107 Y121.736 E322.92668
G1 X112.884 Y122.549 E322.96595
G1 X113.606 Y123.124 E322.99819
G1 X114.267 Y123.529 E323.02526
G1 X115.108 Y123.911 E323.05752
G1 X115.522 Y124.05 E323.07277
G1 X116.437 Y124.257 E323.10553
G1 X116.834 Y124.302 E323.11949
G1 X116.834 Y120.756 E323.24332
G1 X116.651 Y120.717 E323.24986
G1 X116.003 Y120.472 E323.27405
G1 X115.711 Y120.307 E323.28576
G1 X115.151 Y119.858 E323.31083
G1 X114.911 Y119.59 E323.3234
G1 X114.537 Y119.018 E323.34726
G1 X114.29 Y118.377 E323.37125
G1 X114.177 Y117.678 E323.39598
G1 X114.177 Y117.322 E323.40841
G1 X114.286 Y116.634 E323.43274
G1 X114.537 Y115.983 E323.45711
G1 X114.923 Y115.393 E323.48173
G1 X115.175 Y115.119 E323.49473
G1 X115.691 Y114.707 E323.51779
G1 X116.033 Y114.514 E323.5315
G1 X116.683 Y114.274 E323.5557
G1 X116.834 Y114.244 E323.56108
G1 X116.834 Y110.699 E323.68488
G1 X116.188 Y110.768 E323.70757
G1 X115.099 Y111.095 E323.74728
G1 X114.406 Y111.4 E323.77372
G1 X113.605 Y111.877 E323.80628
G1 X112.883 Y112.454 E323.83856
G1 X112.179 Y113.175 E323.87375
G1 X111.549 Y114.126 E323.91359
G1 X111.059 Y115.146 E323.9531
G1 X110.8 Y116.123 E323.9884
G1 X110.721 Y116.579 E324.00457
G1 X110.66 Y117.499 E324.03677
M204 S1000
G0 F9000 X110.673 Y117.698
G0 X111.69 Y117.629
G1 F1500 E323.03677
G0 F9000 X114.343 Y119.123
G0 X115.321 Y118.619
G0 X118.861 Y119.537
G0 X119.472 Y120.451
G0 X120.987 Y119.776
;TYPE:FILL
G1 F1500 E324.03677
G1 F2004.9 X121.389 Y120.175 E324.05655
G1 X122.362 Y120.996 E324.10101
G0 F9000 X118.916 Y123.499
G0 X118.675 Y123.802
M204 S2000
;TYPE:WALL-INNER
G1 F2004.9 X119.368 Y123.641 E324.12585
G1 X120.039 Y123.396 E324.1508
G1 X120.812 Y122.998 E324.18116
G1 X121.509 Y122.514 E324.2108
G1 X122.22 Y121.875 E324.24418
G1 X122.866 Y121.027 E324.28141
G1 X123.083 Y120.67 E324.296
G1 X123.546 Y119.708 E324.33329
G1 X123.79 Y118.778 E324.36686
G1 X123.906 Y117.931 E324.39672
G1 X123.905 Y117.07 E324.42679
G1 X123.816 Y116.355 E324.45195
G1 X123.605 Y115.508 E324.48244
G1 X123.473 Y115.142 E324.49602
G1 X123.079 Y114.325 E324.5277
G1 X122.863 Y113.971 E324.54218
G1 X122.296 Y113.21 E324.57532
G1 X121.511 Y112.484 E324.61267
G1 X121.175 Y112.235 E324.62727
G1 X120.429 Y111.789 E324.65762
G1 X119.56 Y111.402 E324.69085
G1 X118.675 Y111.198 E324.72256
G1 X118.675 Y113.95 E324.81867
G1 X119.249 Y114.181 E324.84028
G1 X119.919 Y114.636 E324.86856
G1 X120.449 Y115.186 E324.89524
G1 X120.851 Y115.814 E324.92128
G1 X121.127 Y116.553 E324.94883
G1 X121.244 Y117.335 E324.97644
G1 X121.206 Y118.069 E325.00211
G1 X121.01 Y118.828 E325.02949
G1 X120.668 Y119.504 E325.05594
G1 X120.176 Y120.13 E325.08375
G1 X119.595 Y120.609 E325.11005
G1 X118.958 Y120.95 E325.13528
G1 X118.675 Y121.045 E325.14571
G1 X118.675 Y123.802 E325.24199
M204 S1000
G0 F9000 X118.255 Y124.292
M204 S2000
;TYPE:WALL-OUTER
G1 F2004.9 X118.59 Y124.253 E325.25377
G1 X119.488 Y124.044 E325.28597
G1 X120.207 Y123.782 E325.31269
G1 X121.029 Y123.359 E325.34498
G1 X121.77 Y122.844 E325.37649
G1 X122.53 Y122.161 E325.41217
G1 X123.214 Y121.264 E325.45157
G1 X123.453 Y120.87 E325.46766
G1 X123.942 Y119.854 E325.50704
G1 X124.203 Y118.86 E325.54293
G1 X124.326 Y117.959 E325.57469
G1 X124.325 Y117.044 E325.60664
G1 X124.23 Y116.278 E325.6336
G1 X124.007 Y115.386 E325.66571
G1 X123.861 Y114.979 E325.68081
G1 X123.354 Y113.929 E325.72153
G1 X122.759 Y113.128 E325.75638
G1 X122.452 Y112.783 E325.7725
G1 X121.779 Y112.16 E325.80453
G1 X121.409 Y111.885 E325.82063
G1 X120.623 Y111.415 E325.85261
G1 X119.694 Y111.002 E325.88812
G1 X118.591 Y110.747 E325.92766
G1 X118.255 Y110.707 E325.93947
G1 X118.255 Y114.263 E326.06366
G1 X118.441 Y114.308 E326.07034
G1 X119.069 Y114.566 E326.09405
G1 X119.615 Y114.93 E326.11697
G1 X120.111 Y115.437 E326.14174
G1 X120.474 Y116.007 E326.16534
G1 X120.719 Y116.655 E326.18953
G1 X120.824 Y117.335 E326.21356
G1 X120.789 Y118.013 E326.23727
G1 X120.62 Y118.657 E326.26052
G1 X120.303 Y119.294 E326.28537
G1 X119.886 Y119.82 E326.30881
G1 X119.355 Y120.264 E326.33299
G1 X118.762 Y120.578 E326.35642
G1 X118.255 Y120.729 E326.3749
G1 X118.255 Y124.292 E326.49933
M204 S1000
G0 F9000 X118.453 Y124.269
G0 X119.079 Y123.093
G1 F1500 E325.49933
;MESH:NONMESH
G0 F600 X119.079 Y123.093 Z9
G0 F9000 X119.472 Y120.451
G0 X118.861 Y119.537
G0 X117.506 Y115.038
;TIME_ELAPSED:366.099523
;LAYER:44
;TYPE:SUPPORT
G1 F1500 E326.49933
G1 F2168.4 X117.59 Y115.077 E326.5024
G1 X117.533 Y115.002 E326.50552
G1 X117.336 Y115.258 E326.51624
G1 X116.842 Y115.386 E326.53317
G1 X116.304 Y115.625 E326.5527
G1 X115.99 Y115.876 E326.56604
G1 X119.705 Y117.608 E326.70203
G1 X119.694 Y117.851 E326.7101
G1 X119.581 Y118.283 E326.72491
G1 X119.372 Y118.694 E326.74021
G1 X119.195 Y118.915 E326.74961
G1 X115.323 Y117.11 E326.89134
G1 X115.276 Y117.417 E326.90164
G1 X115.353 Y118.08 E326.92379
G1 X115.525 Y118.514 E326.93928
G1 X115.782 Y118.908 E326.95488
G1 X116.036 Y119.158 E326.96671
G1 X116.412 Y119.426 E326.98203
G1 X116.828 Y119.607 E326.99708
G1 X117.335 Y119.738 E327.01445
G1 X117.533 Y119.994 E327.02519
G1 X117.705 Y119.765 E327.03469
G1 X115.744 Y118.851 E327.10647
G1 F1500 E326.10647
;MESH:Encoder_Knob.stl
G0 F9000 X114.343 Y119.123
G0 X111.408 Y117.082
G0 X111.13 Y117.06
M204 S2000
;TYPE:WALL-INNER
G1 F1500 E327.10647
G1 F2168.4 X111.131 Y117.931 E327.13689
G1 X111.246 Y118.866 E327.16979
G1 X111.572 Y119.869 E327.20662
G1 X111.956 Y120.662 E327.23739
G1 X112.459 Y121.447 E327.26995
G1 X113.189 Y122.21 E327.30683
G1 X113.87 Y122.751 E327.3372
G1 X114.677 Y123.245 E327.37024
G1 X115.661 Y123.614 E327.40695
G1 X116.414 Y123.785 E327.43391
G1 X116.414 Y121.077 E327.52848
G1 X115.839 Y120.862 E327.54992
G1 X115.492 Y120.665 E327.56386
G1 X114.851 Y120.152 E327.59253
G1 X114.577 Y119.845 E327.6069
G1 X114.159 Y119.201 E327.63371
G1 X113.877 Y118.474 E327.66095
G1 X113.759 Y117.724 E327.68746
G1 X113.759 Y117.276 E327.70311
G1 X113.88 Y116.526 E327.72964
G1 X114.166 Y115.777 E327.75764
G1 X114.607 Y115.116 E327.78539
G1 X114.87 Y114.829 E327.79898
G1 X115.433 Y114.376 E327.82422
G1 X115.835 Y114.139 E327.84051
G1 X116.414 Y113.923 E327.8621
G1 X116.414 Y111.214 E327.9567
G1 X115.463 Y111.433 E327.99078
G1 X114.616 Y111.804 E328.02308
G1 X113.87 Y112.249 E328.05341
G1 X113.029 Y112.919 E328.09096
G1 X112.432 Y113.619 E328.12309
G1 X111.939 Y114.361 E328.15421
G1 X111.76 Y114.705 E328.16775
G1 X111.428 Y115.531 E328.19884
G1 X111.244 Y116.228 E328.22401
G1 X111.13 Y117.06 E328.25334
M204 S1000
G0 F9000 X110.71 Y117.032
M204 S2000
;TYPE:WALL-OUTER
G1 F2168.4 X110.711 Y117.957 E328.28564
G1 X110.834 Y118.958 E328.32087
G1 X111.182 Y120.026 E328.36009
G1 X111.588 Y120.868 E328.39274
G1 X112.127 Y121.708 E328.42759
G1 X112.905 Y122.521 E328.46689
G1 X113.629 Y123.096 E328.49918
G1 X114.492 Y123.624 E328.53451
G1 X115.54 Y124.018 E328.57361
G1 X116.445 Y124.223 E328.60602
G1 X116.834 Y124.266 E328.61969
G1 X116.834 Y120.756 E328.74227
G1 X116.651 Y120.717 E328.7488
G1 X116.003 Y120.472 E328.773
G1 X115.711 Y120.307 E328.78471
G1 X115.151 Y119.858 E328.80978
G1 X114.911 Y119.59 E328.82234
G1 X114.537 Y119.018 E328.84621
G1 X114.29 Y118.378 E328.87016
G1 X114.177 Y117.684 E328.89472
G1 X114.179 Y117.304 E328.90799
G1 X114.286 Y116.634 E328.93169
G1 X114.54 Y115.977 E328.95629
G1 X114.931 Y115.384 E328.98109
G1 X115.175 Y115.119 E328.99367
G1 X115.691 Y114.707 E329.01673
G1 X116.033 Y114.514 E329.03045
G1 X116.683 Y114.274 E329.05464
G1 X116.834 Y114.244 E329.06002
G1 X116.834 Y110.734 E329.1826
G1 X116.429 Y110.779 E329.19683
G1 X115.331 Y111.032 E329.23618
G1 X114.424 Y111.43 E329.27077
G1 X113.63 Y111.903 E329.30305
G1 X112.736 Y112.616 E329.34298
G1 X112.096 Y113.365 E329.37739
G1 X111.577 Y114.147 E329.41017
G1 X111.378 Y114.529 E329.42521
G1 X111.028 Y115.399 E329.45796
G1 X110.831 Y116.146 E329.48494
G1 X110.71 Y117.032 E329.51617
M204 S1000
G0 F9000 X110.71 Y117.232
G0 X111.73 Y117.232
G1 F1500 E328.51617
G0 F9000 X116.614 Y111.97
G0 X118.474 Y111.97
G0 X119.698 Y111.97
;TYPE:FILL
G1 F1500 E329.51617
G1 F2168.4 X119.18 Y112.585 E329.54425
G1 X119.095 Y112.807 E329.55255
G1 X119.095 Y113.67 E329.58269
G1 X119.502 Y113.845 E329.59816
G1 X120.173 Y114.299 E329.62645
G1 X120.76 Y114.894 E329.65564
G1 X121.229 Y115.627 E329.68603
G1 X121.536 Y116.438 E329.71632
G1 X121.667 Y117.279 E329.74604
G1 X121.623 Y118.154 E329.77664
G1 X121.4 Y118.989 E329.80682
G1 X121.006 Y119.764 E329.83718
G1 X120.923 Y119.867 E329.8418
G1 X121.211 Y120.175 E329.85653
G1 X122.244 Y121.093 E329.90479
G0 F9000 X118.914 Y123.478
G0 X118.674 Y123.797
M204 S2000
;TYPE:WALL-INNER
G1 F2168.4 X119.605 Y123.526 E329.93865
G1 X120.429 Y123.174 E329.96995
G1 X120.783 Y122.978 E329.98408
G1 X121.658 Y122.367 E330.02135
G1 X122.309 Y121.7 E330.0539
G1 X122.835 Y121.01 E330.0842
G1 X123.051 Y120.653 E330.09877
G1 X123.431 Y119.861 E330.12945
G1 X123.649 Y119.213 E330.15332
G1 X123.832 Y118.332 E330.18475
G1 X123.871 Y117.945 E330.19833
G1 X123.87 Y116.865 E330.23605
G1 X123.694 Y115.953 E330.26849
G1 X123.428 Y115.127 E330.29879
G1 X123.26 Y114.749 E330.31324
G1 X122.828 Y113.985 E330.34389
G1 X122.417 Y113.427 E330.36809
G1 X121.8 Y112.779 E330.39934
G1 X121.516 Y112.535 E330.41242
G1 X120.778 Y112.023 E330.44378
G1 X120.163 Y111.698 E330.46808
G1 X119.362 Y111.395 E330.49799
G1 X118.676 Y111.236 E330.52258
G1 X118.675 Y113.95 E330.61736
G1 X119.251 Y114.181 E330.63903
G1 X119.901 Y114.621 E330.66644
G1 X120.431 Y115.159 E330.69282
G1 X120.833 Y115.788 E330.71889
G1 X121.127 Y116.544 E330.74722
G1 X121.246 Y117.301 E330.77398
G1 X121.199 Y118.113 E330.80238
G1 X121.015 Y118.804 E330.82736
G1 X120.668 Y119.503 E330.85461
G1 X120.177 Y120.125 E330.88228
G1 X119.596 Y120.609 E330.90869
G1 X118.958 Y120.95 E330.93396
G1 X118.675 Y121.045 E330.94438
G1 X118.674 Y123.797 E331.04049
M204 S1000
G0 F9000 X118.914 Y123.478
G0 X121.194 Y118.897
G0 X121.444 Y117.297
G0 X118.52 Y111.042
G0 X118.255 Y110.742
M204 S2000
;TYPE:WALL-OUTER
G1 F2168.4 X118.255 Y114.263 E331.16345
G1 X118.441 Y114.308 E331.17014
G1 X119.069 Y114.566 E331.19385
G1 X119.627 Y114.94 E331.21731
G1 X120.112 Y115.438 E331.24158
G1 X120.467 Y115.995 E331.26465
G1 X120.715 Y116.641 E331.28882
G1 X120.824 Y117.335 E331.31335
G1 X120.787 Y118.027 E331.33755
G1 X120.616 Y118.67 E331.36079
G1 X120.303 Y119.294 E331.38517
G1 X119.876 Y119.831 E331.40913
G1 X119.355 Y120.264 E331.43279
G1 X118.762 Y120.578 E331.45622
G1 X118.255 Y120.729 E331.47469
G1 X118.254 Y124.258 E331.59794
G1 X118.832 Y124.188 E331.61827
G1 X119.747 Y123.922 E331.65155
G1 X120.614 Y123.552 E331.68447
G1 X121.005 Y123.335 E331.70009
G1 X121.931 Y122.689 E331.73952
G1 X122.627 Y121.975 E331.77434
G1 X123.183 Y121.247 E331.80633
G1 X123.421 Y120.853 E331.8224
G1 X123.821 Y120.019 E331.85471
G1 X124.055 Y119.323 E331.88035
G1 X124.248 Y118.396 E331.91342
G1 X124.291 Y117.965 E331.92854
G1 X124.29 Y116.825 E331.96836
G1 X124.102 Y115.849 E332.00307
G1 X123.821 Y114.977 E332.03506
G1 X123.636 Y114.56 E332.051
G1 X123.181 Y113.756 E332.08326
G1 X122.739 Y113.157 E332.10926
G1 X122.09 Y112.474 E332.14216
G1 X121.773 Y112.202 E332.15675
G1 X120.997 Y111.663 E332.18974
G1 X120.337 Y111.314 E332.21582
G1 X119.484 Y110.991 E332.24767
G1 X118.585 Y110.783 E332.2799
G1 X118.255 Y110.742 E332.29151
M204 S1000
G0 F9000 X118.255 Y110.942
G0 X119.078 Y111.942
G1 F1500 E331.29151
;MESH:NONMESH
G0 F600 X119.078 Y111.942 Z9.2
G0 F9000 X118.469 Y114.093
G0 X117.506 Y115.038
;TIME_ELAPSED:373.058278
;LAYER:45
;TYPE:SUPPORT
G1 F1500 E332.29151
G1 F2144.2 X117.59 Y115.077 E332.29458
G1 X117.533 Y115.002 E332.29771
G1 X117.336 Y115.258 E332.30842
G1 X116.842 Y115.386 E332.32535
G1 X116.304 Y115.625 E332.34489
G1 X115.99 Y115.876 E332.35822
G1 X119.705 Y117.608 E332.49421
G1 X119.694 Y117.851 E332.50228
G1 X119.581 Y118.283 E332.5171
G1 X119.372 Y118.694 E332.53239
G1 X119.195 Y118.915 E332.54179
G1 X115.323 Y117.11 E332.68352
G1 X115.276 Y117.417 E332.69383
G1 X115.353 Y118.08 E332.71597
G1 X115.525 Y118.514 E332.73146
G1 X115.782 Y118.908 E332.74707
G1 X116.036 Y119.158 E332.75889
G1 X116.412 Y119.426 E332.77421
G1 X116.828 Y119.607 E332.78926
G1 X117.335 Y119.738 E332.80663
G1 X117.533 Y119.994 E332.81737
G1 X117.705 Y119.765 E332.82687
G1 X115.744 Y118.851 E332.89865
G1 F1500 E331.89865
;MESH:Encoder_Knob.stl
G0 F9000 X114.343 Y119.123
G0 X111.431 Y117.499
G0 X111.152 Y117.499
M204 S2000
;TYPE:WALL-INNER
G1 F1500 E332.89865
G1 F2144.2 X111.213 Y118.37 E332.92914
G1 X111.341 Y119.035 E332.95279
G1 X111.605 Y119.856 E332.98291
G1 X111.988 Y120.647 E333.0136
G1 X112.476 Y121.408 E333.04518
G1 X113.226 Y122.196 E333.08317
G1 X113.536 Y122.458 E333.09734
G1 X114.263 Y122.961 E333.12822
G1 X114.871 Y123.281 E333.15221
G1 X115.668 Y123.58 E333.18194
G1 X116.414 Y123.749 E333.20865
G1 X116.414 Y121.077 E333.30197
G1 X115.84 Y120.863 E333.32336
G1 X115.427 Y120.62 E333.34009
G1 X114.85 Y120.151 E333.36606
G1 X114.573 Y119.84 E333.38061
G1 X114.159 Y119.201 E333.4072
G1 X113.878 Y118.474 E333.43442
G1 X113.758 Y117.707 E333.46153
G1 X113.758 Y117.294 E333.47595
G1 X113.879 Y116.52 E333.50331
G1 X114.158 Y115.801 E333.53024
G1 X114.599 Y115.126 E333.5584
G1 X114.856 Y114.842 E333.57178
G1 X115.433 Y114.375 E333.5977
G1 X115.835 Y114.139 E333.61398
G1 X116.414 Y113.923 E333.63556
G1 X116.414 Y111.251 E333.72888
G1 X115.473 Y111.465 E333.76258
G1 X114.638 Y111.832 E333.79443
G1 X113.893 Y112.276 E333.82472
G1 X113.209 Y112.82 E333.85524
G1 X112.571 Y113.473 E333.88712
G1 X111.982 Y114.36 E333.92431
G1 X111.603 Y115.149 E333.95488
G1 X111.391 Y115.773 E333.97789
G1 X111.209 Y116.643 E334.00893
G1 X111.152 Y117.499 E334.03889
M204 S1000
G0 F9000 X110.731 Y117.499
M204 S2000
;TYPE:WALL-OUTER
G1 F2144.2 X110.795 Y118.424 E334.07128
G1 X110.933 Y119.139 E334.09671
G1 X111.214 Y120.012 E334.12873
G1 X111.62 Y120.853 E334.16135
G1 X112.144 Y121.668 E334.19519
G1 X112.937 Y122.502 E334.23538
G1 X113.28 Y122.792 E334.25106
G1 X114.045 Y123.321 E334.28354
G1 X114.699 Y123.665 E334.30935
G1 X115.547 Y123.984 E334.34099
G1 X116.452 Y124.188 E334.37339
G1 X116.834 Y124.231 E334.38682
G1 X116.834 Y120.756 E334.50817
G1 X116.651 Y120.717 E334.51471
G1 X116.003 Y120.472 E334.5389
G1 X115.689 Y120.292 E334.55154
G1 X115.151 Y119.858 E334.57568
G1 X114.911 Y119.59 E334.58825
G1 X114.537 Y119.018 E334.61211
G1 X114.29 Y118.377 E334.6361
G1 X114.177 Y117.678 E334.66083
G1 X114.177 Y117.322 E334.67326
G1 X114.284 Y116.645 E334.6972
G1 X114.537 Y115.983 E334.72195
G1 X114.924 Y115.392 E334.74662
G1 X115.156 Y115.136 E334.75869
G1 X115.691 Y114.707 E334.78263
G1 X116.033 Y114.514 E334.79635
G1 X116.683 Y114.274 E334.82055
G1 X116.834 Y114.244 E334.82592
G1 X116.834 Y110.768 E334.94732
G1 X116.473 Y110.808 E334.96
G1 X115.341 Y111.065 E335.00054
G1 X114.446 Y111.458 E335.03468
G1 X113.653 Y111.93 E335.06691
G1 X112.927 Y112.508 E335.09931
G1 X112.243 Y113.207 E335.13347
G1 X111.616 Y114.152 E335.17307
G1 X111.213 Y114.99 E335.20555
G1 X110.985 Y115.662 E335.23033
G1 X110.792 Y116.586 E335.2633
G1 X110.731 Y117.499 E335.29525
M204 S1000
G0 F9000 X110.744 Y117.698
G0 X111.761 Y117.629
G1 F1500 E334.29525
G0 F9000 X116.614 Y112.063
G0 X118.474 Y112.063
G0 X119.844 Y112.063
;TYPE:FILL
G1 F1500 E335.29525
G1 F2144.2 X119.397 Y112.585 E335.31925
G1 X119.095 Y113.288 E335.34597
G1 X119.095 Y113.67 E335.35931
G1 X119.497 Y113.843 E335.3746
G1 X120.16 Y114.282 E335.40237
G1 X120.785 Y114.932 E335.43386
G1 X121.234 Y115.636 E335.46302
G1 X121.528 Y116.423 E335.49236
G1 X121.667 Y117.275 E335.52251
G1 X121.623 Y118.132 E335.55247
G1 X121.402 Y118.987 E335.58332
G1 X121.011 Y119.755 E335.61341
G1 X120.849 Y119.957 E335.62245
G1 X121.039 Y120.175 E335.63255
G1 X122.127 Y121.186 E335.68442
G0 F9000 X118.913 Y123.442
G0 X118.674 Y123.761
M204 S2000
;TYPE:WALL-INNER
G1 F2144.2 X119.823 Y123.428 E335.7262
G1 X120.771 Y122.941 E335.76342
G1 X121.638 Y122.338 E335.8003
G1 X122.277 Y121.682 E335.83228
G1 X122.803 Y120.995 E335.8625
G1 X123.019 Y120.637 E335.8771
G1 X123.4 Y119.843 E335.90786
G1 X123.69 Y118.983 E335.93955
G1 X123.836 Y117.936 E335.97647
G1 X123.835 Y116.873 E336.0136
G1 X123.616 Y115.732 E336.05417
G1 X123.228 Y114.762 E336.09066
G1 X122.796 Y114.002 E336.12119
G1 X122.247 Y113.258 E336.15348
G1 X121.477 Y112.55 E336.19001
G1 X120.758 Y112.052 E336.22055
G1 X120.156 Y111.734 E336.24433
G1 X119.355 Y111.429 E336.27426
G1 X118.676 Y111.272 E336.2986
G1 X118.675 Y113.95 E336.39212
G1 X119.246 Y114.179 E336.41361
G1 X119.894 Y114.61 E336.44079
G1 X120.45 Y115.187 E336.46877
G1 X120.854 Y115.819 E336.49497
G1 X121.121 Y116.534 E336.52162
G1 X121.244 Y117.335 E336.54992
G1 X121.206 Y118.071 E336.57566
G1 X121.014 Y118.806 E336.60219
G1 X120.669 Y119.503 E336.62935
G1 X120.178 Y120.125 E336.65702
G1 X119.595 Y120.609 E336.68349
G1 X118.958 Y120.95 E336.70872
G1 X118.675 Y121.045 E336.71914
G1 X118.674 Y123.761 E336.814
M204 S1000
G0 F9000 X118.913 Y123.442
G0 X121.194 Y118.897
G0 X121.444 Y117.297
G0 X118.519 Y111.077
G0 X118.255 Y110.778
M204 S2000
;TYPE:WALL-OUTER
G1 F2144.2 X118.255 Y114.263 E336.9357
G1 X118.441 Y114.308 E336.94239
G1 X119.064 Y114.562 E336.96588
G1 X119.618 Y114.933 E336.98917
G1 X120.112 Y115.437 E337.01381
G1 X120.467 Y115.995 E337.03691
G1 X120.717 Y116.648 E337.06133
G1 X120.824 Y117.335 E337.08561
G1 X120.789 Y118.013 E337.10932
G1 X120.616 Y118.671 E337.13308
G1 X120.309 Y119.285 E337.15705
G1 X119.876 Y119.831 E337.18139
G1 X119.355 Y120.264 E337.20505
G1 X118.762 Y120.578 E337.22848
G1 X118.255 Y120.729 E337.24696
G1 X118.254 Y124.222 E337.36894
G1 X118.833 Y124.152 E337.38931
G1 X119.729 Y123.892 E337.42189
G1 X120.166 Y123.724 E337.43824
G1 X120.988 Y123.302 E337.47051
G1 X121.914 Y122.658 E337.5099
G1 X122.595 Y121.957 E337.54403
G1 X123.151 Y121.232 E337.57594
G1 X123.389 Y120.837 E337.59205
G1 X123.79 Y120.002 E337.6244
G1 X124.101 Y119.08 E337.65838
G1 X124.256 Y117.965 E337.69769
G1 X124.255 Y116.833 E337.73722
G1 X124.071 Y115.874 E337.77133
G1 X123.939 Y115.408 E337.78824
G1 X123.607 Y114.579 E337.81943
G1 X123.149 Y113.772 E337.85183
G1 X122.561 Y112.976 E337.88639
G1 X121.74 Y112.221 E337.92535
G1 X120.976 Y111.692 E337.9578
G1 X120.33 Y111.35 E337.98333
G1 X119.478 Y111.026 E338.01516
G1 X118.579 Y110.818 E338.04738
G1 X118.255 Y110.778 E338.05879
M204 S1000
G0 F9000 X118.255 Y110.978
G0 X119.274 Y111.824
G1 F1500 E337.05879
;MESH:NONMESH
G0 F600 X119.274 Y111.824 Z9.4
G0 F9000 X118.469 Y114.093
G0 X117.506 Y115.038
;TIME_ELAPSED:380.037288
;LAYER:46
;TYPE:SUPPORT
G1 F1500 E338.05879
G1 F2126.8 X117.59 Y115.077 E338.06186
G1 X117.533 Y115.002 E338.06498
G1 X117.336 Y115.258 E338.0757
G1 X116.842 Y115.386 E338.09263
G1 X116.304 Y115.625 E338.11216
G1 X115.99 Y115.876 E338.1255
G1 X119.705 Y117.608 E338.26149
G1 X119.694 Y117.851 E338.26956
G1 X119.581 Y118.283 E338.28437
G1 X119.372 Y118.694 E338.29967
G1 X119.195 Y118.915 E338.30907
G1 X115.323 Y117.11 E338.4508
G1 X115.276 Y117.417 E338.4611
G1 X115.353 Y118.08 E338.48325
G1 X115.525 Y118.514 E338.49874
G1 X115.782 Y118.908 E338.51434
G1 X116.036 Y119.158 E338.52617
G1 X116.412 Y119.426 E338.54149
G1 X116.828 Y119.607 E338.55654
G1 X117.335 Y119.738 E338.57391
G1 X117.533 Y119.994 E338.58465
G1 X117.705 Y119.765 E338.59415
G1 X115.744 Y118.851 E338.66593
G1 F1500 E337.66593
;MESH:Encoder_Knob.stl
G0 F9000 X114.343 Y119.123
G0 X111.479 Y117.084
G0 X111.2 Y117.063
M204 S2000
;TYPE:WALL-INNER
G1 F1500 E338.66593
G1 F2126.8 X111.202 Y117.931 E338.69624
G1 X111.312 Y118.838 E338.72815
G1 X111.637 Y119.841 E338.76497
G1 X112.019 Y120.632 E338.79565
G1 X112.505 Y121.39 E338.82709
G1 X113.238 Y122.159 E338.86419
G1 X113.559 Y122.432 E338.87891
G1 X114.284 Y122.932 E338.90967
G1 X114.88 Y123.245 E338.93318
G1 X115.678 Y123.546 E338.96296
G1 X116.414 Y123.713 E338.98932
G1 X116.414 Y121.077 E339.08138
G1 X115.84 Y120.863 E339.10277
G1 X115.427 Y120.62 E339.11951
G1 X114.851 Y120.152 E339.14542
G1 X114.574 Y119.841 E339.15997
G1 X114.159 Y119.201 E339.18661
G1 X113.877 Y118.473 E339.21387
G1 X113.759 Y117.726 E339.24028
G1 X113.759 Y117.275 E339.25603
G1 X113.88 Y116.526 E339.28253
G1 X114.16 Y115.79 E339.31003
G1 X114.587 Y115.142 E339.33713
G1 X114.857 Y114.842 E339.35123
G1 X115.434 Y114.375 E339.37715
G1 X115.835 Y114.139 E339.3934
G1 X116.414 Y113.923 E339.41498
G1 X116.414 Y111.288 E339.507
G1 X115.481 Y111.5 E339.54042
G1 X114.66 Y111.86 E339.57173
G1 X113.915 Y112.304 E339.60201
G1 X113.239 Y112.842 E339.63219
G1 X112.762 Y113.329 E339.65599
G1 X112.236 Y114.013 E339.68613
G1 X111.811 Y114.76 E339.71614
G1 X111.489 Y115.569 E339.74655
G1 X111.32 Y116.208 E339.76963
G1 X111.2 Y117.063 E339.79978
M204 S1000
G0 F9000 X110.78 Y117.034
M204 S2000
;TYPE:WALL-OUTER
G1 F2126.8 X110.782 Y117.957 E339.83202
G1 X110.9 Y118.929 E339.86621
G1 X111.246 Y119.997 E339.90542
G1 X111.651 Y120.837 E339.93799
G1 X112.173 Y121.651 E339.97176
G1 X112.949 Y122.465 E340.01103
G1 X113.303 Y122.766 E340.02726
G1 X114.066 Y123.292 E340.05962
G1 X114.708 Y123.629 E340.08495
G1 X115.557 Y123.949 E340.11663
G1 X116.461 Y124.154 E340.149
G1 X116.834 Y124.196 E340.16211
G1 X116.834 Y120.756 E340.28225
G1 X116.651 Y120.717 E340.28878
G1 X116.003 Y120.472 E340.31298
G1 X115.689 Y120.292 E340.32562
G1 X115.151 Y119.858 E340.34976
G1 X114.911 Y119.59 E340.36232
G1 X114.537 Y119.018 E340.38619
G1 X114.29 Y118.377 E340.41018
G1 X114.177 Y117.684 E340.4347
G1 X114.179 Y117.304 E340.44797
G1 X114.286 Y116.634 E340.47166
G1 X114.544 Y115.969 E340.49658
G1 X114.931 Y115.384 E340.52107
G1 X115.175 Y115.119 E340.53365
G1 X115.689 Y114.708 E340.55663
G1 X116.033 Y114.514 E340.57043
G1 X116.683 Y114.274 E340.59463
G1 X116.834 Y114.244 E340.6
G1 X116.834 Y110.805 E340.7201
G1 X116.465 Y110.845 E340.73306
G1 X115.349 Y111.1 E340.77304
G1 X114.468 Y111.486 E340.80663
G1 X113.675 Y111.958 E340.83886
G1 X112.957 Y112.53 E340.87092
G1 X112.444 Y113.053 E340.89651
G1 X111.886 Y113.78 E340.92851
G1 X111.431 Y114.578 E340.96059
G1 X111.089 Y115.437 E340.99288
G1 X110.907 Y116.125 E341.01773
G1 X110.78 Y117.034 E341.04979
M204 S1000
G0 F9000 X110.78 Y117.234
G0 X111.801 Y117.234
G1 F1500 E340.04979
G0 F9000 X115.569 Y114.499
G0 X116.604 Y114.067
G0 X118.474 Y114.067
G0 X119.095 Y113.649
;TYPE:FILL
G1 F1500 E341.04979
G1 F2126.8 X119.602 Y112.585 E341.09095
G1 X119.971 Y112.161 E341.11058
G1 X120.169 Y112.249 E341.11815
G1 X120.871 Y112.668 E341.1467
G1 X121.491 Y113.166 E341.17447
G1 X122.041 Y113.747 E341.20241
G1 X122.545 Y114.427 E341.23197
G1 X122.974 Y115.318 E341.2665
G1 X123.222 Y116.091 E341.29485
G1 X123.334 Y116.682 E341.31586
G1 X123.391 Y117.501 E341.34453
G1 X123.338 Y118.296 E341.37236
G1 X123.132 Y119.283 E341.40757
G1 X122.82 Y120.033 E341.43594
G1 X122.414 Y120.752 E341.46478
G1 X122.012 Y121.279 E341.48792
G1 X120.87 Y120.175 E341.54339
G1 X120.773 Y120.055 E341.54878
G0 F9000 X118.916 Y123.389
G0 X118.675 Y123.693
M204 S2000
;TYPE:WALL-INNER
G1 F2126.8 X119.352 Y123.535 E341.57306
G1 X119.975 Y123.307 E341.59623
G1 X120.752 Y122.912 E341.62667
G1 X121.446 Y122.428 E341.65622
G1 X122.129 Y121.817 E341.68822
G1 X122.765 Y120.983 E341.72485
G1 X123.199 Y120.216 E341.75563
G1 X123.536 Y119.406 E341.78627
G1 X123.755 Y118.352 E341.82386
G1 X123.813 Y117.501 E341.85365
G1 X123.752 Y116.635 E341.88397
G1 X123.629 Y115.985 E341.90707
G1 X123.365 Y115.164 E341.93719
G1 X122.904 Y114.207 E341.97429
G1 X122.364 Y113.477 E342.006
G1 X121.777 Y112.857 E342.03581
G1 X121.111 Y112.322 E342.06565
G1 X120.359 Y111.874 E342.09622
G1 X119.538 Y111.507 E342.12762
G1 X118.675 Y111.307 E342.15856
G1 X118.675 Y113.95 E342.25086
G1 X119.25 Y114.181 E342.2725
G1 X119.885 Y114.607 E342.29921
G1 X120.432 Y115.161 E342.3264
G1 X120.853 Y115.825 E342.35385
G1 X121.127 Y116.545 E342.38076
G1 X121.243 Y117.291 E342.40712
G1 X121.199 Y118.113 E342.43587
G1 X120.999 Y118.845 E342.46237
G1 X120.662 Y119.52 E342.48872
G1 X120.175 Y120.131 E342.51601
G1 X119.596 Y120.609 E342.54223
G1 X118.958 Y120.95 E342.56749
G1 X118.675 Y121.045 E342.57792
G1 X118.675 Y123.693 E342.67039
M204 S1000
G0 F9000 X118.254 Y124.186
M204 S2000
;TYPE:WALL-OUTER
G1 F2126.8 X118.573 Y124.148 E342.68161
G1 X119.472 Y123.939 E342.71385
G1 X120.143 Y123.693 E342.7388
G1 X120.968 Y123.273 E342.77114
G1 X121.707 Y122.758 E342.80259
G1 X122.439 Y122.104 E342.83687
G1 X123.117 Y121.215 E342.87592
G1 X123.577 Y120.401 E342.90857
G1 X123.939 Y119.531 E342.94148
G1 X124.173 Y118.41 E342.98147
G1 X124.234 Y117.501 E343.01329
G1 X124.17 Y116.581 E343.0455
G1 X124.037 Y115.881 E343.07038
G1 X123.756 Y115.008 E343.10241
G1 X123.266 Y113.989 E343.14189
G1 X122.686 Y113.207 E343.1759
G1 X122.063 Y112.547 E343.20759
G1 X121.351 Y111.976 E343.23947
G1 X120.553 Y111.5 E343.27192
G1 X119.672 Y111.107 E343.30561
G1 X118.574 Y110.853 E343.34496
G1 X118.254 Y110.814 E343.35622
G1 X118.255 Y114.263 E343.47667
G1 X118.441 Y114.308 E343.48335
G1 X119.063 Y114.561 E343.5068
G1 X119.622 Y114.935 E343.53029
G1 X120.1 Y115.424 E343.55417
G1 X120.474 Y116.007 E343.57836
G1 X120.715 Y116.641 E343.60205
G1 X120.823 Y117.321 E343.6261
G1 X120.79 Y118.006 E343.65005
G1 X120.611 Y118.684 E343.67454
G1 X120.312 Y119.28 E343.69782
G1 X119.885 Y119.822 E343.72192
G1 X119.355 Y120.264 E343.74602
G1 X118.762 Y120.578 E343.76945
G1 X118.255 Y120.729 E343.78793
G1 X118.254 Y124.186 E343.90866
M204 S1000
G0 F9000 X118.452 Y124.163
G0 X119.274 Y123.138
G1 F1500 E342.90866
;MESH:NONMESH
G0 F600 X119.274 Y123.138 Z9.6
G0 F9000 X119.472 Y120.451
G0 X118.861 Y119.537
G0 X117.506 Y115.038
;TIME_ELAPSED:386.907205
;LAYER:47
;TYPE:SUPPORT
G1 F1500 E343.90866
G1 F2172.8 X117.59 Y115.077 E343.91173
G1 X117.533 Y115.002 E343.91486
G1 X117.336 Y115.258 E343.92557
G1 X116.842 Y115.386 E343.9425
G1 X116.304 Y115.625 E343.96203
G1 X115.99 Y115.876 E343.97537
G1 X119.705 Y117.608 E344.11136
G1 X119.694 Y117.851 E344.11943
G1 X119.581 Y118.283 E344.13425
G1 X119.372 Y118.694 E344.14954
G1 X119.195 Y118.915 E344.15894
G1 X115.323 Y117.11 E344.30067
G1 X115.276 Y117.417 E344.31097
G1 X115.353 Y118.08 E344.33312
G1 X115.525 Y118.514 E344.34861
G1 X115.782 Y118.908 E344.36421
G1 X116.036 Y119.158 E344.37604
G1 X116.412 Y119.426 E344.39136
G1 X116.828 Y119.607 E344.40641
G1 X117.335 Y119.738 E344.42378
G1 X117.533 Y119.994 E344.43452
G1 X117.705 Y119.765 E344.44402
G1 X115.744 Y118.851 E344.5158
G1 F1500 E343.5158
;MESH:Encoder_Knob.stl
G0 F9000 X114.343 Y119.123
G0 X111.502 Y117.498
G0 X111.223 Y117.499
M204 S2000
;TYPE:WALL-INNER
G1 F1500 E344.5158
G1 F2172.8 X111.283 Y118.37 E344.54629
G1 X111.45 Y119.246 E344.57743
G1 X111.842 Y120.223 E344.6142
G1 X112.276 Y120.984 E344.64479
G1 X112.652 Y121.489 E344.66678
G1 X113.27 Y122.14 E344.69813
G1 X113.578 Y122.402 E344.71225
G1 X114.306 Y122.905 E344.74315
G1 X114.888 Y123.211 E344.76612
G1 X115.687 Y123.512 E344.79593
G1 X116.414 Y123.677 E344.82197
G1 X116.414 Y121.077 E344.91277
G1 X115.84 Y120.863 E344.93416
G1 X115.427 Y120.62 E344.9509
G1 X114.913 Y120.209 E344.97388
G1 X114.599 Y119.874 E344.98992
G1 X114.16 Y119.21 E345.01771
G1 X113.876 Y118.469 E345.04543
G1 X113.758 Y117.708 E345.07232
G1 X113.758 Y117.294 E345.08678
G1 X113.88 Y116.525 E345.11397
G1 X114.163 Y115.782 E345.14174
G1 X114.608 Y115.115 E345.16974
G1 X114.865 Y114.834 E345.18304
G1 X115.434 Y114.375 E345.20857
G1 X115.835 Y114.139 E345.22482
G1 X116.414 Y113.923 E345.2464
G1 X116.414 Y111.285 E345.33853
G1 X115.276 Y111.629 E345.38005
G1 X114.682 Y111.889 E345.40269
G1 X113.936 Y112.332 E345.43299
G1 X113.103 Y112.995 E345.47017
G1 X112.366 Y113.855 E345.50973
G1 X111.847 Y114.77 E345.54646
G1 X111.521 Y115.584 E345.57709
G1 X111.295 Y116.436 E345.60787
G1 X111.223 Y117.499 E345.64508
M204 S1000
G0 F9000 X110.802 Y117.499
M204 S2000
;TYPE:WALL-OUTER
G1 F2172.8 X110.866 Y118.424 E345.67746
G1 X111.045 Y119.364 E345.71088
G1 X111.463 Y120.406 E345.75009
G1 X111.924 Y121.214 E345.78257
G1 X112.33 Y121.76 E345.80633
G1 X112.981 Y122.446 E345.83936
G1 X113.322 Y122.736 E345.855
G1 X114.088 Y123.265 E345.88751
G1 X114.716 Y123.595 E345.91228
G1 X115.566 Y123.915 E345.944
G1 X116.468 Y124.119 E345.9763
G1 X116.834 Y124.16 E345.98916
G1 X116.834 Y120.756 E346.10804
G1 X116.651 Y120.717 E346.11457
G1 X116.033 Y120.486 E346.13761
G1 X115.689 Y120.292 E346.1514
G1 X115.151 Y119.858 E346.17554
G1 X114.924 Y119.608 E346.18734
G1 X114.544 Y119.03 E346.21149
G1 X114.289 Y118.376 E346.23601
G1 X114.177 Y117.678 E346.2607
G1 X114.177 Y117.322 E346.27313
G1 X114.286 Y116.633 E346.29749
G1 X114.531 Y115.995 E346.32136
G1 X114.931 Y115.384 E346.34686
G1 X115.159 Y115.134 E346.35868
G1 X115.689 Y114.708 E346.38243
G1 X116.033 Y114.514 E346.39622
G1 X116.683 Y114.274 E346.42042
G1 X116.834 Y114.244 E346.42579
G1 X116.834 Y110.84 E346.54467
G1 X116.215 Y110.907 E346.56641
G1 X115.131 Y111.234 E346.60596
G1 X114.49 Y111.515 E346.6304
G1 X113.697 Y111.986 E346.66261
G1 X112.981 Y112.556 E346.69457
G1 X112.641 Y112.889 E346.71119
G1 X112.021 Y113.612 E346.74445
G1 X111.467 Y114.587 E346.78361
G1 X111.121 Y115.452 E346.81615
G1 X110.878 Y116.368 E346.84925
G1 X110.802 Y117.499 E346.88883
M204 S1000
G0 F9000 X110.815 Y117.698
G0 X111.832 Y117.63
G1 F1500 E345.88883
G0 F9000 X115.569 Y114.499
G0 X116.604 Y114.067
G0 X118.474 Y114.067
G0 X119.206 Y113.716
;TYPE:FILL
G1 F1500 E346.88883
G1 F2172.8 X119.796 Y112.585 E346.93338
G1 X120.09 Y112.253 E346.94887
G1 X120.493 Y112.467 E346.96481
G1 X121.174 Y112.937 E346.9937
G1 X121.884 Y113.592 E347.02744
G1 X122.38 Y114.263 E347.05658
G1 X122.786 Y114.978 E347.08529
G1 X123.077 Y115.707 E347.11271
G1 X123.236 Y116.318 E347.13475
G1 X123.344 Y117.098 E347.16225
G1 X123.345 Y117.906 E347.19047
G1 X123.234 Y118.702 E347.21854
G1 X123.025 Y119.494 E347.24715
G1 X122.587 Y120.406 E347.28248
G1 X122.401 Y120.711 E347.29495
G1 X121.897 Y121.37 E347.32393
G1 X120.687 Y120.156 E347.38379
G0 F9000 X118.914 Y123.37
G0 X118.674 Y123.688
M204 S2000
;TYPE:WALL-INNER
G1 F2172.8 X119.556 Y123.432 E347.41586
G1 X120.367 Y123.087 E347.44664
G1 X120.721 Y122.891 E347.46077
G1 X121.591 Y122.286 E347.49778
G1 X122.214 Y121.646 E347.52897
G1 X122.742 Y120.958 E347.55926
G1 X122.957 Y120.605 E347.57369
G1 X123.421 Y119.638 E347.61115
G1 X123.646 Y118.785 E347.64196
G1 X123.765 Y117.935 E347.67193
G1 X123.764 Y117.068 E347.70221
G1 X123.649 Y116.238 E347.73147
G1 X123.476 Y115.574 E347.75544
G1 X123.164 Y114.793 E347.78481
G1 X122.734 Y114.035 E347.81524
G1 X122.2 Y113.313 E347.8466
G1 X121.435 Y112.607 E347.88296
G1 X120.717 Y112.11 E347.91345
G1 X120.14 Y111.804 E347.93626
G1 X119.344 Y111.499 E347.96603
G1 X118.675 Y111.344 E347.99001
G1 X118.675 Y113.95 E348.08102
G1 X119.248 Y114.18 E348.10259
G1 X119.918 Y114.636 E348.13089
G1 X120.45 Y115.187 E348.15764
G1 X120.853 Y115.818 E348.18379
G1 X121.124 Y116.546 E348.21091
G1 X121.246 Y117.298 E348.23752
G1 X121.205 Y118.071 E348.26455
G1 X121.004 Y118.841 E348.29235
G1 X120.668 Y119.505 E348.31833
G1 X120.177 Y120.125 E348.34595
G1 X119.595 Y120.61 E348.37241
G1 X118.958 Y120.95 E348.39763
G1 X118.675 Y121.045 E348.40805
G1 X118.674 Y123.688 E348.50036
M204 S1000
G0 F9000 X118.914 Y123.37
G0 X121.194 Y118.897
G0 X121.444 Y117.297
G0 X121.233 Y116.258
G0 X118.52 Y111.149
G0 X118.255 Y110.849
M204 S2000
;TYPE:WALL-OUTER
G1 F2172.8 X118.255 Y114.263 E348.61958
G1 X118.441 Y114.308 E348.62627
G1 X119.062 Y114.561 E348.64968
G1 X119.61 Y114.926 E348.67268
G1 X120.112 Y115.437 E348.69769
G1 X120.467 Y115.995 E348.72079
G1 X120.718 Y116.652 E348.74535
G1 X120.824 Y117.335 E348.76949
G1 X120.789 Y118.013 E348.7932
G1 X120.616 Y118.669 E348.81689
G1 X120.308 Y119.286 E348.84098
G1 X119.876 Y119.831 E348.86526
G1 X119.355 Y120.264 E348.88892
G1 X118.762 Y120.578 E348.91236
G1 X118.255 Y120.729 E348.93083
G1 X118.254 Y124.151 E349.05034
G1 X118.815 Y124.083 E349.07007
G1 X119.697 Y123.828 E349.10214
G1 X120.551 Y123.465 E349.13454
G1 X120.943 Y123.248 E349.15019
G1 X121.864 Y122.608 E349.18936
G1 X122.532 Y121.922 E349.2228
G1 X123.089 Y121.196 E349.25475
G1 X123.327 Y120.805 E349.27074
G1 X123.817 Y119.784 E349.31029
G1 X124.059 Y118.868 E349.34338
G1 X124.185 Y117.964 E349.37525
G1 X124.184 Y117.039 E349.40756
G1 X124.062 Y116.156 E349.43869
G1 X123.876 Y115.442 E349.46445
G1 X123.544 Y114.611 E349.49571
G1 X123.087 Y113.806 E349.52803
G1 X122.514 Y113.031 E349.56169
G1 X121.698 Y112.278 E349.60047
G1 X120.935 Y111.75 E349.63287
G1 X120.314 Y111.421 E349.65742
G1 X119.467 Y111.096 E349.6891
G1 X118.567 Y110.888 E349.72136
G1 X118.255 Y110.849 E349.73234
M204 S1000
G0 F9000 X118.255 Y111.049
G0 X119.274 Y111.897
G1 F1500 E348.73234
;MESH:NONMESH
G0 F600 X119.274 Y111.897 Z9.8
G0 F9000 X118.469 Y114.093
G0 X117.506 Y115.038
;TIME_ELAPSED:393.860769
;LAYER:48
;TYPE:SUPPORT
G1 F1500 E349.73234
G1 F2105.9 X117.59 Y115.077 E349.73541
G1 X117.533 Y115.002 E349.73854
G1 X117.336 Y115.258 E349.74925
G1 X116.842 Y115.386 E349.76619
G1 X116.304 Y115.625 E349.78572
G1 X115.99 Y115.876 E349.79905
G1 X119.705 Y117.608 E349.93504
G1 X119.694 Y117.851 E349.94311
G1 X119.581 Y118.283 E349.95793
G1 X119.372 Y118.694 E349.97323
G1 X119.195 Y118.915 E349.98262
G1 X115.323 Y117.11 E350.12435
G1 X115.276 Y117.417 E350.13466
G1 X115.353 Y118.08 E350.1568
G1 X115.525 Y118.514 E350.17229
G1 X115.782 Y118.908 E350.1879
G1 X116.036 Y119.158 E350.19972
G1 X116.412 Y119.426 E350.21504
G1 X116.828 Y119.607 E350.23009
G1 X117.335 Y119.738 E350.24746
G1 X117.533 Y119.994 E350.2582
G1 X117.705 Y119.765 E350.2677
G1 X115.744 Y118.851 E350.33948
G1 F1500 E349.33948
;MESH:Encoder_Knob.stl
G0 F9000 X114.343 Y119.123
G0 X111.537 Y117.5
G0 X111.258 Y117.497
M204 S2000
;TYPE:WALL-INNER
G1 F1500 E350.33948
G1 F2105.9 X111.319 Y118.371 E350.37008
G1 X111.438 Y118.997 E350.39233
G1 X111.698 Y119.807 E350.42204
G1 X112.17 Y120.783 E350.4599
G1 X112.675 Y121.462 E350.48946
G1 X113.293 Y122.114 E350.52083
G1 X113.601 Y122.375 E350.53493
G1 X114.327 Y122.876 E350.56573
G1 X114.896 Y123.174 E350.58817
G1 X115.698 Y123.478 E350.61812
G1 X116.414 Y123.641 E350.64376
G1 X116.414 Y121.077 E350.73331
G1 X115.84 Y120.863 E350.7547
G1 X115.427 Y120.62 E350.77143
G1 X114.849 Y120.15 E350.79745
G1 X114.581 Y119.85 E350.8115
G1 X114.159 Y119.201 E350.83853
G1 X113.877 Y118.473 E350.8658
G1 X113.758 Y117.708 E350.89284
G1 X113.758 Y117.293 E350.90733
G1 X113.88 Y116.526 E350.93445
G1 X114.158 Y115.8 E350.9616
G1 X114.599 Y115.126 E350.98973
G1 X114.857 Y114.842 E351.00313
G1 X115.499 Y114.33 E351.03181
G1 X115.886 Y114.12 E351.04719
G1 X116.414 Y113.923 E351.06687
G1 X116.414 Y111.36 E351.15637
G1 X115.689 Y111.526 E351.18235
G1 X114.864 Y111.822 E351.21296
G1 X113.957 Y112.359 E351.24977
G1 X113.286 Y112.896 E351.27978
G1 X112.654 Y113.539 E351.31127
G1 X112.081 Y114.398 E351.34733
G1 X111.618 Y115.363 E351.38471
G1 X111.331 Y116.447 E351.42387
G1 X111.258 Y117.497 E351.46063
M204 S1000
G0 F9000 X110.837 Y117.497
M204 S2000
;TYPE:WALL-OUTER
G1 F2105.9 X110.902 Y118.425 E351.49312
G1 X111.03 Y119.101 E351.51714
G1 X111.308 Y119.963 E351.54878
G1 X111.809 Y121.001 E351.58903
G1 X112.353 Y121.733 E351.62088
G1 X113.004 Y122.42 E351.65393
G1 X113.345 Y122.709 E351.66954
G1 X114.109 Y123.236 E351.70195
G1 X114.723 Y123.558 E351.72617
G1 X115.576 Y123.882 E351.75803
G1 X116.476 Y124.085 E351.79025
G1 X116.834 Y124.126 E351.80284
G1 X116.834 Y120.756 E351.92053
G1 X116.651 Y120.717 E351.92706
G1 X116.033 Y120.486 E351.9501
G1 X115.689 Y120.292 E351.9639
G1 X115.151 Y119.858 E351.98804
G1 X114.918 Y119.6 E352.00018
G1 X114.537 Y119.018 E352.02447
G1 X114.29 Y118.377 E352.04846
G1 X114.177 Y117.678 E352.07319
G1 X114.177 Y117.322 E352.08562
G1 X114.286 Y116.634 E352.10995
G1 X114.537 Y115.982 E352.13435
G1 X114.924 Y115.392 E352.15899
G1 X115.175 Y115.119 E352.17194
G1 X115.689 Y114.708 E352.19492
G1 X116.033 Y114.514 E352.20871
G1 X116.683 Y114.274 E352.23291
G1 X116.834 Y114.244 E352.23829
G1 X116.834 Y110.875 E352.35595
G1 X116.481 Y110.914 E352.36835
G1 X115.571 Y111.122 E352.40095
G1 X114.684 Y111.44 E352.43386
G1 X113.718 Y112.013 E352.47308
G1 X113.004 Y112.584 E352.50501
G1 X112.326 Y113.273 E352.53877
G1 X111.715 Y114.19 E352.57725
G1 X111.22 Y115.221 E352.61719
G1 X110.915 Y116.378 E352.65898
G1 X110.837 Y117.497 E352.69815
M204 S1000
G0 F9000 X110.85 Y117.696
G0 X111.866 Y117.627
G1 F1500 E351.69815
G0 F9000 X114.343 Y115.877
G0 X115.321 Y116.381
G0 X118.159 Y115.14
G0 X118.469 Y114.093
G0 X119.315 Y113.762
;TYPE:FILL
G1 F1500 E352.69815
G1 F2105.9 X119.981 Y112.585 E352.74538
G1 X120.196 Y112.346 E352.7566
G1 X120.824 Y112.721 E352.78215
G1 X121.448 Y113.222 E352.8101
G1 X121.997 Y113.802 E352.83799
G1 X122.483 Y114.462 E352.86661
G1 X122.912 Y115.354 E352.90118
G1 X123.157 Y116.117 E352.92916
G1 X123.309 Y116.913 E352.95746
G1 X123.31 Y117.904 E352.99207
G1 X123.2 Y118.69 E353.01979
G1 X122.991 Y119.482 E353.0484
G1 X122.565 Y120.373 E353.08289
G1 X122.018 Y121.196 E353.1174
G1 X121.771 Y121.45 E353.12977
G1 X120.611 Y120.253 E353.18798
G0 F9000 X118.916 Y123.317
G0 X118.674 Y123.621
M204 S2000
;TYPE:WALL-INNER
G1 F2105.9 X119.34 Y123.466 E353.21186
G1 X120.165 Y123.164 E353.24254
G1 X121.065 Y122.624 E353.2792
G1 X121.74 Y122.082 E353.30943
G1 X122.346 Y121.462 E353.33971
G1 X122.93 Y120.582 E353.37659
G1 X123.387 Y119.626 E353.4136
G1 X123.612 Y118.773 E353.44441
G1 X123.73 Y117.933 E353.47403
G1 X123.729 Y116.875 E353.51098
G1 X123.564 Y116.01 E353.54173
G1 X123.304 Y115.2 E353.57144
G1 X122.843 Y114.242 E353.60857
G1 X122.32 Y113.533 E353.63934
G1 X121.735 Y112.914 E353.66908
G1 X121.067 Y112.377 E353.69901
G1 X120.322 Y111.934 E353.72928
G1 X119.526 Y111.577 E353.75975
G1 X118.675 Y111.38 E353.79026
G1 X118.675 Y113.95 E353.88001
G1 X119.246 Y114.179 E353.90149
G1 X119.886 Y114.607 E353.92838
G1 X120.45 Y115.187 E353.95663
G1 X120.853 Y115.825 E353.98299
G1 X121.128 Y116.546 E354.00994
G1 X121.246 Y117.3 E354.03659
G1 X121.206 Y118.071 E354.06355
G1 X121.005 Y118.838 E354.09124
G1 X120.655 Y119.525 E354.11817
G1 X120.177 Y120.125 E354.14496
G1 X119.59 Y120.616 E354.17168
G1 X118.958 Y120.95 E354.19665
G1 X118.675 Y121.045 E354.20707
G1 X118.674 Y123.621 E354.29704
M204 S1000
G0 F9000 X118.254 Y124.115
M204 S2000
;TYPE:WALL-OUTER
G1 F2105.9 X118.562 Y124.078 E354.30787
G1 X119.46 Y123.869 E354.34007
G1 X120.347 Y123.545 E354.37305
G1 X121.305 Y122.97 E354.41207
G1 X122.023 Y122.394 E354.44421
G1 X122.674 Y121.727 E354.47676
G1 X123.296 Y120.79 E354.51604
G1 X123.783 Y119.772 E354.55545
G1 X124.025 Y118.856 E354.58854
G1 X124.15 Y117.962 E354.62006
G1 X124.149 Y116.835 E354.65942
G1 X123.972 Y115.906 E354.69245
G1 X123.695 Y115.044 E354.72407
G1 X123.205 Y114.024 E354.76359
G1 X122.643 Y113.263 E354.79663
G1 X122.021 Y112.604 E354.82827
G1 X121.307 Y112.031 E354.86024
G1 X120.516 Y111.56 E354.89239
G1 X119.66 Y111.177 E354.92514
G1 X118.561 Y110.923 E354.96454
G1 X118.255 Y110.885 E354.97531
G1 X118.255 Y114.263 E355.09328
G1 X118.441 Y114.308 E355.09996
G1 X119.061 Y114.56 E355.12333
G1 X119.622 Y114.935 E355.1469
G1 X120.112 Y115.437 E355.1714
G1 X120.474 Y116.007 E355.19498
G1 X120.715 Y116.641 E355.21866
G1 X120.824 Y117.335 E355.2432
G1 X120.789 Y118.013 E355.26691
G1 X120.616 Y118.669 E355.2906
G1 X120.304 Y119.293 E355.31496
G1 X119.876 Y119.831 E355.33897
G1 X119.343 Y120.272 E355.36313
G1 X118.762 Y120.578 E355.38607
G1 X118.255 Y120.729 E355.40454
G1 X118.254 Y124.115 E355.52279
M204 S1000
G0 F9000 X118.452 Y124.092
G0 X119.274 Y123.066
G1 F1500 E354.52279
;MESH:NONMESH
G0 F600 X119.274 Y123.066 Z10
G0 F9000 X119.472 Y120.451
G0 X118.861 Y119.537
G0 X117.506 Y115.038
;TIME_ELAPSED:400.810693
;LAYER:49
;TYPE:SUPPORT
G1 F1500 E355.52279
G1 F2168.4 X117.59 Y115.077 E355.52586
G1 X117.533 Y115.002 E355.52899
G1 X117.336 Y115.258 E355.5397
G1 X116.842 Y115.386 E355.55664
G1 X116.304 Y115.625 E355.57617
G1 X115.99 Y115.876 E355.5895
G1 X119.705 Y117.608 E355.72549
G1 X119.694 Y117.851 E355.73356
G1 X119.581 Y118.283 E355.74838
G1 X119.372 Y118.694 E355.76368
G1 X119.195 Y118.915 E355.77307
G1 X115.323 Y117.11 E355.9148
G1 X115.276 Y117.417 E355.92511
G1 X115.353 Y118.08 E355.94725
G1 X115.525 Y118.514 E355.96274
G1 X115.782 Y118.908 E355.97835
G1 X116.036 Y119.158 E355.99017
G1 X116.412 Y119.426 E356.00549
G1 X116.828 Y119.607 E356.02054
G1 X117.335 Y119.738 E356.03791
G1 X117.533 Y119.994 E356.04865
G1 X117.705 Y119.765 E356.05815
G1 X115.744 Y118.851 E356.12993
G1 F1500 E355.12993
;MESH:Encoder_Knob.stl
G0 F9000 X114.343 Y119.123
G0 X111.572 Y117.5
G0 X111.293 Y117.497
M204 S2000
;TYPE:WALL-INNER
G1 F1500 E356.12993
G1 F2168.4 X111.354 Y118.371 E356.16053
G1 X111.47 Y118.982 E356.18225
G1 X111.731 Y119.792 E356.21197
G1 X112.201 Y120.765 E356.24971
G1 X112.706 Y121.445 E356.27929
G1 X113.302 Y122.075 E356.30957
G1 X113.987 Y122.618 E356.3401
G1 X114.726 Y123.073 E356.37041
G1 X115.704 Y123.443 E356.40692
G1 X116.414 Y123.604 E356.43235
G1 X116.414 Y121.077 E356.5206
G1 X115.886 Y120.88 E356.54028
G1 X115.49 Y120.664 E356.55603
G1 X114.849 Y120.15 E356.58473
G1 X114.581 Y119.851 E356.59875
G1 X114.159 Y119.201 E356.62582
G1 X113.876 Y118.471 E356.65316
G1 X113.758 Y117.708 E356.68012
G1 X113.758 Y117.293 E356.69461
G1 X113.878 Y116.524 E356.7218
G1 X114.158 Y115.8 E356.7489
G1 X114.607 Y115.116 E356.77748
G1 X114.913 Y114.791 E356.79307
G1 X115.499 Y114.33 E356.81911
G1 X115.886 Y114.12 E356.83448
G1 X116.414 Y113.923 E356.85416
G1 X116.414 Y111.361 E356.94364
G1 X115.29 Y111.699 E356.98463
G1 X114.726 Y111.945 E357.00612
G1 X113.97 Y112.393 E357.03681
G1 X113.646 Y112.634 E357.05091
G1 X112.985 Y113.238 E357.08218
G1 X112.594 Y113.697 E357.10324
G1 X112.108 Y114.423 E357.13375
G1 X111.731 Y115.209 E357.16419
G1 X111.53 Y115.8 E357.18599
G1 X111.353 Y116.631 E357.21566
G1 X111.293 Y117.497 E357.24598
M204 S1000
G0 F9000 X110.872 Y117.497
M204 S2000
;TYPE:WALL-OUTER
G1 F2168.4 X110.937 Y118.425 E357.27847
G1 X111.062 Y119.086 E357.30196
G1 X111.34 Y119.948 E357.33359
G1 X111.84 Y120.983 E357.37373
G1 X112.384 Y121.715 E357.40558
G1 X113.018 Y122.385 E357.4378
G1 X113.745 Y122.962 E357.47021
G1 X114.54 Y123.452 E357.50282
G1 X115.583 Y123.846 E357.54176
G1 X116.486 Y124.05 E357.57409
G1 X116.834 Y124.09 E357.58633
G1 X116.834 Y120.756 E357.70276
G1 X116.651 Y120.717 E357.70929
G1 X116.033 Y120.486 E357.73233
G1 X115.689 Y120.292 E357.74613
G1 X115.151 Y119.858 E357.77027
G1 X114.918 Y119.6 E357.78241
G1 X114.537 Y119.018 E357.8067
G1 X114.29 Y118.377 E357.83069
G1 X114.177 Y117.678 E357.85542
G1 X114.177 Y117.322 E357.86785
G1 X114.284 Y116.644 E357.89182
G1 X114.537 Y115.982 E357.91657
G1 X114.916 Y115.403 E357.94074
G1 X115.175 Y115.119 E357.95416
G1 X115.689 Y114.708 E357.97715
G1 X116.033 Y114.514 E357.99094
G1 X116.683 Y114.274 E358.01514
G1 X116.834 Y114.244 E358.02051
G1 X116.834 Y110.911 E358.13691
G1 X116.233 Y110.976 E358.15802
G1 X115.145 Y111.304 E358.19771
G1 X114.534 Y111.571 E358.221
G1 X113.738 Y112.043 E358.25331
G1 X113.378 Y112.309 E358.26895
G1 X112.683 Y112.946 E358.30187
G1 X112.258 Y113.443 E358.32471
G1 X111.742 Y114.215 E358.35714
G1 X111.341 Y115.05 E358.38949
G1 X111.124 Y115.688 E358.41302
G1 X110.936 Y116.573 E358.44462
G1 X110.872 Y117.497 E358.47696
M204 S1000
G0 F9000 X110.885 Y117.696
G0 X111.901 Y117.627
G1 F1500 E357.47696
G0 F9000 X114.343 Y115.877
G0 X115.321 Y116.381
G0 X118.159 Y115.14
G0 X118.469 Y114.093
G0 X119.416 Y113.805
;TYPE:FILL
G1 F1500 E358.47696
G1 F2168.4 X120.159 Y112.585 E358.52685
G1 X120.308 Y112.422 E358.53456
G1 X121.288 Y113.104 E358.57626
G1 X121.973 Y113.829 E358.61109
G1 X122.454 Y114.483 E358.63944
G1 X122.879 Y115.367 E358.6737
G1 X123.176 Y116.293 E358.70766
G1 X123.273 Y117.101 E358.73608
G1 X123.274 Y117.903 E358.76409
G1 X123.138 Y118.871 E358.79823
G1 X122.883 Y119.621 E358.82589
G1 X122.446 Y120.537 E358.86133
G1 X121.832 Y121.338 E358.89658
G1 X121.644 Y121.53 E358.90596
G1 X120.533 Y120.352 E358.96251
G0 F9000 X121.215 Y118.905
G0 X121.465 Y117.295
G0 X121.104 Y115.866
G0 X118.916 Y111.719
G0 X118.675 Y111.416
M204 S2000
;TYPE:WALL-INNER
G1 F2168.4 X118.675 Y113.95 E359.05101
G1 X119.275 Y114.198 E359.07368
G1 X119.902 Y114.621 E359.1001
G1 X120.45 Y115.188 E359.12763
G1 X120.853 Y115.825 E359.15396
G1 X121.127 Y116.544 E359.18083
G1 X121.246 Y117.298 E359.20749
G1 X121.206 Y118.072 E359.23455
G1 X121.014 Y118.807 E359.26108
G1 X120.667 Y119.507 E359.28837
G1 X120.177 Y120.126 E359.31594
G1 X119.595 Y120.609 E359.34235
G1 X118.958 Y120.95 E359.36759
G1 X118.675 Y121.045 E359.37801
G1 X118.675 Y123.584 E359.46668
G1 X119.339 Y123.428 E359.4905
G1 X119.914 Y123.219 E359.51187
G1 X120.691 Y122.825 E359.54229
G1 X121.549 Y122.227 E359.57882
G1 X122.152 Y121.612 E359.6089
G1 X122.681 Y120.923 E359.63923
G1 X122.894 Y120.575 E359.65348
G1 X123.273 Y119.779 E359.68427
G1 X123.549 Y118.97 E359.71412
G1 X123.694 Y117.933 E359.75069
G1 X123.693 Y117.071 E359.78079
G1 X123.589 Y116.205 E359.81125
G1 X123.271 Y115.213 E359.84763
G1 X122.815 Y114.263 E359.88443
G1 X122.297 Y113.56 E359.91493
G1 X121.709 Y112.936 E359.94487
G1 X121.398 Y112.668 E359.95921
G1 X120.676 Y112.167 E359.9899
G1 X120.126 Y111.875 E360.01165
G1 X119.328 Y111.568 E360.04151
G1 X118.675 Y111.416 E360.06492
M204 S1000
G0 F9000 X118.916 Y111.719
G0 X121.319 Y116.491
G0 X121.402 Y118.108
G0 X118.52 Y123.782
G0 X118.254 Y124.08
M204 S2000
;TYPE:WALL-OUTER
G1 F2168.4 X118.553 Y124.044 E360.07544
G1 X119.459 Y123.832 E360.10794
G1 X120.082 Y123.605 E360.13109
G1 X120.907 Y123.187 E360.16339
G1 X121.822 Y122.549 E360.20235
G1 X122.47 Y121.888 E360.23467
G1 X123.027 Y121.161 E360.26666
G1 X123.264 Y120.776 E360.28245
G1 X123.663 Y119.938 E360.31486
G1 X123.959 Y119.068 E360.34695
G1 X124.114 Y117.962 E360.38595
G1 X124.113 Y117.046 E360.41794
G1 X124.001 Y116.115 E360.45069
G1 X123.662 Y115.057 E360.48949
G1 X123.177 Y114.046 E360.52865
G1 X122.62 Y113.29 E360.56145
G1 X121.999 Y112.632 E360.59304
G1 X121.656 Y112.336 E360.60886
G1 X120.895 Y111.807 E360.64123
G1 X120.3 Y111.492 E360.66474
G1 X119.452 Y111.166 E360.69647
G1 X118.556 Y110.957 E360.7286
G1 X118.254 Y110.92 E360.73923
G1 X118.255 Y114.263 E360.85598
G1 X118.441 Y114.308 E360.86266
G1 X119.06 Y114.56 E360.886
G1 X119.628 Y114.94 E360.90987
G1 X120.102 Y115.425 E360.93355
G1 X120.474 Y116.007 E360.95767
G1 X120.715 Y116.641 E360.98136
G1 X120.824 Y117.335 E361.00589
G1 X120.789 Y118.014 E361.02964
G1 X120.616 Y118.671 E361.05336
G1 X120.308 Y119.287 E361.07742
G1 X119.876 Y119.832 E361.1017
G1 X119.355 Y120.264 E361.12534
G1 X118.762 Y120.578 E361.14877
G1 X118.255 Y120.729 E361.16725
G1 X118.254 Y124.08 E361.28427
M204 S1000
G0 F9000 X118.452 Y124.057
G0 X119.274 Y123.03
G1 F1500 E360.28427
;MESH:NONMESH
G0 F600 X119.274 Y123.03 Z10.2
G0 F9000 X119.472 Y120.451
G0 X118.861 Y119.537
G0 X117.506 Y115.038
;TIME_ELAPSED:408.059659
;LAYER:50
;TYPE:SUPPORT
G1 F1500 E361.28427
G1 F2115.6 X117.59 Y115.077 E361.28735
G1 X117.533 Y115.002 E361.29047
G1 X117.336 Y115.258 E361.30119
G1 X116.842 Y115.386 E361.31812
G1 X116.304 Y115.625 E361.33765
G1 X115.99 Y115.876 E361.35099
G1 X119.705 Y117.608 E361.48698
G1 X119.694 Y117.851 E361.49505
G1 X119.581 Y118.283 E361.50986
G1 X119.372 Y118.694 E361.52516
G1 X119.195 Y118.915 E361.53455
G1 X115.323 Y117.11 E361.67629
G1 X115.276 Y117.417 E361.68659
G1 X115.353 Y118.08 E361.70874
G1 X115.525 Y118.514 E361.72422
G1 X115.782 Y118.908 E361.73983
G1 X116.036 Y119.158 E361.75165
G1 X116.412 Y119.426 E361.76697
G1 X116.828 Y119.607 E361.78202
G1 X117.335 Y119.738 E361.7994
G1 X117.533 Y119.994 E361.81014
G1 X117.705 Y119.765 E361.81964
G1 X115.744 Y118.851 E361.89142
G1 F1500 E360.89142
;MESH:Encoder_Knob.stl
G0 F9000 X114.343 Y119.123
G0 X111.607 Y117.5
G0 X111.328 Y117.499
M204 S2000
;TYPE:WALL-INNER
G1 F1500 E361.89142
G1 F2115.6 X111.39 Y118.371 E361.92195
G1 X111.503 Y118.967 E361.94313
G1 X111.763 Y119.777 E361.97284
G1 X112.23 Y120.743 E362.01031
G1 X112.734 Y121.422 E362.03984
G1 X113.326 Y122.048 E362.06993
G1 X114.003 Y122.586 E362.10013
G1 X114.74 Y123.039 E362.13034
G1 X115.715 Y123.41 E362.16678
G1 X116.414 Y123.567 E362.1918
G1 X116.414 Y121.077 E362.27875
G1 X115.839 Y120.862 E362.30019
G1 X115.49 Y120.664 E362.31421
G1 X114.848 Y120.149 E362.34295
G1 X114.581 Y119.851 E362.35692
G1 X114.159 Y119.201 E362.38399
G1 X113.876 Y118.469 E362.41139
G1 X113.758 Y117.709 E362.43825
G1 X113.758 Y117.293 E362.45278
G1 X113.88 Y116.526 E362.4799
G1 X114.158 Y115.801 E362.50702
G1 X114.588 Y115.14 E362.53456
G1 X114.859 Y114.84 E362.54868
G1 X115.434 Y114.375 E362.5745
G1 X115.833 Y114.14 E362.59068
G1 X116.414 Y113.923 E362.61234
G1 X116.414 Y111.432 E362.69933
G1 X115.523 Y111.636 E362.73125
G1 X114.748 Y111.975 E362.76079
G1 X114 Y112.414 E362.79108
G1 X113.326 Y112.955 E362.82126
G1 X112.886 Y113.398 E362.84307
G1 X112.36 Y114.079 E362.87312
G1 X112.146 Y114.425 E362.88733
G1 X111.68 Y115.396 E362.92494
G1 X111.402 Y116.441 E362.96271
G1 X111.328 Y117.499 E362.99974
M204 S1000
G0 F9000 X110.907 Y117.499
M204 S2000
;TYPE:WALL-OUTER
G1 F2115.6 X110.973 Y118.425 E363.03217
G1 X111.095 Y119.071 E363.05512
G1 X111.372 Y119.933 E363.08674
G1 X111.869 Y120.962 E363.12665
G1 X112.412 Y121.692 E363.15843
G1 X113.041 Y122.358 E363.19042
G1 X113.761 Y122.931 E363.22255
G1 X114.554 Y123.418 E363.25505
G1 X115.593 Y123.813 E363.29387
G1 X116.494 Y124.016 E363.32613
G1 X116.834 Y124.054 E363.33807
G1 X116.834 Y120.756 E363.45325
G1 X116.651 Y120.717 E363.45979
G1 X116.003 Y120.472 E363.48398
G1 X115.689 Y120.292 E363.49662
G1 X115.151 Y119.858 E363.52076
G1 X114.918 Y119.6 E363.5329
G1 X114.537 Y119.018 E363.55719
G1 X114.29 Y118.377 E363.58118
G1 X114.177 Y117.679 E363.60588
G1 X114.177 Y117.322 E363.61834
G1 X114.286 Y116.634 E363.64267
G1 X114.537 Y115.983 E363.66704
G1 X114.92 Y115.397 E363.69149
G1 X115.175 Y115.119 E363.70466
G1 X115.717 Y114.69 E363.7288
G1 X116.003 Y114.527 E363.7403
G1 X116.683 Y114.274 E363.76563
G1 X116.834 Y114.244 E363.77101
G1 X116.834 Y110.946 E363.88619
G1 X116.496 Y110.983 E363.89806
G1 X115.391 Y111.235 E363.93764
G1 X114.556 Y111.6 E363.96947
G1 X113.761 Y112.068 E364.00169
G1 X113.044 Y112.642 E364.03376
G1 X112.57 Y113.121 E364.05729
G1 X112.014 Y113.839 E364.08901
G1 X111.777 Y114.223 E364.10477
G1 X111.282 Y115.254 E364.14471
G1 X110.986 Y116.372 E364.1851
G1 X110.907 Y117.499 E364.22455
M204 S1000
G0 F9000 X110.921 Y117.698
G0 X111.937 Y117.628
G1 F1500 E363.22455
G0 F9000 X114.343 Y115.877
G0 X115.321 Y116.381
G0 X118.159 Y115.14
G0 X118.469 Y114.093
G0 X119.505 Y113.848
;TYPE:FILL
G1 F1500 E364.22455
G1 F2115.6 X120.374 Y112.52 E364.27998
G1 X121.114 Y113.025 E364.31127
G1 X121.813 Y113.671 E364.3445
G1 X122.294 Y114.323 E364.3728
G1 X122.79 Y115.2 E364.40799
G1 X123.092 Y116.145 E364.44263
G1 X123.194 Y116.689 E364.46196
G1 X123.25 Y117.495 E364.49018
G1 X123.183 Y118.489 E364.52497
G1 X122.928 Y119.451 E364.55973
G1 X122.494 Y120.355 E364.59475
G1 X122.31 Y120.657 E364.6071
G1 X121.801 Y121.32 E364.63629
G1 X121.518 Y121.608 E364.65039
G1 X120.446 Y120.448 E364.70555
G0 F9000 X121.215 Y118.905
G0 X121.465 Y117.295
G0 X121.104 Y115.866
G0 X118.916 Y111.755
G0 X118.675 Y111.452
M204 S2000
;TYPE:WALL-INNER
G1 F2115.6 X118.675 Y113.95 E364.79279
G1 X119.272 Y114.197 E364.81535
G1 X119.891 Y114.607 E364.84128
G1 X120.451 Y115.187 E364.86944
G1 X120.833 Y115.787 E364.89428
G1 X121.116 Y116.513 E364.92149
G1 X121.242 Y117.291 E364.94901
G1 X121.208 Y118.073 E364.97635
G1 X121.005 Y118.84 E365.00406
G1 X120.667 Y119.506 E365.03014
G1 X120.176 Y120.127 E365.05779
G1 X119.595 Y120.609 E365.08415
G1 X118.958 Y120.95 E365.10938
G1 X118.675 Y121.045 E365.11981
G1 X118.675 Y123.547 E365.20719
G1 X119.334 Y123.393 E365.23082
G1 X119.901 Y123.187 E365.25189
G1 X120.667 Y122.8 E365.28186
G1 X121.521 Y122.205 E365.31821
G1 X122.121 Y121.594 E365.34812
G1 X122.65 Y120.904 E365.37848
G1 X122.863 Y120.555 E365.39276
G1 X123.324 Y119.596 E365.42992
G1 X123.6 Y118.555 E365.46753
G1 X123.672 Y117.501 E365.50442
G1 X123.611 Y116.634 E365.53478
G1 X123.499 Y116.04 E365.55589
G1 X123.239 Y115.221 E365.5859
G1 X123.068 Y114.836 E365.60061
G1 X122.646 Y114.092 E365.63048
G1 X122.13 Y113.393 E365.66082
G1 X121.371 Y112.692 E365.6969
G1 X120.658 Y112.197 E365.72722
G1 X120.118 Y111.91 E365.74857
G1 X119.32 Y111.602 E365.77845
G1 X118.675 Y111.452 E365.80157
M204 S1000
G0 F9000 X118.255 Y110.955
M204 S2000
;TYPE:WALL-OUTER
G1 F2115.6 X118.255 Y114.263 E365.9171
G1 X118.441 Y114.308 E365.92378
G1 X119.059 Y114.559 E365.94708
G1 X119.61 Y114.926 E365.9702
G1 X120.112 Y115.437 E365.99521
G1 X120.467 Y115.995 E366.01831
G1 X120.715 Y116.641 E366.04248
G1 X120.823 Y117.321 E366.06652
G1 X120.786 Y118.027 E366.09121
G1 X120.616 Y118.668 E366.11437
G1 X120.308 Y119.286 E366.13848
G1 X119.876 Y119.832 E366.1628
G1 X119.355 Y120.264 E366.18643
G1 X118.762 Y120.578 E366.20987
G1 X118.255 Y120.729 E366.22834
G1 X118.255 Y124.044 E366.34411
G1 X118.56 Y124.006 E366.35485
G1 X119.454 Y123.797 E366.38691
G1 X120.068 Y123.573 E366.40974
G1 X120.883 Y123.162 E366.44161
G1 X121.793 Y122.527 E366.48036
G1 X122.439 Y121.87 E366.51254
G1 X122.997 Y121.142 E366.54458
G1 X123.233 Y120.756 E366.56038
G1 X123.72 Y119.742 E366.59966
G1 X124.016 Y118.624 E366.64005
G1 X124.093 Y117.501 E366.67936
G1 X124.028 Y116.58 E366.7116
G1 X123.907 Y115.937 E366.73445
G1 X123.632 Y115.072 E366.76615
G1 X123.444 Y114.647 E366.78238
G1 X122.999 Y113.863 E366.81387
G1 X122.444 Y113.111 E366.84651
G1 X121.635 Y112.363 E366.88498
G1 X120.877 Y111.838 E366.91719
G1 X120.293 Y111.527 E366.94029
G1 X119.444 Y111.2 E366.97207
G1 X118.551 Y110.992 E367.00409
G1 X118.255 Y110.955 E367.0145
M204 S1000
G0 F9000 X118.255 Y111.155
G0 X119.274 Y112.006
G1 F1500 E366.0145
;MESH:NONMESH
G0 F600 X119.274 Y112.006 Z10.4
G0 F9000 X118.469 Y114.093
G0 X117.506 Y115.038
;TIME_ELAPSED:414.986640
;LAYER:51
;TYPE:SUPPORT
G1 F1500 E367.0145
G1 F2131.5 X117.59 Y115.077 E367.01758
G1 X117.533 Y115.002 E367.0207
G1 X117.336 Y115.258 E367.03142
G1 X116.842 Y115.386 E367.04835
G1 X116.304 Y115.625 E367.06788
G1 X115.99 Y115.876 E367.08122
G1 X119.705 Y117.608 E367.21721
G1 X119.694 Y117.851 E367.22528
G1 X119.581 Y118.283 E367.24009
G1 X119.372 Y118.694 E367.25539
G1 X119.195 Y118.915 E367.26478
G1 X115.323 Y117.11 E367.40652
G1 X115.276 Y117.417 E367.41682
G1 X115.353 Y118.08 E367.43897
G1 X115.525 Y118.514 E367.45445
G1 X115.782 Y118.908 E367.47006
G1 X116.036 Y119.158 E367.48188
G1 X116.412 Y119.426 E367.4972
G1 X116.828 Y119.607 E367.51225
G1 X117.335 Y119.738 E367.52963
G1 X117.533 Y119.994 E367.54037
G1 X117.705 Y119.765 E367.54987
G1 X115.744 Y118.851 E367.62165
G1 F1500 E366.62165
;MESH:Encoder_Knob.stl
G0 F9000 X114.343 Y119.123
G0 X111.643 Y117.498
G0 X111.364 Y117.497
M204 S2000
;TYPE:WALL-INNER
G1 F1500 E367.62165
G1 F2131.5 X111.425 Y118.37 E367.65221
G1 X111.536 Y118.952 E367.6729
G1 X111.795 Y119.763 E367.70263
G1 X112.178 Y120.555 E367.73336
G1 X112.625 Y121.256 E367.76239
G1 X113.349 Y122.021 E367.79917
G1 X114.025 Y122.558 E367.82933
G1 X114.746 Y123.002 E367.8589
G1 X115.724 Y123.377 E367.89548
G1 X116.414 Y123.532 E367.92017
G1 X116.414 Y121.077 E368.00591
G1 X115.839 Y120.862 E368.02735
G1 X115.49 Y120.664 E368.04136
G1 X114.875 Y120.18 E368.06869
G1 X114.567 Y119.832 E368.08492
G1 X114.159 Y119.201 E368.11116
G1 X113.877 Y118.473 E368.13843
G1 X113.758 Y117.708 E368.16547
G1 X113.758 Y117.294 E368.17992
G1 X113.881 Y116.524 E368.20716
G1 X114.161 Y115.788 E368.23466
G1 X114.589 Y115.139 E368.26181
G1 X114.858 Y114.841 E368.27583
G1 X115.435 Y114.374 E368.30175
G1 X115.837 Y114.138 E368.31803
G1 X116.414 Y113.923 E368.33953
G1 X116.414 Y111.468 E368.42527
G1 X115.535 Y111.67 E368.45677
G1 X114.768 Y112.002 E368.48596
G1 X114.022 Y112.442 E368.5162
G1 X113.348 Y112.982 E368.54636
G1 X112.919 Y113.416 E368.56768
G1 X112.398 Y114.088 E368.59737
G1 X111.97 Y114.836 E368.62747
G1 X111.652 Y115.64 E368.65766
G1 X111.436 Y116.445 E368.68677
G1 X111.364 Y117.497 E368.72359
M204 S1000
G0 F9000 X110.943 Y117.497
M204 S2000
;TYPE:WALL-OUTER
G1 F2131.5 X111.008 Y118.424 E368.75605
G1 X111.128 Y119.056 E368.77851
G1 X111.404 Y119.919 E368.81016
G1 X111.81 Y120.76 E368.84277
G1 X112.293 Y121.516 E368.8741
G1 X113.064 Y122.331 E368.91328
G1 X113.783 Y122.902 E368.94535
G1 X114.559 Y123.38 E368.97717
G1 X115.602 Y123.78 E369.01619
G1 X116.501 Y123.982 E369.04836
G1 X116.834 Y124.02 E369.06007
G1 X116.834 Y120.756 E369.17406
G1 X116.651 Y120.717 E369.18059
G1 X116.003 Y120.472 E369.20479
G1 X115.689 Y120.292 E369.21743
G1 X115.151 Y119.858 E369.24157
G1 X114.911 Y119.59 E369.25413
G1 X114.537 Y119.018 E369.278
G1 X114.289 Y118.377 E369.302
G1 X114.177 Y117.678 E369.32672
G1 X114.177 Y117.322 E369.33916
G1 X114.287 Y116.633 E369.36352
G1 X114.533 Y115.991 E369.38753
G1 X114.931 Y115.384 E369.41288
G1 X115.157 Y115.136 E369.4246
G1 X115.692 Y114.706 E369.44857
G1 X116.004 Y114.527 E369.46113
G1 X116.683 Y114.274 E369.48644
G1 X116.834 Y114.244 E369.49181
G1 X116.834 Y110.981 E369.60577
G1 X116.504 Y111.017 E369.61736
G1 X115.403 Y111.269 E369.65681
G1 X114.577 Y111.627 E369.68824
G1 X113.783 Y112.096 E369.72045
G1 X113.066 Y112.669 E369.7525
G1 X112.603 Y113.138 E369.77552
G1 X112.048 Y113.854 E369.80716
G1 X111.59 Y114.654 E369.83935
G1 X111.252 Y115.508 E369.87143
G1 X111.02 Y116.375 E369.90277
G1 X110.943 Y117.497 E369.94204
M204 S1000
G0 F9000 X110.956 Y117.696
G0 X111.973 Y117.626
G1 F1500 E368.94204
G0 F9000 X114.343 Y115.877
G0 X115.321 Y116.381
G0 X118.159 Y115.14
G0 X118.469 Y114.093
G0 X119.592 Y113.906
;TYPE:FILL
G1 F1500 E369.94204
G1 F2131.5 X119.614 Y113.85 E369.94415
G1 X120.473 Y112.625 E369.9964
G1 X121.088 Y113.051 E370.02252
G1 X121.8 Y113.709 E370.05638
G1 X122.26 Y114.336 E370.08354
G1 X122.659 Y115.033 E370.11159
G1 X123.014 Y115.93 E370.14528
G1 X123.203 Y116.921 E370.18051
G1 X123.204 Y117.902 E370.21477
G1 X123.095 Y118.675 E370.24203
G1 X122.945 Y119.236 E370.26231
G1 X122.58 Y120.163 E370.2971
G1 X121.935 Y121.131 E370.33773
G1 X121.386 Y121.691 E370.36511
G1 X120.341 Y120.534 E370.41956
G0 F9000 X121.215 Y118.905
G0 X121.465 Y117.295
G0 X121.104 Y115.866
G0 X118.916 Y111.791
G0 X118.675 Y111.49
M204 S2000
;TYPE:WALL-INNER
G1 F2131.5 X118.675 Y113.95 E370.50547
G1 X119.269 Y114.196 E370.52793
G1 X119.897 Y114.612 E370.55423
G1 X120.451 Y115.189 E370.58217
G1 X120.854 Y115.819 E370.60829
G1 X121.128 Y116.548 E370.63548
G1 X121.246 Y117.3 E370.66207
G1 X121.206 Y118.073 E370.6891
G1 X121.004 Y118.835 E370.71663
G1 X120.663 Y119.518 E370.74329
G1 X120.176 Y120.126 E370.7705
G1 X119.577 Y120.622 E370.79765
G1 X118.958 Y120.95 E370.82212
G1 X118.675 Y121.045 E370.83254
G1 X118.674 Y123.511 E370.91867
G1 X119.327 Y123.359 E370.94208
G1 X119.88 Y123.157 E370.96264
G1 X120.645 Y122.772 E370.99255
G1 X120.999 Y122.543 E371.00727
G1 X121.665 Y122.006 E371.03715
G1 X122.263 Y121.397 E371.06696
G1 X122.845 Y120.523 E371.10363
G1 X123.031 Y120.165 E371.11772
G1 X123.346 Y119.364 E371.14778
G1 X123.507 Y118.758 E371.16967
G1 X123.624 Y117.931 E371.19884
G1 X123.623 Y116.883 E371.23544
G1 X123.419 Y115.812 E371.27352
G1 X123.037 Y114.851 E371.30963
G1 X122.612 Y114.107 E371.33956
G1 X122.112 Y113.426 E371.36906
G1 X121.35 Y112.72 E371.40534
G1 X120.638 Y112.227 E371.43558
G1 X120.113 Y111.948 E371.45635
G1 X119.313 Y111.638 E371.48631
G1 X118.675 Y111.49 E371.50918
M204 S1000
G0 F9000 X118.916 Y111.791
G0 X121.319 Y116.491
G0 X121.402 Y118.108
G0 X118.519 Y123.71
G0 X118.254 Y124.009
M204 S2000
;TYPE:WALL-OUTER
G1 F2131.5 X118.554 Y123.971 E371.51974
G1 X119.447 Y123.762 E371.55177
G1 X120.047 Y123.543 E371.57408
G1 X120.854 Y123.137 E371.60563
G1 X121.245 Y122.884 E371.62189
G1 X121.948 Y122.318 E371.65341
G1 X122.591 Y121.663 E371.68546
G1 X123.207 Y120.737 E371.72431
G1 X123.414 Y120.339 E371.73997
G1 X123.746 Y119.495 E371.77165
G1 X123.919 Y118.842 E371.79524
G1 X124.044 Y117.961 E371.82631
G1 X124.043 Y116.843 E371.86536
G1 X123.824 Y115.694 E371.90621
G1 X123.417 Y114.669 E371.94472
G1 X122.965 Y113.878 E371.97654
G1 X122.427 Y113.145 E372.00829
G1 X121.614 Y112.392 E372.04699
G1 X120.857 Y111.867 E372.07916
G1 X120.289 Y111.565 E372.10163
G1 X119.437 Y111.235 E372.13354
G1 X118.544 Y111.027 E372.16556
G1 X118.255 Y110.992 E372.17573
G1 X118.255 Y114.263 E372.28996
G1 X118.441 Y114.308 E372.29664
G1 X119.058 Y114.559 E372.3199
G1 X119.634 Y114.945 E372.34412
G1 X120.112 Y115.438 E372.3681
G1 X120.467 Y115.994 E372.39114
G1 X120.715 Y116.642 E372.41537
G1 X120.824 Y117.335 E372.43987
G1 X120.789 Y118.014 E372.46361
G1 X120.612 Y118.681 E372.48771
G1 X120.293 Y119.307 E372.51225
G1 X119.876 Y119.832 E372.53566
G1 X119.349 Y120.268 E372.55955
G1 X118.762 Y120.578 E372.58273
G1 X118.255 Y120.729 E372.60121
G1 X118.254 Y124.009 E372.71576
M204 S1000
G0 F9000 X118.452 Y123.984
G0 X119.274 Y122.957
G1 F1500 E371.71576
;MESH:NONMESH
G0 F600 X119.274 Y122.957 Z10.6
G0 F9000 X119.472 Y120.451
G0 X118.861 Y119.537
G0 X117.506 Y115.038
;TIME_ELAPSED:422.262353
;LAYER:52
;TYPE:SUPPORT
G1 F1500 E372.71576
G1 F2136.1 X117.59 Y115.077 E372.71883
G1 X117.533 Y115.002 E372.72195
G1 X117.336 Y115.258 E372.73267
G1 X116.842 Y115.386 E372.7496
G1 X116.304 Y115.625 E372.76913
G1 X115.99 Y115.876 E372.78247
G1 X119.705 Y117.608 E372.91846
G1 X119.694 Y117.851 E372.92653
G1 X119.581 Y118.283 E372.94134
G1 X119.372 Y118.694 E372.95664
G1 X119.195 Y118.915 E372.96604
G1 X115.323 Y117.11 E373.10777
G1 X115.276 Y117.417 E373.11807
G1 X115.353 Y118.08 E373.14022
G1 X115.525 Y118.514 E373.15571
G1 X115.782 Y118.908 E373.17131
G1 X116.036 Y119.158 E373.18314
G1 X116.412 Y119.426 E373.19846
G1 X116.828 Y119.607 E373.21351
G1 X117.335 Y119.738 E373.23088
G1 X117.533 Y119.994 E373.24162
G1 X117.705 Y119.765 E373.25112
G1 X115.744 Y118.851 E373.3229
G1 F1500 E372.3229
;MESH:Encoder_Knob.stl
G0 F9000 X114.343 Y119.123
G0 X111.676 Y117.488
G0 X111.398 Y117.482
M204 S2000
;TYPE:WALL-INNER
G1 F1500 E373.3229
G1 F2136.1 X111.461 Y118.37 E373.35399
G1 X111.615 Y119.176 E373.38265
G1 X112.001 Y120.147 E373.41914
G1 X112.433 Y120.9 E373.44945
G1 X112.78 Y121.367 E373.46977
G1 X113.373 Y121.996 E373.49996
G1 X114.048 Y122.531 E373.53004
G1 X114.753 Y122.968 E373.55901
G1 X115.733 Y123.343 E373.59565
G1 X116.414 Y123.495 E373.62002
G1 X116.414 Y121.077 E373.70447
G1 X115.839 Y120.862 E373.7259
G1 X115.489 Y120.663 E373.73997
G1 X114.848 Y120.149 E373.76866
G1 X114.596 Y119.871 E373.78176
G1 X114.16 Y119.21 E373.80942
G1 X113.887 Y118.497 E373.83608
G1 X113.758 Y117.709 E373.86397
G1 X113.759 Y117.278 E373.87902
G1 X113.88 Y116.525 E373.90565
G1 X114.161 Y115.788 E373.9332
G1 X114.609 Y115.114 E373.96146
G1 X114.913 Y114.791 E373.97695
G1 X115.47 Y114.346 E374.00185
G1 X115.886 Y114.12 E374.01838
G1 X116.414 Y113.923 E374.03806
G1 X116.414 Y111.469 E374.12377
G1 X115.316 Y111.802 E374.16384
G1 X114.79 Y112.03 E374.18386
G1 X114.031 Y112.479 E374.21465
G1 X113.722 Y112.709 E374.22811
G1 X113.059 Y113.318 E374.25955
G1 X112.521 Y113.943 E374.28835
G1 X112.002 Y114.851 E374.32487
G1 X111.682 Y115.658 E374.35519
G1 X111.534 Y116.215 E374.37532
G1 X111.412 Y117.065 E374.4053
G1 X111.398 Y117.482 E374.41988
M204 S1000
G0 F9000 X110.977 Y117.49
M204 S2000
;TYPE:WALL-OUTER
G1 F2136.1 X111.044 Y118.424 E374.45258
G1 X111.209 Y119.294 E374.4835
G1 X111.622 Y120.33 E374.52245
G1 X112.081 Y121.13 E374.55466
G1 X112.458 Y121.637 E374.57673
G1 X113.089 Y122.306 E374.60884
G1 X113.806 Y122.875 E374.64081
G1 X114.566 Y123.346 E374.67204
G1 X115.611 Y123.746 E374.71111
G1 X116.509 Y123.947 E374.74325
G1 X116.834 Y123.984 E374.75467
G1 X116.834 Y120.756 E374.8674
G1 X116.651 Y120.717 E374.87394
G1 X116.003 Y120.472 E374.89813
G1 X115.689 Y120.292 E374.91077
G1 X115.151 Y119.858 E374.93491
G1 X114.918 Y119.6 E374.94705
G1 X114.544 Y119.031 E374.97083
G1 X114.289 Y118.374 E374.99544
G1 X114.177 Y117.679 E375.02003
G1 X114.177 Y117.317 E375.03267
G1 X114.286 Y116.633 E375.05686
G1 X114.533 Y115.991 E375.08088
G1 X114.931 Y115.384 E375.10623
G1 X115.164 Y115.129 E375.1183
G1 X115.689 Y114.708 E375.1418
G1 X116.006 Y114.526 E375.15456
G1 X116.683 Y114.274 E375.17979
G1 X116.834 Y114.244 E375.18517
G1 X116.834 Y111.016 E375.2979
G1 X116.254 Y111.079 E375.31827
G1 X115.171 Y111.407 E375.35779
G1 X114.599 Y111.655 E375.37956
G1 X113.798 Y112.129 E375.41207
G1 X113.454 Y112.385 E375.42704
G1 X112.757 Y113.025 E375.46009
G1 X112.176 Y113.699 E375.49117
G1 X111.622 Y114.669 E375.53018
G1 X111.282 Y115.526 E375.56238
G1 X111.122 Y116.131 E375.58423
G1 X110.993 Y117.028 E375.61588
G1 X110.977 Y117.49 E375.63202
M204 S1000
G0 F9000 X110.991 Y117.689
G0 X112.008 Y117.618
G1 F1500 E374.63202
G0 F9000 X114.343 Y115.877
G0 X115.321 Y116.381
G0 X118.159 Y115.14
G0 X118.469 Y114.093
G0 X119.671 Y113.958
;TYPE:FILL
G1 F1500 E375.63202
G1 F2136.1 X119.719 Y113.85 E375.63615
G1 X120.561 Y112.728 E375.68514
G1 X121.067 Y113.079 E375.70665
G1 X121.768 Y113.73 E375.74006
G1 X122.228 Y114.352 E375.76707
G1 X122.624 Y115.051 E375.79513
G1 X122.984 Y115.954 E375.82908
G1 X123.123 Y116.691 E375.85527
G1 X123.181 Y117.501 E375.88363
G1 X123.112 Y118.482 E375.91798
G1 X122.92 Y119.203 E375.94403
G1 X122.626 Y119.945 E375.97191
G1 X122.231 Y120.644 E375.99995
G1 X121.742 Y121.277 E376.02788
G1 X121.271 Y121.758 E376.05139
G1 X120.955 Y121.44 E376.06705
G1 X120.232 Y120.625 E376.1051
G0 F9000 X120.846 Y119.637
G0 X121.424 Y118.112
G0 X121.339 Y116.485
G0 X118.913 Y111.813
G0 X118.676 Y111.492
M204 S2000
;TYPE:WALL-INNER
G1 F2136.1 X118.675 Y113.95 E376.19094
G1 X119.266 Y114.193 E376.21325
G1 X119.875 Y114.599 E376.23881
G1 X120.433 Y115.161 E376.26647
G1 X120.853 Y115.816 E376.29364
G1 X121.128 Y116.55 E376.32102
G1 X121.242 Y117.29 E376.34717
G1 X121.208 Y118.081 E376.37482
G1 X121.003 Y118.837 E376.40217
G1 X120.658 Y119.525 E376.42905
G1 X120.176 Y120.126 E376.45596
G1 X119.595 Y120.61 E376.48236
G1 X118.958 Y120.95 E376.50758
G1 X118.675 Y121.045 E376.51801
G1 X118.674 Y123.475 E376.60287
G1 X119.318 Y123.325 E376.62596
G1 X119.863 Y123.125 E376.64624
G1 X120.625 Y122.742 E376.67602
G1 X121.475 Y122.15 E376.71219
G1 X122.057 Y121.557 E376.74121
G1 X122.584 Y120.875 E376.77131
G1 X123.005 Y120.128 E376.80126
G1 X123.321 Y119.331 E376.8312
G1 X123.528 Y118.554 E376.85928
G1 X123.601 Y117.501 E376.89614
G1 X123.54 Y116.636 E376.92643
G1 X123.389 Y115.834 E376.95493
G1 X123.003 Y114.866 E376.99132
G1 X122.583 Y114.125 E377.02107
G1 X122.084 Y113.448 E377.05044
G1 X121.329 Y112.748 E377.08639
G1 X120.62 Y112.257 E377.11651
G1 X119.893 Y111.87 E377.14527
G1 X118.676 Y111.492 E377.18978
M204 S1000
G0 F9000 X118.913 Y111.813
G0 X121.319 Y116.491
G0 X121.402 Y118.108
G0 X118.52 Y123.675
G0 X118.254 Y123.973
M204 S2000
;TYPE:WALL-OUTER
G1 F2136.1 X118.547 Y123.936 E377.20009
G1 X119.438 Y123.728 E377.23205
G1 X120.03 Y123.511 E377.25407
G1 X120.841 Y123.104 E377.28575
G1 X121.747 Y122.472 E377.32433
G1 X122.374 Y121.833 E377.3556
G1 X122.935 Y121.108 E377.38761
G1 X123.385 Y120.31 E377.41961
G1 X123.721 Y119.463 E377.45143
G1 X123.944 Y118.623 E377.48178
G1 X124.022 Y117.501 E377.52106
G1 X123.957 Y116.582 E377.55323
G1 X123.794 Y115.716 E377.58401
G1 X123.383 Y114.684 E377.6228
G1 X122.936 Y113.896 E377.65444
G1 X122.398 Y113.167 E377.68608
G1 X121.593 Y112.42 E377.72443
G1 X120.839 Y111.898 E377.75646
G1 X120.056 Y111.48 E377.78746
G1 X118.817 Y111.095 E377.83277
G1 X118.255 Y111.026 E377.85254
G1 X118.255 Y114.263 E377.96559
G1 X118.441 Y114.308 E377.97227
G1 X119.057 Y114.558 E377.99549
G1 X119.634 Y114.945 E378.01975
G1 X120.112 Y115.438 E378.04373
G1 X120.468 Y115.995 E378.06682
G1 X120.715 Y116.643 E378.09104
G1 X120.823 Y117.32 E378.11498
G1 X120.784 Y118.038 E378.14009
G1 X120.612 Y118.681 E378.16334
G1 X120.312 Y119.28 E378.18673
G1 X119.876 Y119.832 E378.2113
G1 X119.355 Y120.264 E378.23493
G1 X118.762 Y120.578 E378.25837
G1 X118.255 Y120.729 E378.27684
G1 X118.254 Y123.973 E378.39013
M204 S1000
G0 F9000 X118.452 Y123.948
G0 X119.08 Y122.765
G1 F1500 E377.39013
;MESH:NONMESH
G0 F600 X119.08 Y122.765 Z10.8
G0 F9000 X119.472 Y120.451
G0 X118.861 Y119.537
G0 X117.506 Y115.038
;TIME_ELAPSED:429.513507
;LAYER:53
;TYPE:SUPPORT
G1 F1500 E378.39013
G1 F2084.4 X117.59 Y115.077 E378.3932
G1 X117.533 Y115.002 E378.39633
G1 X117.336 Y115.258 E378.40705
G1 X116.842 Y115.386 E378.42398
G1 X116.304 Y115.625 E378.44351
G1 X115.99 Y115.876 E378.45685
G1 X119.705 Y117.608 E378.59284
G1 X119.694 Y117.851 E378.60091
G1 X119.581 Y118.283 E378.61572
G1 X119.372 Y118.694 E378.63102
G1 X119.195 Y118.915 E378.64041
G1 X115.323 Y117.11 E378.78215
G1 X115.276 Y117.417 E378.79245
G1 X115.353 Y118.08 E378.81459
G1 X115.525 Y118.514 E378.83008
G1 X115.782 Y118.908 E378.84569
G1 X116.036 Y119.158 E378.85751
G1 X116.412 Y119.426 E378.87283
G1 X116.828 Y119.607 E378.88788
G1 X117.335 Y119.738 E378.90526
G1 X117.533 Y119.994 E378.91599
G1 X117.705 Y119.765 E378.9255
G1 X115.744 Y118.851 E378.99727
G1 F1500 E377.99727
;MESH:Encoder_Knob.stl
G0 F9000 X114.343 Y119.123
G0 X111.713 Y117.499
G0 X111.434 Y117.497
M204 S2000
;TYPE:WALL-INNER
G1 F1500 E378.99727
G1 F2084.4 X111.496 Y118.37 E379.02784
G1 X111.602 Y118.922 E379.04747
G1 X111.86 Y119.732 E379.07716
G1 X112.242 Y120.526 E379.10793
G1 X112.674 Y121.206 E379.13606
G1 X113.396 Y121.968 E379.17272
G1 X114.071 Y122.504 E379.20282
G1 X114.765 Y122.933 E379.23132
G1 X115.741 Y123.308 E379.26783
G1 X116.414 Y123.46 E379.29193
G1 X116.414 Y121.077 E379.37515
G1 X115.839 Y120.862 E379.39659
G1 X115.489 Y120.663 E379.41065
G1 X114.869 Y120.174 E379.43823
G1 X114.565 Y119.829 E379.45428
G1 X114.159 Y119.2 E379.48043
G1 X113.876 Y118.472 E379.50771
G1 X113.758 Y117.709 E379.53467
G1 X113.758 Y117.293 E379.5492
G1 X113.881 Y116.524 E379.57639
G1 X114.179 Y115.76 E379.60503
G1 X114.59 Y115.138 E379.63107
G1 X114.858 Y114.841 E379.64504
G1 X115.436 Y114.373 E379.67101
G1 X115.807 Y114.156 E379.68602
G1 X116.414 Y113.923 E379.70873
G1 X116.414 Y111.541 E379.79192
G1 X115.551 Y111.739 E379.82284
G1 X114.808 Y112.062 E379.85113
G1 X114.07 Y112.495 E379.88101
G1 X113.387 Y113.041 E379.91155
G1 X112.994 Y113.439 E379.93109
G1 X112.459 Y114.124 E379.96144
G1 X112.034 Y114.866 E379.9913
G1 X111.717 Y115.669 E380.02145
G1 X111.507 Y116.45 E380.0497
G1 X111.434 Y117.497 E380.08635
M204 S1000
G0 F9000 X111.013 Y117.497
M204 S2000
;TYPE:WALL-OUTER
G1 F2084.4 X111.079 Y118.424 E380.1188
G1 X111.194 Y119.026 E380.14021
G1 X111.468 Y119.888 E380.1718
G1 X111.874 Y120.731 E380.20447
G1 X112.341 Y121.465 E380.23485
G1 X113.111 Y122.279 E380.27399
G1 X113.829 Y122.848 E380.30598
G1 X114.577 Y123.311 E380.3367
G1 X115.619 Y123.711 E380.37568
G1 X116.517 Y123.913 E380.40783
G1 X116.834 Y123.949 E380.41897
G1 X116.834 Y120.756 E380.53048
G1 X116.651 Y120.717 E380.53701
G1 X116.003 Y120.472 E380.5612
G1 X115.689 Y120.292 E380.57384
G1 X115.151 Y119.858 E380.59798
G1 X114.911 Y119.59 E380.61055
G1 X114.537 Y119.018 E380.63442
G1 X114.289 Y118.376 E380.65845
G1 X114.177 Y117.679 E380.6831
G1 X114.177 Y117.322 E380.69557
G1 X114.287 Y116.633 E380.71994
G1 X114.533 Y115.991 E380.74395
G1 X114.921 Y115.396 E380.76876
G1 X115.175 Y115.119 E380.78188
G1 X115.692 Y114.706 E380.80499
G1 X116.033 Y114.514 E380.81866
G1 X116.683 Y114.274 E380.84285
G1 X116.834 Y114.244 E380.84823
G1 X116.834 Y111.052 E380.95971
G1 X116.521 Y111.086 E380.9707
G1 X115.419 Y111.338 E381.01018
G1 X114.617 Y111.687 E381.04073
G1 X113.832 Y112.148 E381.07252
G1 X113.105 Y112.728 E381.105
G1 X112.678 Y113.161 E381.12623
G1 X112.109 Y113.89 E381.15853
G1 X111.654 Y114.684 E381.19049
G1 X111.317 Y115.537 E381.22252
G1 X111.091 Y116.38 E381.253
G1 X111.013 Y117.497 E381.2921
M204 S1000
G0 F9000 X111.027 Y117.696
G0 X112.042 Y117.626
G1 F1500 E380.2921
G0 F9000 X114.343 Y115.877
G0 X115.321 Y116.381
G0 X118.159 Y115.14
G0 X118.469 Y114.093
G0 X119.743 Y114.005
;TYPE:FILL
G1 F1500 E381.2921
G1 F2084.4 X119.82 Y113.85 E381.29815
G1 X120.642 Y112.827 E381.34398
G1 X121.046 Y113.107 E381.36114
G1 X121.751 Y113.76 E381.3947
G1 X122.193 Y114.363 E381.42081
G1 X122.595 Y115.068 E381.44916
G1 X122.882 Y115.79 E381.47629
G1 X123.07 Y116.585 E381.50482
G1 X123.132 Y117.096 E381.5228
G1 X123.133 Y117.9 E381.55087
G1 X123.019 Y118.696 E381.57896
G1 X122.888 Y119.188 E381.59674
G1 X122.595 Y119.929 E381.62457
G1 X122.2 Y120.628 E381.6526
G1 X121.714 Y121.256 E381.68034
G1 X121.149 Y121.833 E381.70854
G1 X120.745 Y121.44 E381.72822
G1 X120.118 Y120.72 E381.76157
G0 F9000 X120.846 Y119.637
G0 X121.424 Y118.112
G0 X121.339 Y116.485
G0 X118.913 Y111.85
G0 X118.675 Y111.527
M204 S2000
;TYPE:WALL-INNER
G1 F2084.4 X118.675 Y113.95 E381.84618
G1 X119.264 Y114.192 E381.86842
G1 X119.892 Y114.608 E381.89473
G1 X120.451 Y115.189 E381.92289
G1 X120.851 Y115.813 E381.94877
G1 X121.128 Y116.561 E381.97663
G1 X121.246 Y117.301 E382.0028
G1 X121.205 Y118.073 E382.0298
G1 X121.003 Y118.836 E382.05736
G1 X120.664 Y119.515 E382.08386
G1 X120.176 Y120.127 E382.1112
G1 X119.595 Y120.609 E382.13756
G1 X118.958 Y120.95 E382.1628
G1 X118.675 Y121.045 E382.17322
G1 X118.674 Y123.465 E382.25774
G1 X119.444 Y123.247 E382.28568
G1 X120.238 Y122.916 E382.31573
G1 X120.604 Y122.714 E382.33033
G1 X121.451 Y122.124 E382.36637
G1 X122.033 Y121.532 E382.39537
G1 X122.55 Y120.863 E382.42489
G1 X122.974 Y120.113 E382.45498
G1 X123.289 Y119.316 E382.48491
G1 X123.432 Y118.779 E382.50432
G1 X123.553 Y117.93 E382.53427
G1 X123.552 Y117.074 E382.56416
G1 X123.483 Y116.51 E382.584
G1 X123.283 Y115.66 E382.6145
G1 X122.973 Y114.882 E382.64375
G1 X122.55 Y114.14 E382.67358
G1 X122.063 Y113.478 E382.70228
G1 X121.308 Y112.777 E382.73826
G1 X120.44 Y112.176 E382.77513
G1 X119.704 Y111.849 E382.80325
G1 X118.675 Y111.527 E382.84091
M204 S1000
G0 F9000 X118.255 Y111.061
M204 S2000
;TYPE:WALL-OUTER
G1 F2084.4 X118.255 Y114.263 E382.95273
G1 X118.441 Y114.308 E382.95941
G1 X119.06 Y114.56 E382.98275
G1 X119.634 Y114.945 E383.00689
G1 X120.12 Y115.449 E383.03134
G1 X120.467 Y115.994 E383.05391
G1 X120.719 Y116.657 E383.07868
G1 X120.824 Y117.335 E383.10264
G1 X120.789 Y118.014 E383.12638
G1 X120.612 Y118.681 E383.15048
G1 X120.312 Y119.28 E383.17388
G1 X119.876 Y119.832 E383.19844
G1 X119.355 Y120.264 E383.22208
G1 X118.762 Y120.578 E383.24551
G1 X118.255 Y120.729 E383.26399
G1 X118.254 Y123.939 E383.37609
G1 X118.776 Y123.875 E383.39446
G1 X119.583 Y123.644 E383.42377
G1 X120.42 Y123.295 E383.45544
G1 X120.826 Y123.072 E383.47162
G1 X121.723 Y122.446 E383.50982
G1 X122.35 Y121.808 E383.54106
G1 X122.901 Y121.096 E383.5725
G1 X123.354 Y120.295 E383.60464
G1 X123.689 Y119.448 E383.63645
G1 X123.844 Y118.863 E383.65758
G1 X123.973 Y117.96 E383.68944
G1 X123.972 Y117.048 E383.72129
G1 X123.897 Y116.436 E383.74282
G1 X123.685 Y115.534 E383.77518
G1 X123.353 Y114.7 E383.80653
G1 X122.903 Y113.911 E383.83825
G1 X122.378 Y113.197 E383.8692
G1 X121.572 Y112.449 E383.9076
G1 X120.647 Y111.808 E383.9469
G1 X119.852 Y111.455 E383.97728
G1 X118.818 Y111.132 E384.01511
G1 X118.255 Y111.061 E384.03493
M204 S1000
G0 F9000 X118.255 Y111.261
G0 X119.274 Y112.108
G1 F1500 E383.03493
;MESH:NONMESH
G0 F600 X119.274 Y112.108 Z11
G0 F9000 X118.469 Y114.093
G0 X117.506 Y115.038
;TIME_ELAPSED:436.440155
;LAYER:54
;TYPE:SUPPORT
G1 F1500 E384.03493
G1 F2061.1 X117.59 Y115.077 E384.038
G1 X117.533 Y115.002 E384.04113
G1 X117.336 Y115.258 E384.05184
G1 X116.842 Y115.386 E384.06878
G1 X116.304 Y115.625 E384.08831
G1 X115.99 Y115.876 E384.10164
G1 X119.705 Y117.608 E384.23763
G1 X119.694 Y117.851 E384.2457
G1 X119.581 Y118.283 E384.26052
G1 X119.372 Y118.694 E384.27582
G1 X119.195 Y118.915 E384.28521
G1 X115.323 Y117.11 E384.42694
G1 X115.276 Y117.417 E384.43725
G1 X115.353 Y118.08 E384.45939
G1 X115.525 Y118.514 E384.47488
G1 X115.782 Y118.908 E384.49049
G1 X116.036 Y119.158 E384.50231
G1 X116.412 Y119.426 E384.51763
G1 X116.828 Y119.607 E384.53268
G1 X117.335 Y119.738 E384.55005
G1 X117.533 Y119.994 E384.56079
G1 X117.705 Y119.765 E384.57029
G1 X115.744 Y118.851 E384.64207
G1 F1500 E383.64207
;MESH:Encoder_Knob.stl
G0 F9000 X114.343 Y119.123
G0 X111.749 Y117.5
G0 X111.47 Y117.499
M204 S2000
;TYPE:WALL-INNER
G1 F1500 E384.64207
G1 F2061.1 X111.533 Y118.369 E384.67254
G1 X111.633 Y118.908 E384.69168
G1 X111.891 Y119.717 E384.72134
G1 X112.351 Y120.67 E384.75829
G1 X112.831 Y121.318 E384.78645
G1 X113.422 Y121.946 E384.81657
G1 X114.088 Y122.473 E384.84623
G1 X114.777 Y122.9 E384.87454
G1 X115.75 Y123.274 E384.91094
G1 X116.414 Y123.423 E384.93471
G1 X116.414 Y121.077 E385.01664
G1 X115.839 Y120.862 E385.03808
G1 X115.489 Y120.663 E385.05214
G1 X114.875 Y120.179 E385.07944
G1 X114.58 Y119.85 E385.09487
G1 X114.159 Y119.201 E385.12189
G1 X113.876 Y118.471 E385.14923
G1 X113.758 Y117.709 E385.17616
G1 X113.758 Y117.292 E385.19072
G1 X113.88 Y116.519 E385.21805
G1 X114.171 Y115.769 E385.24615
G1 X114.564 Y115.174 E385.27105
G1 X114.858 Y114.841 E385.28656
G1 X115.436 Y114.373 E385.31254
G1 X115.81 Y114.155 E385.32765
G1 X116.414 Y113.923 E385.35025
G1 X116.414 Y111.543 E385.43337
G1 X115.334 Y111.871 E385.47279
G1 X114.83 Y112.09 E385.49198
G1 X114.092 Y112.523 E385.52186
G1 X113.409 Y113.068 E385.55237
G1 X112.85 Y113.634 E385.58016
G1 X112.268 Y114.499 E385.61657
G1 X111.891 Y115.282 E385.64692
G1 X111.71 Y115.808 E385.66634
G1 X111.531 Y116.638 E385.69599
G1 X111.47 Y117.499 E385.72614
M204 S1000
G0 F9000 X111.049 Y117.499
M204 S2000
;TYPE:WALL-OUTER
G1 F2061.1 X111.115 Y118.423 E385.75849
G1 X111.225 Y119.011 E385.77938
G1 X111.5 Y119.873 E385.81098
G1 X111.99 Y120.888 E385.85034
G1 X112.508 Y121.588 E385.88075
G1 X113.137 Y122.256 E385.9128
G1 X113.846 Y122.817 E385.94437
G1 X114.589 Y123.278 E385.97491
G1 X115.628 Y123.677 E386.01378
G1 X116.524 Y123.878 E386.04584
G1 X116.834 Y123.913 E386.05674
G1 X116.834 Y120.756 E386.16699
G1 X116.651 Y120.717 E386.17353
G1 X116.007 Y120.475 E386.19755
G1 X115.689 Y120.292 E386.21036
G1 X115.151 Y119.858 E386.2345
G1 X114.918 Y119.6 E386.24665
G1 X114.537 Y119.018 E386.27094
G1 X114.289 Y118.376 E386.29497
G1 X114.177 Y117.679 E386.31963
G1 X114.177 Y117.322 E386.3321
G1 X114.284 Y116.643 E386.3561
G1 X114.537 Y115.983 E386.38079
G1 X114.912 Y115.408 E386.40476
G1 X115.175 Y115.119 E386.41841
G1 X115.692 Y114.706 E386.44151
G1 X116.008 Y114.525 E386.45423
G1 X116.683 Y114.274 E386.47938
G1 X116.834 Y114.244 E386.48476
G1 X116.834 Y111.087 E386.59501
G1 X116.27 Y111.148 E386.61482
G1 X115.188 Y111.476 E386.65431
G1 X114.639 Y111.715 E386.67522
G1 X113.854 Y112.176 E386.70701
G1 X113.127 Y112.755 E386.73947
G1 X112.523 Y113.367 E386.7695
G1 X111.902 Y114.29 E386.80835
G1 X111.502 Y115.122 E386.84059
G1 X111.305 Y115.695 E386.86175
G1 X111.114 Y116.578 E386.8933
G1 X111.049 Y117.499 E386.92554
M204 S1000
G0 F9000 X111.063 Y117.698
G0 X112.079 Y117.628
G1 F1500 E385.92554
G0 F9000 X114.343 Y115.877
G0 X115.321 Y116.381
G0 X118.159 Y115.14
G0 X118.469 Y114.093
G0 X119.809 Y114.048
;TYPE:FILL
G1 F1500 E386.92554
G1 F2061.1 X119.917 Y113.85 E386.93342
G1 X120.727 Y112.908 E386.97681
G1 X120.896 Y113.013 E386.98376
G1 X121.599 Y113.669 E387.01733
G1 X122.104 Y114.292 E387.04534
G1 X122.367 Y114.709 E387.06256
G1 X122.725 Y115.45 E387.0913
G1 X122.959 Y116.197 E387.11864
G1 X123.097 Y116.923 E387.14445
G1 X123.098 Y117.899 E387.17853
G1 X122.983 Y118.695 E387.20662
G1 X122.799 Y119.388 E387.23166
G1 X122.378 Y120.272 E387.26585
G1 X121.833 Y121.087 E387.30009
G1 X121.155 Y121.774 E387.3338
G1 X120.998 Y121.883 E387.34048
G1 X120.526 Y121.44 E387.36308
G1 X119.995 Y120.822 E387.39154
G0 F9000 X120.846 Y119.637
G0 X121.424 Y118.112
G0 X121.339 Y116.485
G0 X118.916 Y111.9
G0 X118.675 Y111.598
M204 S2000
;TYPE:WALL-INNER
G1 F2061.1 X118.675 Y113.95 E387.47368
G1 X119.255 Y114.183 E387.49551
G1 X119.898 Y114.613 E387.52252
G1 X120.433 Y115.165 E387.54937
G1 X120.853 Y115.825 E387.57669
G1 X121.116 Y116.517 E387.60254
G1 X121.244 Y117.334 E387.63142
G1 X121.206 Y118.074 E387.6573
G1 X121.008 Y118.833 E387.68469
G1 X120.653 Y119.528 E387.71195
G1 X120.175 Y120.127 E387.73871
G1 X119.595 Y120.61 E387.76507
G1 X118.958 Y120.95 E387.79028
G1 X118.675 Y121.045 E387.80071
G1 X118.674 Y123.43 E387.884
G1 X119.663 Y123.147 E387.91993
G1 X120.579 Y122.686 E387.95574
G1 X121.428 Y122.096 E387.99184
G1 X122.164 Y121.349 E388.02847
G1 X122.743 Y120.482 E388.06488
G1 X123.195 Y119.535 E388.10152
G1 X123.395 Y118.778 E388.12887
G1 X123.518 Y117.93 E388.15879
G1 X123.517 Y116.885 E388.19529
G1 X123.367 Y116.095 E388.22337
G1 X123.116 Y115.295 E388.25265
G1 X122.736 Y114.507 E388.2832
G1 X122.444 Y114.046 E388.30226
G1 X121.905 Y113.38 E388.33218
G1 X121.154 Y112.68 E388.36804
G1 X120.261 Y112.12 E388.40485
G1 X119.295 Y111.743 E388.44106
G1 X118.675 Y111.598 E388.4633
M204 S1000
G0 F9000 X118.255 Y111.098
M204 S2000
;TYPE:WALL-OUTER
G1 F2061.1 X118.255 Y114.263 E388.57383
G1 X118.441 Y114.308 E388.58051
G1 X119.064 Y114.562 E388.60401
G1 X119.634 Y114.945 E388.62799
G1 X120.106 Y115.43 E388.65162
G1 X120.474 Y116.007 E388.67552
G1 X120.715 Y116.643 E388.69928
G1 X120.824 Y117.335 E388.72374
G1 X120.789 Y118.014 E388.74749
G1 X120.617 Y118.667 E388.77107
G1 X120.303 Y119.294 E388.79556
G1 X119.875 Y119.832 E388.81957
G1 X119.355 Y120.264 E388.84318
G1 X118.762 Y120.578 E388.86661
G1 X118.255 Y120.729 E388.88508
G1 X118.254 Y123.904 E388.99597
G1 X118.763 Y123.842 E389.01387
G1 X119.817 Y123.54 E389.05216
G1 X120.795 Y123.048 E389.0904
G1 X121.7 Y122.418 E389.12891
G1 X122.489 Y121.618 E389.16815
G1 X123.109 Y120.69 E389.20712
G1 X123.591 Y119.681 E389.24617
G1 X123.808 Y118.862 E389.27576
G1 X123.938 Y117.96 E389.30759
G1 X123.937 Y116.845 E389.34653
G1 X123.775 Y115.993 E389.37682
G1 X123.508 Y115.14 E389.40803
G1 X123.104 Y114.303 E389.44049
G1 X122.786 Y113.8 E389.46127
G1 X122.213 Y113.092 E389.49308
G1 X121.411 Y112.346 E389.53133
G1 X120.451 Y111.743 E389.57092
G1 X119.42 Y111.341 E389.60957
G1 X118.524 Y111.131 E389.64171
G1 X118.255 Y111.098 E389.65117
M204 S1000
G0 F9000 X118.255 Y111.298
G0 X119.274 Y112.151
G1 F1500 E388.65117
;MESH:NONMESH
G0 F600 X119.274 Y112.151 Z11.2
G0 F9000 X118.469 Y114.093
G0 X117.506 Y115.038
;TIME_ELAPSED:443.391233
;LAYER:55
;TYPE:SUPPORT
G1 F1500 E389.65117
G1 F2025.5 X117.59 Y115.077 E389.65424
G1 X117.533 Y115.002 E389.65737
G1 X117.336 Y115.258 E389.66809
G1 X116.842 Y115.386 E389.68502
G1 X116.304 Y115.625 E389.70455
G1 X115.99 Y115.876 E389.71789
G1 X119.705 Y117.608 E389.85388
G1 X119.694 Y117.851 E389.86195
G1 X119.581 Y118.283 E389.87676
G1 X119.372 Y118.694 E389.89206
G1 X119.195 Y118.915 E389.90145
G1 X115.323 Y117.11 E390.04319
G1 X115.276 Y117.417 E390.05349
G1 X115.353 Y118.08 E390.07563
G1 X115.525 Y118.514 E390.09112
G1 X115.782 Y118.908 E390.10673
G1 X116.036 Y119.158 E390.11855
G1 X116.412 Y119.426 E390.13387
G1 X116.828 Y119.607 E390.14892
G1 X117.335 Y119.738 E390.1663
G1 X117.533 Y119.994 E390.17703
G1 X117.705 Y119.765 E390.18654
G1 X115.744 Y118.851 E390.25832
G1 F1500 E389.25832
;MESH:Encoder_Knob.stl
G0 F9000 X114.656 Y119.565
G0 X111.798 Y117.922
G0 X111.52 Y117.931
M204 S2000
;TYPE:WALL-INNER
G1 F1500 E390.25832
G1 F2025.5 X111.583 Y118.464 E390.27706
G1 X111.789 Y119.336 E390.30835
G1 X111.915 Y119.686 E390.32134
G1 X112.307 Y120.499 E390.35286
G1 X112.59 Y120.943 E390.37125
G1 X113.14 Y121.618 E390.40166
G1 X113.432 Y121.906 E390.41598
G1 X114.12 Y122.452 E390.44665
G1 X114.79 Y122.867 E390.47418
G1 X115.76 Y123.24 E390.51047
G1 X116.414 Y123.387 E390.53388
G1 X116.414 Y121.077 E390.61455
G1 X115.835 Y120.861 E390.63614
G1 X115.427 Y120.62 E390.65268
G1 X114.864 Y120.165 E390.67796
G1 X114.598 Y119.873 E390.69176
G1 X114.159 Y119.2 E390.71982
G1 X113.876 Y118.458 E390.74755
G1 X113.76 Y117.736 E390.77309
G1 X113.76 Y117.269 E390.7894
G1 X113.874 Y116.551 E390.81479
G1 X114.159 Y115.8 E390.84284
G1 X114.59 Y115.137 E390.87046
G1 X114.859 Y114.84 E390.88445
G1 X115.438 Y114.371 E390.91047
G1 X115.813 Y114.153 E390.92562
G1 X116.414 Y113.923 E390.9481
G1 X116.414 Y111.613 E391.02877
G1 X115.574 Y111.805 E391.05886
G1 X114.848 Y112.119 E391.08648
G1 X114.117 Y112.548 E391.11608
G1 X113.431 Y113.096 E391.14675
G1 X113.062 Y113.468 E391.16505
G1 X112.512 Y114.17 E391.19619
G1 X112.305 Y114.504 E391.20991
G1 X111.925 Y115.295 E391.24056
G1 X111.668 Y116.04 E391.26808
G1 X111.519 Y117.069 E391.30439
G1 X111.52 Y117.931 E391.3345
M204 S1000
G0 F9000 X111.1 Y117.956
M204 S2000
;TYPE:WALL-OUTER
G1 F2025.5 X111.169 Y118.538 E391.35496
G1 X111.386 Y119.455 E391.38787
G1 X111.527 Y119.848 E391.40245
G1 X111.939 Y120.704 E391.43563
G1 X112.249 Y121.189 E391.45573
G1 X112.829 Y121.901 E391.4878
G1 X113.153 Y122.221 E391.50371
G1 X113.878 Y122.796 E391.53602
G1 X114.602 Y123.245 E391.56578
G1 X115.638 Y123.643 E391.60453
G1 X116.532 Y123.844 E391.63653
G1 X116.834 Y123.878 E391.64715
G1 X116.834 Y120.756 E391.75618
G1 X116.651 Y120.717 E391.76271
G1 X116.003 Y120.472 E391.78691
G1 X115.689 Y120.292 E391.79955
G1 X115.151 Y119.858 E391.82369
G1 X114.911 Y119.59 E391.83625
G1 X114.537 Y119.018 E391.86012
G1 X114.285 Y118.361 E391.88469
G1 X114.178 Y117.688 E391.90849
G1 X114.179 Y117.304 E391.9219
G1 X114.284 Y116.642 E391.94531
G1 X114.537 Y115.982 E391.96999
G1 X114.921 Y115.396 E391.99446
G1 X115.175 Y115.119 E392.00759
G1 X115.693 Y114.705 E392.03074
G1 X116.009 Y114.525 E392.04344
G1 X116.683 Y114.274 E392.06856
G1 X116.834 Y114.244 E392.07394
G1 X116.834 Y111.122 E392.18297
G1 X116.536 Y111.155 E392.19344
G1 X115.443 Y111.404 E392.23259
G1 X114.658 Y111.744 E392.26246
G1 X113.879 Y112.201 E392.294
G1 X113.15 Y112.783 E392.32658
G1 X112.746 Y113.19 E392.34661
G1 X112.167 Y113.929 E392.3794
G1 X111.936 Y114.302 E392.39472
G1 X111.535 Y115.135 E392.427
G1 X111.258 Y115.941 E392.45677
G1 X111.099 Y117.039 E392.49551
G1 X111.1 Y117.956 E392.52754
M204 S1000
G0 F9000 X111.123 Y118.154
G0 X112.135 Y118.036
G1 F1500 E391.52754
G0 F9000 X115.58 Y120.484
G0 X118.469 Y120.89
G0 X119.864 Y120.932
;TYPE:FILL
G1 F1500 E392.52754
G1 F2025.5 X120.294 Y121.44 E392.55078
G1 X120.854 Y121.942 E392.57705
G1 X121.137 Y121.745 E392.58909
G1 X121.658 Y121.215 E392.61504
G1 X122.136 Y120.598 E392.6423
G1 X122.537 Y119.891 E392.67069
G1 X122.725 Y119.447 E392.68752
G1 X122.95 Y118.675 E392.71561
G1 X123.062 Y117.898 E392.74302
G1 X123.061 Y117.101 E392.77086
G1 X122.975 Y116.366 E392.7967
G1 X122.687 Y115.447 E392.83033
G1 X122.539 Y115.11 E392.84319
G1 X122.132 Y114.396 E392.87189
G1 X121.708 Y113.818 E392.89692
G1 X121.002 Y113.161 E392.9306
G1 X120.784 Y113.01 E392.93986
G1 X120.01 Y113.85 E392.97975
G1 X119.867 Y114.089 E392.98948
G0 F9000 X118.916 Y111.936
G0 X118.675 Y111.634
M204 S2000
;TYPE:WALL-INNER
G1 F2025.5 X118.675 Y113.95 E393.07036
G1 X119.256 Y114.188 E393.09229
G1 X119.897 Y114.612 E393.11913
G1 X120.451 Y115.19 E393.14709
G1 X120.853 Y115.818 E393.17313
G1 X121.116 Y116.517 E393.19921
G1 X121.246 Y117.297 E393.22683
G1 X121.206 Y118.074 E393.254
G1 X120.998 Y118.85 E393.28206
G1 X120.663 Y119.518 E393.30815
G1 X120.175 Y120.127 E393.33541
G1 X119.595 Y120.609 E393.36175
G1 X118.958 Y120.95 E393.38698
G1 X118.675 Y121.045 E393.3974
G1 X118.675 Y123.394 E393.47944
G1 X119.635 Y123.121 E393.51429
G1 X120.569 Y122.652 E393.55079
G1 X121.41 Y122.066 E393.58659
G1 X121.976 Y121.49 E393.61479
G1 X122.488 Y120.83 E393.64396
G1 X122.912 Y120.083 E393.67396
G1 X123.124 Y119.582 E393.69296
G1 X123.362 Y118.766 E393.72264
G1 X123.482 Y117.929 E393.75217
G1 X123.481 Y117.073 E393.78207
G1 X123.388 Y116.282 E393.80988
G1 X123.08 Y115.297 E393.84592
G1 X122.916 Y114.924 E393.86015
G1 X122.484 Y114.168 E393.89056
G1 X122.022 Y113.536 E393.9179
G1 X121.267 Y112.834 E393.95391
G1 X120.559 Y112.344 E393.98398
G1 X120.08 Y112.089 E394.00293
G1 X119.288 Y111.778 E394.03264
G1 X118.675 Y111.634 E394.05463
M204 S1000
G0 F9000 X118.255 Y111.132
M204 S2000
;TYPE:WALL-OUTER
G1 F2025.5 X118.255 Y114.263 E394.16398
G1 X118.441 Y114.308 E394.17066
G1 X119.054 Y114.556 E394.19375
G1 X119.634 Y114.945 E394.21814
G1 X120.112 Y115.438 E394.24212
G1 X120.467 Y115.994 E394.26516
G1 X120.715 Y116.643 E394.28942
G1 X120.824 Y117.335 E394.31389
G1 X120.789 Y118.014 E394.33763
G1 X120.614 Y118.676 E394.36155
G1 X120.312 Y119.28 E394.38513
G1 X119.875 Y119.832 E394.40972
G1 X119.355 Y120.264 E394.43333
G1 X118.762 Y120.578 E394.45676
G1 X118.255 Y120.729 E394.47524
G1 X118.255 Y123.868 E394.58486
G1 X118.755 Y123.808 E394.60245
G1 X119.788 Y123.514 E394.63995
G1 X120.785 Y123.014 E394.67891
G1 X121.682 Y122.388 E394.71711
G1 X122.293 Y121.767 E394.74753
G1 X122.838 Y121.064 E394.77859
G1 X123.289 Y120.269 E394.81052
G1 X123.52 Y119.724 E394.83119
G1 X123.774 Y118.855 E394.86281
G1 X123.902 Y117.959 E394.89441
G1 X123.901 Y117.048 E394.92623
G1 X123.8 Y116.194 E394.95626
G1 X123.474 Y115.149 E394.99449
G1 X123.292 Y114.735 E395.01028
G1 X122.837 Y113.939 E395.0423
G1 X122.337 Y113.256 E395.07187
G1 X121.531 Y112.506 E395.11031
G1 X120.778 Y111.984 E395.14231
G1 X120.256 Y111.707 E395.16295
G1 X119.414 Y111.376 E395.19455
G1 X118.52 Y111.166 E395.22662
G1 X118.255 Y111.132 E395.23595
M204 S1000
G0 F9000 X118.255 Y111.332
G0 X119.274 Y112.187
G1 F1500 E394.23595
;MESH:NONMESH
G0 F600 X119.274 Y112.187 Z11.4
G0 F9000 X118.469 Y114.093
G0 X117.506 Y115.038
;TIME_ELAPSED:450.074525
;LAYER:56
;TYPE:SUPPORT
G1 F1500 E395.23595
G1 F2074.9 X117.59 Y115.077 E395.23902
G1 X117.533 Y115.002 E395.24215
G1 X117.336 Y115.258 E395.25286
G1 X116.842 Y115.386 E395.26979
G1 X116.304 Y115.625 E395.28932
G1 X115.99 Y115.876 E395.30266
G1 X119.705 Y117.608 E395.43865
G1 X119.694 Y117.851 E395.44672
G1 X119.581 Y118.283 E395.46154
G1 X119.372 Y118.694 E395.47683
G1 X119.195 Y118.915 E395.48623
G1 X115.323 Y117.11 E395.62796
G1 X115.276 Y117.417 E395.63826
G1 X115.353 Y118.08 E395.66041
G1 X115.525 Y118.514 E395.6759
G1 X115.782 Y118.908 E395.6915
G1 X116.036 Y119.158 E395.70333
G1 X116.412 Y119.426 E395.71865
G1 X116.828 Y119.607 E395.7337
G1 X117.335 Y119.738 E395.75107
G1 X117.533 Y119.994 E395.76181
G1 X117.705 Y119.765 E395.77131
G1 X115.744 Y118.851 E395.84309
G1 F1500 E394.84309
;MESH:Encoder_Knob.stl
G0 F9000 X114.343 Y119.123
G0 X111.819 Y117.499
G0 X111.54 Y117.499
M204 S2000
;TYPE:WALL-INNER
G1 F1500 E395.84309
G1 F2074.9 X111.604 Y118.368 E395.87352
G1 X111.7 Y118.879 E395.89168
G1 X111.955 Y119.688 E395.9213
G1 X112.337 Y120.48 E395.95201
G1 X112.751 Y121.129 E395.97889
G1 X113.465 Y121.887 E396.01526
G1 X113.787 Y122.163 E396.03007
G1 X114.496 Y122.648 E396.06007
G1 X114.966 Y122.897 E396.07865
G1 X115.768 Y123.205 E396.10865
G1 X116.414 Y123.35 E396.13177
G1 X116.414 Y121.077 E396.21115
G1 X115.812 Y120.847 E396.23366
G1 X115.464 Y120.648 E396.24766
G1 X114.848 Y120.149 E396.27534
G1 X114.56 Y119.82 E396.29061
G1 X114.159 Y119.201 E396.31637
G1 X113.876 Y118.468 E396.34381
G1 X113.758 Y117.709 E396.37063
G1 X113.758 Y117.292 E396.3852
G1 X113.881 Y116.524 E396.41236
G1 X114.162 Y115.787 E396.43991
G1 X114.59 Y115.137 E396.46709
G1 X114.859 Y114.84 E396.48108
G1 X115.445 Y114.366 E396.5074
G1 X115.818 Y114.15 E396.52245
G1 X116.414 Y113.923 E396.54473
G1 X116.414 Y111.651 E396.62407
G1 X115.767 Y111.799 E396.64725
G1 X115.26 Y111.977 E396.66602
G1 X114.481 Y112.359 E396.69632
G1 X114.142 Y112.573 E396.71032
G1 X113.453 Y113.123 E396.74111
G1 X113.094 Y113.485 E396.75891
G1 X112.554 Y114.175 E396.78951
G1 X112.13 Y114.914 E396.81926
G1 X111.813 Y115.714 E396.84932
G1 X111.614 Y116.455 E396.87611
G1 X111.54 Y117.499 E396.91266
M204 S1000
G0 F9000 X111.119 Y117.499
M204 S2000
;TYPE:WALL-OUTER
G1 F2074.9 X111.186 Y118.422 E396.94498
G1 X111.292 Y118.981 E396.96485
G1 X111.563 Y119.843 E396.99641
G1 X111.969 Y120.685 E397.02905
G1 X112.418 Y121.388 E397.05818
G1 X113.175 Y122.192 E397.09675
G1 X113.531 Y122.497 E397.11312
G1 X114.278 Y123.008 E397.14473
G1 X114.792 Y123.28 E397.16504
G1 X115.646 Y123.608 E397.19699
G1 X116.54 Y123.809 E397.22899
G1 X116.834 Y123.842 E397.23932
G1 X116.834 Y120.756 E397.34709
G1 X116.651 Y120.717 E397.35362
G1 X116.003 Y120.472 E397.37782
G1 X115.689 Y120.292 E397.39046
G1 X115.151 Y119.858 E397.4146
G1 X114.911 Y119.59 E397.42716
G1 X114.537 Y119.018 E397.45103
G1 X114.289 Y118.376 E397.47506
G1 X114.177 Y117.679 E397.49972
G1 X114.177 Y117.322 E397.51219
G1 X114.287 Y116.633 E397.53655
G1 X114.533 Y115.991 E397.56056
G1 X114.921 Y115.396 E397.58537
G1 X115.175 Y115.119 E397.59849
G1 X115.695 Y114.704 E397.62173
G1 X116.01 Y114.524 E397.6344
G1 X116.683 Y114.274 E397.65947
G1 X116.834 Y114.244 E397.66485
G1 X116.834 Y111.158 E397.77262
G1 X116.545 Y111.19 E397.78278
G1 X115.65 Y111.395 E397.81484
G1 X115.097 Y111.589 E397.83531
G1 X114.276 Y111.992 E397.86725
G1 X113.898 Y112.23 E397.88285
G1 X113.172 Y112.81 E397.9153
G1 X112.778 Y113.207 E397.93483
G1 X112.204 Y113.94 E397.96735
G1 X111.75 Y114.731 E397.9992
G1 X111.413 Y115.582 E398.03116
G1 X111.198 Y116.385 E398.06019
G1 X111.119 Y117.499 E398.0992
M204 S1000
G0 F9000 X111.133 Y117.698
G0 X112.149 Y117.626
G1 F1500 E397.0992
G0 F9000 X115.58 Y120.484
G0 X118.469 Y120.89
G0 X119.702 Y121.027
;TYPE:FILL
G1 F1500 E398.0992
G1 F2074.9 X120.045 Y121.44 E398.11794
G1 X120.705 Y122.003 E398.14824
G1 X121.116 Y121.717 E398.16573
G1 X121.631 Y121.193 E398.19139
G1 X122.111 Y120.573 E398.21877
G1 X122.306 Y120.258 E398.23171
G1 X122.659 Y119.518 E398.26034
G1 X122.815 Y119.061 E398.2772
G1 X122.982 Y118.293 E398.30465
G1 X123.039 Y117.501 E398.33238
G1 X122.981 Y116.693 E398.36067
G1 X122.893 Y116.226 E398.37727
G1 X122.653 Y115.459 E398.40533
G1 X122.509 Y115.13 E398.41788
G1 X122.106 Y114.424 E398.44627
G1 X121.813 Y114.023 E398.46361
G1 X121.263 Y113.432 E398.49181
G1 X120.846 Y113.096 E398.51051
G1 X120.099 Y113.85 E398.54757
G1 X119.919 Y114.125 E398.55905
G0 F9000 X120.609 Y115.029
G0 X121.339 Y116.485
G0 X121.424 Y118.112
G0 X118.914 Y123.041
G0 X118.675 Y123.357
M204 S2000
;TYPE:WALL-INNER
G1 F2074.9 X119.392 Y123.153 E398.58509
G1 X120.172 Y122.829 E398.61458
G1 X120.545 Y122.627 E398.6294
G1 X121.389 Y122.038 E398.66534
G1 X121.945 Y121.472 E398.69305
G1 X122.462 Y120.805 E398.72252
G1 X122.674 Y120.463 E398.73657
G1 X123.049 Y119.677 E398.76699
G1 X123.22 Y119.178 E398.78541
G1 X123.399 Y118.355 E398.81482
G1 X123.46 Y117.501 E398.84472
G1 X123.398 Y116.638 E398.87494
G1 X123.301 Y116.124 E398.89321
G1 X123.047 Y115.312 E398.92292
G1 X122.884 Y114.94 E398.9371
G1 X122.456 Y114.19 E398.96726
G1 X122.139 Y113.757 E398.986
G1 X121.557 Y113.13 E399.01588
G1 X121.252 Y112.867 E399.02994
G1 X120.391 Y112.269 E399.06655
G1 X119.467 Y111.856 E399.1019
G1 X118.675 Y111.671 E399.1303
G1 X118.675 Y113.95 E399.20989
G1 X119.254 Y114.187 E399.23174
G1 X119.897 Y114.612 E399.25866
G1 X120.452 Y115.19 E399.28664
G1 X120.851 Y115.814 E399.31251
G1 X121.116 Y116.517 E399.33874
G1 X121.243 Y117.29 E399.3661
G1 X121.208 Y118.079 E399.39368
G1 X121.013 Y118.809 E399.42007
G1 X120.665 Y119.508 E399.44734
G1 X120.176 Y120.127 E399.47489
G1 X119.596 Y120.609 E399.50123
G1 X118.958 Y120.95 E399.52649
G1 X118.675 Y121.045 E399.53691
G1 X118.675 Y123.357 E399.61766
M204 S1000
G0 F9000 X118.914 Y123.041
G0 X121.194 Y118.897
G0 X121.444 Y117.297
G0 X121.159 Y116.063
G0 X118.52 Y111.467
G0 X118.255 Y111.169
M204 S2000
;TYPE:WALL-OUTER
G1 F2074.9 X118.255 Y114.263 E399.72571
G1 X118.441 Y114.308 E399.73239
G1 X119.06 Y114.56 E399.75573
G1 X119.622 Y114.935 E399.77933
G1 X120.112 Y115.438 E399.80385
G1 X120.467 Y115.994 E399.82689
G1 X120.715 Y116.643 E399.85115
G1 X120.823 Y117.32 E399.87509
G1 X120.789 Y118.01 E399.89922
G1 X120.611 Y118.683 E399.92353
G1 X120.301 Y119.297 E399.94755
G1 X119.876 Y119.832 E399.97141
G1 X119.355 Y120.264 E399.99505
G1 X118.762 Y120.578 E400.01848
G1 X118.255 Y120.729 E400.03696
G1 X118.255 Y123.833 E400.14536
G1 X118.745 Y123.774 E400.1626
G1 X119.53 Y123.551 E400.1911
G1 X120.353 Y123.209 E400.22222
G1 X120.766 Y122.985 E400.23863
G1 X121.661 Y122.36 E400.27675
G1 X122.262 Y121.749 E400.30668
G1 X122.808 Y121.045 E400.3378
G1 X123.043 Y120.665 E400.3534
G1 X123.439 Y119.836 E400.38548
G1 X123.626 Y119.291 E400.40561
G1 X123.816 Y118.415 E400.43691
G1 X123.881 Y117.501 E400.46891
G1 X123.815 Y116.584 E400.50102
G1 X123.709 Y116.022 E400.52099
G1 X123.441 Y115.164 E400.55238
G1 X123.26 Y114.751 E400.56813
G1 X122.809 Y113.961 E400.5999
G1 X122.464 Y113.489 E400.62032
G1 X121.849 Y112.828 E400.65185
G1 X121.51 Y112.535 E400.6675
G1 X120.598 Y111.901 E400.70628
G1 X119.602 Y111.456 E400.74438
G1 X118.513 Y111.201 E400.78344
G1 X118.255 Y111.169 E400.79252
M204 S1000
G0 F9000 X118.255 Y111.369
G0 X119.274 Y112.223
G1 F1500 E399.79252
;MESH:NONMESH
G0 F600 X119.274 Y112.223 Z11.6
G0 F9000 X118.469 Y114.093
G0 X117.506 Y115.038
;TIME_ELAPSED:457.106263
;LAYER:57
;TYPE:SUPPORT
G1 F1500 E400.79252
G1 F2067.8 X117.59 Y115.077 E400.79559
G1 X117.533 Y115.002 E400.79872
G1 X117.336 Y115.258 E400.80944
G1 X116.842 Y115.386 E400.82637
G1 X116.304 Y115.625 E400.8459
G1 X115.99 Y115.876 E400.85924
G1 X119.705 Y117.608 E400.99522
G1 X119.694 Y117.851 E401.00329
G1 X119.581 Y118.283 E401.01811
G1 X119.372 Y118.694 E401.03341
G1 X119.195 Y118.915 E401.0428
G1 X115.323 Y117.11 E401.18453
G1 X115.276 Y117.417 E401.19484
G1 X115.353 Y118.08 E401.21698
G1 X115.525 Y118.514 E401.23247
G1 X115.782 Y118.908 E401.24808
G1 X116.036 Y119.158 E401.2599
G1 X116.412 Y119.426 E401.27522
G1 X116.828 Y119.607 E401.29027
G1 X117.335 Y119.738 E401.30765
G1 X117.533 Y119.994 E401.31838
G1 X117.705 Y119.765 E401.32788
G1 X115.744 Y118.851 E401.39966
G1 F1500 E400.39966
;MESH:Encoder_Knob.stl
G0 F9000 X114.343 Y119.123
G0 X111.868 Y117.074
G0 X111.59 Y117.061
M204 S2000
;TYPE:WALL-INNER
G1 F1500 E401.39966
G1 F2067.8 X111.591 Y117.934 E401.43015
G1 X111.678 Y118.692 E401.4568
G1 X112.046 Y119.855 E401.4994
G1 X112.525 Y120.751 E401.53488
G1 X113.175 Y121.552 E401.57091
G1 X113.82 Y122.143 E401.60146
G1 X114.518 Y122.62 E401.63098
G1 X114.975 Y122.862 E401.64904
G1 X115.778 Y123.171 E401.67909
G1 X116.414 Y123.314 E401.70185
G1 X116.414 Y121.077 E401.77998
G1 X115.812 Y120.847 E401.80248
G1 X115.464 Y120.648 E401.81648
G1 X114.881 Y120.181 E401.84257
G1 X114.597 Y119.871 E401.85725
G1 X114.171 Y119.224 E401.88431
G1 X113.876 Y118.471 E401.91255
G1 X113.761 Y117.74 E401.93839
G1 X113.761 Y117.257 E401.95526
G1 X113.88 Y116.516 E401.98147
G1 X114.179 Y115.761 E402.00983
G1 X114.61 Y115.113 E402.03701
G1 X114.913 Y114.791 E402.05245
G1 X115.463 Y114.353 E402.077
G1 X115.821 Y114.149 E402.09139
G1 X116.414 Y113.923 E402.11356
G1 X116.414 Y111.686 E402.19168
G1 X115.748 Y111.841 E402.21556
G1 X115.281 Y112.006 E402.23286
G1 X114.511 Y112.383 E402.2628
G1 X113.813 Y112.862 E402.29236
G1 X113.181 Y113.445 E402.32239
G1 X112.676 Y114.028 E402.34933
G1 X112.164 Y114.927 E402.38546
G1 X111.857 Y115.64 E402.41257
G1 X111.634 Y116.657 E402.44893
G1 X111.59 Y117.061 E402.46312
M204 S1000
G0 F9000 X111.17 Y117.039
M204 S2000
;TYPE:WALL-OUTER
G1 F2067.8 X111.171 Y117.958 E402.49521
G1 X111.265 Y118.78 E402.52411
G1 X111.657 Y120.019 E402.56949
G1 X112.174 Y120.985 E402.60775
G1 X112.868 Y121.84 E402.64621
G1 X113.558 Y122.473 E402.67891
G1 X114.3 Y122.98 E402.7103
G1 X114.801 Y123.245 E402.73009
G1 X115.656 Y123.574 E402.76209
G1 X116.55 Y123.775 E402.79409
G1 X116.834 Y123.807 E402.80407
G1 X116.834 Y120.756 E402.91062
G1 X116.651 Y120.717 E402.91715
G1 X116.008 Y120.475 E402.94114
G1 X115.689 Y120.292 E402.95399
G1 X115.151 Y119.858 E402.97813
G1 X114.923 Y119.607 E402.98997
G1 X114.541 Y119.026 E403.01425
G1 X114.289 Y118.376 E403.0386
G1 X114.178 Y117.689 E403.0629
G1 X114.179 Y117.304 E403.07635
G1 X114.284 Y116.642 E403.09976
G1 X114.544 Y115.969 E403.12495
G1 X114.931 Y115.384 E403.14945
G1 X115.164 Y115.129 E403.16151
G1 X115.701 Y114.699 E403.18554
G1 X116.011 Y114.523 E403.19799
G1 X116.683 Y114.274 E403.22301
G1 X116.834 Y114.244 E403.22839
G1 X116.834 Y111.193 E403.33494
G1 X116.54 Y111.226 E403.34527
G1 X115.658 Y111.429 E403.37688
G1 X115.119 Y111.618 E403.39683
G1 X114.299 Y112.019 E403.42871
G1 X113.551 Y112.533 E403.4604
G1 X112.879 Y113.152 E403.49231
G1 X112.332 Y113.784 E403.5215
G1 X111.787 Y114.739 E403.5599
G1 X111.455 Y115.511 E403.58925
G1 X111.218 Y116.589 E403.62779
G1 X111.17 Y117.039 E403.6436
M204 S1000
G0 F9000 X111.17 Y117.239
G0 X112.19 Y117.239
G1 F1500 E402.6436
G0 F9000 X114.747 Y119.738
G0 X115.766 Y119.232
G0 X118.167 Y119.843
G0 X118.469 Y120.89
G0 X119.518 Y121.127
;TYPE:FILL
G1 F1500 E403.6436
G1 F2067.8 X119.773 Y121.44 E403.6577
G1 X120.552 Y122.068 E403.69264
G1 X120.957 Y121.785 E403.7099
G1 X121.311 Y121.472 E403.7264
G1 X121.844 Y120.878 E403.75427
G1 X122.281 Y120.227 E403.78165
G1 X122.629 Y119.499 E403.80983
G1 X122.852 Y118.847 E403.8339
G1 X122.992 Y117.895 E403.8675
G1 X122.991 Y116.931 E403.90117
G1 X122.867 Y116.272 E403.92459
G1 X122.566 Y115.3 E403.96012
G1 X122.073 Y114.435 E403.99489
G1 X121.658 Y113.871 E404.01935
G1 X120.911 Y113.172 E404.05507
G1 X120.185 Y113.85 E404.08976
G1 X119.969 Y114.154 E404.10279
G0 F9000 X121.049 Y115.72
G0 X121.465 Y117.295
G0 X121.215 Y118.905
G0 X118.914 Y123.003
G0 X118.675 Y123.319
M204 S2000
;TYPE:WALL-INNER
G1 F2067.8 X119.357 Y123.126 E404.12754
G1 X120.168 Y122.792 E404.15817
G1 X120.524 Y122.599 E404.17231
G1 X121.217 Y122.115 E404.20183
G1 X121.606 Y121.772 E404.21995
G1 X122.177 Y121.137 E404.24977
G1 X122.649 Y120.433 E404.27937
G1 X123.019 Y119.658 E404.30936
G1 X123.262 Y118.947 E404.3356
G1 X123.412 Y117.927 E404.37161
G1 X123.411 Y116.893 E404.40772
G1 X123.275 Y116.165 E404.43358
G1 X123.007 Y115.304 E404.46507
G1 X122.853 Y114.957 E404.47833
G1 X122.425 Y114.206 E404.50852
G1 X121.973 Y113.592 E404.53514
G1 X121.217 Y112.884 E404.57132
G1 X120.506 Y112.393 E404.60149
G1 X120.069 Y112.159 E404.6188
G1 X119.282 Y111.848 E404.64836
G1 X118.674 Y111.705 E404.67017
G1 X118.675 Y113.95 E404.74857
G1 X119.248 Y114.18 E404.77013
G1 X119.891 Y114.607 E404.79709
G1 X120.451 Y115.189 E404.8253
G1 X120.853 Y115.818 E404.85137
G1 X121.117 Y116.518 E404.87749
G1 X121.246 Y117.298 E404.9051
G1 X121.205 Y118.076 E404.93231
G1 X121.014 Y118.808 E404.95873
G1 X120.653 Y119.528 E404.98686
G1 X120.196 Y120.107 E405.01262
G1 X119.596 Y120.609 E405.03994
G1 X118.958 Y120.95 E405.0652
G1 X118.675 Y121.045 E405.07563
G1 X118.675 Y123.319 E405.15504
M204 S1000
G0 F9000 X118.914 Y123.003
G0 X121.194 Y118.897
G0 X121.444 Y117.297
G0 X121.159 Y116.063
G0 X118.52 Y111.504
G0 X118.254 Y111.203
M204 S2000
;TYPE:WALL-OUTER
G1 F2067.8 X118.255 Y114.263 E405.26191
G1 X118.441 Y114.308 E405.26859
G1 X119.051 Y114.555 E405.29158
G1 X119.618 Y114.932 E405.31536
G1 X120.12 Y115.449 E405.34052
G1 X120.467 Y115.994 E405.36308
G1 X120.715 Y116.643 E405.38735
G1 X120.824 Y117.335 E405.41181
G1 X120.789 Y118.015 E405.43559
G1 X120.616 Y118.672 E405.45932
G1 X120.303 Y119.294 E405.48364
G1 X119.882 Y119.825 E405.5073
G1 X119.355 Y120.264 E405.53126
G1 X118.762 Y120.578 E405.55469
G1 X118.255 Y120.729 E405.57316
G1 X118.254 Y123.796 E405.68027
G1 X118.741 Y123.737 E405.6974
G1 X119.495 Y123.524 E405.72477
G1 X120.348 Y123.172 E405.75699
G1 X120.745 Y122.957 E405.77276
G1 X121.477 Y122.446 E405.80394
G1 X121.902 Y122.071 E405.82373
G1 X122.509 Y121.395 E405.85546
G1 X123.015 Y120.641 E405.88717
G1 X123.409 Y119.817 E405.91907
G1 X123.672 Y119.046 E405.94752
G1 X123.832 Y117.957 E405.98596
G1 X123.831 Y116.854 E406.02448
G1 X123.683 Y116.064 E406.05255
G1 X123.401 Y115.156 E406.08575
G1 X123.229 Y114.767 E406.10061
G1 X122.778 Y113.977 E406.13237
G1 X122.289 Y113.312 E406.1612
G1 X121.481 Y112.556 E406.19984
G1 X120.725 Y112.034 E406.23193
G1 X120.246 Y111.777 E406.25091
G1 X119.408 Y111.446 E406.28238
G1 X118.509 Y111.236 E406.31462
G1 X118.254 Y111.203 E406.3236
M204 S1000
G0 F9000 X118.254 Y111.403
G0 X119.274 Y112.26
G1 F1500 E405.3236
;MESH:NONMESH
G0 F600 X119.274 Y112.26 Z11.8
G0 F9000 X118.469 Y114.093
G0 X117.506 Y115.038
;TIME_ELAPSED:464.264965
;LAYER:58
;TYPE:SUPPORT
G1 F1500 E406.3236
G1 F2031.7 X117.59 Y115.077 E406.32667
G1 X117.533 Y115.002 E406.3298
G1 X117.336 Y115.258 E406.34051
G1 X116.842 Y115.386 E406.35744
G1 X116.304 Y115.625 E406.37698
G1 X115.99 Y115.876 E406.39031
G1 X119.705 Y117.608 E406.5263
G1 X119.694 Y117.851 E406.53437
G1 X119.581 Y118.283 E406.54919
G1 X119.372 Y118.694 E406.56448
G1 X119.195 Y118.915 E406.57388
G1 X115.323 Y117.11 E406.71561
G1 X115.276 Y117.417 E406.72592
G1 X115.353 Y118.08 E406.74806
G1 X115.525 Y118.514 E406.76355
G1 X115.782 Y118.908 E406.77916
G1 X116.036 Y119.158 E406.79098
G1 X116.412 Y119.426 E406.8063
G1 X116.828 Y119.607 E406.82135
G1 X117.335 Y119.738 E406.83872
G1 X117.533 Y119.994 E406.84946
G1 X117.705 Y119.765 E406.85896
G1 X115.744 Y118.851 E406.93074
G1 F1500 E405.93074
;MESH:Encoder_Knob.stl
G0 F9000 X114.656 Y119.565
G0 X111.904 Y117.917
G0 X111.625 Y117.933
M204 S2000
;TYPE:WALL-INNER
G1 F1500 E406.93074
G1 F2031.7 X111.682 Y118.422 E406.94793
G1 X111.886 Y119.286 E406.97894
G1 X112.017 Y119.656 E406.99265
G1 X112.402 Y120.451 E407.02349
G1 X112.795 Y121.071 E407.04913
G1 X113.507 Y121.829 E407.08545
G1 X114.187 Y122.37 E407.11579
G1 X114.816 Y122.763 E407.1417
G1 X115.786 Y123.137 E407.178
G1 X116.414 Y123.278 E407.20048
G1 X116.414 Y121.077 E407.27735
G1 X115.839 Y120.862 E407.29878
G1 X115.487 Y120.662 E407.31292
G1 X114.847 Y120.148 E407.34159
G1 X114.56 Y119.821 E407.35678
G1 X114.16 Y119.202 E407.38252
G1 X113.876 Y118.458 E407.41033
G1 X113.761 Y117.74 E407.43573
G1 X113.764 Y117.238 E407.45326
G1 X113.874 Y116.552 E407.47752
G1 X114.16 Y115.79 E407.50595
G1 X114.56 Y115.179 E407.53145
G1 X114.86 Y114.839 E407.54729
G1 X115.435 Y114.374 E407.57311
G1 X115.824 Y114.147 E407.58884
G1 X116.414 Y113.923 E407.61088
G1 X116.414 Y111.722 E407.68775
G1 X115.602 Y111.907 E407.71683
G1 X114.929 Y112.199 E407.74245
G1 X114.173 Y112.64 E407.77302
G1 X113.503 Y113.175 E407.80296
G1 X113.154 Y113.525 E407.82022
G1 X112.617 Y114.208 E407.85056
G1 X112.194 Y114.941 E407.88012
G1 X111.894 Y115.641 E407.90672
G1 X111.668 Y116.661 E407.9432
G1 X111.625 Y117.062 E407.95729
G1 X111.625 Y117.933 E407.9877
M204 S1000
G0 F9000 X111.205 Y117.957
M204 S2000
;TYPE:WALL-OUTER
G1 F2031.7 X111.268 Y118.495 E408.00662
G1 X111.482 Y119.404 E408.03923
G1 X111.629 Y119.818 E408.05458
G1 X112.034 Y120.655 E408.08705
G1 X112.461 Y121.329 E408.11491
G1 X113.221 Y122.139 E408.1537
G1 X113.944 Y122.714 E408.18596
G1 X114.628 Y123.141 E408.21412
G1 X115.664 Y123.54 E408.2529
G1 X116.558 Y123.741 E408.2849
G1 X116.834 Y123.772 E408.2946
G1 X116.834 Y120.756 E408.39992
G1 X116.651 Y120.717 E408.40646
G1 X116.007 Y120.475 E408.43048
G1 X115.709 Y120.306 E408.44245
G1 X115.151 Y119.858 E408.46744
G1 X114.931 Y119.616 E408.47886
G1 X114.53 Y119.002 E408.50447
G1 X114.285 Y118.361 E408.52844
G1 X114.178 Y117.689 E408.5522
G1 X114.179 Y117.304 E408.56565
G1 X114.284 Y116.642 E408.58905
G1 X114.532 Y115.993 E408.61332
G1 X114.921 Y115.396 E408.6382
G1 X115.175 Y115.119 E408.65133
G1 X115.692 Y114.706 E408.67444
G1 X116.012 Y114.523 E408.68731
G1 X116.683 Y114.274 E408.7123
G1 X116.834 Y114.244 E408.71768
G1 X116.834 Y111.229 E408.82297
G1 X116.562 Y111.258 E408.83253
G1 X115.471 Y111.506 E408.8716
G1 X114.739 Y111.823 E408.89946
G1 X113.935 Y112.292 E408.93196
G1 X113.222 Y112.861 E408.96382
G1 X112.839 Y113.246 E408.98279
G1 X112.268 Y113.972 E409.01504
G1 X111.818 Y114.753 E409.04652
G1 X111.492 Y115.512 E409.07537
G1 X111.253 Y116.593 E409.11403
G1 X111.205 Y117.04 E409.12973
G1 X111.205 Y117.957 E409.16176
M204 S1000
G0 F9000 X111.228 Y118.155
G0 X112.241 Y118.041
G1 F1500 E408.16176
G0 F9000 X115.58 Y120.484
G0 X118.469 Y120.89
G0 X119.309 Y121.238
;TYPE:FILL
G1 F1500 E409.16176
G1 F2031.7 X119.469 Y121.44 E409.17076
G1 X120.391 Y122.135 E409.21108
G1 X120.931 Y121.758 E409.23408
G1 X121.458 Y121.295 E409.25858
G1 X122.056 Y120.529 E409.29252
G1 X122.243 Y120.227 E409.30492
G1 X122.596 Y119.489 E409.33349
G1 X122.745 Y119.055 E409.34952
G1 X122.91 Y118.291 E409.37681
G1 X122.968 Y117.5 E409.40451
G1 X122.91 Y116.695 E409.4327
G1 X122.831 Y116.279 E409.44748
G1 X122.532 Y115.312 E409.48283
G1 X122.037 Y114.448 E409.51761
G1 X121.636 Y113.898 E409.54138
G1 X120.953 Y113.26 E409.57402
G1 X120.269 Y113.85 E409.60556
G1 X120.011 Y114.185 E409.62033
G0 F9000 X118.914 Y112.031
G0 X118.675 Y111.719
M204 S2000
;TYPE:WALL-INNER
G1 F2031.7 X118.675 Y113.95 E409.69825
G1 X119.251 Y114.184 E409.71996
G1 X119.897 Y114.611 E409.747
G1 X120.452 Y115.19 E409.77501
G1 X120.833 Y115.785 E409.79968
G1 X121.117 Y116.518 E409.82714
G1 X121.242 Y117.29 E409.85445
G1 X121.208 Y118.077 E409.88196
G1 X121.013 Y118.809 E409.90841
G1 X120.665 Y119.509 E409.93572
G1 X120.188 Y120.113 E409.96259
G1 X119.595 Y120.609 E409.98959
G1 X118.958 Y120.95 E410.01483
G1 X118.675 Y121.045 E410.02525
G1 X118.675 Y123.265 E410.10278
G1 X118.935 Y123.211 E410.11205
G1 X119.744 Y122.945 E410.14179
G1 X120.514 Y122.561 E410.17184
G1 X121.196 Y122.086 E410.20087
G1 X121.765 Y121.586 E410.22732
G1 X122.4 Y120.77 E410.26343
G1 X122.611 Y120.431 E410.27738
G1 X122.986 Y119.644 E410.30782
G1 X123.149 Y119.174 E410.32519
G1 X123.327 Y118.352 E410.35457
G1 X123.389 Y117.5 E410.3844
G1 X123.327 Y116.64 E410.41451
G1 X123.238 Y116.171 E410.43118
G1 X122.975 Y115.323 E410.46219
G1 X122.821 Y114.972 E410.47558
G1 X122.387 Y114.213 E410.50611
G1 X121.955 Y113.622 E410.53168
G1 X121.196 Y112.913 E410.56795
G1 X120.486 Y112.422 E410.59809
G1 X120.061 Y112.195 E410.61492
G1 X119.261 Y111.877 E410.64499
G1 X118.675 Y111.719 E410.66618
M204 S1000
G0 F9000 X118.914 Y112.031
G0 X121.029 Y115.729
G0 X121.444 Y117.297
G0 X121.242 Y118.724
G0 X118.519 Y123.461
G0 X118.255 Y123.78
M204 S2000
;TYPE:WALL-OUTER
G1 F2031.7 X119.043 Y123.618 E410.69428
G1 X119.904 Y123.335 E410.72593
G1 X120.729 Y122.923 E410.75813
G1 X121.456 Y122.417 E410.78907
G1 X122.072 Y121.876 E410.8177
G1 X122.746 Y121.01 E410.85602
G1 X122.98 Y120.633 E410.87152
G1 X123.376 Y119.804 E410.9036
G1 X123.554 Y119.288 E410.92266
G1 X123.744 Y118.412 E410.95397
G1 X123.81 Y117.5 E410.9859
G1 X123.744 Y116.586 E411.0179
G1 X123.646 Y116.069 E411.03628
G1 X123.369 Y115.176 E411.06893
G1 X123.197 Y114.783 E411.08392
G1 X122.74 Y113.984 E411.11606
G1 X122.271 Y113.342 E411.14383
G1 X121.46 Y112.585 E411.18257
G1 X120.705 Y112.063 E411.21463
G1 X120.239 Y111.813 E411.23309
G1 X119.394 Y111.478 E411.26484
G1 X118.744 Y111.301 E411.28837
G1 X118.255 Y111.239 E411.30558
G1 X118.255 Y114.263 E411.41119
G1 X118.441 Y114.308 E411.41787
G1 X119.052 Y114.555 E411.44089
G1 X119.618 Y114.932 E411.46464
G1 X120.12 Y115.449 E411.4898
G1 X120.467 Y115.994 E411.51237
G1 X120.715 Y116.643 E411.53663
G1 X120.823 Y117.32 E411.56057
G1 X120.789 Y118.011 E411.58473
G1 X120.615 Y118.672 E411.6086
G1 X120.295 Y119.306 E411.6334
G1 X119.88 Y119.827 E411.65667
G1 X119.355 Y120.264 E411.68052
G1 X118.762 Y120.578 E411.70395
G1 X118.255 Y120.729 E411.72243
G1 X118.255 Y123.78 E411.82898
M204 S1000
G0 F9000 X118.451 Y123.74
G0 X119.06 Y122.541
;MESH:NONMESH
G0 F600 X119.06 Y122.541 Z12
G0 F9000 X120.846 Y119.637
G0 X121.424 Y118.112
G0 X121.339 Y116.485
G0 X120.05 Y114.209
;TIME_ELAPSED:471.232176
;LAYER:59
;TYPE:FILL
;MESH:Encoder_Knob.stl
G1 F1777 X120.349 Y113.85 E411.8453
G1 X120.991 Y113.342 E411.87389
G1 X121.482 Y113.804 E411.89743
G1 X121.983 Y114.429 E411.92541
G1 X122.215 Y114.8 E411.94069
G1 X122.557 Y115.507 E411.96811
G1 X122.842 Y116.431 E412.00188
G1 X122.92 Y117.099 E412.02537
G1 X122.921 Y117.893 E412.0531
G1 X122.782 Y118.833 E412.08628
G1 X122.564 Y119.472 E412.10986
G1 X122.135 Y120.37 E412.14462
G1 X121.422 Y121.284 E412.1851
G1 X120.916 Y121.727 E412.20859
G1 X120.218 Y122.207 E412.23817
G1 X119.117 Y121.44 E412.28503
G1 X119.095 Y121.411 E412.2863
G0 F9000 X118.914 Y122.932
G0 X118.674 Y123.226
M204 S2000
;TYPE:WALL-INNER
G1 F1777 X119.316 Y123.066 E412.30941
G1 X120.129 Y122.733 E412.34009
G1 X120.483 Y122.54 E412.35417
G1 X121.176 Y122.058 E412.38365
G1 X121.73 Y121.572 E412.40939
G1 X122.375 Y120.745 E412.44602
G1 X122.579 Y120.415 E412.45957
G1 X122.954 Y119.63 E412.48995
G1 X123.192 Y118.933 E412.51567
G1 X123.341 Y117.926 E412.55122
G1 X123.34 Y117.071 E412.58108
G1 X123.256 Y116.344 E412.60664
G1 X122.95 Y115.357 E412.64273
G1 X122.584 Y114.597 E412.67218
G1 X122.326 Y114.184 E412.68919
G1 X121.791 Y113.517 E412.71905
G1 X121.183 Y112.946 E412.74818
G1 X120.464 Y112.451 E412.77867
G1 X119.839 Y112.114 E412.80346
G1 X118.856 Y111.803 E412.83947
G1 X118.675 Y111.774 E412.84587
G1 X118.675 Y113.95 E412.92187
G1 X119.251 Y114.185 E412.94359
G1 X119.893 Y114.609 E412.97046
G1 X120.435 Y115.168 E412.99765
G1 X120.853 Y115.825 E413.02485
G1 X121.117 Y116.518 E413.05074
G1 X121.246 Y117.298 E413.07835
G1 X121.205 Y118.076 E413.10556
G1 X121.014 Y118.808 E413.13198
G1 X120.665 Y119.508 E413.1593
G1 X120.185 Y120.116 E413.18635
G1 X119.596 Y120.609 E413.21318
G1 X118.958 Y120.95 E413.23844
G1 X118.675 Y121.045 E413.24886
G1 X118.674 Y123.226 E413.32503
M204 S1000
G0 F9000 X118.914 Y122.932
G0 X121.194 Y118.897
G0 X121.444 Y117.297
G0 X121.159 Y116.063
G0 X118.518 Y111.592
G0 X118.255 Y111.281
M204 S2000
;TYPE:WALL-OUTER
G1 F1777 X118.255 Y114.263 E413.42917
G1 X118.441 Y114.308 E413.43586
G1 X119.052 Y114.555 E413.45887
G1 X119.619 Y114.933 E413.48267
G1 X120.107 Y115.431 E413.50702
G1 X120.474 Y116.007 E413.53087
G1 X120.715 Y116.643 E413.55462
G1 X120.824 Y117.335 E413.57909
G1 X120.789 Y118.015 E413.60287
G1 X120.616 Y118.672 E413.62659
G1 X120.301 Y119.297 E413.65104
G1 X119.879 Y119.828 E413.67472
G1 X119.355 Y120.264 E413.69853
G1 X118.762 Y120.578 E413.72196
G1 X118.255 Y120.729 E413.74044
G1 X118.254 Y123.718 E413.84482
G1 X118.948 Y123.607 E413.86937
G1 X119.454 Y123.464 E413.88773
G1 X120.309 Y123.113 E413.92001
G1 X120.704 Y122.898 E413.93571
G1 X121.435 Y122.389 E413.96682
G1 X122.037 Y121.862 E413.99476
G1 X122.721 Y120.985 E414.03361
G1 X122.949 Y120.617 E414.04872
G1 X123.344 Y119.789 E414.08076
G1 X123.602 Y119.032 E414.10869
G1 X123.761 Y117.956 E414.14668
G1 X123.76 Y117.047 E414.17842
G1 X123.668 Y116.257 E414.2062
G1 X123.342 Y115.203 E414.24473
G1 X122.952 Y114.394 E414.27609
G1 X122.669 Y113.94 E414.29478
G1 X122.1 Y113.231 E414.32652
G1 X121.447 Y112.618 E414.3578
G1 X120.684 Y112.092 E414.39017
G1 X120.003 Y111.726 E414.41717
G1 X118.953 Y111.393 E414.45564
G1 X118.255 Y111.281 E414.48032
M204 S1000
G0 F9000 X118.255 Y111.481
G0 X119.274 Y112.329
G1 F1500 E413.48032
G0 F9000 X118.469 Y114.093
G0 X118.159 Y115.14
G0 X115.321 Y116.381
G0 X114.343 Y115.877
G0 X111.94 Y117.917
G0 X111.661 Y117.933
M204 S2000
;TYPE:WALL-INNER
G1 F1500 E414.48032
G1 F1777 X111.717 Y118.408 E414.49703
G1 X111.92 Y119.28 E414.52829
G1 X112.042 Y119.626 E414.54111
G1 X112.434 Y120.436 E414.57253
G1 X112.82 Y121.048 E414.5978
G1 X113.653 Y121.937 E414.64035
G1 X114.242 Y122.365 E414.66578
G1 X115.006 Y122.796 E414.69641
G1 X115.796 Y123.102 E414.726
G1 X116.414 Y123.242 E414.74813
G1 X116.414 Y121.077 E414.82373
G1 X115.828 Y120.855 E414.84562
G1 X115.443 Y120.633 E414.86114
G1 X114.847 Y120.148 E414.88797
G1 X114.589 Y119.865 E414.90135
G1 X114.159 Y119.201 E414.92898
G1 X113.876 Y118.456 E414.95681
G1 X113.761 Y117.742 E414.98206
G1 X113.76 Y117.265 E414.99872
G1 X113.886 Y116.506 E415.02559
G1 X114.178 Y115.763 E415.05347
G1 X114.581 Y115.15 E415.07909
G1 X114.913 Y114.791 E415.09617
G1 X115.465 Y114.352 E415.1208
G1 X115.829 Y114.145 E415.13542
G1 X116.414 Y113.923 E415.15727
G1 X116.414 Y111.734 E415.23372
G1 X115.487 Y111.984 E415.26725
G1 X114.56 Y112.436 E415.30327
G1 X113.853 Y112.919 E415.33317
G1 X113.481 Y113.243 E415.3504
G1 X112.908 Y113.867 E415.37998
G1 X112.324 Y114.73 E415.41638
G1 X112.029 Y115.415 E415.44242
G1 X111.784 Y116.232 E415.47221
G1 X111.661 Y117.07 E415.50179
G1 X111.661 Y117.933 E415.53193
M204 S1000
G0 F9000 X111.241 Y117.957
M204 S2000
;TYPE:WALL-OUTER
G1 F1777 X111.302 Y118.48 E415.55032
G1 X111.516 Y119.398 E415.58323
G1 X111.654 Y119.788 E415.59768
G1 X112.066 Y120.64 E415.63073
G1 X112.486 Y121.306 E415.65823
G1 X113.374 Y122.253 E415.70357
G1 X114.014 Y122.719 E415.73122
G1 X114.826 Y123.177 E415.76377
G1 X115.673 Y123.505 E415.79549
G1 X116.565 Y123.706 E415.82743
G1 X116.834 Y123.737 E415.83688
G1 X116.834 Y120.756 E415.94099
G1 X116.651 Y120.717 E415.94752
G1 X116.014 Y120.478 E415.97128
G1 X115.689 Y120.292 E415.98436
G1 X115.151 Y119.858 E416.0085
G1 X114.931 Y119.616 E416.01992
G1 X114.537 Y119.018 E416.04493
G1 X114.285 Y118.36 E416.06954
G1 X114.178 Y117.69 E416.09323
G1 X114.179 Y117.304 E416.10671
G1 X114.288 Y116.627 E416.13066
G1 X114.534 Y115.99 E416.15451
G1 X114.918 Y115.4 E416.17909
G1 X115.175 Y115.119 E416.19239
G1 X115.689 Y114.708 E416.21538
G1 X116.014 Y114.522 E416.22845
G1 X116.683 Y114.274 E416.25337
G1 X116.834 Y114.244 E416.25875
G1 X116.834 Y111.264 E416.36282
G1 X116.342 Y111.318 E416.3801
G1 X115.339 Y111.589 E416.41639
G1 X114.348 Y112.072 E416.45489
G1 X113.596 Y112.586 E416.4867
G1 X113.187 Y112.941 E416.50561
G1 X112.578 Y113.606 E416.5371
G1 X111.954 Y114.527 E416.57595
G1 X111.633 Y115.271 E416.60425
G1 X111.372 Y116.14 E416.63594
G1 X111.241 Y117.04 E416.6677
G1 X111.241 Y117.957 E416.69973
M204 S1000
G0 F9000 X111.264 Y118.155
G0 X112.278 Y118.041
G1 F1500 E415.69973
;MESH:NONMESH
G0 F600 X112.278 Y118.041 Z12.2
G0 F9000 X114.343 Y115.877
G0 X115.321 Y116.381
G0 X118.159 Y115.14
G0 X118.487 Y114.092
G0 X120.082 Y114.233
;TIME_ELAPSED:477.901298
;LAYER:60
;TYPE:FILL
;MESH:Encoder_Knob.stl
G1 F1500 E416.69973
G1 F4980 X120.428 Y113.85 E416.71775
G1 X121.024 Y113.421 E416.7434
G0 F9000 X118.777 Y114.647
G0 X118.482 Y116.12
G0 X116.506 Y116.155
G0 X116.31 Y114.611
G0 X114.755 Y115.269
G0 X114.202 Y116.271
G0 X113.444 Y121.045
G1 F4980 X114.069 Y121.44 E416.76922
G1 X114.392 Y121.906 E416.78902
G0 F9000 X111.96 Y117.499
G0 X111.681 Y117.5
M204 S2000
;TYPE:WALL-INNER
G1 F3780 X111.745 Y118.369 E416.81945
G1 X111.831 Y118.823 E416.83559
G1 X112.081 Y119.626 E416.86496
G1 X112.466 Y120.421 E416.89581
G1 X112.846 Y121.022 E416.92064
G1 X113.551 Y121.774 E416.95664
G1 X114.232 Y122.315 E416.98701
G1 X114.836 Y122.694 E417.01191
G1 X115.806 Y123.068 E417.04822
G1 X116.414 Y123.206 E417.06999
G1 X116.414 Y119.235 E417.20867
G1 X116.573 Y118.898 E417.22169
G1 X116.823 Y118.727 E417.23226
G1 X116.989 Y118.69 E417.2382
G1 X118.044 Y118.688 E417.27505
G1 X118.262 Y118.726 E417.28278
G1 X118.417 Y118.809 E417.28892
G1 X118.608 Y119.035 E417.29925
G1 X118.672 Y119.256 E417.30728
G1 X118.675 Y123.212 E417.44544
G1 X119.301 Y123.035 E417.46816
G1 X120.094 Y122.71 E417.49809
G1 X120.826 Y122.276 E417.52781
G1 X121.197 Y121.995 E417.54406
G1 X121.809 Y121.411 E417.5736
G1 X122.337 Y120.738 E417.60348
G1 X122.75 Y120.008 E417.63277
G1 X123.037 Y119.342 E417.6581
G1 X123.262 Y118.33 E417.6943
G1 X123.306 Y117.933 E417.70825
G1 X123.305 Y116.896 E417.74447
G1 X123.127 Y115.951 E417.77805
G1 X122.747 Y114.987 E417.81424
G1 X122.331 Y114.255 E417.84364
G1 X121.899 Y113.665 E417.86918
G1 X121.158 Y112.973 E417.90458
G1 X120.444 Y112.48 E417.93489
G1 X120.047 Y112.266 E417.95064
G1 X119.247 Y111.947 E417.98071
G1 X118.676 Y111.812 E418.0012
G1 X118.672 Y115.735 E418.13821
G1 X118.603 Y115.974 E418.1469
G1 X118.417 Y116.191 E418.15688
G1 X118.262 Y116.274 E418.16302
G1 X118.044 Y116.312 E418.17075
G1 X116.989 Y116.31 E418.20759
G1 X116.823 Y116.273 E418.21353
G1 X116.573 Y116.102 E418.22411
G1 X116.473 Y115.95 E418.23046
G1 X116.414 Y115.706 E418.23923
G1 X116.414 Y111.795 E418.37581
G1 X115.797 Y111.936 E418.39791
G1 X115.114 Y112.174 E418.42317
G1 X114.061 Y112.786 E418.46571
G1 X113.317 Y113.43 E418.50007
G1 X112.685 Y114.228 E418.53562
G1 X112.34 Y114.779 E418.55833
G1 X111.968 Y115.638 E418.59102
G1 X111.743 Y116.645 E418.62705
G1 X111.681 Y117.5 E418.65699
M204 S1000
G0 F9000 X111.26 Y117.5
M204 S2000
;TYPE:WALL-OUTER
G1 F2640 X111.328 Y118.423 E418.68931
G1 X111.423 Y118.925 E418.70715
G1 X111.689 Y119.781 E418.73846
G1 X112.098 Y120.625 E418.77121
G1 X112.512 Y121.28 E418.79827
G1 X113.265 Y122.084 E418.83674
G1 X113.989 Y122.659 E418.86903
G1 X114.648 Y123.071 E418.89617
G1 X115.683 Y123.471 E418.93492
G1 X116.573 Y123.672 E418.96679
G1 X116.834 Y123.702 E418.97596
G1 X116.837 Y119.279 E419.13043
G1 X116.918 Y119.149 E419.13578
G1 X117.025 Y119.108 E419.13978
G1 X118.099 Y119.108 E419.17729
G1 X118.2 Y119.176 E419.18154
G1 X118.255 Y119.318 E419.18686
G1 X118.254 Y123.691 E419.33958
G1 X118.722 Y123.635 E419.35604
G1 X119.438 Y123.433 E419.38202
G1 X120.282 Y123.087 E419.41387
G1 X121.06 Y122.625 E419.44547
G1 X121.469 Y122.315 E419.4634
G1 X122.121 Y121.694 E419.49484
G1 X122.687 Y120.972 E419.52688
G1 X123.127 Y120.195 E419.55806
G1 X123.439 Y119.472 E419.58556
G1 X123.677 Y118.398 E419.62398
G1 X123.726 Y117.956 E419.63951
G1 X123.725 Y116.856 E419.67793
G1 X123.532 Y115.834 E419.71425
G1 X123.127 Y114.805 E419.75287
G1 X122.684 Y114.027 E419.78413
G1 X122.215 Y113.385 E419.8119
G1 X121.422 Y112.645 E419.84978
G1 X120.664 Y112.121 E419.88196
G1 X120.225 Y111.885 E419.89937
G1 X119.381 Y111.548 E419.93111
G1 X118.949 Y111.429 E419.94675
G1 X118.255 Y111.318 E419.9713
G1 X118.254 Y115.7 E420.12433
G1 X118.169 Y115.852 E420.13041
G1 X118.044 Y115.892 E420.135
G1 X117.025 Y115.892 E420.17058
G1 X116.918 Y115.851 E420.17459
G1 X116.839 Y115.731 E420.1796
G1 X116.834 Y111.299 E420.33438
G1 X116.578 Y111.327 E420.34338
G1 X115.681 Y111.532 E420.37551
G1 X114.938 Y111.791 E420.40299
G1 X113.816 Y112.442 E420.44829
G1 X113.012 Y113.138 E420.48543
G1 X112.341 Y113.986 E420.52319
G1 X111.967 Y114.583 E420.5478
G1 X111.567 Y115.508 E420.58299
G1 X111.326 Y116.584 E420.6215
G1 X111.26 Y117.5 E420.65357
M204 S1000
G0 F9000 X111.274 Y117.699
G0 X111.971 Y117.648
G0 X113.673 Y117.28
;TYPE:SKIN
G1 F2100 X113.796 Y116.502 E420.68108
G1 X114.092 Y115.743 E420.70953
G1 X114.519 Y115.088 E420.73684
G1 X114.816 Y114.761 E420.75226
G1 X115.418 Y114.283 E420.77911
G1 X115.802 Y114.065 E420.79453
G1 X116.078 Y113.962 E420.80482
G1 X116.083 Y115.752 E420.86733
G1 X116.157 Y116.058 E420.87832
G1 X116.335 Y116.339 E420.88994
G1 X116.694 Y116.583 E420.9051
G1 X116.961 Y116.646 E420.91468
G1 X118.053 Y116.648 E420.95282
G1 X118.378 Y116.588 E420.96436
G1 X118.642 Y116.437 E420.97498
G1 X118.89 Y116.147 E420.98831
G1 X119.007 Y115.774 E421.00196
G1 X119.011 Y113.997 E421.06402
G1 X119.286 Y114.106 E421.07435
G1 X119.95 Y114.549 E421.10222
G1 X120.499 Y115.112 E421.12969
G1 X120.926 Y115.778 E421.15731
G1 X121.209 Y116.52 E421.18505
G1 X121.328 Y117.3 E421.2126
G1 X121.288 Y118.087 E421.24012
G1 X121.084 Y118.859 E421.26801
G1 X120.732 Y119.563 E421.2955
G1 X120.239 Y120.183 E421.32316
G1 X119.632 Y120.687 E421.35071
G1 X119.01 Y121.015 E421.37527
G1 X119.004 Y119.213 E421.4382
G1 X118.891 Y118.857 E421.45125
G1 X118.746 Y118.656 E421.4599
G1 X118.374 Y118.412 E421.47544
G1 X118.053 Y118.352 E421.48684
G1 X116.961 Y118.354 E421.52498
G1 X116.695 Y118.417 E421.53453
G1 X116.328 Y118.67 E421.55009
G1 X116.176 Y118.896 E421.55961
G1 X116.078 Y119.182 E421.57016
G1 X116.078 Y121.039 E421.63502
G1 X115.805 Y120.936 E421.64521
G1 X115.415 Y120.715 E421.66086
G1 X114.817 Y120.239 E421.68755
G1 X114.519 Y119.911 E421.70303
G1 X114.091 Y119.256 E421.73035
G1 X113.796 Y118.497 E421.75879
G1 X113.674 Y117.717 E421.78636
G1 X113.673 Y117.28 E421.80163
G0 F9000 X115.584 Y120.336
G1 F2100 X114.197 Y118.949 E421.87013
G1 X114.123 Y118.875
G0 F9000 X113.947 Y118.105
G1 F2100 X115.867 Y120.025 E421.96495
G0 F9000 X115.585 Y120.336
G1 F2100 X115.867 Y120.619 E421.97891
G0 F9000 X115.867 Y119.431
G1 F2100 X113.882 Y117.446 E422.07694
G0 F9000 X113.943 Y116.913
G1 F2100 X115.949 Y118.919 E422.17602
G0 F9000 X116.164 Y118.54
G1 F2100 X114.05 Y116.426 E422.28042
G0 F9000 X114.216 Y115.998
G1 F2100 X116.509 Y118.291 E422.39367
G0 F9000 X116.955 Y118.143
G1 F2100 X114.426 Y115.614 E422.51858
G0 F9000 X114.662 Y115.256
G1 F2100 X117.548 Y118.142 E422.66111
G0 F9000 X118.158 Y118.158
G1 F2100 X116.827 Y116.827 E422.72685
G0 F9000 X117.45 Y116.856
G1 F2100 X120.327 Y119.733 E422.86894
G0 F9000 X120.058 Y120.058
G1 F2100 X119.21 Y119.21 E422.91082
G0 F9000 X119.213 Y119.807
G1 F2100 X119.732 Y120.326 E422.93646
G0 F9000 X119.388 Y120.576
G1 F2100 X119.218 Y120.406 E422.94485
G0 F9000 X120.58 Y119.392
G1 F2100 X118.045 Y116.857 E423.07005
G0 F9000 X118.525 Y116.744
G1 F2100 X120.778 Y118.996 E423.1813
G0 F9000 X120.942 Y118.566
G1 F2100 X118.865 Y116.489 E423.28388
G0 F9000 X119.102 Y116.132
G1 F2100 X121.065 Y118.096 E423.38086
G0 F9000 X121.104 Y117.54
G1 F2100 X119.216 Y115.652 E423.4741
G0 F9000 X119.218 Y115.061
G1 F2100 X121.053 Y116.896 E423.56473
G1 X121.127 Y116.97
G0 F9000 X120.805 Y116.053
G1 F2100 X119.491 Y114.74 E423.6296
G1 X119.491 Y114.739
G1 X119.219 Y114.467 E423.64304
G0 F9000 X118.482 Y116.12
G0 X116.606 Y116.12
G0 X116.31 Y114.611
G0 X115.867 Y114.679
G1 F2100 X115.606 Y114.418 E423.65593
G0 F9000 X115.266 Y114.672
G1 F2100 X115.867 Y115.273 E423.68561
G0 F9000 X115.912 Y115.912
G1 F2100 X114.938 Y114.938 E423.73371
G1 X114.864 Y114.864
;MESH:NONMESH
G0 F600 X114.864 Y114.864 Z12.4
G0 F9000 X113.159 Y120.627
;TIME_ELAPSED:486.601153
;LAYER:61
;TYPE:FILL
;MESH:Encoder_Knob.stl
G1 F4980 X114.628 Y121.44 E423.79235
G1 X115.127 Y122.316 E423.82756
G0 F9000 X116.206 Y118.48
G0 X118.882 Y116.52
G0 X120.112 Y114.253
G1 F4980 X120.504 Y113.85 E423.84719
G1 X121.052 Y113.496 E423.86997
G0 F9000 X118.882 Y116.52
G0 X111.989 Y117.728
G0 X111.709 Y117.739
M204 S2000
;TYPE:WALL-INNER
G1 F3780 X111.811 Y118.631 E423.90133
G1 X112.124 Y119.636 E423.93809
G1 X112.412 Y120.284 E423.96285
G1 X112.997 Y121.131 E423.9988
G1 X113.582 Y121.756 E424.0287
G1 X114.071 Y122.172 E424.05112
G1 X114.848 Y122.659 E424.08315
G1 X115.984 Y123.098 E424.12568
G1 X116.414 Y123.178 E424.14095
G1 X116.414 Y119.242 E424.27841
G1 X116.463 Y119.073 E424.28456
G1 X116.575 Y118.897 E424.29184
G1 X116.824 Y118.727 E424.30237
G1 X116.989 Y118.69 E424.30828
G1 X118.044 Y118.688 E424.34512
G1 X118.261 Y118.726 E424.35281
G1 X118.51 Y118.893 E424.36328
G1 X118.633 Y119.091 E424.37142
G1 X118.675 Y119.318 E424.37949
G1 X118.674 Y123.161 E424.5137
G1 X119.127 Y123.068 E424.52985
G1 X120.073 Y122.681 E424.56554
G1 X120.805 Y122.248 E424.59524
G1 X121.156 Y121.983 E424.6106
G1 X121.785 Y121.386 E424.64089
G1 X122.305 Y120.722 E424.67034
G1 X122.721 Y119.99 E424.69974
G1 X122.904 Y119.564 E424.71594
G1 X123.148 Y118.754 E424.74548
G1 X123.271 Y117.916 E424.77506
G1 X123.291 Y117.257 E424.79808
G1 X123.19 Y116.374 E424.82912
G1 X122.834 Y115.223 E424.8712
G1 X122.386 Y114.378 E424.9046
G1 X121.747 Y113.573 E424.94049
G1 X121.011 Y112.884 E424.9757
G1 X120.193 Y112.364 E425.00955
G1 X119.24 Y111.982 E425.04541
G1 X118.674 Y111.847 E425.06573
G1 X118.669 Y115.767 E425.20263
G1 X118.624 Y115.929 E425.2085
G1 X118.51 Y116.107 E425.21588
G1 X118.261 Y116.274 E425.22635
G1 X118.044 Y116.312 E425.23404
G1 X116.989 Y116.31 E425.27089
G1 X116.668 Y116.188 E425.28288
G1 X116.501 Y116.003 E425.29158
G1 X116.415 Y115.732 E425.30151
G1 X116.414 Y111.822 E425.43806
G1 X115.993 Y111.904 E425.45304
G1 X115.365 Y112.123 E425.47627
G1 X114.603 Y112.492 E425.50584
G1 X113.896 Y112.975 E425.53574
G1 X113.545 Y113.28 E425.55198
G1 X112.965 Y113.908 E425.58183
G1 X112.48 Y114.621 E425.61195
G1 X112.281 Y115.004 E425.62702
G1 X111.968 Y115.804 E425.65702
G1 X111.857 Y116.223 E425.67216
G1 X111.73 Y117.08 E425.70242
G1 X111.709 Y117.739 E425.72544
M204 S1000
G0 F9000 X111.288 Y117.756
M204 S2000
;TYPE:WALL-OUTER
G1 F2640 X111.398 Y118.718 E425.75926
G1 X111.73 Y119.784 E425.79825
G1 X112.044 Y120.49 E425.82523
G1 X112.669 Y121.395 E425.86364
G1 X113.292 Y122.06 E425.89547
G1 X113.822 Y122.512 E425.91979
G1 X114.659 Y123.036 E425.95428
G1 X115.869 Y123.504 E425.99959
G1 X116.834 Y123.683 E426.03386
G1 X116.836 Y119.283 E426.18752
G1 X116.918 Y119.149 E426.19301
G1 X117.025 Y119.108 E426.19701
G1 X118.099 Y119.108 E426.23452
G1 X118.255 Y119.265 E426.24225
G1 X118.254 Y123.675 E426.39626
G1 X119.249 Y123.472 E426.43172
G1 X120.26 Y123.059 E426.46986
G1 X121.039 Y122.598 E426.50148
G1 X121.428 Y122.304 E426.5185
G1 X122.097 Y121.669 E426.55072
G1 X122.655 Y120.956 E426.58234
G1 X123.097 Y120.178 E426.61358
G1 X123.3 Y119.708 E426.63146
G1 X123.559 Y118.846 E426.6629
G1 X123.69 Y117.953 E426.69442
G1 X123.712 Y117.239 E426.71936
G1 X123.603 Y116.287 E426.75283
G1 X123.224 Y115.061 E426.79764
G1 X122.739 Y114.147 E426.83378
G1 X122.057 Y113.287 E426.87211
G1 X121.269 Y112.55 E426.90979
G1 X120.386 Y111.988 E426.94634
G1 X119.374 Y111.583 E426.98441
G1 X118.942 Y111.464 E427.00006
G1 X118.254 Y111.353 E427.0244
G1 X118.253 Y115.711 E427.17659
G1 X118.2 Y115.824 E427.18095
G1 X118.099 Y115.892 E427.1852
G1 X117.025 Y115.892 E427.22271
G1 X116.918 Y115.851 E427.22671
G1 X116.834 Y115.699 E427.23278
G1 X116.834 Y111.311 E427.38602
G1 X115.883 Y111.498 E427.41987
G1 X115.204 Y111.734 E427.44497
G1 X114.392 Y112.128 E427.47649
G1 X113.64 Y112.642 E427.5083
G1 X113.252 Y112.978 E427.52623
G1 X112.635 Y113.646 E427.55799
G1 X112.119 Y114.405 E427.59004
G1 X111.898 Y114.83 E427.60677
G1 X111.568 Y115.673 E427.63838
G1 X111.445 Y116.138 E427.65518
G1 X111.311 Y117.042 E427.6871
G1 X111.288 Y117.756 E427.71204
M204 S1000
G0 F9000 X111.31 Y117.954
G0 X112.007 Y117.876
G0 X113.673 Y117.28
;TYPE:SKIN
G1 F2100 X113.796 Y116.502 E427.73955
G1 X114.092 Y115.743 E427.768
G1 X114.519 Y115.088 E427.79531
G1 X114.816 Y114.761 E427.81074
G1 X115.418 Y114.283 E427.83758
G1 X115.812 Y114.059 E427.85341
G1 X116.079 Y113.957 E427.86339
G1 X116.08 Y115.773 E427.92681
G1 X116.214 Y116.176 E427.94164
G1 X116.458 Y116.451 E427.95448
G1 X116.734 Y116.595 E427.96535
G1 X116.981 Y116.647 E427.97417
G1 X118.073 Y116.646 E428.0123
G1 X118.381 Y116.587 E428.02326
G1 X118.744 Y116.345 E428.03849
G1 X118.916 Y116.091 E428.04921
G1 X119.01 Y115.792 E428.06015
G1 X119.011 Y113.997 E428.12284
G1 X119.288 Y114.106 E428.13323
G1 X119.949 Y114.549 E428.16102
G1 X120.499 Y115.112 E428.18851
G1 X120.926 Y115.78 E428.2162
G1 X121.209 Y116.52 E428.24387
G1 X121.328 Y117.3 E428.27142
G1 X121.288 Y118.087 E428.29894
G1 X121.084 Y118.859 E428.32683
G1 X120.732 Y119.562 E428.35428
G1 X120.238 Y120.186 E428.38208
G1 X119.631 Y120.686 E428.40954
G1 X119.01 Y121.015 E428.43408
G1 X119.012 Y119.331 E428.4929
G1 X118.939 Y118.95 E428.50644
G1 X118.745 Y118.655 E428.51877
G1 X118.383 Y118.413 E428.53398
G1 X118.073 Y118.354 E428.545
G1 X116.981 Y118.353 E428.58314
G1 X116.684 Y118.423 E428.59379
G1 X116.336 Y118.661 E428.60852
G1 X116.145 Y118.967 E428.62111
G1 X116.078 Y119.23 E428.63059
G1 X116.078 Y121.039 E428.69377
G1 X115.805 Y120.936 E428.70396
G1 X115.415 Y120.715 E428.71961
G1 X114.816 Y120.238 E428.74635
G1 X114.519 Y119.911 E428.76178
G1 X114.092 Y119.256 E428.78909
G1 X113.796 Y118.498 E428.81751
G1 X113.673 Y117.717 E428.84512
G1 X113.673 Y117.28 E428.86038
G0 F9000 X115.729 Y114.73
G1 F2100 X114.061 Y116.398 E428.94276
G0 F9000 X113.906 Y117.147
G1 F2100 X115.869 Y115.184 E429.03971
G0 F9000 X115.73 Y114.73
G1 F2100 X115.869 Y114.59 E429.0466
G0 F9000 X115.878 Y115.769
G1 F2100 X113.892 Y117.755 E429.14469
G0 F9000 X113.973 Y118.268
G1 F2100 X116.015 Y116.226 E429.24554
G0 F9000 X116.277 Y116.558
G1 F2100 X114.111 Y118.724 E429.35251
G0 F9000 X114.278 Y119.151
G1 F2100 X116.649 Y116.78 E429.46961
G0 F9000 X117.166 Y116.857
G1 F2100 X114.511 Y119.512 E429.60074
G0 F9000 X114.758 Y119.859
G1 F2100 X117.763 Y116.854 E429.74916
G0 F9000 X118.424 Y116.787
G1 F2100 X117.069 Y118.142 E429.81608
G0 F9000 X117.661 Y118.144
G1 F2100 X120.422 Y115.383 E429.95244
G0 F9000 X120.152 Y115.059
G1 F2100 X119.126 Y116.085 E430.00311
G0 F9000 X119.218 Y115.399
G1 F2100 X119.859 Y114.758 E430.03477
G0 F9000 X119.513 Y114.51
G1 F2100 X119.218 Y114.805 E430.04934
G0 F9000 X120.653 Y115.746
G1 F2100 X118.228 Y118.171 E430.16911
G0 F9000 X118.65 Y118.343
G1 F2100 X120.842 Y116.151 E430.27737
G0 F9000 X121.005 Y116.582
G1 F2100 X118.967 Y118.62 E430.37802
G0 F9000 X119.16 Y119.02
G1 F2100 X121.083 Y117.098 E430.47297
G0 F9000 X121.096 Y117.678
G1 F2100 X119.222 Y119.553 E430.56555
G0 F9000 X119.237 Y120.132
G1 F2100 X120.992 Y118.377 E430.65223
G1 X121.066 Y118.303
G0 F9000 X120.589 Y119.374
G1 F2100 X119.639 Y120.324 E430.69915
G1 X119.638 Y120.324
G1 X119.386 Y120.577 E430.71162
G0 F9000 X118.882 Y118.48
G0 X116.206 Y118.48
G0 X115.867 Y120.532
G1 F2100 X115.741 Y120.658 E430.71784
G0 F9000 X115.384 Y120.42
G1 F2100 X115.867 Y119.938 E430.74167
G0 F9000 X115.867 Y119.344
G1 F2100 X115.054 Y120.157 E430.78183
G1 X114.98 Y120.231
;MESH:NONMESH
G0 F600 X114.98 Y120.231 Z12.6
G0 F9000 X112.982 Y120.307
;TIME_ELAPSED:495.062491
;LAYER:62
;TYPE:FILL
;MESH:Encoder_Knob.stl
G1 F4980 X115.582 Y121.44 E430.88087
G1 X115.801 Y122.538 E430.91997
G0 F9000 X116.206 Y118.48
G0 X117.76 Y118.472
G0 X120.137 Y114.27
G1 F4980 X120.579 Y113.85 E430.94127
G1 X121.093 Y113.557 E430.96193
G0 F9000 X118.882 Y116.52
G0 X112.029 Y117.526
G0 X111.75 Y117.54
M204 S2000
;TYPE:WALL-INNER
G1 F3780 X111.817 Y118.384 E430.9915
G1 X111.892 Y118.777 E431.00547
G1 X112.156 Y119.622 E431.03639
G1 X112.438 Y120.257 E431.06065
G1 X113.017 Y121.1 E431.09637
G1 X113.609 Y121.734 E431.12666
G1 X114.142 Y122.186 E431.15106
G1 X115.026 Y122.689 E431.18658
G1 X115.832 Y123.004 E431.21681
G1 X116.414 Y123.137 E431.23766
G1 X116.414 Y119.238 E431.37382
G1 X116.469 Y119.059 E431.38036
G1 X116.576 Y118.895 E431.3872
G1 X116.826 Y118.726 E431.39774
G1 X116.989 Y118.69 E431.40357
G1 X118.044 Y118.688 E431.44041
G1 X118.259 Y118.725 E431.44803
G1 X118.414 Y118.807 E431.45415
G1 X118.6 Y119.02 E431.46403
G1 X118.672 Y119.264 E431.47291
G1 X118.675 Y123.136 E431.60814
G1 X119.262 Y122.974 E431.6294
G1 X120.223 Y122.583 E431.66564
G1 X121.016 Y122.066 E431.6987
G1 X121.748 Y121.375 E431.73385
G1 X122.383 Y120.566 E431.76977
G1 X122.701 Y119.952 E431.79391
G1 X123.006 Y119.163 E431.82346
G1 X123.228 Y118.165 E431.85916
G1 X123.259 Y117.214 E431.89239
G1 X123.104 Y116.219 E431.92756
G1 X122.849 Y115.387 E431.95795
G1 X122.599 Y114.817 E431.97969
G1 X122.123 Y114.056 E432.01103
G1 X121.309 Y113.172 E432.053
G1 X120.594 Y112.639 E432.08414
G1 X120.033 Y112.337 E432.10639
G1 X119.075 Y111.954 E432.14243
G1 X118.675 Y111.875 E432.15666
G1 X118.674 Y115.756 E432.2922
G1 X118.563 Y116.041 E432.30288
G1 X118.414 Y116.193 E432.31032
G1 X118.259 Y116.275 E432.31644
G1 X118.044 Y116.312 E432.32406
G1 X116.989 Y116.31 E432.3609
G1 X116.67 Y116.19 E432.3728
G1 X116.486 Y115.976 E432.38266
G1 X116.415 Y115.73 E432.3916
G1 X116.414 Y111.857 E432.52686
G1 X115.947 Y111.949 E432.54348
G1 X115.006 Y112.319 E432.57879
G1 X114.238 Y112.764 E432.60979
G1 X113.749 Y113.127 E432.63106
G1 X113.276 Y113.6 E432.65442
G1 X112.628 Y114.412 E432.6907
G1 X112.319 Y115.006 E432.71409
G1 X112 Y115.827 E432.74485
G1 X111.772 Y116.826 E432.78063
G1 X111.75 Y117.54 E432.80558
M204 S1000
G0 F9000 X111.33 Y117.55
M204 S2000
;TYPE:WALL-OUTER
G1 F2640 X111.4 Y118.44 E432.83676
G1 X111.484 Y118.879 E432.85237
G1 X111.762 Y119.77 E432.88496
G1 X112.07 Y120.463 E432.91145
G1 X112.689 Y121.364 E432.94962
G1 X113.319 Y122.038 E432.98184
G1 X113.9 Y122.532 E433.00847
G1 X114.844 Y123.069 E433.0464
G1 X115.703 Y123.404 E433.0786
G1 X116.178 Y123.527 E433.09574
G1 X116.834 Y123.623 E433.11889
G1 X116.836 Y119.282 E433.27049
G1 X116.919 Y119.148 E433.276
G1 X117.025 Y119.108 E433.27995
G1 X118.044 Y119.108 E433.31554
G1 X118.168 Y119.147 E433.32008
G1 X118.254 Y119.3 E433.32621
G1 X118.255 Y123.618 E433.47701
G1 X118.726 Y123.558 E433.49359
G1 X119.398 Y123.372 E433.51794
G1 X120.419 Y122.957 E433.55643
G1 X121.277 Y122.398 E433.59219
G1 X122.059 Y121.659 E433.62977
G1 X122.738 Y120.794 E433.66817
G1 X123.085 Y120.124 E433.69452
G1 X123.409 Y119.285 E433.72593
G1 X123.646 Y118.218 E433.7641
G1 X123.68 Y117.188 E433.80009
G1 X123.514 Y116.125 E433.83767
G1 X123.243 Y115.241 E433.86996
G1 X122.971 Y114.62 E433.89363
G1 X122.459 Y113.8 E433.92739
G1 X121.591 Y112.858 E433.97213
G1 X120.82 Y112.284 E434.0057
G1 X120.211 Y111.956 E434.02985
G1 X119.195 Y111.549 E434.06808
G1 X118.254 Y111.364 E434.10157
G1 X118.252 Y115.717 E434.25359
G1 X118.217 Y115.802 E434.2568
G1 X118.1 Y115.892 E434.26195
G1 X117.025 Y115.892 E434.2995
G1 X116.919 Y115.852 E434.30345
G1 X116.834 Y115.698 E434.3096
G1 X116.834 Y111.347 E434.46155
G1 X115.829 Y111.544 E434.49731
G1 X114.823 Y111.94 E434.53507
G1 X114.007 Y112.412 E434.56799
G1 X113.474 Y112.808 E434.59118
G1 X112.962 Y113.32 E434.61647
G1 X112.274 Y114.182 E434.65498
G1 X111.935 Y114.832 E434.68058
G1 X111.597 Y115.704 E434.71325
G1 X111.354 Y116.772 E434.7515
G1 X111.33 Y117.55 E434.77868
M204 S1000
G0 F9000 X111.345 Y117.749
G0 X112.043 Y117.695
G0 X113.673 Y117.28
;TYPE:SKIN
G1 F2100 X113.797 Y116.502 E434.80619
G1 X114.092 Y115.743 E434.83463
G1 X114.519 Y115.088 E434.86194
G1 X114.816 Y114.761 E434.87736
G1 X115.418 Y114.283 E434.90421
G1 X115.812 Y114.059 E434.92004
G1 X116.079 Y113.957 E434.93002
G1 X116.08 Y115.766 E434.9932
G1 X116.197 Y116.145 E435.00705
G1 X116.465 Y116.456 E435.02138
G1 X116.682 Y116.576 E435.03004
G1 X116.98 Y116.647 E435.04074
G1 X118.073 Y116.646 E435.07891
G1 X118.34 Y116.6 E435.08838
G1 X118.616 Y116.462 E435.09915
G1 X118.846 Y116.217 E435.11089
G1 X119.01 Y115.809 E435.12624
G1 X119.011 Y113.997 E435.18953
G1 X119.288 Y114.106 E435.19992
G1 X119.949 Y114.549 E435.22771
G1 X120.499 Y115.112 E435.2552
G1 X120.925 Y115.778 E435.28281
G1 X121.209 Y116.52 E435.31055
G1 X121.328 Y117.3 E435.33811
G1 X121.288 Y118.087 E435.36563
G1 X121.084 Y118.859 E435.39351
G1 X120.732 Y119.563 E435.421
G1 X120.239 Y120.183 E435.44867
G1 X119.632 Y120.687 E435.47622
G1 X119.01 Y121.015 E435.50078
G1 X119.004 Y119.223 E435.56336
G1 X118.905 Y118.881 E435.57579
G1 X118.615 Y118.541 E435.5914
G1 X118.404 Y118.423 E435.59984
G1 X118.073 Y118.354 E435.61165
G1 X116.98 Y118.353 E435.64982
G1 X116.688 Y118.423 E435.66031
G1 X116.337 Y118.661 E435.67512
G1 X116.176 Y118.896 E435.68507
G1 X116.078 Y119.19 E435.69589
G1 X116.078 Y121.039 E435.76046
G1 X115.805 Y120.936 E435.77065
G1 X115.415 Y120.715 E435.78631
G1 X114.817 Y120.239 E435.813
G1 X114.519 Y119.911 E435.82848
G1 X114.092 Y119.256 E435.85578
G1 X113.796 Y118.497 E435.88423
G1 X113.674 Y117.717 E435.9118
G1 X113.673 Y117.28 E435.92706
G0 F9000 X115.584 Y120.336
G1 F2100 X114.199 Y118.95 E435.99549
G1 X114.125 Y118.876
G0 F9000 X113.947 Y118.105
G1 F2100 X115.867 Y120.025 E436.09032
G0 F9000 X115.585 Y120.336
G1 F2100 X115.867 Y120.619 E436.10427
G0 F9000 X115.867 Y119.431
G1 F2100 X113.883 Y117.446 E436.20228
G0 F9000 X113.943 Y116.913
G1 F2100 X115.949 Y118.919 E436.30136
G0 F9000 X116.164 Y118.54
G1 F2100 X114.051 Y116.427 E436.40572
G0 F9000 X114.217 Y115.999
G1 F2100 X116.509 Y118.291 E436.51892
G0 F9000 X116.958 Y118.146
G1 F2100 X114.426 Y115.614 E436.64397
G0 F9000 X114.66 Y115.254
G1 F2100 X117.55 Y118.144 E436.7867
G0 F9000 X118.156 Y118.156
G1 F2100 X116.827 Y116.827 E436.85234
G0 F9000 X117.449 Y116.855
G1 F2100 X120.327 Y119.733 E436.99448
G0 F9000 X120.058 Y120.058
G1 F2100 X119.218 Y119.218 E437.03597
G0 F9000 X119.218 Y119.812
G1 F2100 X119.732 Y120.326 E437.06135
G0 F9000 X119.388 Y120.576
G1 F2100 X119.218 Y120.406 E437.06975
G0 F9000 X120.58 Y119.392
G1 F2100 X118.041 Y116.853 E437.19515
G0 F9000 X118.53 Y116.748
G1 F2100 X120.778 Y118.996 E437.30617
G0 F9000 X120.942 Y118.566
G1 F2100 X118.868 Y116.493 E437.40858
G0 F9000 X119.095 Y116.125
G1 F2100 X121.065 Y118.096 E437.5059
G0 F9000 X121.104 Y117.54
G1 F2100 X119.218 Y115.655 E437.59902
G0 F9000 X119.218 Y115.061
G1 F2100 X121.053 Y116.896 E437.68965
G1 X121.127 Y116.97
G0 F9000 X120.804 Y116.052
G1 F2100 X119.492 Y114.74 E437.75445
G1 X119.491 Y114.74
G1 X119.218 Y114.467 E437.76793
G0 F9000 X118.882 Y116.52
G0 X116.206 Y116.52
G0 X115.869 Y114.681
G1 F2100 X115.606 Y114.418 E437.78092
G0 F9000 X115.266 Y114.672
G1 F2100 X115.869 Y115.275 E437.8107
G0 F9000 X115.901 Y115.901
G1 F2100 X114.938 Y114.938 E437.85827
G1 X114.864 Y114.864
;MESH:NONMESH
G0 F600 X114.864 Y114.864 Z12.8
G0 F9000 X112.882 Y120.073
;TIME_ELAPSED:503.651844
;LAYER:63
;TYPE:FILL
;MESH:Encoder_Knob.stl
G1 F4980 X113.85 Y120.398 E437.89393
G1 X114.671 Y120.553 E437.9231
G0 F9000 X116.206 Y118.48
G0 X118.882 Y116.52
G0 X120.119 Y114.258
G1 F4980 X120.175 Y114.201 E437.92589
G1 X121.072 Y113.612 E437.96337
G0 F9000 X118.882 Y116.52
G0 X112.066 Y117.499
G0 X111.787 Y117.5
M204 S2000
;TYPE:WALL-INNER
G1 F3780 X111.854 Y118.389 E437.9945
G1 X111.925 Y118.765 E438.00787
G1 X112.186 Y119.603 E438.03852
G1 X112.561 Y120.374 E438.06846
G1 X113.047 Y121.085 E438.09854
G1 X113.309 Y121.386 E438.11247
G1 X113.956 Y121.982 E438.1432
G1 X114.678 Y122.472 E438.17367
G1 X115.02 Y122.649 E438.18712
G1 X115.837 Y122.967 E438.21773
G1 X116.414 Y123.101 E438.23842
G1 X116.414 Y119.237 E438.37336
G1 X116.523 Y118.962 E438.3837
G1 X116.672 Y118.809 E438.39115
G1 X116.989 Y118.69 E438.40298
G1 X118.044 Y118.688 E438.43982
G1 X118.257 Y118.724 E438.44737
G1 X118.412 Y118.806 E438.45349
G1 X118.588 Y118.999 E438.46261
G1 X118.674 Y119.223 E438.47099
G1 X118.674 Y123.081 E438.60573
G1 X119.249 Y122.94 E438.6264
G1 X120.046 Y122.618 E438.65642
G1 X120.397 Y122.427 E438.67038
G1 X121.106 Y121.934 E438.70053
G1 X121.716 Y121.356 E438.72988
G1 X122.253 Y120.676 E438.76014
G1 X122.454 Y120.351 E438.77349
G1 X122.83 Y119.557 E438.80417
G1 X123.077 Y118.747 E438.83374
G1 X123.2 Y117.925 E438.86277
G1 X123.198 Y117.058 E438.89305
G1 X123.073 Y116.234 E438.92215
G1 X122.815 Y115.397 E438.95274
G1 X122.654 Y115.031 E438.9667
G1 X122.226 Y114.286 E438.99671
G1 X121.709 Y113.635 E439.02574
G1 X121.099 Y113.06 E439.05502
G1 X120.38 Y112.565 E439.0855
G1 X119.626 Y112.196 E439.11482
G1 X118.676 Y111.893 E439.14964
G1 X118.671 Y115.752 E439.28441
G1 X118.632 Y115.911 E439.29013
G1 X118.506 Y116.111 E439.29838
G1 X118.257 Y116.276 E439.30882
G1 X118.044 Y116.312 E439.31636
G1 X116.989 Y116.31 E439.3532
G1 X116.827 Y116.274 E439.359
G1 X116.578 Y116.107 E439.36947
G1 X116.475 Y115.955 E439.37588
G1 X116.416 Y115.745 E439.3835
G1 X116.414 Y111.881 E439.51844
G1 X115.824 Y112.037 E439.53976
G1 X115.014 Y112.354 E439.57013
G1 X114.281 Y112.777 E439.59969
G1 X113.93 Y113.038 E439.61496
G1 X113.307 Y113.617 E439.64467
G1 X112.775 Y114.283 E439.67443
G1 X112.348 Y115.031 E439.70451
G1 X112.035 Y115.829 E439.73445
G1 X111.849 Y116.649 E439.76381
G1 X111.787 Y117.5 E439.79361
M204 S1000
G0 F9000 X111.366 Y117.5
M204 S2000
;TYPE:WALL-OUTER
G1 F2640 X111.437 Y118.443 E439.82664
G1 X111.517 Y118.867 E439.84171
G1 X111.794 Y119.758 E439.87429
G1 X112.197 Y120.586 E439.90645
G1 X112.714 Y121.342 E439.93844
G1 X113.007 Y121.679 E439.95403
G1 X113.694 Y122.312 E439.98666
G1 X114.462 Y122.833 E440.01907
G1 X114.846 Y123.033 E440.03419
G1 X115.707 Y123.367 E440.06644
G1 X116.178 Y123.49 E440.08344
G1 X116.834 Y123.587 E440.1066
G1 X116.837 Y119.278 E440.25708
G1 X116.888 Y119.176 E440.26106
G1 X116.989 Y119.108 E440.26532
G1 X118.044 Y119.108 E440.30216
G1 X118.167 Y119.147 E440.30667
G1 X118.251 Y119.276 E440.31204
G1 X118.254 Y123.584 E440.46249
G1 X118.511 Y123.553 E440.47153
G1 X119.378 Y123.341 E440.5027
G1 X120.225 Y122.998 E440.53462
G1 X120.618 Y122.785 E440.55023
G1 X121.372 Y122.26 E440.58231
G1 X122.027 Y121.64 E440.61381
G1 X122.597 Y120.918 E440.64594
G1 X122.824 Y120.552 E440.66098
G1 X123.223 Y119.709 E440.69355
G1 X123.488 Y118.839 E440.72531
G1 X123.62 Y117.955 E440.75652
G1 X123.618 Y117.026 E440.78897
G1 X123.483 Y116.14 E440.82027
G1 X123.209 Y115.251 E440.85275
G1 X123.03 Y114.841 E440.86838
G1 X122.574 Y114.05 E440.90026
G1 X122.019 Y113.35 E440.93146
G1 X121.363 Y112.732 E440.96293
G1 X120.593 Y112.201 E440.9956
G1 X119.783 Y111.805 E441.02709
G1 X118.93 Y111.533 E441.05835
G1 X118.255 Y111.425 E441.08223
G1 X118.253 Y115.706 E441.23173
G1 X118.217 Y115.803 E441.23535
G1 X118.099 Y115.892 E441.24051
G1 X116.989 Y115.892 E441.27927
G1 X116.888 Y115.824 E441.28353
G1 X116.834 Y115.703 E441.28815
G1 X116.834 Y111.405 E441.43825
G1 X116.383 Y111.455 E441.4541
G1 X115.694 Y111.637 E441.47899
G1 X114.832 Y111.974 E441.51131
G1 X114.05 Y112.425 E441.54284
G1 X113.661 Y112.714 E441.55976
G1 X112.998 Y113.331 E441.59139
G1 X112.427 Y114.047 E441.62337
G1 X111.968 Y114.849 E441.65564
G1 X111.633 Y115.705 E441.68774
G1 X111.433 Y116.587 E441.71933
G1 X111.366 Y117.5 E441.7513
M204 S1000
G0 F9000 X111.381 Y117.699
G0 X112.077 Y117.648
G0 X113.673 Y117.28
;TYPE:SKIN
G1 F2100 X113.797 Y116.502 E441.77881
G1 X114.092 Y115.743 E441.80725
G1 X114.519 Y115.088 E441.83456
G1 X114.816 Y114.761 E441.84998
G1 X115.423 Y114.278 E441.87707
G1 X115.803 Y114.063 E441.89232
G1 X116.078 Y113.959 E441.90259
G1 X116.081 Y115.755 E441.96531
G1 X116.159 Y116.067 E441.97654
G1 X116.333 Y116.334 E441.98767
G1 X116.691 Y116.579 E442.00282
G1 X116.979 Y116.647 E442.01316
G1 X118.074 Y116.646 E442.0514
G1 X118.395 Y116.581 E442.06284
G1 X118.739 Y116.352 E442.07727
G1 X118.93 Y116.062 E442.08939
G1 X119.006 Y115.768 E442.1
G1 X119.01 Y113.996 E442.16188
G1 X119.286 Y114.106 E442.17226
G1 X119.95 Y114.549 E442.20014
G1 X120.499 Y115.112 E442.2276
G1 X120.926 Y115.778 E442.25523
G1 X121.209 Y116.52 E442.28296
G1 X121.328 Y117.3 E442.31052
G1 X121.288 Y118.087 E442.33804
G1 X121.084 Y118.859 E442.36592
G1 X120.732 Y119.562 E442.39338
G1 X120.238 Y120.186 E442.42117
G1 X119.632 Y120.686 E442.44861
G1 X119.011 Y121.014 E442.47314
G1 X119.009 Y119.177 E442.53729
G1 X118.855 Y118.798 E442.55158
G1 X118.578 Y118.514 E442.56543
G1 X118.338 Y118.4 E442.57471
G1 X118.074 Y118.354 E442.58407
G1 X116.979 Y118.353 E442.62231
G1 X116.686 Y118.421 E442.63282
G1 X116.466 Y118.544 E442.64162
G1 X116.238 Y118.79 E442.65333
G1 X116.078 Y119.223 E442.66945
G1 X116.078 Y121.039 E442.73287
G1 X115.805 Y120.936 E442.74306
G1 X115.415 Y120.715 E442.75872
G1 X114.816 Y120.238 E442.78546
G1 X114.519 Y119.911 E442.80089
G1 X114.091 Y119.256 E442.82821
G1 X113.796 Y118.498 E442.85662
G1 X113.673 Y117.717 E442.88423
G1 X113.673 Y117.28 E442.89949
G0 F9000 X115.729 Y114.73
G1 F2100 X114.063 Y116.396 E442.98177
G0 F9000 X113.906 Y117.147
G1 F2100 X115.869 Y115.184 E443.07872
G0 F9000 X115.73 Y114.73
G1 F2100 X115.868 Y114.591 E443.08556
G0 F9000 X115.875 Y115.773
G1 F2100 X113.892 Y117.755 E443.18347
G0 F9000 X113.973 Y118.268
G1 F2100 X116.02 Y116.221 E443.28457
G0 F9000 X116.283 Y116.553
G1 F2100 X114.11 Y118.725 E443.39187
G0 F9000 X114.277 Y119.152
G1 F2100 X116.652 Y116.777 E443.50917
G0 F9000 X117.168 Y116.855
G1 F2100 X114.51 Y119.513 E443.64044
G0 F9000 X114.757 Y119.86
G1 F2100 X117.764 Y116.853 E443.78896
G0 F9000 X118.431 Y116.78
G1 F2100 X117.069 Y118.142 E443.85622
G0 F9000 X117.661 Y118.144
G1 F2100 X120.422 Y115.383 E443.99259
G0 F9000 X120.152 Y115.059
G1 F2100 X119.131 Y116.08 E444.04301
G0 F9000 X119.216 Y115.401
G1 F2100 X119.858 Y114.759 E444.07472
G0 F9000 X119.513 Y114.51
G1 F2100 X119.217 Y114.806 E444.08934
G0 F9000 X120.654 Y115.745
G1 F2100 X118.227 Y118.172 E444.20921
G0 F9000 X118.664 Y118.329
G1 F2100 X120.842 Y116.151 E444.31677
G0 F9000 X121.005 Y116.582
G1 F2100 X118.958 Y118.629 E444.41787
G0 F9000 X119.169 Y119.012
G1 F2100 X121.083 Y117.098 E444.5124
G0 F9000 X121.097 Y117.678
G1 F2100 X119.218 Y119.556 E444.60518
G0 F9000 X119.234 Y120.135
G1 F2100 X120.992 Y118.377 E444.69201
G1 X121.066 Y118.303
G0 F9000 X120.589 Y119.374
G1 F2100 X119.638 Y120.325 E444.73897
G1 X119.637 Y120.326
G1 X119.385 Y120.577 E444.7514
G0 F9000 X118.882 Y118.48
G0 X116.206 Y118.48
G0 X115.867 Y120.532
G1 F2100 X115.741 Y120.658 E444.75762
G0 F9000 X115.384 Y120.42
G1 F2100 X115.867 Y119.938 E444.78145
G0 F9000 X115.867 Y119.344
G1 F2100 X115.054 Y120.157 E444.8216
G1 X114.98 Y120.231
;MESH:NONMESH
G0 F600 X114.98 Y120.231 Z13
G0 F9000 X113.928 Y120.154
;TIME_ELAPSED:511.920984
;LAYER:64
;MESH:Encoder_Knob.stl
G0 X114.057 Y120.389
;TYPE:FILL
G1 F2780 X113.928 Y120.154 E444.83096
G1 X115.115 Y120.198 E444.87245
G1 X115.997 Y119.63 E444.90908
G1 X115.995 Y121.644 E444.97942
G1 X114.896 Y121.272 E445.01994
G1 X114.637 Y121.893 E445.04344
G1 X114.231 Y121.619 E445.06054
G1 X113.652 Y121.082 E445.08812
G1 X113.396 Y120.762 E445.10243
G1 X114.057 Y120.389 E445.12894
G0 F9000 X118.004 Y116.732
G1 F2780 X117.645 Y117.258 E445.15118
G1 X117.043 Y118.27 E445.1923
G1 X118.061 Y118.268 E445.22785
G1 X118.406 Y118.326 E445.24007
G1 X118.807 Y118.591 E445.25686
G1 X118.992 Y118.856 E445.26814
G1 X119.092 Y119.216 E445.28119
G1 X119.093 Y121.61 E445.3648
G1 X119.374 Y121.504 E445.37529
G1 X120.361 Y120.974 E445.41441
G1 X120.726 Y121.636 E445.44081
G1 X121.103 Y121.331 E445.45775
G1 X121.653 Y120.72 E445.48645
G1 X121.052 Y120.439 E445.50962
G1 X121.772 Y118.707 E445.57513
G1 X121.909 Y117.848 E445.60551
G1 X121.907 Y117.166 E445.62933
G1 X121.793 Y116.436 E445.65513
G1 X121.674 Y116.037 E445.66967
G1 X121.385 Y115.39 E445.69442
G1 X120.811 Y114.507 E445.7312
G1 X120.334 Y114.124 E445.75256
G1 X120.175 Y114.22 E445.75905
G1 X119.091 Y115.236 E445.81093
G0 F9000 X118.882 Y116.52
G0 X112.101 Y117.499
G0 X111.822 Y117.5
M204 S2000
;TYPE:WALL-INNER
G1 F2496.7 X111.885 Y118.348 E445.84063
G1 X112.076 Y119.185 E445.87061
G1 X112.384 Y119.966 E445.89993
G1 X112.816 Y120.71 E445.92997
G1 X113.345 Y121.371 E445.95954
G1 X113.969 Y121.949 E445.98925
G1 X114.663 Y122.417 E446.01848
G1 X115.44 Y122.791 E446.04859
G1 X116.414 Y123.09 E446.08418
G1 X116.417 Y119.254 E446.21814
G1 X116.476 Y119.043 E446.22579
G1 X116.579 Y118.891 E446.2322
G1 X116.829 Y118.725 E446.24268
G1 X116.989 Y118.69 E446.2484
G1 X118.044 Y118.688 E446.28525
G1 X118.256 Y118.724 E446.29276
G1 X118.505 Y118.887 E446.30315
G1 X118.61 Y119.04 E446.30963
G1 X118.672 Y119.263 E446.31771
G1 X118.674 Y123.044 E446.44976
G1 X119.229 Y122.91 E446.4697
G1 X120.013 Y122.593 E446.49923
G1 X120.743 Y122.162 E446.52884
G1 X121.394 Y121.636 E446.55807
G1 X121.96 Y121.016 E446.58738
G1 X122.431 Y120.314 E446.61691
G1 X122.625 Y119.948 E446.63137
G1 X122.931 Y119.157 E446.66099
G1 X123.117 Y118.342 E446.69019
G1 X123.18 Y117.482 E446.7203
G1 X123.164 Y117.079 E446.73439
G1 X123.037 Y116.226 E446.7645
G1 X122.941 Y115.865 E446.77755
G1 X122.618 Y115.042 E446.80843
G1 X122.199 Y114.309 E446.83791
G1 X121.971 Y113.998 E446.85138
G1 X121.374 Y113.347 E446.88223
G1 X121.074 Y113.087 E446.89609
G1 X120.381 Y112.605 E446.92557
G1 X119.608 Y112.225 E446.95565
G1 X119.249 Y112.096 E446.96897
G1 X118.675 Y111.96 E446.98957
G1 X118.671 Y115.743 E447.12169
G1 X118.636 Y115.9 E447.12731
G1 X118.505 Y116.113 E447.13604
G1 X118.256 Y116.276 E447.14643
G1 X118.044 Y116.312 E447.15394
G1 X116.989 Y116.31 E447.19079
G1 X116.829 Y116.275 E447.19651
G1 X116.579 Y116.109 E447.20699
G1 X116.414 Y115.776 E447.21996
G1 X116.414 Y111.94 E447.35393
G1 X115.831 Y112.072 E447.37481
G1 X115.036 Y112.382 E447.40461
G1 X114.301 Y112.807 E447.43426
G1 X113.962 Y113.055 E447.44892
G1 X113.333 Y113.641 E447.47895
G1 X113.064 Y113.955 E447.49339
G1 X112.585 Y114.652 E447.52292
G1 X112.207 Y115.44 E447.55344
G1 X112.075 Y115.818 E447.56743
G1 X111.884 Y116.652 E447.59731
G1 X111.822 Y117.5 E447.627
M204 S1000
G0 F9000 X111.401 Y117.5
M204 S2000
;TYPE:WALL-OUTER
G1 F2227.5 X111.469 Y118.41 E447.65887
G1 X111.674 Y119.309 E447.69107
G1 X112.005 Y120.15 E447.72263
G1 X112.468 Y120.948 E447.75485
G1 X113.037 Y121.658 E447.78663
G1 X113.707 Y122.279 E447.81853
G1 X114.453 Y122.783 E447.84997
G1 X115.287 Y123.183 E447.88228
G1 X116.169 Y123.453 E447.91449
G1 X116.834 Y123.553 E447.93798
G1 X116.835 Y119.296 E448.08664
G1 X116.889 Y119.175 E448.09127
G1 X116.99 Y119.108 E448.0955
G1 X118.097 Y119.108 E448.13416
G1 X118.198 Y119.174 E448.13838
G1 X118.254 Y119.299 E448.14316
G1 X118.254 Y123.549 E448.29158
G1 X118.49 Y123.521 E448.29988
G1 X119.357 Y123.311 E448.33104
G1 X120.199 Y122.971 E448.36275
G1 X120.983 Y122.508 E448.39455
G1 X121.683 Y121.942 E448.42598
G1 X122.291 Y121.276 E448.45748
G1 X122.792 Y120.53 E448.48886
G1 X123.008 Y120.123 E448.50495
G1 X123.334 Y119.28 E448.53652
G1 X123.533 Y118.404 E448.56789
G1 X123.6 Y117.49 E448.59989
G1 X123.583 Y117.04 E448.61562
G1 X123.449 Y116.141 E448.64736
G1 X123.341 Y115.734 E448.66207
G1 X122.998 Y114.86 E448.69486
G1 X122.552 Y114.08 E448.72624
G1 X122.296 Y113.731 E448.74135
G1 X121.668 Y113.045 E448.77383
G1 X121.332 Y112.755 E448.78933
G1 X120.595 Y112.242 E448.82069
G1 X119.772 Y111.837 E448.85273
G1 X119.369 Y111.692 E448.86768
G1 X118.255 Y111.429 E448.90766
G1 X118.253 Y115.703 E449.05692
G1 X118.166 Y115.854 E449.06301
G1 X118.044 Y115.892 E449.06747
G1 X116.99 Y115.892 E449.10428
G1 X116.889 Y115.825 E449.10851
G1 X116.838 Y115.727 E449.11237
G1 X116.834 Y111.44 E449.26208
G1 X116.599 Y111.467 E449.27034
G1 X115.708 Y111.67 E449.30226
G1 X114.854 Y112.002 E449.33426
G1 X114.071 Y112.455 E449.36585
G1 X113.694 Y112.731 E449.38217
G1 X113.03 Y113.349 E449.41384
G1 X112.73 Y113.699 E449.42994
G1 X112.221 Y114.441 E449.46137
G1 X111.819 Y115.279 E449.49383
G1 X111.671 Y115.702 E449.50948
G1 X111.468 Y116.59 E449.54129
G1 X111.401 Y117.5 E449.57315
M204 S1000
G0 F9000 X111.415 Y117.699
G0 X112.205 Y117.5
;TYPE:SKIN
G1 F1743.1 X112.244 Y116.775 E449.6037
G1 F1750 X112.438 Y115.927 E449.64016
G1 F1746.5 X112.561 Y115.582 E449.65554
G1 F1743.1 X112.916 Y114.839 E449.69018
G1 F1750 X113.487 Y114.011 E449.73233
G1 X114.32 Y113.238 E449.77996
G1 F1743.1 X115.203 Y112.726 E449.8229
G1 F1750 X116.001 Y112.406 E449.85893
G1 F1774.6 X116.041 Y112.499 E449.86312
G1 F1785.4 X116.041 Y112.911 E449.88004
G1 X115.223 Y113.273 E449.91679
G1 F1792.7 X114.206 Y113.943 E449.96661
G1 F1789 X113.49 Y114.868 E450.01456
G1 F1774.6 X113.252 Y115.273 E450.03397
G1 F1767.5 X112.944 Y115.987 E450.06624
G1 F1771.1 X112.721 Y116.927 E450.10624
G1 F1789 X112.709 Y117.803 E450.14215
G1 X112.844 Y118.648 E450.17723
G1 F1785.4 X113.077 Y119.394 E450.20934
G1 F1781.8 X113.55 Y120.244 E450.24937
G1 F1774.6 X113.121 Y120.487 E450.26975
G1 F1764 X112.726 Y119.799 E450.30273
G1 F1750 X112.439 Y119.071 E450.33553
G1 F1743.1 X112.265 Y118.294 E450.36903
G1 F1736.2 X112.205 Y117.5 E450.40266
G0 F9000 X114.929 Y122.14
G1 F1852.9 X115.102 Y121.726 E450.42042
G1 F1803.7 X116.037 Y122.058 E450.46076
G1 F1753.5 X116.036 Y122.579 E450.48255
G1 F1750 X115.576 Y122.436 E450.50274
G1 F1800 X114.929 Y122.14 E450.53173
G0 F9000 X116.206 Y118.48
G0 X118.882 Y118.48
G0 X119.051 Y122.574
G1 F1757 X119.052 Y122.029 E450.55448
G1 F1760.5 X119.556 Y121.834 E450.57699
G1 F1774.6 X120.212 Y121.477 E450.60786
G1 F1781.8 X120.447 Y121.902 E450.62784
G1 F1767.5 X119.846 Y122.252 E450.6567
G1 F1753.5 X119.051 Y122.574 E450.69258
G0 F9000 X119.875 Y113.281
G1 F1781.8 X120.16 Y112.902 E450.71209
G1 F1764 X121.005 Y113.505 E450.75525
G1 F1757 X121.78 Y114.348 E450.80305
G1 F1746.5 X122.245 Y115.138 E450.84154
G1 F1743.1 X122.565 Y115.924 E450.87725
G1 F1746.5 X122.665 Y116.298 E450.89351
G1 X122.811 Y117.277 E450.93507
G1 F1743.1 X122.738 Y118.292 E450.97789
G1 F1760.5 X122.574 Y119.045 E451.00999
G1 X122.22 Y119.944 E451.05024
G1 F1736.2 X121.902 Y120.418 E451.07435
G1 X121.543 Y120.249 E451.09111
G1 F1774.6 X122.134 Y118.796 E451.15593
G1 F1807.4 X122.282 Y117.955 E451.19058
G1 F1778.2 X122.285 Y117.143 E451.22407
G1 F1750 X122.169 Y116.387 E451.25613
G1 F1767.5 X122.024 Y115.903 E451.27709
G1 F1811.1 X121.666 Y115.102 E451.31262
G1 F1856.8 X121.08 Y114.261 E451.3531
G1 F1803.7 X120.51 Y113.777 E451.38351
G1 F1764 X119.875 Y113.281 E451.41701
;MESH:NONMESH
G0 F600 X119.875 Y113.281 Z13.2
G0 F9000 X118.882 Y116.52
G0 X114.089 Y119.905
;TIME_ELAPSED:519.544971
;LAYER:65
;TYPE:FILL
;MESH:Encoder_Knob.stl
G1 F2010.3 X115.115 Y119.826 E451.45294
G1 X116.003 Y119.179 E451.49131
G1 X116.106 Y118.835 E451.50385
G1 X116.425 Y118.463 E451.52097
G1 X116.777 Y118.307 E451.53441
G1 X117.645 Y117.003 E451.58912
G1 X117.85 Y116.732 E451.60099
G0 F9000 X112.223 Y117.5
G0 X111.944 Y117.501
M204 S2000
;TYPE:WALL-INNER
G1 F2010.3 X112.002 Y118.308 E451.62924
G1 X112.184 Y119.117 E451.6582
G1 X112.492 Y119.907 E451.68781
G1 X112.904 Y120.627 E451.71678
G1 X113.429 Y121.284 E451.74615
G1 X114.028 Y121.84 E451.7747
G1 X114.335 Y122.068 E451.78805
G1 X115.096 Y122.513 E451.81884
G1 X115.439 Y122.662 E451.8319
G1 X116.414 Y122.962 E451.86752
G1 X116.417 Y119.246 E451.9973
G1 X116.481 Y119.033 E452.00507
G1 X116.585 Y118.885 E452.01138
G1 X116.833 Y118.723 E452.02173
G1 X116.989 Y118.69 E452.0273
G1 X118.044 Y118.688 E452.06414
G1 X118.251 Y118.722 E452.07147
G1 X118.499 Y118.881 E452.08175
G1 X118.601 Y119.022 E452.08783
G1 X118.671 Y119.25 E452.09616
G1 X118.674 Y122.941 E452.22506
G1 X119.564 Y122.66 E452.25766
G1 X120.309 Y122.294 E452.28664
G1 X121.001 Y121.818 E452.31598
G1 X121.573 Y121.279 E452.34342
G1 X122.094 Y120.626 E452.3726
G1 X122.507 Y119.911 E452.40143
G1 X122.812 Y119.132 E452.43065
G1 X122.998 Y118.313 E452.45998
G1 X123.043 Y117.924 E452.47366
G1 X123.042 Y117.082 E452.50306
G1 X122.928 Y116.303 E452.53056
G1 X122.822 Y115.897 E452.54521
G1 X122.522 Y115.119 E452.57433
G1 X122.115 Y114.403 E452.60309
G1 X121.587 Y113.731 E452.63294
G1 X121.318 Y113.46 E452.64627
G1 X120.692 Y112.952 E452.67443
G1 X119.973 Y112.523 E452.70367
G1 X119.204 Y112.21 E452.73266
G1 X118.675 Y112.082 E452.75167
G1 X118.67 Y115.755 E452.87994
G1 X118.556 Y116.051 E452.89102
G1 X118.404 Y116.2 E452.89845
G1 X118.251 Y116.278 E452.90445
G1 X118.044 Y116.312 E452.91178
G1 X116.989 Y116.31 E452.94862
G1 X116.68 Y116.197 E452.96011
G1 X116.528 Y116.047 E452.96757
G1 X116.414 Y115.806 E452.97688
G1 X116.414 Y112.057 E453.10781
G1 X115.898 Y112.178 E453.12632
G1 X115.094 Y112.489 E453.15642
G1 X114.754 Y112.667 E453.16983
G1 X114.036 Y113.155 E453.20014
G1 X113.43 Y113.717 E453.22901
G1 X112.911 Y114.361 E453.25789
G1 X112.701 Y114.692 E453.27158
G1 X112.335 Y115.446 E453.30085
G1 X112.195 Y115.841 E453.31549
G1 X112.006 Y116.66 E453.34484
G1 X111.944 Y117.501 E453.37429
M204 S1000
G0 F9000 X111.523 Y117.501
M204 S2000
;TYPE:WALL-OUTER
G1 F2010.3 X111.585 Y118.37 E453.40472
G1 X111.781 Y119.24 E453.43586
G1 X112.112 Y120.089 E453.46768
G1 X112.556 Y120.863 E453.49885
G1 X113.12 Y121.57 E453.53043
G1 X113.759 Y122.163 E453.56088
G1 X114.103 Y122.419 E453.57585
G1 X114.906 Y122.888 E453.60833
G1 X115.293 Y123.056 E453.62306
G1 X116.176 Y123.329 E453.65534
G1 X116.834 Y123.429 E453.67858
G1 X116.835 Y119.294 E453.82299
G1 X116.922 Y119.146 E453.82898
G1 X117.025 Y119.108 E453.83282
G1 X118.096 Y119.108 E453.87022
G1 X118.196 Y119.172 E453.87437
G1 X118.253 Y119.295 E453.8791
G1 X118.254 Y123.417 E454.02306
G1 X118.876 Y123.318 E454.04505
G1 X119.721 Y123.051 E454.076
G1 X120.522 Y122.658 E454.10716
G1 X121.265 Y122.146 E454.13867
G1 X121.883 Y121.565 E454.16829
G1 X122.442 Y120.864 E454.1996
G1 X122.887 Y120.094 E454.23066
G1 X123.215 Y119.256 E454.26209
G1 X123.413 Y118.383 E454.29335
G1 X123.463 Y117.948 E454.30864
G1 X123.462 Y117.051 E454.33997
G1 X123.34 Y116.219 E454.36934
G1 X123.222 Y115.768 E454.38562
G1 X122.902 Y114.939 E454.41665
G1 X122.465 Y114.168 E454.4476
G1 X121.902 Y113.452 E454.47941
G1 X121.6 Y113.148 E454.49438
G1 X120.934 Y112.607 E454.52434
G1 X120.161 Y112.146 E454.55577
G1 X119.333 Y111.809 E454.58699
G1 X118.254 Y111.548 E454.62576
G1 X118.253 Y115.707 E454.77101
G1 X118.215 Y115.805 E454.77468
G1 X118.098 Y115.892 E454.77977
G1 X117.025 Y115.892 E454.81724
G1 X116.922 Y115.854 E454.82108
G1 X116.838 Y115.727 E454.82639
G1 X116.834 Y111.571 E454.97153
G1 X116.211 Y111.662 E454.99352
G1 X115.769 Y111.778 E455.00948
G1 X114.92 Y112.106 E455.04127
G1 X114.538 Y112.307 E455.05634
G1 X113.774 Y112.825 E455.08858
G1 X113.122 Y113.43 E455.11964
G1 X112.569 Y114.116 E455.15041
G1 X112.334 Y114.487 E455.16575
G1 X111.947 Y115.284 E455.19669
G1 X111.791 Y115.723 E455.21296
G1 X111.59 Y116.597 E455.24428
G1 X111.523 Y117.501 E455.27594
M204 S1000
G0 F9000 X111.537 Y117.7
G0 X112.352 Y117.503
;TYPE:SKIN
G1 F1499.7 X112.413 Y116.718 E455.3128
G1 F1494.4 X112.603 Y115.831 E455.35541
G1 F1499.7 X113.132 Y114.741 E455.41213
G1 F1505 X113.726 Y113.997 E455.45654
G1 F1510.4 X114.287 Y113.478 E455.49207
G1 X115.09 Y112.932 E455.5372
G1 F1515.8 X116.01 Y112.569 E455.58301
G1 X116.01 Y113.162 E455.61047
G1 X115.32 Y113.453 E455.64515
G1 F1510.4 X114.65 Y113.903 E455.68267
G1 X114.121 Y114.394 E455.71622
G1 F1515.8 X113.849 Y114.723 E455.73599
G1 F1521.3 X113.465 Y115.304 E455.76813
G1 F1524.1 X113.106 Y116.113 E455.8089
G1 F1526.8 X112.93 Y117.033 E455.85197
G1 F1518.6 X112.913 Y117.511 E455.87408
G1 F1513.1 X112.976 Y118.259 E455.90891
G1 F1515.8 X113.151 Y118.972 E455.94291
G1 F1521.3 X113.524 Y119.842 E455.9866
G1 F1515.8 X114.128 Y120.613 E456.03196
G1 F1513.1 X114.812 Y121.245 E456.07517
G1 F1510.4 X115.665 Y121.709 E456.1203
G1 F1502.4 X116.007 Y121.828 E456.13722
G1 F1499.7 X116.006 Y122.41 E456.16447
G1 F1497 X115.276 Y122.146 E456.20087
G1 F1505 X114.437 Y121.664 E456.24601
G1 F1513.1 X113.729 Y121.006 E456.29085
G1 F1505 X113.24 Y120.394 E456.3274
G1 F1499.7 X112.864 Y119.735 E456.36292
G1 X112.589 Y119.054 E456.3973
G1 X112.407 Y118.255 E456.43566
G1 F1507.7 X112.352 Y117.503 E456.47077
G0 F9000 X118.882 Y116.52
G0 X119.081 Y112.599
G1 F1505 X119.792 Y112.891 E456.50662
G1 F1489.1 X120.523 Y113.328 E456.54678
G1 F1478.7 X121.181 Y113.881 E456.58758
G1 F1489.1 X121.775 Y114.63 E456.63265
G1 F1502.4 X122.15 Y115.294 E456.66829
G1 F1507.7 X122.515 Y116.241 E456.71555
G1 F1499.7 X122.632 Y117.108 E456.7565
G1 F1483.9 X122.633 Y117.901 E456.79402
G1 F1494.4 X122.596 Y118.244 E456.81023
G1 F1502.4 X122.422 Y119.009 E456.84689
G1 X122.12 Y119.781 E456.88563
G1 F1499.7 X121.753 Y120.398 E456.91924
G1 F1502.4 X121.27 Y121.005 E456.95549
G1 F1507.7 X120.749 Y121.496 E456.98882
G1 X120.095 Y121.949 E457.02587
G1 F1505 X119.415 Y122.279 E457.06113
G1 F1502.4 X119.083 Y122.385 E457.07741
G1 X119.082 Y121.81 E457.10428
G1 F1510.4 X119.743 Y121.504 E457.13814
G1 F1513.1 X120.387 Y121.069 E457.1742
G1 X120.905 Y120.576 E457.20738
G1 F1524.1 X121.208 Y120.208 E457.22933
G1 F1532.4 X121.561 Y119.637 E457.26009
G1 F1526.8 X121.861 Y118.937 E457.29511
G1 F1521.3 X122.025 Y118.262 E457.32717
G1 F1524.1 X122.09 Y117.38 E457.36791
G1 X121.994 Y116.477 E457.40974
G1 F1521.3 X121.696 Y115.645 E457.45052
G1 F1515.8 X121.346 Y114.996 E457.48467
G1 X120.864 Y114.369 E457.5213
G1 F1521.3 X120.322 Y113.878 E457.55505
G1 F1524.1 X119.677 Y113.457 E457.59053
G1 F1518.6 X119.079 Y113.191 E457.62079
G1 F1513.1 X119.081 Y112.599 E457.64826
G0 F9000 X119.174 Y112.844
;MESH:NONMESH
G0 F600 X119.174 Y112.844 Z13.4
G0 F9000 X118.882 Y116.52
G0 X112.223 Y117.497
G0 X112.183 Y117.499
;TIME_ELAPSED:526.294756
;LAYER:66
M204 S2000
;TYPE:WALL-INNER
;MESH:Encoder_Knob.stl
G1 F3780 X112.245 Y118.322 E457.67708
G1 X112.399 Y119.003 E457.70146
G1 X112.686 Y119.763 E457.72983
G1 X113.092 Y120.478 E457.75855
G1 X113.603 Y121.123 E457.78729
G1 X113.875 Y121.394 E457.8007
G1 X114.524 Y121.906 E457.82957
G1 X115.138 Y122.264 E457.85439
G1 X115.889 Y122.568 E457.88268
G1 X116.414 Y122.692 E457.90152
G1 X116.414 Y119.25 E458.02173
G1 X116.538 Y118.941 E458.03335
G1 X116.692 Y118.794 E458.04079
G1 X116.989 Y118.69 E458.05178
G1 X118.044 Y118.688 E458.08862
G1 X118.241 Y118.719 E458.09559
G1 X118.391 Y118.791 E458.1014
G1 X118.574 Y118.976 E458.11049
G1 X118.674 Y119.215 E458.11953
G1 X118.675 Y122.686 E458.24075
G1 X119.045 Y122.59 E458.2541
G1 X119.818 Y122.287 E458.2831
G1 X120.533 Y121.87 E458.312
G1 X120.835 Y121.646 E458.32513
G1 X121.428 Y121.084 E458.35367
G1 X121.865 Y120.539 E458.37806
G1 X122.279 Y119.834 E458.40661
G1 X122.443 Y119.467 E458.42065
G1 X122.68 Y118.707 E458.44845
G1 X122.805 Y117.904 E458.47684
G1 X122.804 Y117.097 E458.50502
G1 X122.681 Y116.299 E458.53322
G1 X122.48 Y115.637 E458.55738
G1 X122.128 Y114.879 E458.58656
G1 X121.932 Y114.558 E458.5997
G1 X121.429 Y113.914 E458.62824
G1 X120.833 Y113.357 E458.65673
G1 X120.524 Y113.123 E458.67026
G1 X119.917 Y112.763 E458.69491
G1 X119.171 Y112.45 E458.72316
G1 X118.675 Y112.327 E458.74101
G1 X118.674 Y115.699 E458.85877
G1 X118.624 Y115.931 E458.86706
G1 X118.391 Y116.209 E458.87972
G1 X118.241 Y116.281 E458.88554
G1 X118.044 Y116.312 E458.8925
G1 X116.989 Y116.31 E458.92934
G1 X116.843 Y116.28 E458.93455
G1 X116.596 Y116.127 E458.9447
G1 X116.486 Y115.977 E458.95119
G1 X116.417 Y115.75 E458.95948
G1 X116.414 Y112.305 E459.07979
G1 X115.996 Y112.398 E459.09474
G1 X115.237 Y112.685 E459.12308
G1 X114.529 Y113.088 E459.15153
G1 X113.886 Y113.599 E459.18021
G1 X113.336 Y114.193 E459.20849
G1 X112.805 Y114.962 E459.24112
G1 X112.433 Y115.889 E459.27601
G1 X112.244 Y116.686 E459.30461
G1 X112.183 Y117.499 E459.33308
M204 S1000
G0 F9000 X111.761 Y117.499
M204 S2000
;TYPE:WALL-OUTER
G1 F2640 X111.829 Y118.384 E459.36408
G1 X111.995 Y119.124 E459.39057
G1 X112.305 Y119.942 E459.42112
G1 X112.743 Y120.714 E459.45211
G1 X113.289 Y121.403 E459.48282
G1 X113.595 Y121.708 E459.4979
G1 X114.287 Y122.254 E459.52869
G1 X114.952 Y122.642 E459.55558
G1 X115.762 Y122.969 E459.58608
G1 X116.834 Y123.222 E459.62455
G1 X116.836 Y119.286 E459.76201
G1 X116.894 Y119.169 E459.76657
G1 X116.993 Y119.108 E459.77063
G1 X118.089 Y119.108 E459.8089
G1 X118.212 Y119.19 E459.81406
G1 X118.25 Y119.273 E459.81725
G1 X118.255 Y123.179 E459.95366
G1 X118.996 Y123.061 E459.97987
G1 X120.002 Y122.666 E460.01761
G1 X120.765 Y122.221 E460.04846
G1 X121.105 Y121.968 E460.06326
G1 X121.738 Y121.37 E460.09367
G1 X122.212 Y120.778 E460.12015
G1 X122.653 Y120.026 E460.1506
G1 X122.837 Y119.615 E460.16633
G1 X123.09 Y118.802 E460.19606
G1 X123.225 Y117.936 E460.22667
G1 X123.224 Y117.065 E460.25709
G1 X123.092 Y116.206 E460.28744
G1 X122.874 Y115.487 E460.31368
G1 X122.499 Y114.68 E460.34475
G1 X122.278 Y114.318 E460.35957
G1 X121.74 Y113.63 E460.39007
G1 X121.104 Y113.035 E460.42048
G1 X120.758 Y112.774 E460.43562
G1 X120.107 Y112.387 E460.46207
G1 X119.303 Y112.05 E460.49251
G1 X118.255 Y111.79 E460.53022
G1 X118.254 Y115.688 E460.66635
G1 X118.212 Y115.81 E460.67086
G1 X118.096 Y115.892 E460.67582
G1 X116.993 Y115.892 E460.71434
G1 X116.894 Y115.831 E460.7184
G1 X116.835 Y115.705 E460.72326
G1 X116.834 Y111.78 E460.86033
G1 X115.875 Y111.995 E460.89466
G1 X115.058 Y112.304 E460.92516
G1 X114.293 Y112.739 E460.95589
G1 X113.6 Y113.29 E460.98681
G1 X113.007 Y113.93 E461.01728
G1 X112.566 Y114.569 E461.0444
G1 X112.359 Y114.947 E461.05945
G1 X112.031 Y115.761 E461.0901
G1 X111.828 Y116.622 E461.12099
G1 X111.761 Y117.499 E461.15171
M204 S1000
G0 F9000 X111.776 Y117.698
G0 X112.521 Y117.5
;TYPE:SKIN
G1 F2100 X112.579 Y116.738 E461.1784
G1 X112.757 Y115.987 E461.20535
G1 X113.106 Y115.122 E461.23792
G1 X113.599 Y114.405 E461.26831
G1 X114.116 Y113.844 E461.29495
G1 X114.72 Y113.366 E461.32185
G1 X115.379 Y112.992 E461.34832
G1 X116.077 Y112.726 E461.3744
G1 X116.082 Y115.775 E461.48088
G1 X116.189 Y116.133 E461.49393
G1 X116.358 Y116.363 E461.5039
G1 X116.688 Y116.573 E461.51756
G1 X116.96 Y116.646 E461.5274
G1 X118.037 Y116.648 E461.56501
G1 X118.371 Y116.59 E461.57685
G1 X118.583 Y116.482 E461.58516
G1 X118.843 Y116.225 E461.59792
G1 X119.011 Y115.858 E461.61202
G1 X119.012 Y112.75 E461.72056
G1 X119.764 Y113.066 E461.74905
G1 X120.481 Y113.488 E461.7781
G1 X121.182 Y114.145 E461.81165
G1 X121.653 Y114.747 E461.83835
G1 X121.827 Y115.033 E461.85004
G1 X122.167 Y115.764 E461.87819
G1 X122.353 Y116.377 E461.90057
G1 X122.468 Y117.123 E461.92693
G1 X122.469 Y117.877 E461.95326
G1 X122.351 Y118.624 E461.97967
G1 X122.125 Y119.35 E462.00622
G1 X121.973 Y119.689 E462.0192
G1 X121.591 Y120.342 E462.04562
G1 X121.183 Y120.85 E462.06837
G1 X120.503 Y121.497 E462.10115
G1 X119.679 Y121.979 E462.13449
G1 X119.012 Y122.242 E462.15953
G1 X119.005 Y119.153 E462.26741
G1 X118.855 Y118.794 E462.281
G1 X118.582 Y118.517 E462.29458
G1 X118.371 Y118.41 E462.30284
G1 X118.071 Y118.354 E462.3135
G1 X116.961 Y118.354 E462.35226
G1 X116.725 Y118.405 E462.3607
G1 X116.358 Y118.637 E462.37586
G1 X116.174 Y118.901 E462.3871
G1 X116.081 Y119.2 E462.39803
G1 X116.078 Y122.278 E462.50553
G1 X115.28 Y121.959 E462.53554
G1 X114.725 Y121.635 E462.55798
G1 X114.092 Y121.135 E462.58615
G1 X113.853 Y120.898 E462.59791
G1 X113.375 Y120.295 E462.62478
G1 X112.99 Y119.616 E462.65204
G1 X112.72 Y118.905 E462.6786
G1 X112.58 Y118.278 E462.70104
G1 X112.521 Y117.5 E462.72828
G0 F9000 X113.428 Y119.962
G1 F2100 X115.04 Y121.574 E462.8079
G0 F9000 X115.717 Y121.657
G1 F2100 X112.934 Y118.873 E462.94537
G0 F9000 X112.778 Y118.124
G1 F2100 X115.868 Y121.214 E463.09798
G0 F9000 X115.718 Y121.657
G1 F2100 X115.868 Y121.808 E463.10542
G0 F9000 X115.87 Y120.621
G1 F2100 X112.732 Y117.484 E463.26037
G0 F9000 X112.774 Y116.932
G1 F2100 X115.871 Y120.029 E463.41333
G0 F9000 X115.872 Y119.436
G1 F2100 X112.868 Y116.432 E463.56169
G0 F9000 X112.994 Y115.964
G1 F2100 X115.949 Y118.919 E463.70764
G0 F9000 X116.17 Y118.546
G1 F2100 X113.164 Y115.54 E463.8561
G0 F9000 X113.352 Y115.134
G1 F2100 X116.512 Y118.294 E464.01217
G0 F9000 X116.956 Y118.144
G1 F2100 X113.594 Y114.782 E464.17822
G0 F9000 X113.849 Y114.443
G1 F2100 X117.55 Y118.144 E464.361
G0 F9000 X118.156 Y118.156
G1 F2100 X116.829 Y116.829 E464.42654
G0 F9000 X117.45 Y116.856
G1 F2100 X121.15 Y120.556 E464.60928
G0 F9000 X120.863 Y120.863
G1 F2100 X119.216 Y119.216 E464.69062
G0 F9000 X119.216 Y119.81
G1 F2100 X120.558 Y121.152 E464.7569
G0 F9000 X120.225 Y121.413
G1 F2100 X119.218 Y120.406 E464.80664
G0 F9000 X119.219 Y121.001
G1 F2100 X119.851 Y121.632 E464.83783
G0 F9000 X119.461 Y121.837
G1 F2100 X119.221 Y121.596 E464.8497
G0 F9000 X121.415 Y120.227
G1 F2100 X118.044 Y116.856 E465.01619
G0 F9000 X118.527 Y116.745
G1 F2100 X121.634 Y119.852 E465.16965
G0 F9000 X121.853 Y119.477
G1 F2100 X118.868 Y116.493 E465.31705
G0 F9000 X119.108 Y116.138
G1 F2100 X122.002 Y119.032 E465.45998
G0 F9000 X122.143 Y118.579
G1 F2100 X119.221 Y115.657 E465.60429
G0 F9000 X119.221 Y115.063
G1 F2100 X122.224 Y118.067 E465.75263
G0 F9000 X122.258 Y117.506
G1 F2100 X119.221 Y114.469 E465.90262
G0 F9000 X119.221 Y113.875
G1 F2100 X122.216 Y116.87 E466.05054
G0 F9000 X122.052 Y116.113
G1 F2100 X119.348 Y113.408 E466.18412
G1 X119.347 Y113.407
G1 X119.22 Y113.28 E466.19039
G0 F9000 X119.966 Y113.432
G1 F2100 X121.618 Y115.084 E466.27198
G1 X121.692 Y115.158
G0 F9000 X118.882 Y116.52
G0 X116.206 Y116.52
G0 X115.87 Y115.276
G1 F2100 X114.445 Y113.851 E466.34236
G0 F9000 X114.134 Y114.134
G1 F2100 X115.906 Y115.906 E466.42987
G1 X115.98 Y115.98
G0 F9000 X115.87 Y114.682
G1 F2100 X114.776 Y113.588 E466.48391
G0 F9000 X115.147 Y113.365
G1 F2100 X115.869 Y114.087 E466.51956
G0 F9000 X115.868 Y113.492
G1 F2100 X115.533 Y113.157 E466.53611
G0 F9000 X115.55 Y113.209
;MESH:NONMESH
G0 F600 X115.55 Y113.209 Z13.6
G0 F9000 X112.491 Y117.107
G0 X112.435 Y117.103
;TIME_ELAPSED:536.385189
;LAYER:67
M204 S2000
;TYPE:WALL-INNER
;MESH:Encoder_Knob.stl
G1 F3780 X112.435 Y117.896 E466.5638
G1 X112.56 Y118.686 E466.59174
G1 X112.798 Y119.467 E466.62025
G1 X113.277 Y120.324 E466.65454
G1 X113.77 Y120.95 E466.68236
G1 X114.348 Y121.484 E466.70985
G1 X115.018 Y121.932 E466.73799
G1 X115.546 Y122.188 E466.75849
G1 X116.414 Y122.471 E466.79037
G1 X116.414 Y119.226 E466.90369
G1 X116.549 Y118.927 E466.91515
G1 X116.706 Y118.785 E466.92254
G1 X116.989 Y118.69 E466.93297
G1 X118.182 Y118.688 E466.97463
G1 X118.474 Y118.856 E466.9864
G1 X118.585 Y118.993 E466.99256
G1 X118.669 Y119.233 E467.00144
G1 X118.674 Y122.433 E467.11319
G1 X119.17 Y122.316 E467.13099
G1 X120.044 Y121.899 E467.16481
G1 X120.688 Y121.459 E467.19205
G1 X121.261 Y120.915 E467.21964
G1 X121.741 Y120.296 E467.24699
G1 X122.04 Y119.778 E467.26788
G1 X122.337 Y119.05 E467.29534
G1 X122.523 Y118.265 E467.32351
G1 X122.566 Y117.904 E467.33621
G1 X122.565 Y117.098 E467.36436
G1 X122.522 Y116.735 E467.37712
G1 X122.335 Y115.94 E467.40564
G1 X122.124 Y115.393 E467.42612
G1 X121.742 Y114.701 E467.45372
G1 X121.263 Y114.084 E467.481
G1 X120.687 Y113.544 E467.50858
G1 X120.043 Y113.102 E467.53585
G1 X119.307 Y112.734 E467.56459
G1 X118.676 Y112.574 E467.58733
G1 X118.674 Y115.682 E467.69587
G1 X118.641 Y115.886 E467.70308
G1 X118.474 Y116.144 E467.71382
G1 X118.182 Y116.312 E467.72558
G1 X116.898 Y116.31 E467.77042
G1 X116.609 Y116.139 E467.78215
G1 X116.47 Y115.944 E467.79051
G1 X116.42 Y115.775 E467.79667
G1 X116.414 Y112.545 E467.90947
G1 X115.74 Y112.734 E467.93392
G1 X115.008 Y113.074 E467.9621
G1 X114.347 Y113.514 E467.98983
G1 X113.771 Y114.049 E468.01729
G1 X113.266 Y114.692 E468.04584
G1 X112.86 Y115.387 E468.07395
G1 X112.558 Y116.32 E468.1082
G1 X112.435 Y117.103 E468.13588
M204 S1000
G0 F9000 X112.015 Y117.07
M204 S2000
;TYPE:WALL-OUTER
G1 F2640 X112.015 Y117.929 E468.16588
G1 X112.15 Y118.78 E468.19597
G1 X112.408 Y119.63 E468.22699
G1 X112.927 Y120.558 E468.26412
G1 X113.46 Y121.236 E468.29424
G1 X114.087 Y121.815 E468.32405
G1 X114.809 Y122.298 E468.35438
G1 X115.388 Y122.578 E468.37684
G1 X116.213 Y122.849 E468.40717
G1 X116.834 Y122.948 E468.42913
G1 X116.838 Y119.273 E468.55747
G1 X116.931 Y119.14 E468.56314
G1 X117.025 Y119.108 E468.56661
G1 X118.091 Y119.108 E468.60384
G1 X118.188 Y119.164 E468.60775
G1 X118.253 Y119.289 E468.61267
G1 X118.254 Y122.965 E468.74105
G1 X119.31 Y122.714 E468.77895
G1 X120.254 Y122.264 E468.81547
G1 X120.952 Y121.787 E468.845
G1 X121.573 Y121.198 E468.87489
G1 X122.091 Y120.531 E468.90438
G1 X122.418 Y119.963 E468.92727
G1 X122.738 Y119.178 E468.95688
G1 X122.937 Y118.339 E468.98699
G1 X122.986 Y117.928 E469.00145
G1 X122.985 Y117.073 E469.0313
G1 X122.936 Y116.662 E469.04576
G1 X122.737 Y115.816 E469.07611
G1 X122.506 Y115.215 E469.0986
G1 X122.094 Y114.469 E469.12836
G1 X121.575 Y113.8 E469.15793
G1 X120.951 Y113.216 E469.18778
G1 X120.257 Y112.74 E469.21717
G1 X119.455 Y112.338 E469.2485
G1 X118.255 Y112.034 E469.29173
G1 X118.254 Y115.682 E469.41913
G1 X118.225 Y115.79 E469.42303
G1 X118.155 Y115.861 E469.42651
G1 X118.044 Y115.892 E469.43054
G1 X116.995 Y115.892 E469.46717
G1 X116.899 Y115.835 E469.47107
G1 X116.836 Y115.713 E469.47587
G1 X116.834 Y112.022 E469.60477
G1 X115.991 Y112.209 E469.63492
G1 X115.586 Y112.342 E469.64981
G1 X114.802 Y112.706 E469.68
G1 X114.086 Y113.184 E469.71006
G1 X113.461 Y113.764 E469.73984
G1 X112.918 Y114.455 E469.77053
G1 X112.475 Y115.212 E469.80116
G1 X112.148 Y116.222 E469.83824
G1 X112.015 Y117.07 E469.86822
M204 S1000
G0 F9000 X112.015 Y117.27
G0 X112.771 Y117.128
;TYPE:SKIN
G1 F2100 X112.886 Y116.399 E469.89399
G1 X113.169 Y115.524 E469.92611
G1 X113.542 Y114.89 E469.95179
G1 X114.022 Y114.274 E469.97907
G1 X114.558 Y113.777 E470.00459
G1 X115.168 Y113.37 E470.0302
G1 X115.861 Y113.05 E470.05686
G1 X116.078 Y112.98 E470.06482
G1 X116.082 Y115.848 E470.16498
G1 X116.255 Y116.239 E470.17992
G1 X116.524 Y116.494 E470.19286
G1 X116.966 Y116.646 E470.20918
G1 X118.066 Y116.647 E470.2476
G1 X118.337 Y116.603 E470.25719
G1 X118.721 Y116.369 E470.27289
G1 X118.957 Y115.992 E470.28842
G1 X119.008 Y115.707 E470.29854
G1 X119.012 Y113.007 E470.39283
G1 X119.186 Y113.051 E470.3991
G1 X119.881 Y113.398 E470.42622
G1 X120.475 Y113.805 E470.45137
G1 X121.016 Y114.312 E470.47726
G1 X121.46 Y114.885 E470.50258
G1 X121.819 Y115.534 E470.52848
G1 X122.01 Y116.032 E470.54711
G1 X122.229 Y116.968 E470.58068
G1 X122.23 Y118.028 E470.6177
G1 X122.012 Y118.952 E470.65085
G1 X121.737 Y119.629 E470.67637
G1 X121.458 Y120.113 E470.69588
G1 X121.017 Y120.681 E470.721
G1 X120.467 Y121.203 E470.74748
G1 X119.878 Y121.605 E470.77238
G1 X119.01 Y122.019 E470.80597
G1 X119.008 Y119.213 E470.90396
G1 X118.872 Y118.818 E470.91855
G1 X118.704 Y118.613 E470.92781
G1 X118.338 Y118.397 E470.94265
G1 X118.066 Y118.353 E470.95227
G1 X116.966 Y118.354 E470.99069
G1 X116.524 Y118.506 E471.00701
G1 X116.241 Y118.779 E471.02074
G1 X116.078 Y119.157 E471.03512
G1 X116.078 Y122.008 E471.13468
G1 X115.666 Y121.872 E471.14983
G1 X115.191 Y121.643 E471.16825
G1 X114.556 Y121.217 E471.19495
G1 X114.02 Y120.723 E471.22041
G1 X113.557 Y120.135 E471.24655
G1 X113.111 Y119.337 E471.27847
G1 X112.889 Y118.608 E471.30509
G1 X112.771 Y117.868 E471.33126
G1 X112.771 Y117.128 E471.3571
G0 F9000 X113.876 Y114.801
G1 F2100 X114.833 Y113.844 E471.40436
G1 X114.907 Y113.77
G0 F9000 X115.681 Y113.59
G1 F2100 X113.219 Y116.052 E471.52596
G0 F9000 X113.029 Y116.836
G1 F2100 X115.867 Y113.999 E471.6661
G0 F9000 X115.682 Y113.589
G1 F2100 X115.867 Y113.405 E471.67521
G0 F9000 X115.867 Y114.593
G1 F2100 X112.98 Y117.479 E471.81777
G0 F9000 X113.012 Y118.041
G1 F2100 X115.867 Y115.186 E471.95878
G0 F9000 X115.867 Y115.78
G1 F2100 X113.094 Y118.553 E472.09573
G0 F9000 X113.231 Y119.01
G1 F2100 X116.017 Y116.224 E472.23333
G0 F9000 X116.285 Y116.55
G1 F2100 X113.405 Y119.431 E472.3756
G0 F9000 X113.618 Y119.811
G1 F2100 X116.669 Y116.76 E472.52628
G0 F9000 X117.169 Y116.854
G1 F2100 X113.853 Y120.17 E472.69005
G0 F9000 X114.115 Y120.503
G1 F2100 X117.763 Y116.854 E472.87025
G0 F9000 X118.415 Y116.796
G1 F2100 X117.067 Y118.144 E472.93682
G0 F9000 X117.661 Y118.144
G1 F2100 X121.073 Y114.732 E473.10534
G0 F9000 X120.807 Y114.404
G1 F2100 X119.155 Y116.056 E473.18693
G0 F9000 X119.215 Y115.402
G1 F2100 X120.5 Y114.117 E473.25039
G0 F9000 X120.171 Y113.852
G1 F2100 X119.217 Y114.806 E473.29751
G0 F9000 X119.218 Y114.211
G1 F2100 X119.818 Y113.611 E473.32714
G0 F9000 X119.428 Y113.407
G1 F2100 X119.22 Y113.615 E473.33742
G0 F9000 X121.323 Y115.075
G1 F2100 X118.231 Y118.168 E473.49015
G0 F9000 X118.651 Y118.342
G1 F2100 X121.535 Y115.458 E473.63259
G0 F9000 X121.72 Y115.867
G1 F2100 X118.974 Y118.613 E473.76821
G0 F9000 X119.16 Y119.021
G1 F2100 X121.86 Y116.321 E473.90156
G0 F9000 X121.973 Y116.802
G1 F2100 X119.216 Y119.559 E474.03773
G0 F9000 X119.217 Y120.152
G1 F2100 X122.018 Y117.351 E474.17606
G0 F9000 X122.018 Y117.945
G1 F2100 X119.218 Y120.745 E474.31435
G0 F9000 X119.272 Y121.285
G1 F2100 X121.852 Y118.704 E474.4418
G1 X121.926 Y118.63
G0 F9000 X121.454 Y119.696
G1 F2100 X119.661 Y121.49 E474.53038
G1 X119.587 Y121.564
G0 F9000 X118.882 Y118.48
G0 X116.206 Y118.48
G0 X115.867 Y121.125
G1 F2100 X115.478 Y121.515 E474.54962
G0 F9000 X115.083 Y121.316
G1 F2100 X115.867 Y120.532 E474.58834
G0 F9000 X115.867 Y119.938
G1 F2100 X114.727 Y121.078 E474.64464
G0 F9000 X114.412 Y120.799
G1 F2100 X115.867 Y119.344 E474.7165
G1 X115.941 Y119.27
G0 F9000 X115.814 Y119.27
;MESH:NONMESH
G0 F600 X115.814 Y119.27 Z13.8
G0 F9000 X112.714 Y117.113
G0 X112.672 Y117.106
;TIME_ELAPSED:545.888765
;LAYER:68
M204 S2000
;TYPE:WALL-INNER
;MESH:Encoder_Knob.stl
G1 F3780 X112.673 Y117.883 E474.74364
G1 X112.798 Y118.658 E474.77105
G1 X113.005 Y119.345 E474.79611
G1 X113.457 Y120.166 E474.82884
G1 X113.938 Y120.781 E474.8561
G1 X114.505 Y121.306 E474.88309
G1 X115.145 Y121.731 E474.90992
G1 X115.605 Y121.957 E474.92782
G1 X116.414 Y122.227 E474.9576
G1 X116.414 Y119.191 E475.06363
G1 X116.531 Y118.951 E475.07296
G1 X116.721 Y118.776 E475.08198
G1 X116.989 Y118.69 E475.09181
G1 X118.165 Y118.688 E475.13288
G1 X118.362 Y118.773 E475.14037
G1 X118.554 Y118.947 E475.14942
G1 X118.671 Y119.249 E475.16073
G1 X118.674 Y122.191 E475.26347
G1 X118.857 Y122.148 E475.27004
G1 X119.564 Y121.879 E475.29645
G1 X120.229 Y121.501 E475.32317
G1 X120.821 Y121.023 E475.34974
G1 X121.334 Y120.455 E475.37647
G1 X121.744 Y119.861 E475.40168
G1 X122.107 Y118.994 E475.4345
G1 X122.207 Y118.643 E475.44725
G1 X122.328 Y117.881 E475.47419
G1 X122.327 Y117.121 E475.50073
G1 X122.205 Y116.355 E475.52782
G1 X122.067 Y115.891 E475.54473
G1 X121.749 Y115.179 E475.57196
G1 X121.337 Y114.545 E475.59837
G1 X120.824 Y113.979 E475.62504
G1 X120.09 Y113.389 E475.65793
G1 X119.268 Y112.976 E475.69006
G1 X118.675 Y112.82 E475.71147
G1 X118.669 Y115.761 E475.81418
G1 X118.553 Y116.054 E475.82519
G1 X118.362 Y116.227 E475.83419
G1 X118.165 Y116.312 E475.84168
G1 X116.989 Y116.31 E475.88275
G1 X116.721 Y116.224 E475.89258
G1 X116.508 Y116.014 E475.90302
G1 X116.414 Y115.751 E475.91278
G1 X116.414 Y112.787 E476.01629
G1 X116.006 Y112.877 E476.03088
G1 X115.137 Y113.273 E476.06423
G1 X114.505 Y113.693 E476.09073
G1 X113.942 Y114.217 E476.11759
G1 X113.455 Y114.842 E476.14526
G1 X113.203 Y115.266 E476.16249
G1 X112.899 Y115.984 E476.18972
G1 X112.717 Y116.734 E476.21667
G1 X112.672 Y117.106 E476.22976
M204 S1000
G0 F9000 X112.252 Y117.082
M204 S2000
;TYPE:WALL-OUTER
G1 F2640 X112.253 Y117.917 E476.25892
G1 X112.388 Y118.752 E476.28846
G1 X112.615 Y119.509 E476.31606
G1 X113.105 Y120.398 E476.35151
G1 X113.628 Y121.066 E476.38114
G1 X114.245 Y121.637 E476.4105
G1 X114.935 Y122.096 E476.43944
G1 X115.445 Y122.346 E476.45927
G1 X116.225 Y122.606 E476.48799
G1 X116.834 Y122.707 E476.50954
G1 X116.834 Y119.313 E476.62807
G1 X116.903 Y119.161 E476.6339
G1 X116.998 Y119.108 E476.6377
G1 X118.088 Y119.108 E476.67577
G1 X118.183 Y119.159 E476.67953
G1 X118.253 Y119.295 E476.68488
G1 X118.254 Y122.722 E476.80456
G1 X118.98 Y122.55 E476.83061
G1 X119.744 Y122.261 E476.85914
G1 X120.466 Y121.849 E476.88817
G1 X121.111 Y121.329 E476.91711
G1 X121.664 Y120.716 E476.94594
G1 X122.115 Y120.063 E476.97365
G1 X122.504 Y119.133 E477.00886
G1 X122.618 Y118.734 E477.02335
G1 X122.748 Y117.914 E477.05234
G1 X122.747 Y117.087 E477.08123
G1 X122.615 Y116.262 E477.1104
G1 X122.462 Y115.745 E477.12923
G1 X122.119 Y114.977 E477.15861
G1 X121.671 Y114.288 E477.18731
G1 X121.113 Y113.673 E477.21631
G1 X120.322 Y113.036 E477.25178
G1 X119.418 Y112.581 E477.28712
G1 X118.255 Y112.274 E477.32913
G1 X118.253 Y115.709 E477.44909
G1 X118.204 Y115.819 E477.45329
G1 X118.044 Y115.892 E477.45944
G1 X116.998 Y115.892 E477.49597
G1 X116.903 Y115.839 E477.49976
G1 X116.836 Y115.714 E477.50472
G1 X116.834 Y112.264 E477.6252
G1 X115.872 Y112.476 E477.6596
G1 X114.932 Y112.905 E477.69569
G1 X114.244 Y113.362 E477.72453
G1 X113.632 Y113.933 E477.75377
G1 X113.107 Y114.604 E477.78352
G1 X112.827 Y115.076 E477.80269
G1 X112.499 Y115.852 E477.83211
G1 X112.303 Y116.659 E477.86111
G1 X112.252 Y117.082 E477.87599
M204 S1000
G0 F9000 X112.252 Y117.282
G0 X113.009 Y117.13
;TYPE:SKIN
G1 F2100 X113.05 Y116.785 E477.88812
G1 X113.219 Y116.093 E477.913
G1 X113.503 Y115.419 E477.93854
G1 X113.731 Y115.036 E477.95411
G1 X114.19 Y114.45 E477.9801
G1 X114.726 Y113.95 E478.0057
G1 X115.298 Y113.568 E478.02972
G1 X116.078 Y113.214 E478.05964
G1 X116.081 Y115.801 E478.14998
G1 X116.223 Y116.191 E478.16448
G1 X116.411 Y116.411 E478.17458
G1 X116.838 Y116.642 E478.19154
G1 X118.056 Y116.648 E478.23408
G1 X118.337 Y116.6 E478.24403
G1 X118.668 Y116.419 E478.25721
G1 X118.916 Y116.098 E478.27137
G1 X119.012 Y115.745 E478.28415
G1 X119.012 Y113.257 E478.37104
G1 X119.153 Y113.294 E478.37613
G1 X119.902 Y113.672 E478.40543
G1 X120.594 Y114.227 E478.43641
G1 X121.071 Y114.754 E478.46123
G1 X121.449 Y115.336 E478.48547
G1 X121.753 Y116.014 E478.51142
G1 X121.874 Y116.427 E478.52645
G1 X121.991 Y117.148 E478.55195
G1 X121.992 Y117.855 E478.57665
G1 X121.879 Y118.562 E478.60165
G1 X121.784 Y118.892 E478.61364
G1 X121.448 Y119.694 E478.64401
G1 X121.065 Y120.249 E478.66756
G1 X120.589 Y120.777 E478.69238
G1 X120.038 Y121.222 E478.71712
G1 X119.419 Y121.574 E478.74199
G1 X119.012 Y121.73 E478.75721
G1 X119.005 Y119.212 E478.84515
G1 X118.941 Y118.951 E478.85453
G1 X118.828 Y118.751 E478.86255
G1 X118.541 Y118.489 E478.87613
G1 X118.068 Y118.353 E478.89331
G1 X116.964 Y118.354 E478.93187
G1 X116.536 Y118.497 E478.94763
G1 X116.258 Y118.756 E478.9609
G1 X116.115 Y119.051 E478.97235
G1 X116.08 Y119.279 E478.9804
G1 X116.078 Y121.761 E479.06708
G1 X115.733 Y121.646 E479.07978
G1 X115.306 Y121.435 E479.09641
G1 X114.718 Y121.044 E479.12107
G1 X114.189 Y120.555 E479.14623
G1 X113.735 Y119.974 E479.17198
G1 X113.316 Y119.215 E479.20226
G1 X113.127 Y118.586 E479.2252
G1 X113.01 Y117.855 E479.25105
G1 X113.009 Y117.13 E479.27637
G0 F9000 X113.905 Y119.845
G1 F2100 X115.109 Y121.049 E479.33583
G0 F9000 X115.743 Y121.089
G1 F2100 X113.391 Y118.737 E479.452
G0 F9000 X113.245 Y117.997
G1 F2100 X115.867 Y120.619 E479.58149
G0 F9000 X115.744 Y121.089
G1 F2100 X115.867 Y121.213 E479.58759
G0 F9000 X115.867 Y120.025
G1 F2100 X113.219 Y117.377 E479.71838
G0 F9000 X113.257 Y116.821
G1 F2100 X115.867 Y119.431 E479.84728
G0 F9000 X115.949 Y118.919
G1 F2100 X113.373 Y116.343 E479.97451
G0 F9000 X113.526 Y115.902
G1 F2100 X116.169 Y118.545 E480.10504
G0 F9000 X116.509 Y118.291
G1 F2100 X113.706 Y115.488 E480.24348
G0 F9000 X113.932 Y115.12
G1 F2100 X116.956 Y118.144 E480.39283
G0 F9000 X117.55 Y118.144
G1 F2100 X114.192 Y114.786 E480.55868
G0 F9000 X114.472 Y114.472
G1 F2100 X115.894 Y115.894 E480.62891
G0 F9000 X115.871 Y115.277
G1 F2100 X114.78 Y114.186 E480.68279
G0 F9000 X115.126 Y113.938
G1 F2100 X115.87 Y114.682 E480.71954
G0 F9000 X115.868 Y114.086
G1 F2100 X115.622 Y113.84 E480.73169
G1 X115.621 Y113.839
G1 X115.491 Y113.709 E480.73811
G0 F9000 X116.206 Y116.52
G0 X116.855 Y116.855
G1 F2100 X118.164 Y118.164 E480.80276
G1 X118.238 Y118.238
G0 F9000 X118.042 Y116.855
G1 F2100 X121.065 Y119.877 E480.95203
G0 F9000 X120.81 Y120.216
G1 F2100 X117.449 Y116.855 E481.11803
G1 X117.375 Y116.781
G0 F9000 X118.52 Y116.738
G1 F2100 X121.294 Y119.513 E481.25506
G0 F9000 X121.469 Y119.093
G1 F2100 X118.867 Y116.491 E481.38357
G0 F9000 X119.116 Y116.146
G1 F2100 X121.644 Y118.675 E481.50845
G0 F9000 X121.728 Y118.164
G1 F2100 X119.221 Y115.657 E481.63227
G0 F9000 X119.221 Y115.063
G1 F2100 X121.78 Y117.622 E481.75865
G0 F9000 X121.753 Y117.001
G1 F2100 X119.221 Y114.469 E481.8837
G0 F9000 X119.31 Y113.965
G1 F2100 X121.604 Y116.258 E481.99698
G1 X121.678 Y116.332
G0 F9000 X121.051 Y115.112
G1 F2100 X119.798 Y113.859 E482.05886
G0 F9000 X119.31 Y113.964
G1 F2100 X119.221 Y113.875 E482.06326
G0 F9000 X119.211 Y119.211
G1 F2100 X120.529 Y120.529 E482.12835
G0 F9000 X120.213 Y120.807
G1 F2100 X119.218 Y119.812 E482.17749
G0 F9000 X119.219 Y120.407
G1 F2100 X119.88 Y121.067 E482.21011
G0 F9000 X119.499 Y121.281
G1 F2100 X119.221 Y121.002 E482.22387
G0 F9000 X119.274 Y121.002
;MESH:NONMESH
G0 F600 X119.274 Y121.002 Z14
G0 F9000 X118.882 Y118.48
G0 X112.953 Y117.541
G0 X112.895 Y117.54
;TIME_ELAPSED:554.869551
;LAYER:69
M204 S2000
;TYPE:WALL-INNER
;MESH:Encoder_Knob.stl
G1 F3780 X112.958 Y118.238 E482.24834
G1 X113.152 Y119.013 E482.27624
G1 X113.457 Y119.705 E482.30265
G1 X113.648 Y120.022 E482.31558
G1 X114.101 Y120.608 E482.34145
G1 X114.697 Y121.152 E482.36963
G1 X114.988 Y121.358 E482.38208
G1 X115.65 Y121.714 E482.40833
G1 X116.414 Y121.979 E482.43657
G1 X116.421 Y119.22 E482.53292
G1 X116.515 Y118.974 E482.54212
G1 X116.638 Y118.835 E482.5486
G1 X116.913 Y118.69 E482.55946
G1 X118.044 Y118.688 E482.59896
G1 X118.347 Y118.764 E482.60987
G1 X118.509 Y118.892 E482.61708
G1 X118.625 Y119.072 E482.62456
G1 X118.674 Y119.235 E482.6305
G1 X118.675 Y121.937 E482.72486
G1 X119.092 Y121.82 E482.73999
G1 X119.772 Y121.503 E482.76619
G1 X120.385 Y121.089 E482.79202
G1 X120.932 Y120.57 E482.81835
G1 X121.175 Y120.275 E482.8317
G1 X121.575 Y119.642 E482.85785
G1 X121.87 Y118.949 E482.88416
G1 X122.043 Y118.248 E482.90937
G1 X122.101 Y117.448 E482.93738
G1 X122.037 Y116.706 E482.96339
G1 X121.968 Y116.379 E482.97506
G1 X121.719 Y115.66 E483.00164
G1 X121.368 Y115.004 E483.02762
G1 X120.921 Y114.417 E483.05339
G1 X120.386 Y113.913 E483.07905
G1 X119.729 Y113.471 E483.10671
G1 X119.047 Y113.162 E483.13286
G1 X118.675 Y113.05 E483.14642
G1 X118.674 Y115.815 E483.24299
G1 X118.509 Y116.108 E483.25473
G1 X118.347 Y116.236 E483.26194
G1 X118.044 Y116.312 E483.27285
G1 X116.989 Y116.31 E483.30969
G1 X116.735 Y116.232 E483.31897
G1 X116.549 Y116.074 E483.3275
G1 X116.414 Y115.768 E483.33918
G1 X116.414 Y113.043 E483.43434
G1 X115.964 Y113.161 E483.45059
G1 X115.276 Y113.469 E483.47691
G1 X114.65 Y113.884 E483.50314
G1 X114.099 Y114.395 E483.52939
G1 X113.846 Y114.698 E483.54317
G1 X113.431 Y115.347 E483.57008
G1 X113.132 Y116.037 E483.59634
G1 X113.037 Y116.362 E483.60816
G1 X112.911 Y117.139 E483.63565
G1 X112.895 Y117.54 E483.64967
M204 S1000
G0 F9000 X112.475 Y117.551
M204 S2000
;TYPE:WALL-OUTER
G1 F2640 X112.542 Y118.308 E483.67621
G1 X112.753 Y119.15 E483.70652
G1 X113.083 Y119.899 E483.73511
G1 X113.3 Y120.26 E483.74982
G1 X113.791 Y120.894 E483.77782
G1 X114.433 Y121.48 E483.80818
G1 X114.767 Y121.716 E483.82246
G1 X115.48 Y122.1 E483.85074
G1 X116.254 Y122.368 E483.87935
G1 X116.834 Y122.466 E483.89989
G1 X116.836 Y119.285 E484.01098
G1 X116.908 Y119.157 E484.01611
G1 X117 Y119.108 E484.01975
G1 X118.044 Y119.108 E484.05621
G1 X118.199 Y119.176 E484.06212
G1 X118.251 Y119.279 E484.06615
G1 X118.254 Y122.463 E484.17734
G1 X118.471 Y122.43 E484.18501
G1 X119.238 Y122.216 E484.21282
G1 X119.98 Y121.87 E484.24141
G1 X120.649 Y121.418 E484.26961
G1 X121.24 Y120.857 E484.29806
G1 X121.516 Y120.522 E484.31322
G1 X121.948 Y119.838 E484.34148
G1 X122.27 Y119.083 E484.37014
G1 X122.459 Y118.314 E484.3978
G1 X122.523 Y117.445 E484.42823
G1 X122.453 Y116.644 E484.45631
G1 X122.373 Y116.266 E484.4698
G1 X122.105 Y115.492 E484.4984
G1 X121.722 Y114.776 E484.52676
G1 X121.234 Y114.135 E484.5549
G1 X120.649 Y113.583 E484.58299
G1 X119.934 Y113.103 E484.61306
G1 X119.198 Y112.769 E484.64129
G1 X118.821 Y112.65 E484.65509
G1 X118.255 Y112.546 E484.67519
G1 X118.255 Y115.724 E484.78618
G1 X118.126 Y115.892 E484.79357
G1 X117.025 Y115.892 E484.83202
G1 X116.879 Y115.813 E484.83782
G1 X116.837 Y115.722 E484.84132
G1 X116.834 Y112.525 E484.95297
G1 X116.614 Y112.556 E484.96073
G1 X115.824 Y112.763 E484.98925
G1 X115.072 Y113.1 E485.01803
G1 X114.39 Y113.553 E485.04662
G1 X113.794 Y114.105 E485.07499
G1 X113.507 Y114.449 E485.09064
G1 X113.059 Y115.149 E485.11966
G1 X112.736 Y115.894 E485.14802
G1 X112.627 Y116.269 E485.16166
G1 X112.492 Y117.097 E485.19096
G1 X112.475 Y117.551 E485.20682
M204 S1000
G0 F9000 X112.492 Y117.75
G0 X113.232 Y117.537
;TYPE:SKIN
G1 F2100 X113.247 Y117.173 E485.21955
G1 X113.39 Y116.286 E485.25092
G1 X113.728 Y115.507 E485.28058
G1 X114.115 Y114.902 E485.30566
G1 X114.35 Y114.621 E485.31845
G1 X114.858 Y114.15 E485.34264
G1 X115.441 Y113.763 E485.36708
G1 X116.078 Y113.478 E485.39145
G1 X116.082 Y115.829 E485.47356
G1 X116.283 Y116.279 E485.49077
G1 X116.539 Y116.503 E485.50265
G1 X116.962 Y116.646 E485.51824
G1 X118.087 Y116.642 E485.55753
G1 X118.506 Y116.529 E485.57269
G1 X118.756 Y116.336 E485.58372
G1 X118.973 Y115.951 E485.59915
G1 X119.01 Y115.733 E485.60687
G1 X119.011 Y113.516 E485.6843
G1 X119.561 Y113.765 E485.70538
G1 X120.174 Y114.175 E485.73114
G1 X120.673 Y114.647 E485.75513
G1 X121.082 Y115.183 E485.77867
G1 X121.409 Y115.796 E485.80293
G1 X121.691 Y116.608 E485.83295
G1 X121.763 Y117.44 E485.86212
G1 X121.707 Y118.204 E485.88887
G1 X121.552 Y118.836 E485.9116
G1 X121.273 Y119.489 E485.9364
G1 X120.9 Y120.08 E485.9608
G1 X120.694 Y120.33 E485.97212
G1 X120.168 Y120.83 E485.99746
G1 X119.606 Y121.208 E486.02111
G1 X119.012 Y121.487 E486.04403
G1 X119.006 Y119.173 E486.12484
G1 X118.92 Y118.916 E486.13431
G1 X118.756 Y118.664 E486.14481
G1 X118.506 Y118.471 E486.15584
G1 X118.087 Y118.358 E486.17099
G1 X116.964 Y118.354 E486.21021
G1 X116.568 Y118.479 E486.22472
G1 X116.236 Y118.791 E486.24063
G1 X116.082 Y119.197 E486.25579
G1 X116.078 Y121.507 E486.33646
G1 X115.781 Y121.403 E486.34745
G1 X115.022 Y120.993 E486.37758
G1 X114.346 Y120.376 E486.40954
G1 X113.93 Y119.839 E486.43327
G1 X113.758 Y119.552 E486.44495
G1 X113.47 Y118.9 E486.46984
G1 X113.29 Y118.178 E486.49583
G1 X113.232 Y117.537 E486.51831
G0 F9000 X113.007 Y117.525
G0 X113.293 Y116.095
G0 X114.149 Y114.509
G0 X114.482 Y114.789
G1 F2100 X114.561 Y114.71 E486.52221
G0 F9000 X114.266 Y114.391
G0 X115.359 Y113.619
G0 X116.207 Y113.288
G0 X116.304 Y114.593
G0 X115.867 Y114.593
G1 F2100 X113.492 Y116.967 E486.63948
G0 F9000 X113.448 Y117.605
G1 F2100 X115.867 Y115.186 E486.75895
G0 F9000 X115.867 Y115.78
G1 F2100 X113.499 Y118.148 E486.87591
G0 F9000 X113.617 Y118.624
G1 F2100 X116.022 Y116.22 E486.99466
G0 F9000 X116.285 Y116.55
G1 F2100 X113.772 Y119.063 E487.11878
G0 F9000 X113.954 Y119.475
G1 F2100 X116.663 Y116.766 E487.25257
G0 F9000 X117.169 Y116.855
G1 F2100 X114.191 Y119.832 E487.39962
G0 F9000 X114.45 Y120.167
G1 F2100 X117.761 Y116.856 E487.56315
G0 F9000 X118.455 Y116.756
G1 F2100 X117.067 Y118.144 E487.6317
G0 F9000 X117.663 Y118.142
G1 F2100 X120.732 Y115.073 E487.78328
G0 F9000 X120.469 Y114.742
G1 F2100 X119.138 Y116.073 E487.84901
G0 F9000 X119.219 Y115.398
G1 F2100 X120.162 Y114.455 E487.89559
G0 F9000 X119.827 Y114.196
G1 F2100 X119.219 Y114.804 E487.92561
G0 F9000 X119.22 Y114.209
G1 F2100 X119.472 Y113.957 E487.93806
G0 F9000 X119.715 Y113.595
G0 X120.588 Y114.354
G0 X121.358 Y115.22
G0 X120.973 Y115.426
G1 F2100 X118.221 Y118.178 E488.07398
G0 F9000 X118.662 Y118.331
G1 F2100 X121.179 Y115.814 E488.19829
G0 F9000 X121.342 Y116.245
G1 F2100 X118.971 Y118.616 E488.31539
G0 F9000 X119.173 Y119.008
G1 F2100 X121.487 Y116.694 E488.42968
G0 F9000 X121.533 Y117.241
G1 F2100 X119.221 Y119.554 E488.54389
G0 F9000 X119.221 Y120.148
G1 F2100 X121.521 Y117.848 E488.65748
G0 F9000 X121.402 Y118.561
G1 F2100 X119.221 Y120.742 E488.7652
G0 F9000 X119.596 Y120.961
G1 F2100 X120.944 Y119.612 E488.8318
G1 X121.018 Y119.538
G0 F9000 X121.369 Y119.76
G0 X120.807 Y120.453
G0 X119.687 Y121.354
G0 X118.861 Y121.691
G0 X118.482 Y118.88
G0 X116.606 Y118.88
G0 X115.873 Y119.338
G1 F2100 X114.75 Y120.461 E488.88726
G0 F9000 X115.061 Y120.744
G1 F2100 X115.871 Y119.934 E488.92727
G0 F9000 X115.868 Y120.531
G1 F2100 X115.427 Y120.972 E488.94905
G0 F9000 X115.219 Y121.357
G0 X114.227 Y120.492
G0 X113.609 Y119.626
G0 X113.126 Y118.209
G0 X113.09 Y117.357
G0 X113.25 Y116.044
G0 X113.649 Y116.217
G1 F2100 X115.867 Y113.999 E489.05859
G1 X115.941 Y113.925
;TIME_ELAPSED:563.379477
G1 F1500 E488.05859
M140 S0
M107
G91 ;Relative positionning
G1 E-2 F2700 ;Retract a bit
G1 E-8 X5 Y5 Z3 F3000 ;Retract
G90 ;Absolute positionning
G1 X0 Y235 ;Present print
M106 S0 ;Turn-off fan
M104 S0 ;Turn-off hotend
M140 S0 ;Turn-off bed
M84 X Y E ;Disable all steppers but Z
M82 ;absolute extrusion mode
M104 S0
;End of Gcode
;SETTING_3 {"global_quality": "[general]\\nversion = 4\\nname = Fast #2\\ndefini
;SETTING_3 tion = elegoo_neptune_3pro\\n\\n[metadata]\\ntype = quality_changes\\
;SETTING_3 nquality_type = Elegoo_layer_020\\nsetting_version = 22\\n\\n[values]
;SETTING_3 \\nadhesion_type = none\\nmaterial_bed_temperature = 65\\nmaterial_be
;SETTING_3 d_temperature_layer_0 = 70\\nsupport_enable = True\\nsupport_structur
;SETTING_3 e = normal\\nsupport_type = buildplate\\n\\n", "extruder_quality": ["
;SETTING_3 [general]\\nversion = 4\\nname = Fast #2\\ndefinition = elegoo_neptun
;SETTING_3 e_3pro\\n\\n[metadata]\\ntype = quality_changes\\nquality_type = Eleg
;SETTING_3 oo_layer_020\\nintent_category = default\\nposition = 0\\nsetting_ver
;SETTING_3 sion = 22\\n\\n[values]\\ninfill_pattern = gyroid\\ninfill_sparse_den
;SETTING_3 sity = 5\\nmaterial_print_temperature = 215.0\\nsupport_infill_rate =
;SETTING_3  30\\n\\n"]}
