;FLAVOR:Marlin
;TIME:2351
;Filament used: 2.39976m
;Layer height: 0.2
;MINX:40.263
;MINY:67.518
;MINZ:0.2
;MAXX:194.737
;MAXY:167.483
;MAXZ:1
;TARGET_MACHINE.NAME:ELEGOO NEPTUNE 3 Pro
;Generated with Cura_SteamEngine 5.5.0
M140 S70
M105
M190 S70
M104 S215
M105
M109 S215
M82 ;absolute extrusion mode
;ELEGOO NEPTUNE 3 Pro
M220 S100 ;Set the feed speed to 100%
M221 S100 ;Set the flow rate to 100%
G90
G28 ;home
;M420 S1 Z10;Uncomment to enable progressive compensation height of 10mm
G92 E0 ;Reset Extruder
G1 Z0.45 F300
G1 X1.5 Y20 F5000.0 ;Move to start position
G1 Y120.0 F600.0 E15 ;Draw the first line
G1 X0.5 F1000.0 ;Move to side a little
G1 Y20 F600 E30 ;Draw the second line
G92 E0 ;Reset Extruder
G92 E0
G92 E0
G1 F1500 E-1
;LAYER_COUNT:5
;LAYER:0
M107
M204 S500
;MESH:FacePlateCover.stl
G0 F6000 X40.873 Y114.828 Z0.2
;TYPE:WALL-INNER
G1 F1500 E0
G1 F1800 X40.873 Y142.47 E1.25495
G1 X40.981 Y144.792 E1.36048
G1 X41.297 Y147.042 E1.46363
G1 X41.835 Y149.306 E1.56928
G1 X42.561 Y151.456 E1.67231
G1 X43.503 Y153.566 E1.77722
G1 X44.628 Y155.562 E1.88124
G1 X45.943 Y157.459 E1.98603
G1 X47.401 Y159.187 E2.08867
G1 X49.051 Y160.807 E2.19366
G1 X50.824 Y162.245 E2.2973
G1 X52.711 Y163.503 E2.40026
G1 X54.717 Y164.582 E2.50367
G1 X56.832 Y165.47 E2.60781
G1 X58.993 Y166.146 E2.71061
G1 X61.21 Y166.615 E2.81349
G1 X63.474 Y166.874 E2.91695
G1 X67.062 Y166.874 E3.07984
G1 X67.062 Y130.104 E4.7492
G1 X67.158 Y129.848 E4.76161
G1 X67.316 Y129.64 E4.77347
G1 X67.566 Y129.477 E4.78702
G1 X67.781 Y129.415 E4.79718
G1 X166.422 Y129.415 E9.27549
G1 X166.738 Y129.477 E9.29011
G1 X166.988 Y129.64 E9.30366
G1 X167.145 Y129.848 E9.31549
G1 X167.241 Y130.105 E9.32795
G1 X167.241 Y166.874 E10.99726
G1 X171.526 Y166.874 E11.1918
G1 X173.79 Y166.615 E11.29526
G1 X176.007 Y166.146 E11.39814
G1 X178.169 Y165.47 E11.50098
G1 X180.283 Y164.582 E11.60508
G1 X182.289 Y163.503 E11.70849
G1 X184.176 Y162.245 E11.81145
G1 X185.949 Y160.807 E11.91509
G1 X187.599 Y159.187 E12.02007
G1 X189.057 Y157.459 E12.12272
G1 X190.372 Y155.562 E12.22751
G1 X191.497 Y153.566 E12.33153
G1 X192.439 Y151.456 E12.43644
G1 X193.165 Y149.306 E12.53947
G1 X193.703 Y147.042 E12.64511
G1 X194.019 Y144.792 E12.74827
G1 X194.128 Y142.455 E12.85448
G1 X194.128 Y114.825 E14.10889
G1 X193.747 Y115.279 E14.13579
G1 X193.258 Y115.617 E14.16278
G1 X192.68 Y115.827 E14.1907
G1 X192.086 Y115.876 E14.21776
G1 X191.488 Y115.77 E14.24533
G1 X191.02 Y115.566 E14.26851
G1 X190.532 Y115.195 E14.29634
G1 X190.166 Y114.695 E14.32447
G1 X189.945 Y114.171 E14.35029
G1 X189.866 Y113.566 E14.37799
G1 X189.958 Y112.932 E14.40708
G1 X190.184 Y112.401 E14.43328
G1 X190.493 Y111.987 E14.45673
G1 X191.019 Y111.562 E14.48743
G1 X191.6 Y111.309 E14.5162
G1 X192.294 Y111.252 E14.54782
G1 X192.892 Y111.358 E14.57539
G1 X193.436 Y111.614 E14.60269
G1 X193.748 Y111.851 E14.62047
G1 X194.128 Y112.303 E14.64728
G1 X194.128 Y75.437 E16.321
G1 X194.036 Y74.254 E16.37487
G1 X193.773 Y73.146 E16.42657
G1 X193.339 Y72.089 E16.47845
G1 X192.749 Y71.115 E16.53015
G1 X192.024 Y70.258 E16.58111
G1 X191.159 Y69.511 E16.633
G1 X190.204 Y68.919 E16.68401
G1 X189.159 Y68.484 E16.7354
G1 X188.066 Y68.217 E16.78648
G1 F1854.3 X186.918 Y68.111 E16.83729
G1 F1908.3 X129.807 Y68.111 E19.28292
G1 F1850.8 X129.099 Y68.126 E19.31419
G1 F1800 X106.165 Y68.126 E20.35539
G1 F1850.8 X105.457 Y68.111 E20.38666
G1 F1901 X76.799 Y68.111 E21.61863
G1 F1893.6 X48.141 Y68.111 E22.85537
G1 F1843.9 X46.934 Y68.217 E22.90907
G1 F1800 X45.841 Y68.484 E22.96015
G1 X44.796 Y68.919 E23.01154
G1 X43.841 Y69.511 E23.06255
G1 X42.976 Y70.258 E23.11444
G1 X42.252 Y71.115 E23.16537
G1 X41.661 Y72.089 E23.2171
G1 X41.227 Y73.146 E23.26897
G1 X40.964 Y74.254 E23.32067
G1 X40.872 Y75.437 E23.37454
G1 X40.873 Y112.3 E25.04813
G1 X41.252 Y111.851 E25.0748
G1 X41.744 Y111.509 E25.102
G1 X42.32 Y111.301 E25.12981
G1 X42.914 Y111.252 E25.15687
G1 X43.512 Y111.358 E25.18444
G1 X43.974 Y111.558 E25.2073
G1 X44.467 Y111.933 E25.23542
G1 X44.817 Y112.402 E25.26199
G1 X45.064 Y112.979 E25.29048
G1 X45.127 Y113.621 E25.31977
G1 X45.061 Y114.126 E25.34289
G1 X44.815 Y114.741 E25.37296
G1 X44.427 Y115.227 E25.40119
G1 X43.98 Y115.566 E25.42666
G1 X43.4 Y115.819 E25.45539
G1 X42.706 Y115.876 E25.48701
G1 X42.108 Y115.77 E25.51458
G1 X41.562 Y115.515 E25.54194
G1 X41.094 Y115.122 E25.56968
G1 X40.873 Y114.828 E25.58638
G1 F1500 E24.58638
G0 F6000 X40.913 Y114.882
G0 X41.062 Y138.391
G0 X52.601 Y139.366
G0 X53.073 Y138.391
G0 X53.154 Y138.423
G1 F1500 E25.58638
G1 F1800 X53.797 Y137.528 E25.63641
G1 X54.629 Y136.837 E25.68551
G1 X55.637 Y136.365 E25.73605
G1 X56.682 Y136.166 E25.78434
G1 X57.789 Y136.239 E25.83471
G1 X58.795 Y136.573 E25.88283
G1 X59.715 Y137.148 E25.93209
G1 X60.459 Y137.937 E25.98132
G1 X60.98 Y138.889 E26.03059
G1 X61.25 Y139.939 E26.07981
G1 X61.25 Y141.01 E26.12844
G1 X60.98 Y142.074 E26.17827
G1 X60.457 Y143.027 E26.22763
G1 X59.71 Y143.81 E26.27676
G1 X58.823 Y144.38 E26.32463
G1 X57.753 Y144.731 E26.37575
G1 X56.704 Y144.797 E26.42347
G1 X55.631 Y144.597 E26.47302
G1 X54.634 Y144.126 E26.52308
G1 X53.804 Y143.445 E26.57183
G1 X53.16 Y142.551 E26.62185
G1 X52.772 Y141.571 E26.6697
G1 X52.631 Y140.479 E26.71969
G1 X52.773 Y139.409 E26.76869
G1 X53.154 Y138.423 E26.81668
G1 F1500 E25.81668
G0 F6000 X53.073 Y138.391
G0 X53.782 Y137.499
G0 X54.623 Y136.804
G0 X55.612 Y136.338
G0 X56.684 Y136.134
G0 X57.566 Y136.189
G0 X58.87 Y136.413
G0 X66.873 Y136.413
G0 X67.443 Y135.231
G0 X66.901 Y166.713
G0 X63.483 Y166.724
G0 X61.235 Y166.467
G0 X59.031 Y166.001
G0 X56.884 Y165.33
G0 X54.782 Y164.447
G0 X52.789 Y163.375
G0 X50.913 Y162.125
G0 X49.151 Y160.695
G0 X47.51 Y159.085
G0 X46.062 Y157.368
G0 X44.756 Y155.483
G0 X43.637 Y153.498
G0 X42.701 Y151.401
G0 X41.978 Y149.265
G0 X41.444 Y147.014
G0 X41.13 Y144.778
G0 X41.023 Y142.466
G0 X41.028 Y115.471
G0 X44.06 Y115.692
G0 X45.212 Y112.944
G0 X42.941 Y111.105
G0 X41.152 Y111.727
G0 X41.022 Y75.444
G0 X41.113 Y74.277
G0 X41.37 Y73.192
G0 X41.796 Y72.156
G0 X42.374 Y71.203
G0 X43.082 Y70.364
G0 X43.93 Y69.631
G0 X44.864 Y69.053
G0 X45.888 Y68.626
G0 X46.957 Y68.366
G0 X48.302 Y68.257
G0 X47.338 Y69.445
G0 X47.727 Y89.257
G0 X56.377 Y89.461
G0 X56.69 Y108.183
G0 X62.877 Y108.461
G0 X63.304 Y127.276
G0 X102.395 Y126.919
G0 X102.395 Y106.993
G0 X96.367 Y106.612
G0 X96.276 Y106.612
G1 F1500 E26.81668
G1 F1800 X101.957 Y106.611 E27.0746
G1 X102.299 Y106.782 E27.09196
G1 X101.613 Y105.248 E27.16825
G1 X101.055 Y103.454 E27.25355
G1 X100.679 Y101.401 E27.3483
G1 X100.566 Y99.481 E27.43562
G1 X100.691 Y97.463 E27.52742
G1 X101.056 Y95.504 E27.61789
G1 X101.613 Y93.714 E27.703
G1 X102.467 Y91.819 E27.79736
G1 X103.492 Y90.135 E27.88686
G1 X104.145 Y89.301 E27.93495
G1 X96.277 Y89.301 E28.29216
G1 X96.276 Y106.612 E29.07808
G1 F1500 E28.07808
G0 F6000 X96.367 Y106.612
G0 X102.395 Y106.993
G0 X102.395 Y126.919
G0 X63.419 Y126.919
G0 X63.419 Y107.919
G0 X56.919 Y107.919
G0 X56.377 Y89.461
G0 X47.513 Y88.885
G0 X47.623 Y88.932
G1 F1500 E29.07808
G1 F1800 X47.488 Y88.581 E29.09516
G1 X47.488 Y69.431 E29.96457
G1 X47.569 Y69.073 E29.98123
G1 F1840.4 X48.128 Y68.627 E30.01298
G1 F1890 X76.793 Y68.627 E31.25241
G1 F1901 X105.458 Y68.627 E32.48468
G1 F1850.8 X105.949 Y68.775 E32.50732
G1 F1800 X106.213 Y69.116 E32.5269
G1 X106.276 Y69.431 E32.54148
G1 X106.277 Y87.06 E33.34184
G1 X107.61 Y86.016 E33.41871
G1 X109.295 Y84.991 E33.50825
G1 X111.19 Y84.137 E33.60262
G1 X112.98 Y83.58 E33.68773
G1 X114.967 Y83.21 E33.77949
G1 X116.957 Y83.09 E33.87
G1 X118.975 Y83.215 E33.96179
G1 X120.934 Y83.581 E34.05227
G1 X122.724 Y84.137 E34.13737
G1 X124.532 Y84.946 E34.22729
G1 X126.308 Y86.019 E34.3215
G1 X127.792 Y87.18 E34.40704
G1 X128.988 Y88.369 E34.4836
G1 X128.988 Y69.431 E35.34339
G1 X129.051 Y69.116 E35.35797
G1 X129.315 Y68.775 E35.37755
G1 F1847.4 X129.686 Y68.627 E35.39522
G1 F1897.3 X187.129 Y68.628 E37.8694
G1 F1847.4 X187.62 Y68.947 E37.8953
G1 F1800 X187.776 Y69.431 E37.91839
G1 X187.776 Y88.595 E38.78844
G1 X187.714 Y88.797 E38.79803
G1 X187.551 Y89.046 E38.81154
G1 X187.238 Y89.251 E38.82853
G1 X187.044 Y89.296 E38.83757
G1 X177.776 Y89.3 E39.25834
G1 X177.774 Y107.606 E40.08943
G1 X177.693 Y107.843 E40.1008
G1 X177.427 Y108.153 E40.11935
G1 X177.06 Y108.294 E40.1372
G1 X171.776 Y108.3 E40.37709
G1 X171.775 Y126.536 E41.20501
G1 X171.641 Y126.934 E41.22407
G1 X171.371 Y127.189 E41.24093
G1 X171.208 Y127.261 E41.24902
G1 X170.957 Y127.3 E41.26055
G1 X132.857 Y127.3 E42.9903
G1 X132.541 Y127.238 E43.00492
G1 X132.291 Y127.075 E43.01847
G1 X132.134 Y126.867 E43.0303
G1 F1790.2 X132.038 Y126.61 E43.04282
G1 F1767.6 X132.033 Y107.276 E43.93666
G1 F1748.8 X132.102 Y107.09 E43.94593
G1 F1770.8 X132.383 Y106.762 E43.96587
G1 F1800 X132.857 Y106.612 E43.98844
G1 X138.038 Y106.612 E44.22366
G1 X138.038 Y89.3 E45.00962
G1 X129.767 Y89.3 E45.38513
G1 X130.478 Y90.216 E45.43777
G1 X131.49 Y91.902 E45.52705
G1 X132.303 Y93.717 E45.61734
G1 X132.86 Y95.506 E45.7024
G1 X133.235 Y97.56 E45.79719
G1 X133.35 Y99.481 E45.88456
G1 X133.223 Y101.5 E45.97641
G1 X132.875 Y103.399 E46.06406
G1 X132.267 Y105.338 E46.15632
G1 X131.829 Y106.304 E46.20447
G1 F1755 X131.503 Y107.065 E46.24302
G1 X130.419 Y108.832 E46.33955
G1 F1800 X129.257 Y110.316 E46.42512
G1 X127.867 Y111.716 E46.51469
G1 X126.308 Y112.943 E46.60476
G1 X124.535 Y114.014 E46.6988
G1 X122.721 Y114.827 E46.78905
G1 X120.932 Y115.384 E46.87411
G1 X118.878 Y115.759 E46.9689
G1 X116.957 Y115.873 E47.05627
G1 X114.938 Y115.747 E47.14811
G1 X112.982 Y115.384 E47.23843
G1 X111.193 Y114.827 E47.3235
G1 X109.378 Y114.014 E47.41379
G1 X107.611 Y112.945 E47.50755
G1 X106.044 Y111.712 E47.59807
G1 X104.722 Y110.391 E47.68292
G1 X103.439 Y108.752 E47.77742
G1 X102.776 Y107.651 E47.83577
G1 X102.776 Y126.611 E48.69655
G1 X102.68 Y126.867 E48.70897
G1 X102.522 Y127.075 E48.72082
G1 X102.272 Y127.238 E48.73437
G1 X102.057 Y127.3 E48.74453
G1 X63.857 Y127.3 E50.47882
G1 X63.578 Y127.252 E50.49167
G1 X63.386 Y127.152 E50.5015
G1 X63.223 Y127 E50.51162
G1 X63.116 Y126.833 E50.52062
G1 X63.038 Y126.594 E50.53203
G1 X63.038 Y108.3 E51.36258
G1 X57.271 Y108.296 E51.6244
G1 X56.874 Y108.144 E51.6437
G1 X56.727 Y108.006 E51.65286
G1 X56.61 Y107.819 E51.66287
G1 X56.538 Y107.506 E51.67745
G1 X56.538 Y89.3 E52.50401
G1 X48.22 Y89.296 E52.88165
G1 X48.026 Y89.251 E52.89069
G1 X47.815 Y89.137 E52.90158
G1 X47.623 Y88.932 E52.91433
G0 F6000 X48.143 Y88.7
;TYPE:WALL-OUTER
G1 F1800 X48.038 Y88.529 E52.92344
G1 X48.034 Y69.431 E53.79049
G1 X48.061 Y69.311 E53.79607
G1 X48.249 Y69.158 E53.80708
G1 X105.457 Y69.158 E56.40433
G1 X105.621 Y69.212 E56.41216
G1 X105.73 Y69.353 E56.42026
G1 X105.731 Y87.347 E57.23718
G1 F1957.8 X105.671 Y88.481 E57.28459
G1 X106.43 Y87.636 E57.332
G1 F1800 X107.947 Y86.446 E57.41953
G1 X109.577 Y85.459 E57.50604
G1 X111.352 Y84.659 E57.59443
G1 X113.174 Y84.094 E57.68104
G1 X115.047 Y83.75 E57.7675
G1 X116.94 Y83.636 E57.85359
G1 X118.844 Y83.748 E57.94018
G1 X120.74 Y84.094 E58.02768
G1 X122.562 Y84.659 E58.11429
G1 X124.337 Y85.459 E58.20268
G1 X125.972 Y86.449 E58.28946
G1 X127.456 Y87.61 E58.375
G1 F1718.2 X128.699 Y88.815 E58.45734
G1 F1521.4 X128.882 Y88.934 E58.46907
G1 F1428.5 X129.08 Y89.197 E58.4879
G1 F1600.7 X129.362 Y89.667 E58.51588
G1 F1800 X130.01 Y90.498 E58.56372
G1 X130.977 Y92.098 E58.6486
G1 X131.781 Y93.879 E58.73731
G1 X132.346 Y95.7 E58.82388
G1 X132.69 Y97.593 E58.91123
G1 X132.804 Y99.481 E58.9971
G1 X132.69 Y101.369 E59.08297
G1 X132.343 Y103.275 E59.17092
G1 X131.781 Y105.083 E59.25688
G1 X130.977 Y106.864 E59.3456
G1 X129.989 Y108.496 E59.43221
G1 X128.827 Y109.98 E59.51778
G1 X127.481 Y111.33 E59.60433
G1 X125.972 Y112.513 E59.69138
G1 X124.34 Y113.501 E59.77799
G1 X122.559 Y114.305 E59.86671
G1 X120.738 Y114.87 E59.95327
G1 X118.845 Y115.214 E60.04062
G1 X116.94 Y115.327 E60.12726
G1 X115.036 Y115.21 E60.21386
G1 X113.176 Y114.87 E60.29971
G1 X111.355 Y114.305 E60.38627
G1 X109.574 Y113.501 E60.47498
G1 X107.974 Y112.534 E60.55986
G1 X106.43 Y111.326 E60.64886
G1 X105.108 Y110.005 E60.73371
G1 X103.925 Y108.496 E60.82076
G1 F1715.2 X103.106 Y107.195 E60.89401
G1 F1505.1 X102.847 Y106.864 E60.91683
G1 F1570 X102.61 Y106.146 E60.95618
G1 F1800 X102.135 Y105.086 E61.00892
G1 X101.577 Y103.294 E61.09413
G1 X101.224 Y101.368 E61.18303
G1 X101.112 Y99.464 E61.26962
G1 X101.228 Y97.561 E61.35617
G1 X101.57 Y95.698 E61.44217
G1 X102.135 Y93.876 E61.52877
G1 X102.935 Y92.101 E61.61716
G1 X103.922 Y90.471 E61.70368
G1 X105.112 Y88.954 E61.79121
G1 X105.313 Y88.755 E61.80405
G1 X95.731 Y88.755 E62.23907
G1 X95.73 Y107.158 E63.07457
G1 X101.957 Y107.157 E63.35728
G1 F1570 X102.241 Y107.22 E63.37242
G1 F1394 X102.288 Y107.302 E63.37796
G1 F1505.1 X102.257 Y107.431 E63.38516
G1 F1715.2 X102.231 Y108.936 E63.45688
G1 F1800 X102.224 Y126.542 E64.2562
G1 X102.146 Y126.679 E64.26335
G1 X102.005 Y126.75 E64.27052
G1 X63.805 Y126.75 E66.0048
G1 X63.67 Y126.681 E66.01169
G1 X63.588 Y126.533 E66.01937
G1 X63.584 Y107.754 E66.87194
G1 X57.328 Y107.753 E67.15596
G1 X57.156 Y107.667 E67.16469
G1 X57.085 Y107.512 E67.17243
G1 X57.084 Y88.754 E68.02404
G1 X48.278 Y88.753 E68.42384
G1 X48.143 Y88.7 E68.43042
G0 F6000 X48.038 Y88.529
G1 F1500 E67.43042
G0 F6000 X47.399 Y88.529
G0 X47.433 Y69.022
G0 X48.313 Y68.471
G0 X46.957 Y68.366
G0 X45.888 Y68.626
G0 X44.864 Y69.053
G0 X43.93 Y69.631
G0 X43.082 Y70.364
G0 X42.374 Y71.203
G0 X41.796 Y72.156
G0 X41.37 Y73.192
G0 X41.113 Y74.277
G0 X41.022 Y75.444
G0 X40.888 Y106.321
G0 X40.895 Y114.894
G0 X41.034 Y113.992
G1 F1500 E68.43042
G1 F1528.5 X40.998 Y113.524 E68.45552
G1 X41.034 Y113.136 E68.47635
G1 F1635.3 X41.294 Y112.648 E68.50398
G1 F1800 X41.583 Y112.285 E68.52505
G1 X41.954 Y112.013 E68.54593
G1 X42.389 Y111.843 E68.56714
G1 X42.845 Y111.794 E68.58796
G1 X43.302 Y111.862 E68.60894
G1 X43.698 Y112.03 E68.62847
G1 X44.058 Y112.304 E68.649
G1 X44.345 Y112.676 E68.67034
G1 X44.524 Y113.108 E68.69157
G1 X44.582 Y113.583 E68.71329
G1 X44.525 Y114.02 E68.7333
G1 X44.338 Y114.462 E68.75509
G1 X44.056 Y114.826 E68.77599
G1 X43.7 Y115.097 E68.7963
G1 X43.231 Y115.285 E68.81924
G1 X42.775 Y115.334 E68.84007
G1 X42.318 Y115.266 E68.86104
G1 X41.892 Y115.079 E68.88216
G1 X41.53 Y114.792 E68.90314
G1 X41.295 Y114.482 E68.9208
G1 F1635.3 X41.034 Y113.992 E68.94854
G0 F6000 X41.019 Y113.793
G0 X40.895 Y114.894
G0 X40.326 Y114.609
G1 F1800 X40.327 Y142.483 E70.21402
G1 X40.437 Y144.843 E70.32128
G1 X40.76 Y147.143 E70.42673
G1 X41.309 Y149.457 E70.5347
G1 X42.052 Y151.655 E70.64004
G1 X43.015 Y153.812 E70.74728
G1 X44.165 Y155.852 E70.8536
G1 X45.509 Y157.791 E70.96071
G1 X47 Y159.559 E71.06571
G1 X48.687 Y161.215 E71.17303
G1 X50.5 Y162.685 E71.279
G1 X52.43 Y163.972 E71.38432
G1 X54.481 Y165.075 E71.49005
G1 X56.644 Y165.984 E71.59657
G1 X58.855 Y166.675 E71.70173
G1 X61.122 Y167.155 E71.80694
G1 X63.443 Y167.42 E71.91299
G1 X67.608 Y167.42 E72.10209
G1 X67.614 Y130.173 E73.7931
G1 X67.692 Y130.036 E73.80026
G1 X67.833 Y129.965 E73.80743
G1 X166.498 Y129.961 E78.28683
G1 X166.611 Y130.036 E78.29298
G1 X166.689 Y130.174 E78.30018
G1 X166.695 Y167.42 E79.99115
G1 X171.557 Y167.42 E80.21189
G1 X173.878 Y167.155 E80.31795
G1 X176.145 Y166.675 E80.42315
G1 X178.357 Y165.984 E80.52836
G1 X180.519 Y165.075 E80.63484
G1 X182.57 Y163.972 E80.74057
G1 X184.5 Y162.685 E80.84588
G1 X186.313 Y161.215 E80.95185
G1 X188 Y159.559 E81.05917
G1 X189.491 Y157.791 E81.16417
G1 X190.835 Y155.852 E81.27128
G1 X191.985 Y153.812 E81.3776
G1 X192.948 Y151.655 E81.48485
G1 X193.691 Y149.457 E81.59018
G1 X194.24 Y147.143 E81.69815
G1 X194.563 Y144.843 E81.8036
G1 X194.674 Y142.467 E81.91159
G1 X194.674 Y114.609 E83.17634
G1 F1635.3 X194.619 Y114.063 E83.20377
G1 F1498.2 X194.619 Y113.095 E83.25657
G1 F1635.3 X194.674 Y112.522 E83.28533
G1 F1800 X194.674 Y75.416 E84.96995
G1 X194.577 Y74.169 E85.02673
G1 X194.294 Y72.978 E85.08231
G1 X193.828 Y71.842 E85.13806
G1 X193.193 Y70.795 E85.19365
G1 X192.414 Y69.873 E85.24845
G1 X191.483 Y69.069 E85.3043
G1 X190.454 Y68.432 E85.35924
G1 X189.33 Y67.964 E85.41452
G1 X188.153 Y67.676 E85.46953
G1 X186.949 Y67.581 E85.52436
G1 X48.051 Y67.581 E91.83034
G1 X46.847 Y67.676 E91.88517
G1 X45.67 Y67.964 E91.94019
G1 X44.546 Y68.432 E91.99546
G1 X43.517 Y69.069 E92.05041
G1 X42.586 Y69.873 E92.10625
G1 X41.807 Y70.795 E92.16105
G1 X41.172 Y71.842 E92.21664
G1 X40.706 Y72.978 E92.27239
G1 X40.423 Y74.169 E92.32797
G1 X40.326 Y75.416 E92.38475
G1 X40.327 Y112.522 E94.06937
G1 F1635.3 X40.381 Y113.095 E94.09813
G1 F1498.2 X40.381 Y114.033 E94.14929
G1 F1635.3 X40.326 Y114.609 E94.17821
G0 F6000 X40.326 Y114.809
G1 F1500 E93.17821
G0 F6000 X40.865 Y114.883
G0 X41.062 Y138.429
G0 X52.601 Y139.366
G0 X53.058 Y138.429
G0 X53.649 Y138.663
G1 F1500 E94.17821
G1 F1800 X54.216 Y137.887 E94.22184
G1 X54.943 Y137.291 E94.26452
G1 X55.814 Y136.886 E94.30813
G1 X56.718 Y136.715 E94.3499
G1 X57.661 Y136.774 E94.3928
G1 X58.563 Y137.067 E94.43585
G1 X59.365 Y137.573 E94.47891
G1 X60.014 Y138.261 E94.52185
G1 X60.468 Y139.09 E94.56476
G1 X60.704 Y140.009 E94.60783
G1 X60.704 Y140.952 E94.65065
G1 X60.467 Y141.874 E94.69387
G1 X60.014 Y142.701 E94.73667
G1 X59.364 Y143.388 E94.77961
G1 X58.562 Y143.895 E94.82269
G1 X57.672 Y144.186 E94.8652
G1 X56.715 Y144.247 E94.90874
G1 X55.791 Y144.071 E94.95144
G1 X54.94 Y143.669 E94.99417
G1 X54.207 Y143.066 E95.03726
G1 X53.653 Y142.306 E95.07996
G1 X53.3 Y141.41 E95.12368
G1 X53.184 Y140.481 E95.16618
G1 X53.302 Y139.545 E95.20902
G1 X53.649 Y138.663 E95.25205
G0 F6000 X53.767 Y138.502
G1 F1500 E94.25205
G0 F6000 X53.252 Y138.128
G0 X54.623 Y136.804
G0 X55.612 Y136.338
G0 X56.684 Y136.134
G0 X57.566 Y136.189
G0 X58.87 Y136.413
G0 X66.873 Y130.079
G0 X67.765 Y129.265
G0 X71.577 Y126.912
G0 X102.395 Y126.919
G0 X102.769 Y106.927
G0 X103.771 Y108.582
G0 X104.965 Y110.106
G0 X106.333 Y111.473
G0 X107.856 Y112.667
G0 X109.511 Y113.669
G0 X111.275 Y114.463
G0 X113.123 Y115.038
G0 X115.026 Y115.387
G0 X116.957 Y115.505
G0 X118.888 Y115.387
G0 X120.791 Y115.038
G0 X122.639 Y114.463
G0 X124.403 Y113.669
G0 X126.058 Y112.667
G0 X127.582 Y111.473
G0 X128.949 Y110.106
G0 X130.143 Y108.582
G0 X131.145 Y106.927
G0 X131.939 Y105.163
G0 X132.514 Y103.315
G0 X132.863 Y101.412
G0 X132.981 Y99.481
G0 X132.863 Y97.55
G0 X132.514 Y95.647
G0 X131.939 Y93.799
G0 X131.295 Y92.37
G0 X128.959 Y88.302
G0 X129.481 Y88.601
G1 F1500 E95.25205
G1 F1521.4 X129.508 Y88.481 E95.25865
G1 F1718.2 X129.534 Y86.783 E95.33942
G1 F1800 X129.534 Y69.353 E96.13075
G1 X129.643 Y69.212 E96.13884
G1 X129.76 Y69.161 E96.14463
G1 X187.015 Y69.158 E98.74401
G1 X187.178 Y69.269 E98.75297
G1 X187.23 Y69.431 E98.76069
G1 X187.225 Y88.536 E99.62806
G1 X187.155 Y88.67 E99.63492
G1 X187.028 Y88.753 E99.64181
G1 X177.23 Y88.754 E100.08664
G1 X177.23 Y107.503 E100.93785
G1 X177.174 Y107.648 E100.9449
G1 X176.992 Y107.752 E100.95442
G1 X171.23 Y107.754 E101.21602
G1 X171.23 Y126.5 E102.06709
G1 X171.176 Y126.646 E102.07415
G1 X171.004 Y126.751 E102.0833
G1 X132.781 Y126.754 E103.81863
G1 X132.668 Y126.679 E103.82479
G1 X132.59 Y126.541 E103.83198
G1 X132.585 Y107.402 E104.7009
G1 X132.699 Y107.208 E104.71111
G1 X132.857 Y107.158 E104.71864
G1 X138.584 Y107.158 E104.97864
G1 X138.584 Y88.754 E105.81419
G1 F1774 X136.336 Y88.754 E105.91774
G1 F1721.2 X134.088 Y88.754 E106.02447
G1 F1671.4 X131.84 Y88.754 E106.13438
G1 F1624.5 X129.592 Y88.754 E106.24747
G1 F1502.8 X129.481 Y88.601 E106.25775
G0 F6000 X129.508 Y88.481
G0 X129.509 Y88.404
G1 F1500 E105.25775
G0 F6000 X128.959 Y88.302
G0 X137.877 Y89.461
G0 X138.419 Y106.993
G0 X132.419 Y106.993
G0 X132.419 Y126.919
G0 X171.395 Y126.919
G0 X171.395 Y107.919
G0 X177.824 Y107.914
G0 X177.937 Y89.461
G0 X187.764 Y89.016
G0 X187.739 Y68.865
G0 X160.146 Y68.484
G0 X187.263 Y68.277
G0 X189.112 Y68.627
G0 X190.136 Y69.053
G0 X191.07 Y69.632
G0 X191.918 Y70.364
G0 X192.626 Y71.203
G0 X193.205 Y72.156
G0 X193.63 Y73.192
G0 X193.887 Y74.277
G0 X193.978 Y75.444
G0 X193.973 Y111.66
G0 X191.198 Y111.481
G0 X189.789 Y113.464
G0 X190.418 Y113.548
G1 F1500 E106.25775
G1 F1800 X190.471 Y113.126 E106.27706
G1 X190.656 Y112.676 E106.29915
G1 X190.94 Y112.306 E106.32032
G1 X191.299 Y112.031 E106.34086
G1 X191.769 Y111.843 E106.36384
G1 X192.225 Y111.794 E106.38466
G1 X192.682 Y111.862 E106.40563
G1 X193.106 Y112.048 E106.42666
G1 X193.417 Y112.285 E106.44441
G1 X193.705 Y112.648 E106.46544
G1 F1635.3 X193.966 Y113.136 E106.4931
G1 F1526.1 X194.002 Y113.524 E106.51397
G1 X193.965 Y114.007 E106.53991
G1 F1635.3 X193.705 Y114.481 E106.56692
G1 F1800 X193.47 Y114.792 E106.58462
G1 X193.107 Y115.079 E106.60563
G1 X192.611 Y115.285 E106.63001
G1 X192.155 Y115.334 E106.65083
G1 X191.698 Y115.266 E106.67181
G1 X191.3 Y115.097 E106.69144
G1 X190.943 Y114.825 E106.71182
G1 X190.662 Y114.462 E106.73266
G1 X190.472 Y114.006 E106.75509
G1 X190.418 Y113.548 E106.77602
G0 F6000 X190.442 Y113.35
G1 F1500 E105.77602
G0 F6000 X189.812 Y113.266
G0 X190.417 Y111.837
G0 X191.685 Y111.153
G0 X193.299 Y111.365
G0 X193.978 Y75.444
G0 X193.887 Y74.277
G0 X193.63 Y73.192
G0 X193.205 Y72.156
G0 X192.626 Y71.203
G0 X191.918 Y70.364
G0 X191.07 Y69.632
G0 X190.136 Y69.053
G0 X189.112 Y68.627
G0 X188.045 Y68.366
G0 X47.997 Y68.265
G0 X46.957 Y68.366
G0 X45.888 Y68.626
G0 X44.864 Y69.053
G0 X43.93 Y69.631
G0 X43.082 Y70.364
G0 X42.374 Y71.203
G0 X41.796 Y72.156
G0 X41.37 Y73.192
G0 X41.113 Y74.277
G0 X41.022 Y75.444
G0 X41.028 Y111.66
G0 X42.31 Y111.152
G0 X43.582 Y111.225
G0 X44.946 Y112.326
G0 X45.275 Y113.639
G0 X44.968 Y114.761
G0 X43.988 Y115.604
G0 X42.81 Y115.921
G0 X41.544 Y115.587
G0 X41.336 Y115.897
;TYPE:SKIN
G1 F1500 E106.77602
G1 F1800 X41.521 Y116.021 E106.78613
G1 X41.925 Y116.195 E106.8061
G1 X42.659 Y116.338 E106.84006
G1 X43.342 Y116.286 E106.87115
G1 X43.659 Y116.206 E106.886
G1 X44.218 Y115.962 E106.91369
G1 X44.778 Y115.541 E106.94549
G1 X45.243 Y114.917 E106.98082
G1 X45.492 Y114.304 E107.01086
G1 X45.587 Y113.651 E107.04082
G1 X45.519 Y112.881 E107.07592
G1 X45.224 Y112.182 E107.11036
G1 X44.817 Y111.63 E107.1415
G1 X44.245 Y111.174 E107.17471
G1 X43.674 Y110.923 E107.20303
G1 X42.959 Y110.79 E107.23604
G1 X42.247 Y110.842 E107.26845
G1 X41.588 Y111.071 E107.30013
G1 X41.336 Y111.233 E107.31373
G1 X41.334 Y75.443 E108.9386
G1 X41.422 Y74.337 E108.98897
G1 X41.67 Y73.289 E109.03786
G1 X42.078 Y72.295 E109.08664
G1 X42.632 Y71.381 E109.13517
G1 X43.3 Y70.59 E109.18217
G1 X44.12 Y69.881 E109.23139
G1 X45.009 Y69.331 E109.27885
G1 X45.987 Y68.924 E109.32694
G1 X47.008 Y68.675 E109.37465
G1 X47.422 Y68.635 E109.39353
G1 X47.156 Y68.878 E109.40989
G1 X47.032 Y69.38 E109.43337
G1 X47.03 Y88.678 E110.3095
G1 X47.238 Y89.188 E110.3345
G1 X47.536 Y89.504 E110.35422
G1 X47.866 Y89.685 E110.37131
G1 X48.173 Y89.756 E110.38562
G1 X56.076 Y89.762 E110.74441
G1 X56.077 Y107.555 E111.55222
G1 X56.17 Y107.964 E111.57126
G1 X56.499 Y108.432 E111.59723
G1 X56.89 Y108.673 E111.61808
G1 X57.217 Y108.755 E111.63339
G1 X62.576 Y108.762 E111.87669
G1 X62.582 Y126.58 E112.68563
G1 X62.669 Y126.96 E112.70333
G1 X62.865 Y127.293 E112.72087
G1 X63.13 Y127.537 E112.73722
G1 X63.668 Y127.762 E112.7637
G1 X102.126 Y127.758 E114.50969
G1 X102.418 Y127.676 E114.52346
G1 X102.8 Y127.441 E114.54383
G1 X103.066 Y127.119 E114.56279
G1 X103.239 Y126.638 E114.58599
G1 X103.239 Y109.257 E115.37509
G1 X104.335 Y110.659 E115.45589
G1 X105.75 Y112.076 E115.5468
G1 X107.373 Y113.348 E115.64042
G1 X109.099 Y114.392 E115.732
G1 X111.002 Y115.252 E115.82681
G1 X112.897 Y115.843 E115.91693
G1 X114.956 Y116.218 E116.01194
G1 X116.94 Y116.338 E116.10218
G1 X118.954 Y116.218 E116.19378
G1 X121.015 Y115.843 E116.28889
G1 X122.912 Y115.252 E116.37909
G1 X124.815 Y114.392 E116.4739
G1 X126.547 Y113.344 E116.56581
G1 X128.128 Y112.109 E116.65689
G1 X129.587 Y110.648 E116.75063
G1 X130.818 Y109.073 E116.84138
G1 X131.566 Y107.853 E116.90635
G1 X131.576 Y109.185 E116.96683
G1 X131.576 Y126.636 E117.75911
G1 X131.749 Y127.118 E117.78236
G1 X132.012 Y127.441 E117.80127
G1 X132.321 Y127.641 E117.81798
G1 X132.812 Y127.758 E117.84089
G1 X171.126 Y127.759 E119.58035
G1 X171.492 Y127.645 E119.59776
G1 X171.772 Y127.469 E119.61277
G1 X172.068 Y127.119 E119.63358
G1 X172.236 Y126.65 E119.6562
G1 X172.238 Y108.762 E120.46831
G1 X177.079 Y108.76 E120.6881
G1 X177.46 Y108.659 E120.70599
G1 X177.753 Y108.487 E120.72142
G1 X178.097 Y108.068 E120.74603
G1 X178.231 Y107.608 E120.76778
G1 X178.238 Y89.762 E121.57799
G1 X187.091 Y89.756 E121.97992
G1 X187.433 Y89.669 E121.99594
G1 X187.728 Y89.504 E122.01128
G1 X188.032 Y89.189 E122.03116
G1 X188.235 Y88.66 E122.05688
G1 X188.239 Y69.401 E122.93124
G1 X188.008 Y68.681 E122.96557
G1 X189.015 Y68.926 E123.01262
G1 X189.989 Y69.329 E123.06048
G1 X190.88 Y69.882 E123.10809
G1 X191.7 Y70.59 E123.15727
G1 X192.368 Y71.381 E123.20428
G1 X192.924 Y72.297 E123.25293
G1 X193.33 Y73.287 E123.3015
G1 X193.578 Y74.337 E123.35049
G1 X193.666 Y75.443 E123.40086
G1 X193.666 Y111.234 E125.02577
G1 X193.47 Y111.102 E125.0365
G1 X193.083 Y110.934 E125.05565
G1 X192.34 Y110.79 E125.09001
G1 X191.658 Y110.842 E125.12107
G1 X191.304 Y110.935 E125.13768
G1 X190.736 Y111.189 E125.16593
G1 X190.194 Y111.615 E125.19723
G1 X189.779 Y112.177 E125.22895
G1 X189.497 Y112.832 E125.26132
G1 X189.403 Y113.549 E125.29415
G1 X189.492 Y114.276 E125.32741
G1 X189.764 Y114.922 E125.35923
G1 X190.192 Y115.512 E125.39232
G1 X190.783 Y115.963 E125.42607
G1 X191.328 Y116.206 E125.45316
G1 X192.041 Y116.338 E125.48608
G1 X192.754 Y116.285 E125.51854
G1 X193.415 Y116.053 E125.55035
G1 X193.666 Y115.894 E125.56384
G1 X193.666 Y142.435 E126.7688
G1 X193.557 Y144.762 E126.87456
G1 X193.251 Y146.941 E126.97446
G1 X192.717 Y149.191 E127.07945
G1 X192.013 Y151.273 E127.17923
G1 X191.082 Y153.357 E127.28285
G1 X189.979 Y155.313 E127.3848
G1 X188.681 Y157.188 E127.48833
G1 X187.27 Y158.861 E127.5877
G1 X185.632 Y160.468 E127.69187
G1 X183.898 Y161.874 E127.79322
G1 X182.049 Y163.108 E127.89415
G1 X180.088 Y164.162 E127.99522
G1 X178.001 Y165.04 E128.09801
G1 X175.89 Y165.698 E128.1984
G1 X173.726 Y166.156 E128.29882
G1 X171.498 Y166.412 E128.40064
G1 X167.703 Y166.412 E128.57293
G1 X167.703 Y130.079 E130.22246
G1 X167.53 Y129.597 E130.24571
G1 X167.267 Y129.274 E130.26462
G1 X166.958 Y129.074 E130.28133
G1 X166.467 Y128.957 E130.30424
G1 X67.712 Y128.957 E134.78773
G1 X67.42 Y129.039 E134.8015
G1 X67.038 Y129.274 E134.82186
G1 X66.772 Y129.596 E134.84082
G1 X66.6 Y130.023 E134.86172
G1 X66.6 Y166.412 E136.51378
G1 X63.502 Y166.412 E136.65443
G1 X61.274 Y166.156 E136.75625
G1 X59.11 Y165.698 E136.85667
G1 X57 Y165.04 E136.95702
G1 X54.911 Y164.162 E137.05989
G1 X52.951 Y163.108 E137.16093
G1 X51.102 Y161.874 E137.26185
G1 X49.367 Y160.468 E137.36324
G1 X47.73 Y158.861 E137.46738
G1 X46.319 Y157.188 E137.56674
G1 X45.021 Y155.313 E137.67028
G1 X43.918 Y153.357 E137.77223
G1 X42.987 Y151.273 E137.87585
G1 X42.283 Y149.191 E137.97563
G1 X41.749 Y146.941 E138.08062
G1 X41.443 Y144.762 E138.18052
G1 X41.335 Y142.467 E138.28483
G1 X41.336 Y115.897 E139.49111
G1 F1500 E138.49111
G0 F6000 X41.544 Y115.587
G0 X42.677 Y116.062
G0 X53.668 Y137.415
G0 X53.086 Y138.351
G0 X52.758 Y138.171
G1 F1500 E139.49111
G1 F1800 X52.317 Y139.296 E139.54596
G1 X52.167 Y140.481 E139.60019
G1 X52.314 Y141.661 E139.65418
G1 X52.755 Y142.778 E139.7087
G1 X53.465 Y143.762 E139.76379
G1 X54.387 Y144.517 E139.81789
G1 X55.472 Y145.032 E139.87242
G1 X56.683 Y145.261 E139.92837
G1 X57.862 Y145.183 E139.98202
G1 X58.997 Y144.813 E140.03621
G1 X60.01 Y144.174 E140.09059
G1 X60.722 Y143.419 E140.1377
G1 X60.917 Y143.151 E140.15275
G1 X61.414 Y142.245 E140.19967
G1 X61.709 Y141.08 E140.25423
G1 X61.712 Y139.884 E140.30853
G1 X61.414 Y138.721 E140.36303
G1 X60.837 Y137.665 E140.41766
G1 X60.014 Y136.792 E140.47213
G1 X58.975 Y136.14 E140.52782
G1 X57.853 Y135.776 E140.58138
G1 X56.649 Y135.702 E140.63614
G1 X55.469 Y135.926 E140.69067
G1 X54.388 Y136.442 E140.74505
G1 X53.455 Y137.214 E140.80003
G1 X52.758 Y138.171 E140.85378
G1 F1500 E139.85378
G0 F6000 X53.086 Y138.351
G0 X53.782 Y137.499
G0 X54.623 Y136.804
G0 X55.612 Y136.338
G0 X56.684 Y136.134
G0 X57.773 Y136.202
G0 X58.615 Y136.475
G0 X59.823 Y137.016
G0 X66.873 Y137.016
G0 X66.912 Y130.086
G0 X66.901 Y166.713
G0 X63.483 Y166.724
G0 X61.235 Y166.467
G0 X59.031 Y166.001
G0 X56.884 Y165.33
G0 X54.782 Y164.447
G0 X52.789 Y163.375
G0 X50.913 Y162.125
G0 X49.151 Y160.695
G0 X47.51 Y159.085
G0 X46.062 Y157.368
G0 X44.756 Y155.483
G0 X43.637 Y153.498
G0 X42.701 Y151.401
G0 X41.978 Y149.265
G0 X41.444 Y147.014
G0 X41.13 Y144.778
G0 X41.023 Y142.466
G0 X41.028 Y115.471
G0 X44.06 Y115.692
G0 X45.212 Y112.944
G0 X42.941 Y111.105
G0 X41.152 Y111.727
G0 X41.022 Y75.444
G0 X41.113 Y74.277
G0 X41.37 Y73.192
G0 X41.796 Y72.156
G0 X42.374 Y71.203
G0 X43.082 Y70.364
G0 X43.93 Y69.631
G0 X44.864 Y69.053
G0 X45.888 Y68.626
G0 X46.957 Y68.366
G0 X48.302 Y68.257
G0 X47.338 Y69.445
G0 X47.727 Y89.257
G0 X56.377 Y89.461
G0 X56.69 Y108.183
G0 X62.877 Y108.461
G0 X63.304 Y127.276
G0 X102.395 Y126.919
G0 X102.935 Y108.547
G0 X109.263 Y114.126
G0 X113.232 Y115.042
G0 X115.026 Y115.387
G0 X116.957 Y115.505
G0 X118.888 Y115.387
G0 X120.791 Y115.038
G0 X122.639 Y114.463
G0 X124.403 Y113.669
G0 X126.058 Y112.667
G0 X127.582 Y111.473
G0 X128.812 Y110.243
G0 X131.996 Y106.15
G0 X132.336 Y106.305
G1 F1500 E140.85378
G1 F1800 X132.719 Y105.459 E140.89594
G1 X133.324 Y103.512 E140.9885
G1 X133.694 Y101.486 E141.08201
G1 X133.812 Y99.498 E141.17242
G1 X133.694 Y97.474 E141.26447
G1 X133.327 Y95.453 E141.35772
G1 X132.728 Y93.525 E141.44938
G1 X131.868 Y91.623 E141.54415
G1 X130.879 Y89.982 E141.63113
G1 X130.712 Y89.762 E141.64367
G1 X137.576 Y89.762 E141.9553
G1 X137.576 Y106.15 E142.69931
G1 X132.87 Y106.15 E142.91297
G1 X132.336 Y106.305 E142.93821
G1 F1500 E141.93821
G0 F6000 X131.996 Y106.15
G0 X133.499 Y99.481
G0 X131.602 Y91.787
G0 X129.369 Y88.919
G0 X129.369 Y68.993
G0 X160.146 Y68.26
G0 X187.263 Y68.277
G0 X189.112 Y68.627
G0 X190.136 Y69.053
G0 X191.07 Y69.632
G0 X191.757 Y70.225
G0 X192.925 Y71.58
G0 X192.371 Y71.914
G1 F1500 E142.93821
G1 F1800 X190.303 Y69.846 E143.07099
G1 X190.229 Y69.772
G0 F6000 X190.557 Y69.244
G0 X189.005 Y68.54
G0 X188.852 Y69.167
G1 F1800 X193.072 Y73.387 E143.34194
G0 F6000 X193.703 Y73.238
G0 X193.953 Y74.345
G0 X193.307 Y74.394
G1 F1800 X188.51 Y69.597 E143.64993
G0 F6000 X188.51 Y70.369
G1 F1800 X193.375 Y75.234 E143.96229
G0 F6000 X193.392 Y76.023
G1 F1800 X188.51 Y71.142 E144.27571
G0 F6000 X188.51 Y71.914
G1 F1800 X193.392 Y76.796 E144.58916
G0 F6000 X193.392 Y77.568
G1 F1800 X188.51 Y72.686 E144.90261
G0 F6000 X188.51 Y73.458
G1 F1800 X193.392 Y78.34 E145.21606
G0 F6000 X193.392 Y79.112
G1 F1800 X188.51 Y74.23 E145.52951
G0 F6000 X188.51 Y75.002
G1 F1800 X193.392 Y79.884 E145.84296
G0 F6000 X193.392 Y80.656
G1 F1800 X188.51 Y75.774 E146.15641
G0 F6000 X188.51 Y76.547
G1 F1800 X193.392 Y81.429 E146.46986
G0 F6000 X193.392 Y82.201
G1 F1800 X188.51 Y77.319 E146.78331
G0 F6000 X188.51 Y78.091
G1 F1800 X193.392 Y82.973 E147.09676
G0 F6000 X193.392 Y83.745
G1 F1800 X188.51 Y78.863 E147.41021
G0 F6000 X188.51 Y79.635
G1 F1800 X193.392 Y84.517 E147.72367
G0 F6000 X193.392 Y85.289
G1 F1800 X188.51 Y80.407 E148.03712
G0 F6000 X188.51 Y81.18
G1 F1800 X193.392 Y86.061 E148.35054
G0 F6000 X193.392 Y86.834
G1 F1800 X188.51 Y81.952 E148.66399
G0 F6000 X188.51 Y82.724
G1 F1800 X193.392 Y87.606 E148.97744
G0 F6000 X193.392 Y88.378
G1 F1800 X188.51 Y83.496 E149.29089
G0 F6000 X188.51 Y84.268
G1 F1800 X193.392 Y89.15 E149.60434
G0 F6000 X193.392 Y89.922
G1 F1800 X188.51 Y85.04 E149.91779
G0 F6000 X188.51 Y85.813
G1 F1800 X193.392 Y90.694 E150.23121
G0 F6000 X193.392 Y91.467
G1 F1800 X188.51 Y86.585 E150.54466
G0 F6000 X188.51 Y87.357
G1 F1800 X193.392 Y92.239 E150.85811
G0 F6000 X193.392 Y93.011
G1 F1800 X188.51 Y88.129 E151.17156
G0 F6000 X188.457 Y88.848
G1 F1800 X193.392 Y93.783 E151.48841
G0 F6000 X193.392 Y94.555
G1 F1800 X188.214 Y89.377 E151.82087
G0 F6000 X187.823 Y89.759
G1 F1800 X193.392 Y95.327 E152.1784
G0 F6000 X193.392 Y96.1
G1 F1800 X187.282 Y89.989 E152.57073
G0 F6000 X186.547 Y90.027
G1 F1800 X193.392 Y96.872 E153.01021
G0 F6000 X193.392 Y97.644
G1 F1800 X185.776 Y90.028 E153.4992
G0 F6000 X185.004 Y90.028
G1 F1800 X193.392 Y98.416 E154.03775
G0 F6000 X193.392 Y99.188
G1 F1800 X184.233 Y90.03 E154.62578
G0 F6000 X183.462 Y90.03
G1 F1800 X193.392 Y99.96 E155.26334
G0 F6000 X193.392 Y100.733
G1 F1800 X182.69 Y90.031 E155.95047
G0 F6000 X181.919 Y90.032
G1 F1800 X193.392 Y101.505 E156.68709
G0 F6000 X193.392 Y102.277
G1 F1800 X181.148 Y90.033 E157.47323
G0 F6000 X180.376 Y90.033
G1 F1800 X193.392 Y103.049 E158.30892
G0 F6000 X193.392 Y103.821
G1 F1800 X179.605 Y90.034 E159.19412
G0 F6000 X178.833 Y90.035
G1 F1800 X193.392 Y104.593 E160.12886
G0 F6000 X193.392 Y105.365
G1 F1800 X178.509 Y90.482 E161.08443
G0 F6000 X178.509 Y91.254
G1 F1800 X193.392 Y106.138 E162.04003
G0 F6000 X193.392 Y106.91
G1 F1800 X178.509 Y92.027 E162.9956
G0 F6000 X178.509 Y92.799
G1 F1800 X193.392 Y107.682 E163.95117
G0 F6000 X193.392 Y108.454
G1 F1800 X178.509 Y93.571 E164.90674
G0 F6000 X178.509 Y94.343
G1 F1800 X193.392 Y109.226 E165.86231
G0 F6000 X193.392 Y109.998
G1 F1800 X178.508 Y95.115 E166.81791
G0 F6000 X178.508 Y95.887
G1 F1800 X193.387 Y110.766 E167.77322
G0 F6000 X193.137 Y111.362
G0 X192.318 Y111.165
G0 X192.367 Y110.518
G1 F1800 X178.508 Y96.659 E168.66304
G0 F6000 X178.508 Y97.431
G1 F1800 X191.645 Y110.568 E169.50651
G0 F6000 X191.052 Y110.747
G1 F1800 X178.508 Y98.203 E170.3119
G0 F6000 X178.507 Y98.975
G1 F1800 X190.534 Y111.001 E171.08407
G0 F6000 X190.1 Y111.34
G1 F1800 X178.507 Y99.747 E171.8284
G0 F6000 X178.507 Y100.519
G1 F1800 X189.748 Y111.76 E172.55013
G0 F6000 X189.455 Y112.239
G1 F1800 X178.507 Y101.291 E173.25306
G0 F6000 X178.507 Y102.063
G1 F1800 X189.224 Y112.78 E173.94114
G0 F6000 X189.137 Y113.465
G1 F1800 X178.507 Y102.835 E174.62365
G0 F6000 X178.506 Y103.607
G1 F1800 X189.226 Y114.327 E175.31193
G1 X189.3 Y114.401
G0 F6000 X189.856 Y114.191
G0 X190.524 Y115.231
G0 X191.514 Y115.86
G0 X191.395 Y116.495
G1 F1800 X193.392 Y118.492 E175.44015
G0 F6000 X193.392 Y119.264
G1 F1800 X178.506 Y104.379 E176.39588
G0 F6000 X178.506 Y105.151
G1 F1800 X193.392 Y120.037 E177.35164
G0 F6000 X193.392 Y120.809
G1 F1800 X178.506 Y105.923 E178.3074
G0 F6000 X178.506 Y106.696
G1 F1800 X193.392 Y121.581 E179.26313
G0 F6000 X193.392 Y122.353
G1 F1800 X178.506 Y107.468 E180.21886
G0 F6000 X178.364 Y108.097
G1 F1800 X193.392 Y123.125 E181.18374
G0 F6000 X193.392 Y123.897
G1 F1800 X178.051 Y108.557 E182.16868
G0 F6000 X177.605 Y108.883
G1 F1800 X193.392 Y124.669 E183.18226
G0 F6000 X193.392 Y125.442
G1 F1800 X176.981 Y109.03 E184.23597
G0 F6000 X176.209 Y109.031
G1 F1800 X193.392 Y126.214 E185.33921
G0 F6000 X193.392 Y126.986
G1 F1800 X175.438 Y109.032 E186.49195
G0 F6000 X174.666 Y109.033
G1 F1800 X193.392 Y127.758 E187.69423
G0 F6000 X193.392 Y128.53
G1 F1800 X173.895 Y109.033 E188.94605
G0 F6000 X173.124 Y109.035
G1 F1800 X193.392 Y129.302 E190.24733
G0 F6000 X193.392 Y130.075
G1 F1800 X172.51 Y109.192 E191.5881
G0 F6000 X172.51 Y109.965
G1 F1800 X193.392 Y130.847 E192.92884
G0 F6000 X193.392 Y131.619
G1 F1800 X172.51 Y110.737 E194.26957
G0 F6000 X172.51 Y111.509
G1 F1800 X193.392 Y132.391 E195.61031
G0 F6000 X193.392 Y133.163
G1 F1800 X172.51 Y112.281 E196.95105
G0 F6000 X172.509 Y113.052
G1 F1800 X193.392 Y133.935 E198.29185
G0 F6000 X193.392 Y134.708
G1 F1800 X172.509 Y113.825 E199.63265
G0 F6000 X172.509 Y114.597
G1 F1800 X193.392 Y135.48 E200.97345
G0 F6000 X193.392 Y136.252
G1 F1800 X172.509 Y115.369 E202.31426
G0 F6000 X172.508 Y116.14
G1 F1800 X193.392 Y137.024 E203.65512
G0 F6000 X193.392 Y137.796
G1 F1800 X172.508 Y116.913 E204.99596
G0 F6000 X172.508 Y117.685
G1 F1800 X193.392 Y138.568 E206.33679
G0 F6000 X193.392 Y139.341
G1 F1800 X172.508 Y118.457 E207.67766
G0 F6000 X172.508 Y119.229
G1 F1800 X193.392 Y140.113 E209.01852
G0 F6000 X193.392 Y140.885
G1 F1800 X172.507 Y120 E210.35945
G0 F6000 X172.507 Y120.773
G1 F1800 X193.392 Y141.657 E211.70035
G0 F6000 X193.392 Y142.429
G1 F1800 X172.507 Y121.545 E213.04125
G0 F6000 X172.507 Y122.317
G1 F1800 X193.358 Y143.167 E214.37996
G0 F6000 X193.323 Y143.905
G1 F1800 X172.507 Y123.089 E215.71646
G0 F6000 X172.507 Y123.861
G1 F1800 X193.289 Y144.642 E217.05075
G0 F6000 X193.201 Y145.327
G1 F1800 X172.507 Y124.633 E218.37941
G0 F6000 X172.507 Y125.405
G1 F1800 X193.105 Y146.004 E219.70195
G0 F6000 X193.01 Y146.68
G1 F1800 X172.507 Y126.177 E221.01835
G0 F6000 X172.444 Y126.886
G1 F1800 X192.878 Y147.321 E222.33036
G0 F6000 X192.731 Y147.945
G1 F1800 X172.188 Y127.403 E223.6493
G0 F6000 X171.786 Y127.773
G1 F1800 X192.583 Y148.57 E224.98458
G0 F6000 X192.429 Y149.188
G1 F1800 X171.245 Y128.004 E226.34471
G0 F6000 X170.503 Y128.035
G1 F1800 X192.234 Y149.765 E227.73992
G0 F6000 X192.038 Y150.342
G1 F1800 X169.731 Y128.035 E229.17215
G0 F6000 X168.959 Y128.035
G1 F1800 X191.843 Y150.918 E230.6414
G0 F6000 X191.623 Y151.471
G1 F1800 X168.187 Y128.035 E232.14611
G0 F6000 X167.415 Y128.035
G1 F1800 X191.385 Y152.005 E233.68512
G0 F6000 X191.147 Y152.539
G1 F1800 X166.643 Y128.035 E235.25841
G0 F6000 X166.525 Y128.689
G1 F1800 X165.87 Y128.035 E235.30043
G0 F6000 X165.743 Y128.679
G1 F1800 X165.098 Y128.035 E235.34181
G0 F6000 X164.97 Y128.679
G1 F1800 X164.326 Y128.035 E235.38316
G0 F6000 X164.198 Y128.679
G1 F1800 X163.554 Y128.035 E235.42451
G0 F6000 X163.426 Y128.679
G1 F1800 X162.782 Y128.035 E235.46586
G0 F6000 X162.654 Y128.679
G1 F1800 X162.01 Y128.035 E235.5072
G0 F6000 X161.882 Y128.679
G1 F1800 X161.238 Y128.035 E235.54855
G0 F6000 X161.11 Y128.679
G1 F1800 X160.465 Y128.035 E235.58993
G0 F6000 X160.337 Y128.679
G1 F1800 X159.693 Y128.035 E235.63128
G0 F6000 X159.565 Y128.679
G1 F1800 X158.921 Y128.035 E235.67263
G0 F6000 X158.793 Y128.679
G1 F1800 X158.149 Y128.035 E235.71398
G0 F6000 X158.021 Y128.679
G1 F1800 X157.377 Y128.035 E235.75533
G0 F6000 X157.249 Y128.679
G1 F1800 X156.605 Y128.035 E235.79667
G0 F6000 X156.477 Y128.679
G1 F1800 X155.832 Y128.035 E235.83805
G0 F6000 X155.704 Y128.679
G1 F1800 X155.06 Y128.035 E235.8794
G0 F6000 X154.932 Y128.679
G1 F1800 X154.288 Y128.035 E235.92075
G0 F6000 X154.16 Y128.679
G1 F1800 X153.516 Y128.035 E235.9621
G0 F6000 X153.388 Y128.679
G1 F1800 X152.744 Y128.035 E236.00345
G0 F6000 X152.616 Y128.679
G1 F1800 X151.972 Y128.035 E236.0448
G0 F6000 X151.844 Y128.679
G1 F1800 X151.199 Y128.035 E236.08618
G0 F6000 X151.071 Y128.679
G1 F1800 X150.427 Y128.035 E236.12752
G0 F6000 X150.299 Y128.679
G1 F1800 X149.655 Y128.035 E236.16887
G0 F6000 X149.527 Y128.679
G1 F1800 X148.883 Y128.035 E236.21022
G0 F6000 X148.755 Y128.679
G1 F1800 X148.111 Y128.035 E236.25157
G0 F6000 X147.983 Y128.679
G1 F1800 X147.339 Y128.035 E236.29292
G0 F6000 X147.211 Y128.679
G1 F1800 X146.566 Y128.035 E236.3343
G0 F6000 X146.438 Y128.679
G1 F1800 X145.794 Y128.035 E236.37565
G0 F6000 X145.666 Y128.679
G1 F1800 X145.022 Y128.035 E236.41699
G0 F6000 X144.894 Y128.679
G1 F1800 X144.25 Y128.035 E236.45834
G0 F6000 X144.122 Y128.679
G1 F1800 X143.478 Y128.035 E236.49969
G0 F6000 X143.35 Y128.679
G1 F1800 X142.706 Y128.035 E236.54104
G0 F6000 X142.578 Y128.679
G1 F1800 X141.934 Y128.035 E236.58239
G0 F6000 X141.806 Y128.679
G1 F1800 X141.161 Y128.035 E236.62377
G0 F6000 X141.033 Y128.679
G1 F1800 X140.389 Y128.035 E236.66512
G0 F6000 X140.261 Y128.679
G1 F1800 X139.617 Y128.035 E236.70646
G0 F6000 X139.489 Y128.679
G1 F1800 X138.845 Y128.035 E236.74781
G0 F6000 X138.717 Y128.679
G1 F1800 X138.073 Y128.035 E236.78916
G0 F6000 X137.945 Y128.679
G1 F1800 X137.301 Y128.035 E236.83051
G0 F6000 X137.173 Y128.679
G1 F1800 X136.528 Y128.035 E236.87189
G0 F6000 X136.4 Y128.679
G1 F1800 X135.756 Y128.035 E236.91324
G0 F6000 X135.628 Y128.679
G1 F1800 X134.984 Y128.035 E236.95459
G0 F6000 X134.856 Y128.679
G1 F1800 X134.212 Y128.035 E236.99593
G0 F6000 X134.084 Y128.679
G1 F1800 X133.44 Y128.035 E237.03728
G0 F6000 X133.312 Y128.679
G1 F1800 X132.634 Y128.001 E237.08081
G0 F6000 X132.54 Y128.679
G1 F1800 X120.141 Y116.28 E237.8769
G0 F6000 X120.795 Y116.162
G1 F1800 X131.317 Y126.684 E238.55247
G0 F6000 X131.302 Y125.897
G1 F1800 X121.408 Y116.003 E239.18771
G0 F6000 X121.998 Y115.821
G1 F1800 X131.302 Y125.125 E239.78508
G0 F6000 X131.302 Y124.353
G1 F1800 X122.588 Y115.638 E240.3446
G0 F6000 X123.159 Y115.438
G1 F1800 X131.302 Y123.581 E240.86742
G0 F6000 X131.301 Y122.808
G1 F1800 X123.691 Y115.197 E241.35606
G0 F6000 X124.223 Y114.957
G1 F1800 X131.301 Y122.036 E241.81054
G0 F6000 X131.301 Y121.263
G1 F1800 X124.755 Y114.717 E242.23083
G0 F6000 X125.255 Y114.445
G1 F1800 X131.301 Y120.491 E242.61901
G0 F6000 X131.301 Y119.719
G1 F1800 X125.737 Y114.154 E242.97628
G0 F6000 X126.218 Y113.863
G1 F1800 X131.301 Y118.946 E243.30264
G0 F6000 X131.301 Y118.174
G1 F1800 X126.695 Y113.569 E243.59834
G0 F6000 X127.13 Y113.231
G1 F1800 X131.301 Y117.402 E243.86614
G0 F6000 X131.301 Y116.63
G1 F1800 X127.564 Y112.893 E244.10607
G0 F6000 X127.999 Y112.555
G1 F1800 X131.3 Y115.857 E244.31805
G0 F6000 X131.3 Y115.085
G1 F1800 X128.416 Y112.201 E244.50322
G0 F6000 X128.803 Y111.815
G1 F1800 X131.3 Y114.313 E244.66357
G0 F6000 X131.3 Y113.54
G1 F1800 X129.188 Y111.428 E244.79917
G0 F6000 X129.574 Y111.042
G1 F1800 X131.3 Y112.768 E244.90999
G0 F6000 X131.299 Y111.995
G1 F1800 X129.94 Y110.636 E244.99725
G0 F6000 X130.279 Y110.203
G1 F1800 X131.299 Y111.223 E245.06273
G0 F6000 X131.299 Y110.451
G1 F1800 X130.618 Y109.769 E245.10649
G0 F6000 X130.956 Y109.336
G1 F1800 X131.299 Y109.679 E245.12851
G0 F6000 X131.949 Y109.679
G0 X132.419 Y106.993
G0 X133.679 Y106.523
G0 X133.679 Y105.881
G1 F1800 X133.061 Y105.264 E245.16816
G0 F6000 X133.245 Y104.675
G1 F1800 X134.45 Y105.88 E245.24553
G0 F6000 X135.221 Y105.879
G1 F1800 X133.428 Y104.086 E245.36065
G0 F6000 X133.604 Y103.49
G1 F1800 X135.992 Y105.878 E245.51397
G0 F6000 X136.763 Y105.877
G1 F1800 X133.723 Y102.837 E245.70915
G0 F6000 X133.842 Y102.184
G1 F1800 X137.302 Y105.643 E245.93127
G0 F6000 X137.302 Y104.871
G1 F1800 X133.96 Y101.529 E246.14585
G0 F6000 X134.006 Y100.803
G1 F1800 X137.302 Y104.099 E246.35747
G0 F6000 X137.302 Y103.327
G1 F1800 X134.049 Y100.073 E246.56636
G0 F6000 X134.075 Y99.327
G1 F1800 X137.302 Y102.555 E246.77358
G0 F6000 X137.302 Y101.783
G1 F1800 X134.027 Y98.507 E246.98389
G0 F6000 X133.979 Y97.687
G1 F1800 X137.302 Y101.01 E247.19724
G0 F6000 X137.302 Y100.238
G1 F1800 X133.843 Y96.779 E247.41933
G0 F6000 X133.672 Y95.837
G1 F1800 X137.302 Y99.466 E247.65236
G0 F6000 X137.302 Y98.694
G1 F1800 X133.407 Y94.799 E247.90244
G1 X133.333 Y94.725
G0 F6000 X132.765 Y94.901
G0 X132.444 Y93.872
G0 X133.061 Y93.681
G1 F1800 X137.302 Y97.922 E248.17474
G0 F6000 X137.302 Y97.15
G1 F1800 X132.485 Y92.333 E248.48402
G1 X132.411 Y92.259
G0 F6000 X131.86 Y92.507
G0 X131.084 Y91.045
G0 X131.637 Y90.712
G1 F1800 X137.302 Y96.377 E248.84774
G0 F6000 X137.302 Y95.605
G1 F1800 X131.732 Y90.035 E249.20536
G0 F6000 X132.504 Y90.035
G1 F1800 X137.302 Y94.833 E249.51342
G0 F6000 X137.302 Y94.061
G1 F1800 X133.276 Y90.035 E249.77191
G0 F6000 X134.049 Y90.035
G1 F1800 X137.302 Y93.289 E249.98081
G0 F6000 X137.302 Y92.517
G1 F1800 X134.821 Y90.035 E250.14013
G0 F6000 X135.593 Y90.035
G1 F1800 X137.302 Y91.744 E250.24986
G0 F6000 X137.302 Y90.972
G1 F1800 X136.365 Y90.035 E250.31002
G0 F6000 X137.137 Y90.035
G1 F1800 X137.302 Y90.2 E250.32061
G1 F1500 E249.32061
G0 F6000 X137.949 Y90.2
G0 X130.255 Y89.456
G0 X131.602 Y91.787
G0 X133.02 Y95.516
G0 X133.261 Y97.502
G0 X133.381 Y99.481
G0 X133.261 Y101.46
G0 X132.903 Y103.411
G0 X132.314 Y105.305
G0 X131.499 Y107.113
G0 X130.473 Y108.81
G0 X129.249 Y110.372
G0 X127.848 Y111.773
G0 X126.286 Y112.997
G0 X124.589 Y114.023
G0 X122.781 Y114.838
G0 X121.247 Y115.315
G0 X119.372 Y115.764
G0 X119.486 Y116.398
G1 F1500 E250.32061
G1 F1800 X131.767 Y128.679 E251.10912
G0 F6000 X130.995 Y128.679
G1 F1800 X118.816 Y116.5 E251.89108
G0 F6000 X118.087 Y116.543
G1 F1800 X130.223 Y128.679 E252.67027
G0 F6000 X129.451 Y128.679
G1 F1800 X117.357 Y116.585 E253.44677
G0 F6000 X116.59 Y116.59
G1 F1800 X128.679 Y128.679 E254.22295
G0 F6000 X127.907 Y128.679
G1 F1800 X115.766 Y116.538 E255.00247
G0 F6000 X114.943 Y116.487
G1 F1800 X127.134 Y128.679 E255.78523
G0 F6000 X126.362 Y128.679
G1 F1800 X114.006 Y116.322 E256.57859
G0 F6000 X113.059 Y116.147
G1 F1800 X125.59 Y128.679 E257.38318
G0 F6000 X124.818 Y128.679
G1 F1800 X111.983 Y115.843 E258.20728
G1 X111.909 Y115.769
G0 F6000 X112.087 Y115.199
G0 X111.111 Y114.893
G0 X110.846 Y115.479
G1 F1800 X124.046 Y128.679 E259.0548
G0 F6000 X123.274 Y128.679
G1 F1800 X109.436 Y114.841 E259.94327
G1 X109.362 Y114.767
G0 F6000 X109.611 Y114.217
G0 X107.994 Y113.289
G0 X107.661 Y113.839
G1 F1800 X122.502 Y128.679 E260.89611
G0 F6000 X121.729 Y128.679
G1 F1800 X103.511 Y110.461 E262.06581
G0 F6000 X103.511 Y111.233
G1 F1800 X120.957 Y128.679 E263.18593
G0 F6000 X120.185 Y128.679
G1 F1800 X103.511 Y112.005 E264.25649
G0 F6000 X103.511 Y112.777
G1 F1800 X119.413 Y128.679 E265.27749
G0 F6000 X118.641 Y128.679
G1 F1800 X103.511 Y113.55 E266.24888
G0 F6000 X103.511 Y114.322
G1 F1800 X117.869 Y128.679 E267.17071
G0 F6000 X117.096 Y128.679
G1 F1800 X103.511 Y115.094 E268.04294
G0 F6000 X103.511 Y115.866
G1 F1800 X116.324 Y128.679 E268.86561
G0 F6000 X115.552 Y128.679
G1 F1800 X103.511 Y116.638 E269.63871
G0 F6000 X103.511 Y117.41
G1 F1800 X114.78 Y128.679 E270.36224
G0 F6000 X114.008 Y128.679
G1 F1800 X103.511 Y118.182 E271.0362
G0 F6000 X103.511 Y118.955
G1 F1800 X113.236 Y128.679 E271.66057
G0 F6000 X112.463 Y128.679
G1 F1800 X103.511 Y119.727 E272.23533
G0 F6000 X103.511 Y120.499
G1 F1800 X111.691 Y128.679 E272.76053
G0 F6000 X110.919 Y128.679
G1 F1800 X103.511 Y121.271 E273.23617
G0 F6000 X103.511 Y122.043
G1 F1800 X110.147 Y128.679 E273.66223
G0 F6000 X109.375 Y128.679
G1 F1800 X103.511 Y122.815 E274.03873
G0 F6000 X103.511 Y123.588
G1 F1800 X108.603 Y128.679 E274.36564
G0 F6000 X107.83 Y128.679
G1 F1800 X103.511 Y124.36 E274.64294
G0 F6000 X103.511 Y125.132
G1 F1800 X107.058 Y128.679 E274.87068
G0 F6000 X106.286 Y128.679
G1 F1800 X103.511 Y125.904 E275.04885
G0 F6000 X103.505 Y126.67
G1 F1800 X105.514 Y128.679 E275.17784
G0 F6000 X104.742 Y128.679
G1 F1800 X103.301 Y127.238 E275.27036
G0 F6000 X102.954 Y127.663
G1 F1800 X103.97 Y128.679 E275.33559
G0 F6000 X103.197 Y128.679
G1 F1800 X102.464 Y127.946 E275.38265
G0 F6000 X101.78 Y128.034
G1 F1800 X102.425 Y128.679 E275.42406
G0 F6000 X101.653 Y128.679
G1 F1800 X101.008 Y128.034 E275.46548
G0 F6000 X100.881 Y128.679
G1 F1800 X100.236 Y128.034 E275.50689
G0 F6000 X100.109 Y128.679
G1 F1800 X99.464 Y128.034 E275.5483
G0 F6000 X99.337 Y128.679
G1 F1800 X98.692 Y128.034 E275.58971
G0 F6000 X98.565 Y128.679
G1 F1800 X97.92 Y128.034 E275.63113
G0 F6000 X97.792 Y128.679
G1 F1800 X97.147 Y128.034 E275.67254
G0 F6000 X97.02 Y128.679
G1 F1800 X96.375 Y128.034 E275.71395
G0 F6000 X96.248 Y128.679
G1 F1800 X95.603 Y128.034 E275.75536
G0 F6000 X95.476 Y128.679
G1 F1800 X94.831 Y128.034 E275.79678
G0 F6000 X94.704 Y128.679
G1 F1800 X94.059 Y128.034 E275.83819
G0 F6000 X93.932 Y128.679
G1 F1800 X93.287 Y128.034 E275.8796
G0 F6000 X93.159 Y128.679
G1 F1800 X92.515 Y128.034 E275.92098
G0 F6000 X92.387 Y128.679
G1 F1800 X91.742 Y128.034 E275.96239
G0 F6000 X91.615 Y128.679
G1 F1800 X90.97 Y128.034 E276.00381
G0 F6000 X90.843 Y128.679
G1 F1800 X90.198 Y128.034 E276.04522
G0 F6000 X90.071 Y128.679
G1 F1800 X89.426 Y128.034 E276.08663
G0 F6000 X89.299 Y128.679
G1 F1800 X88.654 Y128.034 E276.12804
G0 F6000 X88.526 Y128.679
G1 F1800 X87.882 Y128.034 E276.16942
G0 F6000 X87.754 Y128.679
G1 F1800 X87.109 Y128.034 E276.21084
G0 F6000 X86.982 Y128.679
G1 F1800 X86.337 Y128.034 E276.25225
G0 F6000 X86.21 Y128.679
G1 F1800 X85.565 Y128.034 E276.29366
G0 F6000 X85.438 Y128.679
G1 F1800 X84.793 Y128.034 E276.33507
G0 F6000 X84.666 Y128.679
G1 F1800 X84.021 Y128.034 E276.37649
G0 F6000 X83.893 Y128.679
G1 F1800 X83.249 Y128.034 E276.41787
G0 F6000 X83.121 Y128.679
G1 F1800 X82.476 Y128.034 E276.45928
G0 F6000 X82.349 Y128.679
G1 F1800 X81.704 Y128.034 E276.50069
G0 F6000 X81.577 Y128.679
G1 F1800 X80.932 Y128.034 E276.5421
G0 F6000 X80.805 Y128.679
G1 F1800 X80.16 Y128.034 E276.58352
G0 F6000 X80.033 Y128.679
G1 F1800 X79.388 Y128.034 E276.62493
G0 F6000 X79.261 Y128.679
G1 F1800 X78.616 Y128.034 E276.66634
G0 F6000 X78.488 Y128.679
G1 F1800 X77.843 Y128.034 E276.70775
G0 F6000 X77.716 Y128.679
G1 F1800 X77.071 Y128.034 E276.74917
G0 F6000 X76.944 Y128.679
G1 F1800 X76.299 Y128.034 E276.79058
G0 F6000 X76.172 Y128.679
G1 F1800 X75.527 Y128.034 E276.83199
G0 F6000 X75.4 Y128.679
G1 F1800 X74.755 Y128.034 E276.8734
G0 F6000 X74.628 Y128.679
G1 F1800 X73.983 Y128.034 E276.91482
G0 F6000 X73.855 Y128.679
G1 F1800 X73.211 Y128.034 E276.9562
G0 F6000 X73.083 Y128.679
G1 F1800 X72.438 Y128.034 E276.99761
G0 F6000 X72.311 Y128.679
G1 F1800 X71.666 Y128.034 E277.03902
G0 F6000 X71.539 Y128.679
G1 F1800 X70.894 Y128.034 E277.08043
G0 F6000 X70.767 Y128.679
G1 F1800 X70.122 Y128.034 E277.12185
G0 F6000 X69.995 Y128.679
G1 F1800 X69.35 Y128.034 E277.16326
G0 F6000 X69.222 Y128.679
G1 F1800 X68.578 Y128.034 E277.20464
G0 F6000 X68.45 Y128.679
G1 F1800 X67.805 Y128.034 E277.24605
G0 F6000 X67.681 Y128.682
G1 F1800 X67.033 Y128.034 E277.28766
G0 F6000 X66.261 Y128.034
G1 F1800 X67.129 Y128.902 E277.34339
G0 F6000 X66.709 Y129.254
G1 F1800 X65.489 Y128.034 E277.42172
G0 F6000 X64.717 Y128.034
G1 F1800 X66.423 Y129.74 E277.53125
G0 F6000 X66.327 Y130.416
G1 F1800 X63.945 Y128.034 E277.68419
G1 X63.871 Y127.96
G0 F6000 X63.871 Y127.389
G0 X62.95 Y126.395
G0 X62.306 Y126.395
G1 F1800 X41.608 Y105.697 E279.01311
G0 F6000 X41.608 Y106.469
G1 F1800 X66.327 Y131.188 E280.60021
G0 F6000 X66.327 Y131.96
G1 F1800 X41.608 Y107.241 E282.1873
G0 F6000 X41.608 Y108.014
G1 F1800 X66.327 Y132.733 E283.77439
G0 F6000 X66.327 Y133.505
G1 F1800 X45.8 Y112.977 E285.09237
G0 F6000 X45.84 Y113.79
G1 F1800 X66.327 Y134.277 E286.40775
G0 F6000 X66.327 Y135.049
G1 F1800 X45.729 Y114.451 E287.73025
G0 F6000 X45.502 Y114.996
G1 F1800 X66.327 Y135.821 E289.06733
G0 F6000 X66.327 Y136.593
G1 F1800 X45.184 Y115.45 E290.42482
G0 F6000 X44.818 Y115.857
G1 F1800 X66.327 Y137.366 E291.80582
G0 F6000 X66.327 Y138.138
G1 F1800 X44.373 Y116.184 E293.21538
G0 F6000 X43.838 Y116.421
G1 F1800 X66.327 Y138.91 E294.6593
G0 F6000 X66.327 Y139.682
G1 F1800 X43.213 Y116.568 E296.14334
G0 F6000 X42.446 Y116.574
G1 F1800 X66.327 Y140.454 E297.6766
G0 F6000 X66.327 Y141.226
G1 F1800 X41.607 Y116.507 E299.26373
G0 F6000 X41.607 Y117.279
G1 F1800 X66.327 Y141.999 E300.85088
G0 F6000 X66.327 Y142.771
G1 F1800 X61.062 Y137.506 E301.18893
G1 X60.988 Y137.432
G0 F6000 X60.46 Y137.812
G0 X59.695 Y137.03
G0 X60.041 Y136.485
G1 F1800 X41.607 Y118.051 E302.37249
G0 F6000 X41.607 Y118.823
G1 F1800 X58.474 Y135.69 E303.45544
G0 F6000 X58.274 Y136.303
G0 X57.493 Y135.481
G1 F1800 X41.607 Y119.595 E304.47541
G0 F6000 X41.607 Y120.367
G1 F1800 X56.671 Y135.432 E305.44263
G0 F6000 X56.014 Y135.546
G1 F1800 X41.607 Y121.14 E306.36761
G0 F6000 X41.607 Y121.912
G1 F1800 X55.367 Y135.671 E307.25104
G0 F6000 X54.843 Y135.92
G1 F1800 X41.607 Y122.684 E308.10086
G0 F6000 X41.607 Y123.456
G1 F1800 X54.321 Y136.17 E308.91717
G0 F6000 X53.881 Y136.502
G1 F1800 X41.607 Y124.228 E309.70523
G0 F6000 X41.607 Y125
G1 F1800 X53.459 Y136.852 E310.46619
G0 F6000 X53.087 Y137.252
G1 F1800 X41.607 Y125.773 E311.20324
G0 F6000 X41.607 Y126.545
G1 F1800 X52.763 Y137.701 E311.91951
G0 F6000 X52.465 Y138.175
G1 F1800 X41.607 Y127.317 E312.61665
G0 F6000 X41.607 Y128.089
G1 F1800 X52.245 Y138.727 E313.29967
G0 F6000 X52.04 Y139.294
G1 F1800 X41.607 Y128.861 E313.96953
G0 F6000 X41.607 Y129.633
G1 F1800 X51.955 Y139.981 E314.63392
G0 F6000 X51.924 Y140.723
G1 F1800 X41.607 Y130.406 E315.29633
G0 F6000 X41.607 Y131.178
G1 F1800 X52.035 Y141.606 E315.96587
G1 X52.109 Y141.68
G0 F6000 X52.677 Y141.579
G0 X53.074 Y142.579
G0 X52.473 Y142.816
G1 F1800 X41.607 Y131.95 E316.66352
G0 F6000 X41.607 Y132.722
G1 F1800 X66.327 Y157.442 E318.25068
G0 F6000 X66.327 Y158.214
G1 F1800 X41.607 Y133.494 E319.83784
G0 F6000 X41.607 Y134.266
G1 F1800 X66.327 Y158.986 E321.425
G0 F6000 X66.327 Y159.758
G1 F1800 X41.607 Y135.039 E323.01212
G0 F6000 X41.607 Y135.811
G1 F1800 X66.327 Y160.53 E324.59925
G0 F6000 X66.327 Y161.303
G1 F1800 X41.607 Y136.583 E326.18641
G0 F6000 X41.607 Y137.355
G1 F1800 X66.327 Y162.075 E327.77356
G0 F6000 X66.327 Y162.847
G1 F1800 X41.607 Y138.127 E329.36072
G0 F6000 X41.607 Y138.899
G1 F1800 X66.327 Y163.619 E330.94788
G0 F6000 X66.327 Y164.391
G1 F1800 X41.607 Y139.671 E332.53504
G0 F6000 X41.607 Y140.444
G1 F1800 X66.327 Y165.163 E334.12216
G0 F6000 X66.327 Y165.936
G1 F1800 X41.607 Y141.216 E335.70932
G0 F6000 X41.607 Y141.988
G1 F1800 X65.757 Y166.138 E337.25988
G0 F6000 X64.985 Y166.138
G1 F1800 X41.622 Y142.775 E338.75991
G0 F6000 X41.66 Y143.585
G1 F1800 X64.213 Y166.138 E340.20794
G0 F6000 X63.431 Y166.128
G1 F1800 X41.698 Y144.396 E341.60328
G0 F6000 X41.787 Y145.257
G1 F1800 X62.558 Y166.027 E342.93686
G0 F6000 X61.685 Y165.927
G1 F1800 X41.915 Y146.156 E344.20623
G0 F6000 X42.062 Y147.076
G1 F1800 X60.751 Y165.764 E345.40614
G0 F6000 X60.617 Y166.397
G0 X59.638 Y166.19
G0 X59.772 Y165.558
G1 F1800 X42.301 Y148.087 E346.52787
G0 F6000 X41.672 Y148.236
G0 X41.912 Y149.249
G0 X42.542 Y149.1
G1 F1800 X58.736 Y165.294 E347.56761
G1 X58.81 Y165.368
G0 F6000 X58.632 Y165.939
G0 X57.42 Y165.56
G0 X57.613 Y164.943
G1 F1800 X42.934 Y150.265 E348.51005
G1 X42.86 Y150.191
G0 F6000 X42.293 Y150.382
G0 X42.789 Y151.746
G0 X43.381 Y151.483
G1 F1800 X56.379 Y164.481 E349.34459
G1 X56.453 Y164.555
G0 F6000 X56.218 Y165.115
G0 X54.797 Y164.518
G0 X55.047 Y163.922
G1 F1800 X44.003 Y152.877 E350.05371
G1 X43.929 Y152.803
G0 F6000 X43.371 Y153.051
G0 X44.341 Y154.871
G0 X44.906 Y154.553
G1 F1800 X53.382 Y163.029 E350.59791
G1 X53.456 Y163.103
G0 F6000 X53.164 Y163.645
G0 X50.697 Y162.027
G0 X51.106 Y161.525
G1 F1800 X46.386 Y156.805 E350.90096
G1 X46.312 Y156.731
G1 F1500 E349.90096
G0 F6000 X45.794 Y157.087
G0 X44.789 Y155.462
G0 X54.211 Y143.998
G0 X54.553 Y144.896
G1 F1500 E350.90096
G1 F1800 X66.327 Y156.67 E351.65692
G0 F6000 X66.327 Y155.897
G1 F1800 X55.803 Y145.374 E352.33258
G0 F6000 X56.732 Y145.531
G1 F1800 X66.327 Y155.125 E352.9486
G0 F6000 X66.327 Y154.353
G1 F1800 X57.455 Y145.481 E353.51823
G0 F6000 X58.127 Y145.381
G1 F1800 X66.327 Y153.581 E354.04472
G0 F6000 X66.327 Y152.809
G1 F1800 X58.709 Y145.191 E354.53383
G0 F6000 X59.259 Y144.968
G1 F1800 X66.327 Y152.037 E354.98767
G0 F6000 X66.327 Y151.264
G1 F1800 X59.733 Y144.671 E355.41101
G0 F6000 X60.202 Y144.367
G1 F1800 X66.327 Y150.492 E355.80427
G0 F6000 X66.327 Y149.72
G1 F1800 X60.576 Y143.969 E356.17351
G0 F6000 X60.946 Y143.568
G1 F1800 X66.327 Y148.948 E356.51897
G0 F6000 X66.327 Y148.176
G1 F1800 X61.253 Y143.102 E356.84475
G0 F6000 X61.526 Y142.603
G1 F1800 X66.327 Y147.404 E357.153
G0 F6000 X66.327 Y146.632
G1 F1800 X61.744 Y142.049 E357.44725
G0 F6000 X61.9 Y141.432
G1 F1800 X66.327 Y145.859 E357.73149
G0 F6000 X66.327 Y145.087
G1 F1800 X61.984 Y140.745 E358.0103
G0 F6000 X61.984 Y139.973
G1 F1800 X66.327 Y144.315 E358.28911
G0 F6000 X66.327 Y143.543
G1 F1800 X61.76 Y138.976 E358.58234
G1 X61.686 Y138.902
G1 F1500 E357.58234
G0 F6000 X61.113 Y139.05
G0 X60.66 Y137.951
G0 X63.499 Y127.424
G0 X62.95 Y125.623
G0 X62.306 Y125.623
G1 F1500 E358.58234
G1 F1800 X41.608 Y104.925 E359.91126
G0 F6000 X41.608 Y104.153
G1 F1800 X62.306 Y124.851 E361.24019
G0 F6000 X62.306 Y124.078
G1 F1800 X41.608 Y103.381 E362.56908
G0 F6000 X41.608 Y102.608
G1 F1800 X62.306 Y123.306 E363.898
G0 F6000 X62.306 Y122.534
G1 F1800 X41.608 Y101.836 E365.22693
G0 F6000 X41.608 Y101.064
G1 F1800 X62.305 Y121.761 E366.55578
G0 F6000 X62.305 Y120.989
G1 F1800 X41.608 Y100.292 E367.88464
G0 F6000 X41.608 Y99.52
G1 F1800 X62.305 Y120.217 E369.2135
G0 F6000 X62.305 Y119.445
G1 F1800 X41.607 Y98.747 E370.54243
G0 F6000 X41.607 Y97.975
G1 F1800 X62.305 Y118.673 E371.87135
G0 F6000 X62.305 Y117.9
G1 F1800 X41.607 Y97.203 E373.20024
G0 F6000 X41.607 Y96.43
G1 F1800 X62.304 Y117.127 E374.5291
G0 F6000 X62.304 Y116.355
G1 F1800 X41.607 Y95.658 E375.85796
G0 F6000 X41.607 Y94.886
G1 F1800 X62.304 Y115.583 E377.18682
G0 F6000 X62.304 Y114.811
G1 F1800 X41.607 Y94.114 E378.51568
G0 F6000 X41.607 Y93.342
G1 F1800 X55.803 Y107.538 E379.42714
G0 F6000 X55.803 Y106.766
G1 F1800 X41.607 Y92.57 E380.3386
G0 F6000 X41.607 Y91.798
G1 F1800 X55.803 Y105.993 E381.25003
G0 F6000 X55.803 Y105.221
G1 F1800 X41.607 Y91.025 E382.16149
G0 F6000 X41.607 Y90.253
G1 F1800 X55.803 Y104.449 E383.07295
G0 F6000 X55.803 Y103.677
G1 F1800 X41.607 Y89.481 E383.98441
G0 F6000 X41.607 Y88.709
G1 F1800 X55.803 Y102.905 E384.89587
G0 F6000 X55.803 Y102.133
G1 F1800 X41.607 Y87.937 E385.80733
G0 F6000 X41.606 Y87.164
G1 F1800 X55.803 Y101.36 E386.71882
G0 F6000 X55.803 Y100.588
G1 F1800 X41.606 Y86.392 E387.63031
G0 F6000 X41.606 Y85.62
G1 F1800 X55.803 Y99.816 E388.54181
G0 F6000 X55.803 Y99.044
G1 F1800 X41.606 Y84.847 E389.45333
G0 F6000 X41.606 Y84.075
G1 F1800 X55.803 Y98.272 E390.36485
G0 F6000 X55.803 Y97.5
G1 F1800 X48.334 Y90.03 E390.84444
G0 F6000 X49.106 Y90.03
G1 F1800 X55.803 Y96.727 E391.27442
G0 F6000 X55.803 Y95.955
G1 F1800 X49.879 Y90.031 E391.65477
G0 F6000 X50.651 Y90.031
G1 F1800 X55.803 Y95.183 E391.98556
G0 F6000 X55.803 Y94.411
G1 F1800 X51.424 Y90.032 E392.26671
G0 F6000 X52.197 Y90.033
G1 F1800 X55.803 Y93.639 E392.49824
G0 F6000 X55.803 Y92.867
G1 F1800 X52.969 Y90.033 E392.6802
G0 F6000 X53.742 Y90.033
G1 F1800 X55.803 Y92.095 E392.81256
G0 F6000 X55.803 Y91.322
G1 F1800 X54.514 Y90.033 E392.89532
G0 F6000 X55.287 Y90.034
G1 F1800 X55.803 Y90.55 E392.92845
G0 F6000 X56.45 Y90.55
G0 X56.377 Y89.461
G0 X47.869 Y88.919
G0 X46.753 Y88.449
G1 F1800 X41.606 Y83.303 E393.25888
G0 F6000 X41.606 Y82.531
G1 F1800 X46.753 Y87.677 E393.58931
G0 F6000 X46.753 Y86.905
G1 F1800 X41.606 Y81.759 E393.91975
G0 F6000 X41.606 Y80.987
G1 F1800 X46.753 Y86.133 E394.25018
G0 F6000 X46.753 Y85.361
G1 F1800 X41.606 Y80.214 E394.58065
G0 F6000 X41.606 Y79.442
G1 F1800 X46.753 Y84.589 E394.91111
G0 F6000 X46.753 Y83.816
G1 F1800 X41.606 Y78.67 E395.24154
G0 F6000 X41.606 Y77.898
G1 F1800 X46.753 Y83.044 E395.57198
G0 F6000 X46.753 Y82.272
G1 F1800 X41.606 Y77.126 E395.90241
G0 F6000 X41.606 Y76.354
G1 F1800 X46.753 Y81.5 E396.23284
G0 F6000 X46.753 Y80.728
G1 F1800 X41.606 Y75.581 E396.56331
G0 F6000 X41.654 Y74.857
G1 F1800 X46.753 Y79.956 E396.89069
G0 F6000 X46.753 Y79.183
G1 F1800 X41.741 Y74.172 E397.21246
G0 F6000 X41.889 Y73.548
G1 F1800 X46.753 Y78.411 E397.52472
G0 F6000 X46.753 Y77.639
G1 F1800 X42.091 Y72.978 E397.82401
G0 F6000 X42.316 Y72.43
G1 F1800 X46.753 Y76.867 E398.10889
G0 F6000 X46.753 Y76.095
G1 F1800 X42.606 Y71.948 E398.37515
G0 F6000 X42.907 Y71.477
G1 F1800 X46.753 Y75.323 E398.62209
G0 F6000 X46.753 Y74.55
G1 F1800 X43.26 Y71.058 E398.84633
G0 F6000 X43.635 Y70.661
G1 F1800 X46.753 Y73.778 E399.04649
G0 F6000 X46.753 Y73.006
G1 F1800 X44.049 Y70.302 E399.2201
G0 F6000 X44.491 Y69.972
G1 F1800 X46.753 Y72.234 E399.36533
G0 F6000 X46.753 Y71.462
G1 F1800 X44.968 Y69.677 E399.47994
G0 F6000 X45.489 Y69.426
G1 F1800 X46.753 Y70.69 E399.56109
G0 F6000 X46.753 Y69.918
G1 F1800 X46.034 Y69.199 E399.60726
G0 F6000 X46.649 Y69.042
G1 F1800 X46.801 Y69.194 E399.61701
G1 F1500 E398.61701
G0 F6000 X47.424 Y69.337
G0 X48.313 Y68.471
G0 X46.957 Y68.366
G0 X45.888 Y68.626
G0 X44.864 Y69.053
G0 X43.93 Y69.631
G0 X43.082 Y70.364
G0 X42.374 Y71.203
G0 X41.796 Y72.156
G0 X41.37 Y73.192
G0 X41.113 Y74.277
G0 X40.961 Y108.786
G0 X41.608 Y108.786
G1 F1500 E399.61701
G1 F1800 X43.42 Y110.598 E399.73335
G0 F6000 X42.592 Y110.542
G1 F1800 X41.608 Y109.558 E399.79653
G0 F6000 X41.608 Y110.33
G1 F1800 X41.937 Y110.659 E399.81766
G1 F1500 E398.81766
G0 F6000 X42.151 Y111.272
G0 X41.152 Y111.727
G0 X41.022 Y75.444
G0 X41.113 Y74.277
G0 X41.37 Y73.192
G0 X41.796 Y72.156
G0 X42.374 Y71.203
G0 X43.082 Y70.364
G0 X43.93 Y69.631
G0 X44.864 Y69.053
G0 X45.888 Y68.626
G0 X46.957 Y68.366
G0 X48.302 Y68.257
G0 X47.338 Y69.445
G0 X47.727 Y89.257
G0 X56.377 Y89.461
G0 X56.69 Y108.183
G0 X57.291 Y109.025
G1 F1500 E399.81766
G1 F1800 X62.304 Y114.039 E400.13955
G0 F6000 X62.303 Y113.266
G1 F1800 X58.064 Y109.027 E400.41172
G0 F6000 X58.838 Y109.028
G1 F1800 X62.303 Y112.494 E400.63422
G0 F6000 X62.303 Y111.722
G1 F1800 X59.611 Y109.03 E400.80706
G0 F6000 X60.385 Y109.031
G1 F1800 X62.303 Y110.95 E400.93024
G0 F6000 X62.303 Y110.177
G1 F1800 X61.159 Y109.033 E401.00369
G0 F6000 X61.932 Y109.034
G1 F1800 X62.303 Y109.405 E401.02751
G1 F1500 E400.02751
G0 F6000 X62.95 Y109.405
G0 X63.419 Y126.919
G0 X102.395 Y126.919
G0 X102.935 Y108.547
G0 X109.263 Y114.126
G0 X116.957 Y116.025
G0 X124.651 Y114.126
G0 X130.57 Y108.882
G0 X133.381 Y101.472
G0 X132.428 Y93.618
G0 X130.191 Y89.585
G0 X137.877 Y89.461
G0 X137.877 Y106.451
G0 X131.961 Y107.029
G0 X132.419 Y126.919
G0 X171.795 Y126.966
G0 X171.937 Y108.461
G0 X177.824 Y107.914
G0 X177.937 Y89.461
G0 X187.764 Y89.016
G0 X187.739 Y68.865
G0 X160.146 Y68.484
G0 X187.263 Y68.277
G0 X189.112 Y68.627
G0 X190.136 Y69.053
G0 X191.07 Y69.632
G0 X191.918 Y70.364
G0 X192.626 Y71.203
G0 X193.205 Y72.156
G0 X193.63 Y73.192
G0 X193.887 Y74.277
G0 X193.978 Y75.444
G0 X193.973 Y111.66
G0 X190.903 Y111.454
G0 X189.798 Y114.207
G0 X192.059 Y116.023
G0 X193.849 Y115.402
G0 X193.978 Y142.45
G0 X193.87 Y144.778
G0 X193.556 Y147.014
G0 X193.022 Y149.265
G0 X192.299 Y151.401
G0 X191.363 Y153.498
G0 X190.244 Y155.483
G0 X188.938 Y157.368
G0 X187.49 Y159.085
G0 X185.849 Y160.695
G0 X184.087 Y162.125
G0 X182.211 Y163.375
G0 X180.218 Y164.447
G0 X178.117 Y165.33
G0 X175.969 Y166.001
G0 X173.765 Y166.467
G0 X171.517 Y166.724
G0 X167.402 Y166.713
G0 X167.33 Y130.138
G0 X167.974 Y130.138
G1 F1500 E401.02751
G1 F1800 X190.909 Y153.073 E402.50006
G0 F6000 X190.643 Y153.579
G1 F1800 X167.974 Y130.91 E403.95554
G0 F6000 X167.974 Y131.683
G1 F1800 X190.364 Y154.072 E405.39306
G0 F6000 X190.085 Y154.566
G1 F1800 X167.974 Y132.455 E406.81271
G0 F6000 X167.974 Y133.227
G1 F1800 X189.807 Y155.06 E408.21451
G0 F6000 X189.499 Y155.524
G1 F1800 X167.974 Y133.999 E409.59653
G0 F6000 X167.974 Y134.771
G1 F1800 X189.184 Y155.981 E410.95832
G0 F6000 X188.868 Y156.437
G1 F1800 X167.974 Y135.543 E412.29983
G0 F6000 X167.974 Y136.316
G1 F1800 X188.552 Y156.893 E413.62102
G0 F6000 X188.209 Y157.323
G1 F1800 X167.974 Y137.088 E414.92021
G0 F6000 X167.974 Y137.86
G1 F1800 X187.856 Y157.742 E416.19675
G0 F6000 X187.503 Y158.161
G1 F1800 X167.974 Y138.632 E417.45061
G0 F6000 X167.974 Y139.404
G1 F1800 X187.149 Y158.58 E418.68179
G0 F6000 X186.767 Y158.969
G1 F1800 X167.974 Y140.176 E419.8884
G0 F6000 X167.974 Y140.949
G1 F1800 X186.377 Y159.352 E421.06997
G0 F6000 X185.988 Y159.734
G1 F1800 X167.974 Y141.721 E422.22653
G0 F6000 X167.974 Y142.493
G1 F1800 X185.598 Y160.117 E423.35809
G0 F6000 X185.185 Y160.476
G1 F1800 X167.974 Y143.265 E424.46313
G0 F6000 X167.974 Y144.037
G1 F1800 X184.759 Y160.822 E425.54082
G0 F6000 X184.332 Y161.168
G1 F1800 X167.974 Y144.809 E426.59112
G0 F6000 X167.974 Y145.581
G1 F1800 X183.906 Y161.513 E427.61404
G0 F6000 X183.458 Y161.837
G1 F1800 X167.974 Y146.354 E428.60817
G0 F6000 X167.974 Y147.126
G1 F1800 X182.995 Y162.147 E429.5726
G0 F6000 X182.532 Y162.456
G1 F1800 X167.974 Y147.898 E430.5073
G0 F6000 X167.974 Y148.67
G1 F1800 X182.069 Y162.765 E431.41227
G0 F6000 X181.58 Y163.048
G1 F1800 X167.974 Y149.442 E432.28585
G0 F6000 X167.974 Y150.214
G1 F1800 X181.078 Y163.318 E433.1272
G0 F6000 X180.575 Y163.588
G1 F1800 X167.974 Y150.987 E433.93625
G0 F6000 X167.974 Y151.759
G1 F1800 X180.073 Y163.858 E434.71308
G0 F6000 X179.538 Y164.095
G1 F1800 X167.974 Y152.531 E435.45555
G0 F6000 X167.974 Y153.303
G1 F1800 X178.995 Y164.324 E436.16315
G0 F6000 X178.451 Y164.552
G1 F1800 X167.974 Y154.075 E436.83583
G0 F6000 X167.974 Y154.847
G1 F1800 X177.908 Y164.781 E437.47365
G0 F6000 X177.319 Y164.965
G1 F1800 X167.974 Y155.62 E438.07365
G0 F6000 X167.974 Y156.392
G1 F1800 X176.731 Y165.149 E438.6359
G0 F6000 X176.143 Y165.332
G1 F1800 X167.974 Y157.164 E439.16036
G0 F6000 X167.974 Y157.936
G1 F1800 X175.532 Y165.494 E439.64562
G0 F6000 X174.895 Y165.629
G1 F1800 X167.974 Y158.708 E440.08999
G0 F6000 X167.974 Y159.48
G1 F1800 X174.257 Y165.763 E440.49339
G0 F6000 X173.614 Y165.892
G1 F1800 X167.974 Y160.253 E440.85548
G0 F6000 X167.974 Y161.025
G1 F1800 X172.922 Y165.972 E441.17313
G0 F6000 X172.229 Y166.052
G1 F1800 X167.974 Y161.797 E441.44633
G0 F6000 X167.974 Y162.569
G1 F1800 X171.537 Y166.131 E441.67506
G0 F6000 X170.771 Y166.138
G1 F1800 X167.974 Y163.341 E441.85464
G0 F6000 X167.974 Y164.113
G1 F1800 X169.999 Y166.138 E441.98466
G0 F6000 X169.227 Y166.138
G1 F1800 X167.974 Y164.885 E442.06511
G0 F6000 X167.974 Y165.658
G1 F1800 X168.455 Y166.138 E442.09596
G1 F1500 E441.09596
G0 F6000 X168.455 Y166.785
G0 X171.517 Y166.724
G0 X173.765 Y166.467
G0 X175.969 Y166.001
G0 X178.117 Y165.33
G0 X180.218 Y164.447
G0 X182.211 Y163.375
G0 X184.087 Y162.125
G0 X185.849 Y160.695
G0 X187.49 Y159.085
G0 X188.938 Y157.368
G0 X190.244 Y155.483
G0 X191.363 Y153.498
G0 X192.299 Y151.401
G0 X193.022 Y149.265
G0 X193.556 Y147.014
G0 X193.87 Y144.778
G0 X193.957 Y142.892
G0 X194.039 Y117.72
G0 X193.392 Y117.72
G1 F1500 E442.09596
G1 F1800 X192.266 Y116.594 E442.16825
G0 F6000 X192.949 Y116.505
G1 F1800 X193.392 Y116.948 E442.1967
G1 F1500 E441.1967
G0 F6000 X194.039 Y116.948
G0 X193.973 Y115.469
G0 X190.943 Y115.693
G0 X189.797 Y112.924
G0 X192.321 Y111.105
G0 X193.849 Y111.727
G0 X193.978 Y75.444
G0 X193.887 Y74.277
G0 X193.63 Y73.192
G0 X193.205 Y72.156
G0 X192.626 Y71.203
G0 X191.918 Y70.364
G0 X191.07 Y69.632
G0 X190.136 Y69.053
G0 X189.112 Y68.627
G0 X188.045 Y68.366
G0 X160.146 Y68.26
G0 X187.739 Y68.865
G0 X187.537 Y89.257
G0 X177.937 Y89.461
G0 X177.557 Y108.242
G0 X171.937 Y108.461
G0 X171.395 Y126.919
G0 X132.419 Y126.919
G0 X132.419 Y106.993
G0 X138.419 Y106.993
G0 X137.877 Y89.461
G0 X130.255 Y89.456
G0 X128.949 Y88.857
G0 X127.834 Y87.204
G0 X126.274 Y85.982
G0 X124.58 Y84.957
G0 X122.773 Y84.145
G0 X120.882 Y83.555
G0 X118.933 Y83.198
G0 X116.957 Y83.078
G0 X114.981 Y83.198
G0 X113.032 Y83.555
G0 X111.513 Y84.027
G0 X106.967 Y86.406
G0 X106.739 Y86.111
G1 F1500 E442.1967
G1 F1800 X106.733 Y69.386 E442.95601
G1 X106.603 Y68.878 E442.97982
G1 X106.373 Y68.583 E442.9968
G1 X128.885 Y68.589 E444.01885
G1 X128.609 Y68.991 E444.04099
G1 X128.531 Y69.386 E444.05927
G1 X128.526 Y87.252 E444.87039
G1 X128.123 Y86.849 E444.89626
G1 X126.549 Y85.619 E444.98695
G1 X124.814 Y84.57 E445.079
G1 X122.945 Y83.723 E445.17216
G1 X120.988 Y83.115 E445.26519
G1 X118.991 Y82.748 E445.35738
G1 X116.974 Y82.625 E445.44912
G1 X114.904 Y82.752 E445.54327
G1 X112.928 Y83.113 E445.63447
G1 X111.001 Y83.711 E445.72607
G1 X109.096 Y84.572 E445.82098
G1 X107.371 Y85.615 E445.9125
G1 X106.739 Y86.111 E445.94897
G0 F6000 X107.101 Y85.48
G1 F1800 X107.01 Y85.389 E445.95482
G0 F6000 X107.567 Y85.174
G1 F1800 X107.01 Y84.617 E445.99058
G0 F6000 X107.01 Y83.845
G1 F1800 X108.049 Y84.884 E446.05729
G0 F6000 X108.531 Y84.594
G1 F1800 X107.01 Y83.073 E446.15494
G0 F6000 X107.01 Y82.3
G1 F1800 X109.014 Y84.305 E446.28364
G0 F6000 X109.547 Y84.065
G1 F1800 X107.01 Y81.528 E446.44653
G0 F6000 X107.01 Y80.756
G1 F1800 X110.08 Y83.826 E446.64364
G0 F6000 X110.612 Y83.587
G1 F1800 X107.01 Y79.984 E446.87494
G0 F6000 X107.01 Y79.212
G1 F1800 X111.169 Y83.372 E447.14201
G0 F6000 X111.759 Y83.189
G1 F1800 X107.01 Y78.44 E447.44692
G0 F6000 X107.01 Y77.667
G1 F1800 X112.349 Y83.007 E447.78974
G0 F6000 X112.946 Y82.831
G1 F1800 X107.01 Y76.895 E448.17087
G0 F6000 X107.01 Y76.123
G1 F1800 X113.598 Y82.712 E448.59388
G0 F6000 X114.251 Y82.592
G1 F1800 X107.01 Y75.351 E449.0588
G0 F6000 X107.01 Y74.579
G1 F1800 X114.909 Y82.478 E449.56595
G0 F6000 X115.637 Y82.434
G1 F1800 X107.01 Y73.807 E450.11985
G0 F6000 X107.01 Y73.034
G1 F1800 X116.365 Y82.389 E450.7205
G0 F6000 X117.106 Y82.359
G1 F1800 X107.01 Y72.262 E451.36875
G0 F6000 X107.01 Y71.49
G1 F1800 X117.929 Y82.41 E452.06984
G0 F6000 X118.752 Y82.46
G1 F1800 X107.01 Y70.718 E452.82374
G0 F6000 X107.01 Y69.946
G1 F1800 X119.657 Y82.593 E453.63574
G0 F6000 X120.605 Y82.769
G1 F1800 X106.952 Y69.116 E454.51234
G0 F6000 X107.464 Y68.856
G1 F1800 X121.636 Y83.028 E455.42226
G1 X121.71 Y83.102
G0 F6000 X121.532 Y83.673
G0 X122.564 Y83.994
G0 X122.756 Y83.376
G1 F1800 X108.236 Y68.856 E456.35452
G0 F6000 X109.008 Y68.856
G1 F1800 X124.105 Y83.952 E457.3238
G1 X124.179 Y84.026
G0 F6000 X123.93 Y84.577
G0 X125.399 Y85.358
G0 X125.732 Y84.808
G1 F1800 X109.781 Y68.857 E458.34794
G0 F6000 X110.554 Y68.857
G1 F1800 X128.252 Y86.556 E459.48428
G0 F6000 X128.252 Y85.784
G1 F1800 X111.326 Y68.857 E460.57105
G0 F6000 X112.098 Y68.857
G1 F1800 X128.252 Y85.011 E461.60823
G0 F6000 X128.252 Y84.239
G1 F1800 X112.871 Y68.858 E462.59577
G0 F6000 X113.643 Y68.858
G1 F1800 X128.252 Y83.467 E463.53375
G0 F6000 X128.252 Y82.695
G1 F1800 X114.415 Y68.858 E464.42216
G0 F6000 X115.188 Y68.858
G1 F1800 X128.252 Y81.923 E465.26097
G0 F6000 X128.252 Y81.151
G1 F1800 X115.96 Y68.858 E466.05021
G0 F6000 X116.732 Y68.858
G1 F1800 X128.252 Y80.378 E466.78986
G0 F6000 X128.252 Y79.606
G1 F1800 X117.504 Y68.858 E467.47994
G0 F6000 X118.277 Y68.859
G1 F1800 X128.252 Y78.834 E468.12039
G0 F6000 X128.252 Y78.062
G1 F1800 X119.049 Y68.859 E468.71127
G0 F6000 X119.822 Y68.859
G1 F1800 X128.252 Y77.29 E469.25255
G0 F6000 X128.252 Y76.518
G1 F1800 X120.594 Y68.86 E469.74424
G0 F6000 X121.367 Y68.86
G1 F1800 X128.252 Y75.745 E470.18629
G0 F6000 X128.252 Y74.973
G1 F1800 X122.139 Y68.86 E470.57878
G0 F6000 X122.911 Y68.86
G1 F1800 X128.252 Y74.201 E470.9217
G0 F6000 X128.252 Y73.429
G1 F1800 X123.684 Y68.86 E471.21502
G0 F6000 X124.456 Y68.86
G1 F1800 X128.252 Y72.657 E471.45878
G0 F6000 X128.252 Y71.885
G1 F1800 X125.228 Y68.86 E471.65297
G0 F6000 X126.001 Y68.861
G1 F1800 X128.252 Y71.113 E471.79753
G0 F6000 X128.252 Y70.34
G1 F1800 X126.773 Y68.861 E471.89249
G0 F6000 X127.545 Y68.861
G1 F1800 X128.252 Y69.568 E471.93788
G1 F1500 E470.93788
G0 F6000 X128.899 Y69.568
G0 X128.949 Y88.857
G0 X130.456 Y90.164
G0 X131.481 Y91.858
G0 X132.294 Y93.665
G0 X132.883 Y95.556
G0 X133.24 Y97.504
G0 X133.361 Y99.481
G0 X133.24 Y101.458
G0 X132.883 Y103.406
G0 X132.294 Y105.297
G0 X131.481 Y107.104
G0 X130.456 Y108.798
G0 X129.234 Y110.358
G0 X127.834 Y111.758
G0 X126.274 Y112.98
G0 X124.58 Y114.005
G0 X122.773 Y114.818
G0 X120.882 Y115.407
G0 X118.934 Y115.764
G0 X116.957 Y115.885
G0 X114.98 Y115.764
G0 X113.032 Y115.407
G0 X111.141 Y114.818
G0 X109.334 Y114.005
G0 X107.64 Y112.98
G0 X106.081 Y111.758
G0 X104.68 Y110.358
G0 X101.962 Y106.443
G0 X96.437 Y106.451
G0 X96.738 Y106.15
G1 F1500 E471.93788
G1 F1800 X96.74 Y89.764 E472.68181
G1 X103.17 Y89.764 E472.97373
G1 X102.048 Y91.62 E473.07219
G1 X101.199 Y93.493 E473.16555
G1 X100.591 Y95.45 E473.25859
G1 X100.223 Y97.45 E473.35092
G1 X100.101 Y99.464 E473.44252
G1 X100.219 Y101.475 E473.53398
G1 X100.589 Y103.512 E473.62797
G1 X101.198 Y105.468 E473.72098
G1 X101.506 Y106.148 E473.75487
G1 X96.738 Y106.15 E473.97134
G0 F6000 X97.382 Y105.875
G1 F1800 X97.01 Y105.504 E473.99519
G0 F6000 X97.01 Y104.732
G1 F1800 X98.154 Y105.875 E474.06861
G0 F6000 X98.925 Y105.875
G1 F1800 X97.01 Y103.96 E474.19156
G0 F6000 X97.01 Y103.188
G1 F1800 X99.697 Y105.875 E474.36408
G0 F6000 X100.469 Y105.874
G1 F1800 X97.01 Y102.415 E474.58617
G0 F6000 X97.01 Y101.643
G1 F1800 X100.957 Y105.59 E474.83959
G1 X101.031 Y105.664
G0 F6000 X101.585 Y105.415
G0 X101.215 Y104.268
G0 X100.598 Y104.459
G1 F1800 X97.01 Y100.871 E475.06995
G0 F6000 X97.01 Y100.099
G1 F1800 X100.286 Y103.375 E475.28029
G0 F6000 X100.116 Y102.432
G1 F1800 X97.01 Y99.327 E475.47968
G0 F6000 X97.01 Y98.555
G1 F1800 X99.946 Y101.49 E475.66816
G0 F6000 X99.898 Y100.67
G1 F1800 X97.011 Y97.783 E475.85352
G0 F6000 X97.011 Y97.011
G1 F1800 X99.851 Y99.851 E476.03586
G0 F6000 X99.85 Y99.078
G1 F1800 X97.011 Y96.239 E476.21814
G0 F6000 X97.011 Y95.467
G1 F1800 X99.895 Y98.35 E476.40328
G0 F6000 X99.94 Y97.623
G1 F1800 X97.011 Y94.695 E476.5913
G0 F6000 X97.011 Y93.922
G1 F1800 X100.037 Y96.948 E476.78559
G0 F6000 X100.157 Y96.296
G1 F1800 X97.011 Y93.15 E476.98758
G0 F6000 X97.011 Y92.378
G1 F1800 X100.276 Y95.643 E477.19721
G0 F6000 X100.436 Y95.031
G1 F1800 X97.011 Y91.606 E477.41711
G0 F6000 X97.011 Y90.834
G1 F1800 X100.619 Y94.442 E477.64876
G0 F6000 X100.803 Y93.853
G1 F1800 X97.011 Y90.062 E477.8922
G0 F6000 X97.758 Y90.037
G1 F1800 X100.997 Y93.275 E478.10013
G0 F6000 X101.238 Y92.744
G1 F1800 X98.531 Y90.037 E478.27393
G0 F6000 X99.303 Y90.037
G1 F1800 X101.479 Y92.213 E478.41364
G0 F6000 X101.72 Y91.682
G1 F1800 X100.075 Y90.037 E478.51926
G0 F6000 X100.847 Y90.037
G1 F1800 X101.992 Y91.182 E478.59278
G0 F6000 X102.283 Y90.701
G1 F1800 X101.619 Y90.037 E478.63541
G0 F6000 X102.391 Y90.037
G1 F1800 X102.574 Y90.219 E478.64713
G1 F1500 E477.64713
;MESH:NONMESH
G0 F600 X102.574 Y90.219 Z0.4
G0 F6000 X103.127 Y90.554
G0 X103.722 Y89.588
G0 X96.438 Y89.462
G0 X95.895 Y106.993
G0 X102.395 Y106.993
G0 X102.395 Y126.919
G0 X63.419 Y126.919
G0 X63.419 Y107.919
G0 X56.919 Y107.919
G0 X56.377 Y89.461
G0 X47.5 Y89.016
G0 X47.433 Y69.022
G0 X48.313 Y68.471
G0 X46.957 Y68.366
G0 X45.888 Y68.626
G0 X44.864 Y69.053
G0 X43.93 Y69.631
G0 X43.082 Y70.364
G0 X42.374 Y71.203
G0 X41.796 Y72.156
G0 X41.37 Y73.192
G0 X41.113 Y74.277
G0 X40.895 Y112.234
G0 X40.709 Y113.095
;TIME_ELAPSED:479.678215
;LAYER:1
M140 S65
M106 S85
M204 S1250
;TYPE:WALL-INNER
;MESH:FacePlateCover.stl
G1 F1500 E478.64713
G1 F2633.3 X40.682 Y113.564 E478.66451
G1 X40.709 Y114.033 E478.68189
M204 S750
G0 F7500 X40.707 Y114.081
M204 S1250
G1 F2706.2 X40.683 Y114.609 E478.70092
G1 F2790 X40.684 Y142.475 E479.67409
G1 X40.792 Y144.81 E479.75572
G1 X41.111 Y147.077 E479.83567
G1 X41.653 Y149.358 E479.91755
G1 X42.385 Y151.525 E479.99743
G1 X43.334 Y153.651 E480.07874
G1 X44.468 Y155.663 E480.1594
G1 X45.792 Y157.574 E480.24059
G1 X47.262 Y159.316 E480.32019
G1 X48.925 Y160.948 E480.40156
G1 X50.712 Y162.398 E480.48193
G1 X52.614 Y163.666 E480.56176
G1 X54.635 Y164.752 E480.64188
G1 X56.767 Y165.648 E480.72265
G1 X58.945 Y166.329 E480.80234
G1 X61.18 Y166.802 E480.88212
G1 X63.463 Y167.063 E480.96237
G1 X67.251 Y167.063 E481.09466
G1 X67.251 Y130.135 E482.3843
G1 X67.325 Y129.937 E482.39169
G1 X67.446 Y129.777 E482.39869
G1 X67.638 Y129.652 E482.40669
G1 X67.803 Y129.604 E482.41269
G1 X166.422 Y129.604 E485.85678
G1 X166.665 Y129.652 E485.86543
G1 X166.857 Y129.777 E485.87343
G1 X166.978 Y129.937 E485.88044
G1 X167.052 Y130.135 E485.88782
G1 X167.052 Y167.063 E487.17746
G1 X171.537 Y167.063 E487.33409
G1 X173.82 Y166.802 E487.41434
G1 X176.055 Y166.329 E487.49412
G1 X178.234 Y165.648 E487.57385
G1 X180.365 Y164.752 E487.65458
G1 X182.386 Y163.666 E487.7347
G1 X184.288 Y162.398 E487.81454
G1 X186.075 Y160.948 E487.8949
G1 X187.738 Y159.316 E487.97628
G1 X189.208 Y157.574 E488.05588
G1 X190.532 Y155.663 E488.13707
G1 X191.666 Y153.651 E488.21773
G1 X192.615 Y151.525 E488.29903
G1 X193.347 Y149.359 E488.37888
G1 X193.889 Y147.077 E488.46079
G1 X194.207 Y144.81 E488.54074
G1 X194.317 Y142.459 E488.62293
G1 X194.317 Y114.609 E489.59554
G1 F2621.5 X194.29 Y114.063 E489.61586
G1 F2547.4 X194.035 Y114.635 E489.63981
G1 F2706.2 X193.633 Y115.128 E489.66272
G1 F2790 X193.185 Y115.443 E489.68184
G1 X192.656 Y115.639 E489.70154
G1 X192.11 Y115.689 E489.72069
G1 X191.561 Y115.596 E489.74014
G1 X191.116 Y115.403 E489.75708
G1 X190.679 Y115.07 E489.77627
G1 X190.361 Y114.654 E489.79455
G1 X190.133 Y114.122 E489.81477
G1 X190.062 Y113.608 E489.83289
G1 X190.13 Y113.016 E489.8537
G1 X190.347 Y112.497 E489.87334
G1 X190.692 Y112.049 E489.89309
G1 X191.116 Y111.725 E489.91173
G1 X191.561 Y111.532 E489.92866
G1 X192.11 Y111.439 E489.94811
G1 X192.656 Y111.489 E489.96726
G1 X193.183 Y111.684 E489.98688
G1 X193.633 Y112.001 E490.00611
G1 X193.989 Y112.431 E490.0256
G1 F2706.2 X194.293 Y113.049 E490.0504
G1 X194.317 Y112.522 E490.06939
G1 F2790 X194.317 Y75.43 E491.36476
G1 X194.223 Y74.224 E491.40701
G1 X193.953 Y73.088 E491.44778
G1 X193.508 Y72.003 E491.48874
G1 X192.902 Y71.004 E491.52954
G1 X192.159 Y70.125 E491.56974
G1 X191.271 Y69.358 E491.61072
G1 X190.291 Y68.751 E491.65098
G1 X189.218 Y68.304 E491.69157
G1 X188.096 Y68.03 E491.7319
G1 X186.935 Y67.938 E491.77258
G1 X48.048 Y67.939 E496.62295
G1 X46.904 Y68.03 E496.66303
G1 X45.782 Y68.304 E496.70336
G1 X44.709 Y68.751 E496.74396
G1 X43.728 Y69.358 E496.78424
G1 X42.841 Y70.125 E496.8252
G1 X42.098 Y71.004 E496.86539
G1 X41.492 Y72.003 E496.9062
G1 X41.047 Y73.088 E496.94715
G1 X40.777 Y74.224 E496.98793
G1 X40.683 Y75.43 E497.03017
G1 X40.684 Y112.522 E498.32554
G1 F2706.2 X40.707 Y113.047 E498.34446
G1 X41.01 Y112.431 E498.36918
G1 F2790 X41.367 Y112.001 E498.3887
G1 X41.817 Y111.684 E498.40792
G1 X42.344 Y111.488 E498.42756
G1 X42.89 Y111.439 E498.4467
G1 X43.439 Y111.532 E498.46615
G1 X43.878 Y111.721 E498.48284
G1 X44.327 Y112.063 E498.50255
G1 X44.653 Y112.497 E498.52151
G1 X44.858 Y112.977 E498.53973
G1 X44.939 Y113.527 E498.55915
G1 X44.876 Y114.086 E498.57879
G1 X44.666 Y114.607 E498.59841
G1 X44.336 Y115.05 E498.6177
G1 X43.884 Y115.403 E498.63773
G1 X43.276 Y115.64 E498.66052
G1 X42.73 Y115.689 E498.67967
G1 X42.18 Y115.596 E498.69915
G1 X41.677 Y115.364 E498.71849
G1 X41.245 Y115.007 E498.73806
G1 X41.011 Y114.697 E498.75163
G1 F2706.2 X40.707 Y114.081 E498.77636
M204 S750
G1 F1500 E497.77636
G0 F7500 X40.895 Y114.894
G0 X53.11 Y138.324
G0 X53.337 Y138.49
M204 S1250
G1 F1500 E498.77636
G1 F2790 X53.951 Y137.641 E498.81295
G1 X54.747 Y136.988 E498.84891
G1 X55.671 Y136.553 E498.88457
G1 X56.693 Y136.355 E498.92093
G1 X57.726 Y136.423 E498.95708
G1 X58.716 Y136.739 E498.99337
G1 X59.59 Y137.298 E499.02961
G1 X60.303 Y138.046 E499.06569
G1 X60.803 Y138.96 E499.10208
G1 X61.061 Y139.964 E499.13828
G1 X61.061 Y140.989 E499.17408
G1 X60.803 Y142.003 E499.21062
G1 X60.303 Y142.916 E499.24697
G1 X59.59 Y143.664 E499.28306
G1 X58.712 Y144.219 E499.31933
G1 X57.723 Y144.543 E499.35568
G1 X56.714 Y144.607 E499.39099
G1 X55.679 Y144.413 E499.42776
G1 X54.735 Y143.966 E499.46424
G1 X53.943 Y143.314 E499.50006
G1 X53.326 Y142.461 E499.53683
G1 X52.958 Y141.513 E499.57234
G1 X52.82 Y140.481 E499.60871
G1 X52.956 Y139.456 E499.64482
G1 X53.337 Y138.49 E499.68108
M204 S750
G1 F1500 E498.68108
G0 F7500 X53.11 Y138.324
G0 X68.631 Y127.311
G0 X102.395 Y126.919
G0 X102.395 Y106.993
G0 X96.337 Y106.551
G0 X96.087 Y106.801
M204 S1250
G1 F1500 E499.68108
G1 F2790 X101.957 Y106.8 E499.88608
G1 F2362.5 X102.525 Y107.009 E499.91104
G1 X102.285 Y106.293 E499.94219
G1 F2790 X101.794 Y105.192 E499.98429
G1 X101.236 Y103.399 E500.04987
G1 X100.876 Y101.46 E500.11874
G1 X100.755 Y99.481 E500.18798
G1 X100.877 Y97.497 E500.2574
G1 X101.237 Y95.56 E500.3262
G1 X101.821 Y93.698 E500.39435
G1 X102.629 Y91.916 E500.46269
G1 X103.641 Y90.251 E500.53073
G1 X104.533 Y89.112 E500.58125
G1 X96.088 Y89.112 E500.87618
G1 X96.087 Y106.801 E501.49394
M204 S750
G1 F1500 E500.49394
G0 F7500 X96.337 Y106.551
G0 X102.395 Y106.993
G0 X102.395 Y126.919
G0 X63.419 Y126.919
G0 X47.397 Y88.828
G0 X47.78 Y88.828
M204 S1250
G1 F1500 E501.49394
G1 F2790 X47.677 Y88.559 E501.504
G1 X47.677 Y69.431 E502.17201
G1 X47.74 Y69.156 E502.18186
G1 X48.173 Y68.801 E502.20141
G1 X105.457 Y68.801 E504.20195
G1 X105.835 Y68.927 E504.21586
G1 X106.039 Y69.188 E504.22743
G1 X106.087 Y69.431 E504.23608
G1 X106.088 Y87.448 E504.86529
G1 X107.789 Y86.122 E504.94061
G1 X109.46 Y85.118 E505.0087
G1 X111.246 Y84.318 E505.07704
G1 X113.11 Y83.743 E505.14516
G1 X114.994 Y83.397 E505.21206
G1 X116.957 Y83.279 E505.28074
G1 X118.941 Y83.401 E505.35015
G1 X120.878 Y83.761 E505.41896
G1 X122.739 Y84.345 E505.48708
G1 X124.521 Y85.153 E505.55541
G1 X126.192 Y86.168 E505.62369
G1 X127.676 Y87.329 E505.68949
G1 F2645.1 X128.95 Y88.565 E505.75487
G1 F2311.2 X129.155 Y88.72 E505.76571
G1 F2270.9 X129.166 Y87.751 E505.80729
G1 F2592.5 X129.177 Y86.782 E505.84371
G1 F2790 X129.177 Y69.431 E506.44966
G1 X129.225 Y69.188 E506.45831
G1 X129.429 Y68.927 E506.46988
G1 X129.716 Y68.801 E506.48082
G1 X187.089 Y68.801 E508.48447
G1 X187.467 Y69.059 E508.50045
G1 X187.587 Y69.431 E508.5141
G1 X187.587 Y88.567 E509.18239
G1 X187.484 Y88.828 E509.19219
G1 X187.336 Y88.986 E509.19975
G1 X187.024 Y89.108 E509.21145
G1 X177.587 Y89.111 E509.54102
G1 X177.586 Y107.53 E510.18427
G1 X177.541 Y107.72 E510.19109
G1 X177.319 Y107.998 E510.20351
G1 X177.036 Y108.107 E510.2141
G1 X171.587 Y108.111 E510.4044
G1 X171.586 Y126.524 E511.04744
G1 X171.539 Y126.725 E511.05465
G1 X171.357 Y126.969 E511.06528
G1 X171.038 Y127.111 E511.07747
G1 X132.857 Y127.111 E512.41087
G1 X132.614 Y127.063 E512.41952
G1 X132.422 Y126.938 E512.42753
G1 X132.301 Y126.778 E512.43453
G1 X132.227 Y126.58 E512.44191
G1 X132.23 Y107.365 E513.11296
G1 X132.282 Y107.171 E513.11998
G1 X132.493 Y106.916 E513.13153
G1 X132.857 Y106.801 E513.14487
G1 X138.227 Y106.801 E513.3324
G1 X138.227 Y89.111 E513.95019
G1 X129.807 Y89.111 E514.24425
G1 F2477.4 X129.349 Y88.988 E514.2629
G1 X129.643 Y89.447 E514.28434
G1 F2790 X130.316 Y90.314 E514.32267
G1 X131.318 Y91.98 E514.39056
G1 X132.122 Y93.773 E514.45918
G1 X132.697 Y95.636 E514.52727
G1 X133.046 Y97.572 E514.59598
G1 X133.161 Y99.481 E514.66277
G1 X133.037 Y101.466 E514.73222
G1 X132.691 Y103.356 E514.79932
G1 X132.095 Y105.261 E514.86903
G1 X131.283 Y107.049 E514.93761
G1 X130.27 Y108.716 E515.00574
G1 X129.058 Y110.257 E515.0742
G1 X127.676 Y111.633 E515.14231
G1 X126.129 Y112.837 E515.21077
G1 X124.458 Y113.842 E515.27887
G1 X122.665 Y114.646 E515.34749
G1 X120.802 Y115.221 E515.41558
G1 X118.937 Y115.562 E515.48179
G1 X116.957 Y115.684 E515.55107
G1 X114.972 Y115.561 E515.62053
G1 X113.038 Y115.203 E515.68922
G1 X111.177 Y114.619 E515.75734
G1 X109.39 Y113.807 E515.82588
G1 X107.727 Y112.797 E515.89383
G1 X106.178 Y111.578 E515.96267
G1 X104.805 Y110.2 E516.03061
G1 X103.644 Y108.716 E516.09641
G1 F2627.4 X102.801 Y107.379 E516.15502
G1 F2249.1 X102.619 Y107.174 E516.1669
G1 F2202.6 X102.604 Y108.055 E516.20588
G1 F2564.1 X102.588 Y108.936 E516.23936
G1 F2790 X102.587 Y126.58 E516.85554
G1 X102.513 Y126.778 E516.86293
G1 X102.392 Y126.938 E516.86993
G1 X102.2 Y127.063 E516.87793
G1 X102.035 Y127.111 E516.88393
G1 X63.776 Y127.111 E518.22006
G1 X63.495 Y126.997 E518.23065
G1 X63.287 Y126.752 E518.24187
G1 X63.229 Y126.543 E518.24945
G1 X63.227 Y108.111 E518.89315
G1 X57.291 Y108.108 E519.10045
G1 X56.986 Y107.991 E519.11186
G1 X56.803 Y107.782 E519.12156
G1 X56.73 Y107.552 E519.12999
G1 X56.727 Y89.111 E519.77401
G1 X48.24 Y89.108 E520.0704
G1 X47.928 Y88.985 E520.08211
G1 X47.78 Y88.828 E520.08965
M204 S750
G1 F1500 E519.08965
G0 F7500 X47.397 Y88.828
G0 X63.419 Y126.919
G0 X102.395 Y126.919
G0 X102.395 Y106.993
G0 X102.525 Y107.009
M204 S1250
G1 F1500 E520.08965
G1 F2052.2 X102.619 Y107.174 E520.09866
M204 S750
G1 F1500 E519.09866
G0 F7500 X102.793 Y107.717
G0 X102.795 Y127.319
G0 X63.019 Y127.319
G0 X47.469 Y89.319
G0 X47.469 Y68.593
G0 X106.295 Y68.593
G0 X127.848 Y87.189
G0 X128.959 Y88.302
G0 X129.155 Y88.72
M204 S1250
G1 F1500 E520.09866
G1 F2182.1 X129.349 Y88.988 E520.11344
M204 S750
G1 F1500 E519.11344
G0 F7500 X129.838 Y89.334
G0 X138.013 Y98.457
G0 X132.019 Y106.593
G0 X132.019 Y127.319
G0 X171.795 Y127.319
G0 X177.795 Y108.319
G0 X192.799 Y111.288
G0 X193.764 Y111.827
G0 X194.291 Y113.095
M204 S1250
G1 F1500 E520.11344
G1 F2633.3 X194.318 Y113.564 E520.13082
G1 F2627.4 X194.29 Y114.063 E520.14935
M204 S750
G0 F7500 X194.105 Y114.894
G0 X193.367 Y115.605
G0 X192.19 Y115.921
G0 X191.012 Y115.604
G0 X190.15 Y114.742
G0 X189.786 Y113.67
G0 X190.481 Y113.579
M204 S1250
;TYPE:WALL-OUTER
G1 F2220 X190.533 Y113.138 E520.16486
G1 X190.71 Y112.708 E520.1811
G1 X190.984 Y112.351 E520.19682
G1 X191.332 Y112.085 E520.21211
G1 X191.777 Y111.905 E520.22888
G1 X192.217 Y111.856 E520.24434
G1 X192.658 Y111.92 E520.2599
G1 X193.068 Y112.099 E520.27553
G1 X193.379 Y112.335 E520.28916
G1 X193.682 Y112.733 E520.30663
G1 X193.849 Y113.151 E520.32235
G1 X193.898 Y113.537 E520.33594
G1 X193.848 Y113.987 E520.35175
G1 X193.681 Y114.398 E520.36724
G1 X193.42 Y114.753 E520.38263
G1 X193.069 Y115.029 E520.39822
G1 X192.603 Y115.223 E520.41585
G1 X192.163 Y115.272 E520.43131
G1 X191.777 Y115.223 E520.4449
G1 X191.332 Y115.043 E520.46167
G1 X190.974 Y114.767 E520.47745
G1 X190.715 Y114.428 E520.49235
G1 X190.537 Y114.008 E520.50828
G1 X190.481 Y113.579 E520.52339
M204 S750
G0 F7500 X190.504 Y113.381
G1 F1500 E519.52339
G0 F7500 X189.809 Y113.289
G0 X187.795 Y68.593
G0 X128.969 Y68.593
G0 X128.959 Y88.302
G0 X129.597 Y88.537
M204 S1250
G1 F1500 E520.52339
G1 F2220 X129.597 Y69.37 E521.19276
G1 X129.681 Y69.263 E521.19751
G1 X129.77 Y69.223 E521.20092
G1 X187.01 Y69.226 E523.19992
G1 X187.127 Y69.307 E523.20489
G1 X187.167 Y69.431 E523.20944
G1 X187.163 Y88.523 E523.87619
G1 X187.084 Y88.65 E523.88142
G1 X186.98 Y88.69 E523.88531
G1 X177.167 Y88.691 E524.22801
G1 X177.167 Y107.535 E524.8861
G1 X177.098 Y107.638 E524.89043
G1 X176.984 Y107.69 E524.89481
G1 X171.167 Y107.691 E525.09796
G1 X171.166 Y126.509 E525.75514
G1 X171.101 Y126.635 E525.76009
G1 X170.993 Y126.689 E525.76431
G1 X132.857 Y126.691 E527.09614
G1 X132.712 Y126.634 E527.10158
G1 X132.652 Y126.528 E527.10583
G1 X132.648 Y107.365 E527.77506
G1 X132.735 Y107.259 E527.77985
G1 X132.857 Y107.221 E527.78431
G1 X138.647 Y107.221 E527.98652
G1 X138.647 Y88.691 E528.63365
G1 X129.807 Y88.691 E528.94237
G1 X129.666 Y88.637 E528.94764
G1 X129.597 Y88.537 E528.95188
M204 S750
G0 F7500 X129.597 Y88.337
G1 F1500 E527.95188
G0 F7500 X128.954 Y88.281
G0 X127.848 Y87.189
G0 X106.295 Y68.593
G0 X47.469 Y68.593
G0 X47.469 Y89.319
G0 X48.18 Y88.649
M204 S1250
G1 F1500 E528.95188
G1 F2220 X48.1 Y88.518 E528.95724
G1 X48.097 Y69.356 E529.62644
G1 X48.254 Y69.227 E529.63354
G1 X105.457 Y69.221 E531.63124
G1 X105.583 Y69.263 E531.63588
G1 X105.667 Y69.37 E531.64063
G1 X105.668 Y87.347 E532.26845
G1 F2319.4 X105.649 Y88.481 E532.30636
G1 F2396.9 X105.615 Y88.569 E532.30941
G1 F2290.9 X106.494 Y87.664 E532.35211
G1 F2220 X108.007 Y86.482 E532.41916
G1 X109.632 Y85.501 E532.48545
G1 X111.371 Y84.719 E532.55204
G1 X113.186 Y84.156 E532.6184
G1 X115.056 Y83.813 E532.6848
G1 X116.97 Y83.699 E532.75176
G1 X118.865 Y83.814 E532.81806
G1 X120.753 Y84.162 E532.8851
G1 X122.567 Y84.728 E532.95147
G1 X124.304 Y85.513 E533.01804
G1 X125.933 Y86.499 E533.08453
G1 X127.436 Y87.677 E533.15123
G1 X128.774 Y89.018 E533.21738
G1 X129.956 Y90.531 E533.28443
G1 X130.935 Y92.153 E533.3506
G1 X131.721 Y93.898 E533.41743
G1 X132.284 Y95.712 E533.48377
G1 X132.627 Y97.597 E533.55068
G1 X132.741 Y99.481 E533.61659
G1 X132.624 Y101.39 E533.68339
G1 X132.282 Y103.26 E533.74978
G1 X131.712 Y105.088 E533.81665
G1 X130.935 Y106.809 E533.88259
G1 X129.939 Y108.457 E533.94984
G1 X128.761 Y109.96 E534.01653
G1 X127.417 Y111.302 E534.08286
G1 X125.912 Y112.477 E534.14954
G1 X124.285 Y113.459 E534.21591
G1 X122.54 Y114.245 E534.28274
G1 X120.726 Y114.808 E534.34908
G1 X118.841 Y115.151 E534.41599
G1 X116.944 Y115.264 E534.48235
G1 X115.048 Y115.148 E534.54869
G1 X113.163 Y114.802 E534.61562
G1 X111.35 Y114.236 E534.68195
G1 X109.607 Y113.447 E534.74877
G1 X107.986 Y112.466 E534.81494
G1 X106.475 Y111.281 E534.882
G1 X105.136 Y109.941 E534.94815
G1 X103.961 Y108.436 E535.01484
G1 X102.977 Y106.806 E535.08133
G1 X102.195 Y105.067 E535.14792
G1 X101.632 Y103.252 E535.21428
G1 X101.287 Y101.364 E535.28131
G1 X101.175 Y99.468 E535.34764
G1 X101.29 Y97.573 E535.41394
G1 X101.638 Y95.685 E535.48099
G1 X102.204 Y93.871 E535.54735
G1 X102.989 Y92.134 E535.61392
G1 X103.972 Y90.51 E535.68021
G1 X105.157 Y88.999 E535.74727
G1 F2372.5 X105.587 Y88.611 E535.7662
G1 F2428.1 X105.417 Y88.692 E535.77221
G1 F2268.6 X95.668 Y88.692 E536.10538
G1 F2220 X95.667 Y107.221 E536.75247
G1 X101.957 Y107.22 E536.97214
G1 X102.126 Y107.305 E536.97875
G1 X102.167 Y107.374 E536.98155
G1 X102.162 Y126.528 E537.65047
G1 X102.102 Y126.634 E537.65472
G1 X101.994 Y126.688 E537.65894
G1 X63.817 Y126.688 E538.9922
G1 X63.679 Y126.594 E538.99803
G1 X63.647 Y126.502 E539.00143
G1 X63.647 Y107.691 E539.65837
G1 X57.276 Y107.69 E539.88087
G1 X57.152 Y107.531 E539.88791
G1 X57.147 Y88.691 E540.54586
G1 X48.284 Y88.69 E540.85538
G1 X48.18 Y88.649 E540.85929
M204 S750
G0 F7500 X48.1 Y88.518
G0 X48.1 Y88.471
G1 F1500 E539.85929
G0 F7500 X47.397 Y88.471
G0 X40.805 Y113.497
G0 X41.102 Y113.537
M204 S1250
G1 F1500 E540.85929
G1 F2220 X41.151 Y113.151 E540.87288
G1 X41.344 Y112.686 E540.89046
G1 X41.621 Y112.335 E540.90608
G1 X41.932 Y112.098 E540.91973
G1 X42.397 Y111.905 E540.93731
G1 X42.837 Y111.856 E540.95277
G1 X43.223 Y111.905 E540.96636
G1 X43.666 Y112.084 E540.98305
G1 X44.015 Y112.35 E540.99837
G1 X44.29 Y112.708 E541.01414
G1 X44.464 Y113.124 E541.02989
G1 X44.519 Y113.551 E541.04492
G1 X44.464 Y114.004 E541.06086
G1 X44.294 Y114.412 E541.07629
G1 X44.013 Y114.78 E541.09246
G1 X43.668 Y115.043 E541.10761
G1 X43.223 Y115.223 E541.12438
G1 X42.783 Y115.272 E541.13984
G1 X42.342 Y115.208 E541.1554
G1 X41.931 Y115.029 E541.17106
G1 X41.58 Y114.753 E541.18665
G1 X41.319 Y114.398 E541.20204
G1 X41.151 Y113.977 E541.21787
G1 X41.102 Y113.537 E541.23333
M204 S750
G0 F7500 X41.127 Y113.339
G1 F1500 E540.23333
G0 F7500 X40.831 Y113.299
G0 X53.056 Y138.435
G0 X53.705 Y138.693
M204 S1250
G1 F1500 E541.23333
G1 F2220 X54.248 Y137.945 E541.26561
G1 X54.959 Y137.355 E541.29788
G1 X55.79 Y136.961 E541.32999
G1 X56.71 Y136.779 E541.36275
G1 X57.65 Y136.836 E541.39563
G1 X58.524 Y137.119 E541.42772
G1 X59.324 Y137.623 E541.46074
G1 X59.962 Y138.298 E541.49317
G1 X60.409 Y139.114 E541.52567
G1 X60.641 Y140.017 E541.55823
G1 X60.641 Y140.945 E541.59064
G1 X60.409 Y141.849 E541.62323
G1 X59.962 Y142.664 E541.65569
G1 X59.324 Y143.339 E541.68813
G1 X58.535 Y143.838 E541.72073
G1 X57.641 Y144.127 E541.75354
G1 X56.721 Y144.184 E541.78573
G1 X55.835 Y144.016 E541.81723
G1 X54.972 Y143.615 E541.85046
G1 X54.253 Y143.023 E541.88299
G1 X53.707 Y142.274 E541.91536
G1 X53.361 Y141.404 E541.94805
G1 X53.245 Y140.481 E541.98054
G1 X53.363 Y139.56 E542.01297
G1 X53.705 Y138.693 E542.04552
M204 S750
G0 F7500 X53.822 Y138.532
G0 X53.257 Y138.121
G0 X40.962 Y142.465
G0 X40.264 Y142.485
M204 S1250
G1 F2220 X40.374 Y144.849 E542.12817
G1 X40.698 Y147.155 E542.20949
G1 X41.249 Y149.474 E542.29273
G1 X41.993 Y151.678 E542.37397
G1 X42.958 Y153.84 E542.45665
G1 X44.112 Y155.886 E542.53869
G1 X45.458 Y157.83 E542.62126
G1 X46.954 Y159.602 E542.70225
G1 X48.645 Y161.262 E542.78501
G1 X50.462 Y162.736 E542.86671
G1 X52.398 Y164.026 E542.94796
G1 X54.454 Y165.132 E543.02949
G1 X56.623 Y166.043 E543.11165
G1 X58.839 Y166.736 E543.19274
G1 X61.112 Y167.217 E543.27387
G1 X63.439 Y167.483 E543.35567
G1 X67.671 Y167.483 E543.50346
G1 X67.676 Y130.187 E544.80596
G1 X67.736 Y130.081 E544.81021
G1 X67.844 Y130.027 E544.81443
G1 X166.422 Y130.024 E548.25708
G1 X166.567 Y130.081 E548.26252
G1 X166.627 Y130.187 E548.26678
G1 X166.632 Y167.483 E549.56927
G1 X171.561 Y167.483 E549.74141
G1 X173.888 Y167.217 E549.8232
G1 X176.161 Y166.736 E549.90434
G1 X178.378 Y166.043 E549.98546
G1 X180.546 Y165.132 E550.06759
G1 X182.602 Y164.026 E550.14912
G1 X184.538 Y162.736 E550.23036
G1 X186.355 Y161.262 E550.31207
G1 X188.046 Y159.602 E550.39483
G1 X189.542 Y157.83 E550.47582
G1 X190.888 Y155.886 E550.55839
G1 X192.042 Y153.84 E550.64043
G1 X193.007 Y151.678 E550.72311
G1 X193.751 Y149.475 E550.80431
G1 X194.302 Y147.155 E550.88759
G1 X194.626 Y144.849 E550.96891
G1 X194.737 Y142.469 E551.05212
G1 X194.737 Y75.414 E553.39389
G1 X194.639 Y74.159 E553.43785
G1 X194.354 Y72.959 E553.48093
G1 X193.884 Y71.813 E553.52418
G1 X193.244 Y70.758 E553.56728
G1 X192.459 Y69.829 E553.60975
G1 X191.521 Y69.018 E553.65306
G1 X190.483 Y68.376 E553.69568
G1 X189.35 Y67.904 E553.73854
G1 X188.163 Y67.614 E553.78122
G1 X186.951 Y67.518 E553.82368
G1 X48.049 Y67.518 E558.67457
G1 X46.837 Y67.614 E558.71703
G1 X45.65 Y67.904 E558.7597
G1 X44.517 Y68.376 E558.80257
G1 X43.479 Y69.018 E558.84519
G1 X42.541 Y69.829 E558.8885
G1 X41.756 Y70.758 E558.93097
G1 X41.116 Y71.813 E558.97406
G1 X40.646 Y72.959 E559.01732
G1 X40.361 Y74.159 E559.06039
G1 X40.263 Y75.414 E559.10436
G1 X40.264 Y142.485 E561.44669
M204 S750
G0 F7500 X40.273 Y142.684
G1 F1500 E560.44669
G0 F7500 X40.971 Y142.653
G0 X71.165 Y127.308
G0 X171.795 Y127.319
G0 X187.795 Y89.319
G0 X187.795 Y68.593
G0 X187.134 Y68.377
;TYPE:SKIN
G1 F1500 E561.44669
G1 F1358.2 X186.922 Y68.37 E561.45732
G1 F1340.4 X158.286 Y68.371 E562.91217
G1 F1336.1 X129.65 Y68.372 E564.37178
G1 F1500 E563.37178
G0 F7500 X106.425 Y86.759
G1 F1500 E564.37178
G1 F1950 X106.423 Y69.439 E564.97665
G1 X106.361 Y69.1 E564.98868
G1 F1738.9 X106.058 Y68.677 E565.00906
G1 F1429.3 X105.541 Y68.378 E565.03752
G1 F1569 X106.034 Y68.276 E565.05937
G1 F1950 X129.197 Y68.276 E565.86829
G1 F1584.1 X129.651 Y68.372 E565.88824
G1 X129.192 Y68.698 E565.91244
G1 F1950 X128.944 Y69.014 E565.92647
G1 X128.845 Y69.397 E565.94029
G1 X128.841 Y88.014 E566.59045
G1 X127.976 Y87.145 E566.63327
G1 X126.403 Y85.905 E566.70322
G1 X124.614 Y84.824 E566.77622
G1 X122.781 Y84.001 E566.84639
G1 X120.894 Y83.419 E566.91535
G1 X118.999 Y83.07 E566.98265
G1 X116.97 Y82.943 E567.05364
G1 X114.951 Y83.064 E567.12428
G1 X113.044 Y83.413 E567.19198
G1 X111.156 Y83.992 E567.26095
G1 X109.304 Y84.819 E567.33178
G1 X107.621 Y85.832 E567.40038
G1 X106.425 Y86.759 E567.45323
G1 F1500 E566.45323
G0 F7500 X106.295 Y68.593
G0 X105.541 Y68.378
G1 F1500 E567.45323
G1 F1327.4 X105.443 Y68.37 E567.45827
G1 F1340.4 X48.105 Y68.373 E570.37132
G1 F1500 E569.37132
G0 F7500 X45.167 Y113.564
G0 X44.85 Y114.742
G0 X43.988 Y115.604
G0 X42.81 Y115.921
G0 X41.879 Y115.706
G0 X41.02 Y115.233
G1 F1500 E570.37132
G1 F1950 X41.178 Y115.407 E570.37953
G1 X41.692 Y115.758 E570.40127
G1 X42.041 Y115.903 E570.41447
G1 X42.698 Y116.024 E570.4378
G1 X43.437 Y115.963 E570.46369
G1 X44.058 Y115.69 E570.48738
G1 X44.587 Y115.274 E570.51089
G1 X44.965 Y114.775 E570.53275
G1 X45.201 Y114.17 E570.55543
G1 X45.28 Y113.582 E570.57615
G1 X45.187 Y112.89 E570.60053
G1 X44.944 Y112.328 E570.62191
G1 X44.573 Y111.83 E570.6436
G1 X44.065 Y111.444 E570.66588
G1 X43.583 Y111.226 E570.68436
G1 X42.922 Y111.104 E570.70783
G1 X42.289 Y111.155 E570.73001
G1 X41.657 Y111.391 E570.75357
G1 X41.177 Y111.722 E570.77393
G1 X41.021 Y111.896 E570.78209
G1 X41.019 Y75.431 E572.05556
G1 X41.11 Y74.288 E572.09561
G1 X41.369 Y73.192 E572.13494
G1 X41.797 Y72.152 E572.17421
G1 X42.374 Y71.199 E572.21312
G1 X43.079 Y70.365 E572.25126
G1 X43.932 Y69.627 E572.29065
G1 X44.865 Y69.05 E572.32896
G1 X45.888 Y68.624 E572.36766
G1 F1828.1 X47.061 Y68.338 E572.41264
G1 F1618.6 X47.937 Y68.342 E572.44949
G1 F1505.5 X48.081 Y68.369 E572.45612
G1 F1560 X47.444 Y68.995 E572.49511
G1 F1788.2 X47.346 Y69.394 E572.51076
G1 F1950 X47.344 Y88.63 E573.18254
G1 X47.501 Y89.015 E573.19706
G1 X47.725 Y89.252 E573.20845
G1 X47.975 Y89.389 E573.2184
G1 X48.205 Y89.442 E573.22664
G1 X56.391 Y89.447 E573.51253
G1 X56.395 Y107.538 E574.14432
G1 X56.51 Y107.945 E574.15909
G1 X56.705 Y108.194 E574.17014
G1 X57.003 Y108.379 E574.18238
G1 X57.252 Y108.442 E574.19135
G1 X62.891 Y108.447 E574.38829
G1 X62.891 Y126.6 E575.02225
G1 X62.973 Y126.871 E575.03213
G1 X63.126 Y127.114 E575.04216
G1 X63.385 Y127.322 E575.05376
G1 X63.706 Y127.443 E575.06574
G1 X102.084 Y127.445 E576.40602
G1 X102.362 Y127.356 E576.41622
G1 X102.594 Y127.204 E576.4259
G1 X102.791 Y126.963 E576.43677
G1 X102.923 Y126.64 E576.44896
G1 X102.924 Y108.176 E577.09378
G1 X103.372 Y108.914 E577.12393
G1 X104.608 Y110.486 E577.19377
G1 X105.931 Y111.81 E577.25913
G1 X107.516 Y113.06 E577.32963
G1 X109.297 Y114.136 E577.4023
G1 X111.135 Y114.962 E577.47267
G1 X112.931 Y115.522 E577.53837
G1 X114.906 Y115.891 E577.60854
G1 X116.893 Y116.019 E577.67807
G1 X118.874 Y115.906 E577.74737
G1 X120.866 Y115.552 E577.81803
G1 X122.754 Y114.972 E577.887
G1 X124.613 Y114.14 E577.95813
G1 X126.298 Y113.126 E578.02681
G1 X127.905 Y111.878 E578.09787
G1 X129.356 Y110.429 E578.16948
G1 X130.528 Y108.933 E578.23585
G1 F2032.3 X131.534 Y107.25 E578.30155
G1 F2201.6 X131.658 Y106.958 E578.31137
G1 F2116.3 X131.914 Y106.468 E578.32916
G1 F1959.3 X132.397 Y105.408 E578.36964
G1 F1950 X132.999 Y103.504 E578.43938
G1 X133.368 Y101.529 E578.50955
G1 X133.497 Y99.495 E578.58072
G1 X133.372 Y97.464 E578.65179
G1 X133.027 Y95.57 E578.71902
G1 X132.441 Y93.665 E578.78862
G1 X131.575 Y91.749 E578.86205
G1 X130.591 Y90.122 E578.92846
G1 X130.07 Y89.448 E578.95821
G1 X137.891 Y89.447 E579.23134
G1 X137.891 Y106.465 E579.82566
G1 X132.836 Y106.465 E580.0022
G1 X132.358 Y106.615 E580.0197
G1 F1959.3 X132.26 Y106.683 E580.02384
G1 F2121.8 X132.004 Y107.051 E580.03823
G1 F2219.5 X131.915 Y107.332 E580.04727
G1 F2042.4 X131.894 Y109.292 E580.11263
G1 F1950 X131.891 Y126.64 E580.71848
G1 X132.022 Y126.963 E580.73065
G1 X132.166 Y127.155 E580.73903
G1 X132.452 Y127.355 E580.75122
G1 X132.824 Y127.444 E580.76458
G1 X170.983 Y127.445 E582.09721
G1 X171.269 Y127.395 E582.10735
G1 X171.587 Y127.21 E582.1202
G1 X171.84 Y126.873 E582.13491
G1 X171.922 Y126.546 E582.14669
G1 X171.923 Y108.447 E582.77876
G1 X177.084 Y108.439 E582.959
G1 X177.411 Y108.336 E582.97097
G1 X177.6 Y108.202 E582.97906
G1 X177.842 Y107.866 E582.99353
G1 X177.919 Y107.571 E583.00417
G1 X177.923 Y89.447 E583.63712
G1 X187.061 Y89.442 E583.95625
G1 X187.29 Y89.389 E583.96446
G1 X187.538 Y89.255 E583.9743
G1 X187.74 Y89.043 E583.98453
G1 X187.92 Y88.62 E584.00058
G1 X187.924 Y69.444 E584.67027
G1 X187.754 Y68.879 E584.69087
G1 F1800 X187.15 Y68.362 E584.72095
G1 F1699.2 X187.969 Y68.346 E584.75378
G1 F1832.2 X189.112 Y68.624 E584.79751
G1 F1950 X190.135 Y69.05 E584.83621
G1 X191.068 Y69.627 E584.87452
G1 X191.921 Y70.365 E584.91391
G1 X192.626 Y71.199 E584.95205
G1 X193.203 Y72.152 E584.99095
G1 X193.631 Y73.193 E585.03026
G1 X193.89 Y74.288 E585.06956
G1 X193.981 Y75.431 E585.1096
G1 X193.981 Y111.897 E586.38311
G1 X193.867 Y111.762 E586.38928
G1 X193.345 Y111.389 E586.41168
G1 X192.961 Y111.225 E586.42627
G1 X192.302 Y111.104 E586.44966
G1 X191.56 Y111.166 E586.47567
G1 X190.946 Y111.436 E586.49909
G1 X190.411 Y111.852 E586.52276
G1 X190.055 Y112.33 E586.54357
G1 X189.814 Y112.885 E586.5647
G1 X189.72 Y113.58 E586.5892
G1 X189.802 Y114.211 E586.61142
G1 X190.037 Y114.763 E586.63237
G1 X190.407 Y115.267 E586.65421
G1 X190.923 Y115.678 E586.67724
G1 X191.418 Y115.902 E586.69622
G1 X192.078 Y116.024 E586.71966
G1 X192.838 Y115.961 E586.74629
G1 X193.496 Y115.651 E586.77169
G1 X193.829 Y115.404 E586.78617
G1 X193.981 Y115.232 E586.79419
G1 X193.981 Y142.443 E587.74448
G1 X193.871 Y144.791 E587.82657
G1 X193.561 Y147 E587.90447
G1 X193.019 Y149.278 E587.98625
G1 X192.307 Y151.388 E588.06402
G1 X191.364 Y153.498 E588.14473
G1 X190.246 Y155.481 E588.22423
G1 X188.933 Y157.38 E588.30486
G1 X187.501 Y159.075 E588.38235
G1 X185.843 Y160.703 E588.4635
G1 X184.081 Y162.132 E588.54273
G1 X182.216 Y163.375 E588.621
G1 X180.223 Y164.447 E588.70003
G1 X178.118 Y165.332 E588.77978
G1 X175.962 Y166.005 E588.85865
G1 X173.777 Y166.467 E588.93665
G1 X171.517 Y166.727 E589.0161
G1 X167.388 Y166.727 E589.16029
G1 X167.388 Y130.075 E590.4403
G1 X167.257 Y129.752 E590.45247
G1 X167.113 Y129.56 E590.46085
G1 X166.827 Y129.36 E590.47304
G1 X166.455 Y129.271 E590.4864
G1 X67.754 Y129.27 E593.93335
G1 X67.476 Y129.359 E593.94354
G1 X67.244 Y129.511 E593.95323
G1 X67.047 Y129.752 E593.9641
G1 X66.915 Y130.075 E593.97628
G1 X66.915 Y166.727 E595.25629
G1 X63.484 Y166.727 E595.37611
G1 X61.223 Y166.467 E595.45559
G1 X59.03 Y166.003 E595.53387
G1 X56.892 Y165.336 E595.61208
G1 X54.777 Y164.447 E595.69221
G1 X52.784 Y163.375 E595.77124
G1 X50.919 Y162.132 E595.84951
G1 X49.157 Y160.703 E595.92874
G1 X47.499 Y159.076 E596.00986
G1 X46.067 Y157.38 E596.08738
G1 X44.754 Y155.481 E596.16801
G1 X43.636 Y153.498 E596.24751
G1 X42.693 Y151.388 E596.32822
G1 X41.981 Y149.278 E596.40599
G1 X41.439 Y147 E596.48777
G1 X41.129 Y144.791 E596.56567
G1 X41.02 Y142.475 E596.64664
G1 X41.02 Y115.233 E597.59802
G1 F1500 E596.59802
G0 F7500 X53.035 Y138.327
G1 F1500 E597.59802
G1 F1950 X52.621 Y139.398 E597.63812
G1 X52.481 Y140.483 E597.67632
G1 X52.631 Y141.608 E597.71596
G1 X53.034 Y142.63 E597.75432
G1 X53.693 Y143.541 E597.79359
G1 X54.558 Y144.252 E597.83269
G1 X55.566 Y144.73 E597.87165
G1 X56.692 Y144.944 E597.91168
G1 X57.798 Y144.872 E597.95039
G1 X58.882 Y144.515 E597.99025
G1 X59.783 Y143.939 E598.02759
G1 X60.577 Y143.115 E598.06755
G1 X61.107 Y142.151 E598.10597
G1 X61.394 Y141.042 E598.14598
G1 X61.391 Y139.895 E598.18604
G1 X61.118 Y138.833 E598.22433
G1 X60.579 Y137.848 E598.26354
G1 X59.821 Y137.054 E598.30188
G1 X58.865 Y136.436 E598.34163
G1 X57.786 Y136.092 E598.38118
G1 X56.665 Y136.02 E598.42041
G1 X55.556 Y136.236 E598.45987
G1 X54.578 Y136.697 E598.49763
G1 X53.69 Y137.426 E598.53775
G1 X53.035 Y138.327 E598.57666
G1 F1500 E597.57666
G0 F7500 X42.276 Y71.765
G1 F1500 E598.57666
G1 F1950 X44.553 Y69.488 E598.68911
G1 X44.627 Y69.414
G0 F7500 X45.71 Y68.925
G1 F1950 X41.702 Y72.933 E598.88706
G1 X41.628 Y73.007
G0 F7500 X41.444 Y73.785
G1 F1950 X46.552 Y68.677 E599.13934
G0 F7500 X47.275 Y68.549
G1 F1950 X41.302 Y74.521 E599.43432
G0 F7500 X41.25 Y75.167
G1 F1950 X47.164 Y69.253 E599.7264
G0 F7500 X47.13 Y69.881
G1 F1950 X41.229 Y75.782 E600.01785
G0 F7500 X41.229 Y76.376
G1 F1950 X47.13 Y70.475 E600.30929
G0 F7500 X47.13 Y71.069
G1 F1950 X41.229 Y76.97 E600.60073
G0 F7500 X41.229 Y77.564
G1 F1950 X47.13 Y71.663 E600.89217
G0 F7500 X47.131 Y72.256
G1 F1950 X41.229 Y78.158 E601.18367
G0 F7500 X41.229 Y78.752
G1 F1950 X47.131 Y72.85 E601.47516
G0 F7500 X47.131 Y73.444
G1 F1950 X41.229 Y79.346 E601.76665
G0 F7500 X41.229 Y79.94
G1 F1950 X47.131 Y74.038 E602.05814
G0 F7500 X47.132 Y74.631
G1 F1950 X41.229 Y80.534 E602.34969
G0 F7500 X41.229 Y81.128
G1 F1950 X47.132 Y75.225 E602.64123
G0 F7500 X47.132 Y75.819
G1 F1950 X41.229 Y81.722 E602.93277
G0 F7500 X41.229 Y82.316
G1 F1950 X47.132 Y76.413 E603.22431
G0 F7500 X47.132 Y77.006
G1 F1950 X41.229 Y82.91 E603.51588
G0 F7500 X41.229 Y83.504
G1 F1950 X47.132 Y77.6 E603.80745
G0 F7500 X47.132 Y78.194
G1 F1950 X41.229 Y84.098 E604.09901
G0 F7500 X41.229 Y84.691
G1 F1950 X47.132 Y78.788 E604.39055
G0 F7500 X47.133 Y79.381
G1 F1950 X41.229 Y85.285 E604.68215
G0 F7500 X41.229 Y85.879
G1 F1950 X47.133 Y79.975 E604.97374
G0 F7500 X47.133 Y80.569
G1 F1950 X41.229 Y86.473 E605.26533
G0 F7500 X41.229 Y87.067
G1 F1950 X47.133 Y81.163 E605.55692
G0 F7500 X47.134 Y81.757
G1 F1950 X41.229 Y87.661 E605.84854
G0 F7500 X41.229 Y88.255
G1 F1950 X47.134 Y82.351 E606.14015
G0 F7500 X47.134 Y82.945
G1 F1950 X41.229 Y88.849 E606.43177
G0 F7500 X41.229 Y89.443
G1 F1950 X47.134 Y83.539 E606.72338
G0 F7500 X47.135 Y84.132
G1 F1950 X41.229 Y90.037 E607.01505
G0 F7500 X41.229 Y90.631
G1 F1950 X47.135 Y84.726 E607.30672
G0 F7500 X47.135 Y85.32
G1 F1950 X41.229 Y91.225 E607.59838
G0 F7500 X41.229 Y91.819
G1 F1950 X47.135 Y85.914 E607.89005
G0 F7500 X47.135 Y86.507
G1 F1950 X41.229 Y92.413 E608.18174
G0 F7500 X41.229 Y93.007
G1 F1950 X47.135 Y87.101 E608.47343
G0 F7500 X47.135 Y87.695
G1 F1950 X41.23 Y93.6 E608.76507
G0 F7500 X41.23 Y94.194
G1 F1950 X47.135 Y88.289 E609.05671
G0 F7500 X47.198 Y88.82
G1 F1950 X41.23 Y94.788 E609.35146
G0 F7500 X41.23 Y95.382
G1 F1950 X47.401 Y89.211 E609.65624
G0 F7500 X47.721 Y89.485
G1 F1950 X41.23 Y95.976 E609.97682
G0 F7500 X41.23 Y96.57
G1 F1950 X48.156 Y89.644 E610.31889
G0 F7500 X48.744 Y89.65
G1 F1950 X41.23 Y97.164 E610.69
G0 F7500 X41.23 Y97.758
G1 F1950 X49.337 Y89.651 E611.09039
G0 F7500 X49.931 Y89.651
G1 F1950 X41.23 Y98.352 E611.52012
G0 F7500 X41.23 Y98.946
G1 F1950 X50.524 Y89.651 E611.97917
G0 F7500 X51.118 Y89.652
G1 F1950 X41.23 Y99.54 E612.46752
G0 F7500 X41.23 Y100.134
G1 F1950 X51.712 Y89.652 E612.98522
G0 F7500 X52.305 Y89.653
G1 F1950 X41.23 Y100.728 E613.5322
G0 F7500 X41.23 Y101.322
G1 F1950 X52.898 Y89.654 E614.10846
G0 F7500 X53.492 Y89.654
G1 F1950 X41.23 Y101.916 E614.71407
G0 F7500 X41.231 Y102.509
G1 F1950 X54.085 Y89.654 E615.34894
G0 F7500 X54.679 Y89.655
G1 F1950 X41.231 Y103.103 E616.01312
G0 F7500 X41.231 Y103.697
G1 F1950 X55.273 Y89.655 E616.70664
G0 F7500 X55.866 Y89.656
G1 F1950 X41.231 Y104.291 E617.42944
G0 F7500 X41.231 Y104.885
G1 F1950 X56.181 Y89.935 E618.1678
G0 F7500 X56.181 Y90.529
G1 F1950 X41.231 Y105.479 E618.90616
G0 F7500 X41.231 Y106.073
G1 F1950 X56.181 Y91.123 E619.64453
G0 F7500 X56.181 Y91.717
G1 F1950 X41.231 Y106.667 E620.38289
G0 F7500 X41.231 Y107.261
G1 F1950 X56.181 Y92.311 E621.12125
G0 F7500 X56.181 Y92.905
G1 F1950 X41.231 Y107.854 E621.85959
G0 F7500 X41.231 Y108.448
G1 F1950 X56.181 Y93.499 E622.59793
G0 F7500 X56.181 Y94.093
G1 F1950 X41.231 Y109.042 E623.33626
G0 F7500 X41.231 Y109.636
G1 F1950 X56.181 Y94.687 E624.0746
G0 F7500 X56.181 Y95.281
G1 F1950 X41.231 Y110.23 E624.81294
G0 F7500 X41.231 Y110.824
G1 F1950 X56.181 Y95.875 E625.55128
G0 F7500 X56.181 Y96.469
G1 F1950 X41.394 Y111.256 E626.28159
G1 X41.393 Y111.256
G1 X41.23 Y111.419 E626.28964
G0 F7500 X42.299 Y110.944
G1 F1950 X56.181 Y97.063 E626.97523
G0 F7500 X56.181 Y97.657
G1 F1950 X42.944 Y110.893 E627.62896
G0 F7500 X43.449 Y110.982
G1 F1950 X56.181 Y98.251 E628.25776
G0 F7500 X56.181 Y98.845
G1 F1950 X43.89 Y111.135 E628.86477
G0 F7500 X44.279 Y111.341
G1 F1950 X56.181 Y99.439 E629.4526
G0 F7500 X56.181 Y100.032
G1 F1950 X44.615 Y111.598 E630.02383
G0 F7500 X44.897 Y111.91
G1 F1950 X56.181 Y100.626 E630.58113
G0 F7500 X56.181 Y101.22
G1 F1950 X45.145 Y112.256 E631.12618
G0 F7500 X45.322 Y112.673
G1 F1950 X56.181 Y101.814 E631.6625
G0 F7500 X56.181 Y102.408
G1 F1950 X45.435 Y113.154 E632.19323
G0 F7500 X45.475 Y113.708
G1 F1950 X56.181 Y103.002 E632.72198
G0 F7500 X56.181 Y103.596
G1 F1950 X45.305 Y114.472 E633.25914
G1 X45.231 Y114.546
G0 F7500 X43.702 Y116.075
G1 F1950 X41.231 Y118.546 E633.38118
G0 F7500 X41.231 Y119.14
G1 F1950 X56.181 Y104.19 E634.11954
G0 F7500 X56.181 Y104.784
G1 F1950 X41.231 Y119.734 E634.8579
G0 F7500 X41.231 Y120.328
G1 F1950 X56.181 Y105.378 E635.59626
G0 F7500 X56.181 Y105.972
G1 F1950 X41.231 Y120.922 E636.33463
G0 F7500 X41.231 Y121.516
G1 F1950 X56.181 Y106.566 E637.07299
G0 F7500 X56.181 Y107.16
G1 F1950 X41.231 Y122.11 E637.81135
G0 F7500 X41.231 Y122.704
G1 F1950 X56.228 Y107.707 E638.55203
G0 F7500 X56.398 Y108.131
G1 F1950 X41.231 Y123.298 E639.30111
G0 F7500 X41.231 Y123.892
G1 F1950 X56.694 Y108.429 E640.06481
G0 F7500 X57.099 Y108.617
G1 F1950 X41.231 Y124.486 E640.84854
G0 F7500 X41.231 Y125.08
G1 F1950 X57.661 Y108.649 E641.66002
G0 F7500 X58.254 Y108.65
G1 F1950 X41.231 Y125.674 E642.50079
G0 F7500 X41.231 Y126.268
G1 F1950 X58.848 Y108.651 E643.37087
G0 F7500 X59.44 Y108.652
G1 F1950 X41.231 Y126.862 E644.27022
G0 F7500 X41.231 Y127.455
G1 F1950 X60.034 Y108.653 E645.19885
G0 F7500 X60.627 Y108.654
G1 F1950 X41.231 Y128.049 E646.15677
G0 F7500 X41.231 Y128.643
G1 F1950 X61.22 Y108.654 E647.144
G0 F7500 X61.813 Y108.655
G1 F1950 X41.23 Y129.238 E648.16057
G0 F7500 X41.23 Y129.832
G1 F1950 X62.407 Y108.656 E649.20645
G0 F7500 X62.681 Y108.975
G1 F1950 X41.23 Y130.426 E650.26589
G0 F7500 X41.23 Y131.02
G1 F1950 X62.681 Y109.569 E651.32533
G0 F7500 X62.681 Y110.163
G1 F1950 X41.23 Y131.614 E652.38477
G0 F7500 X41.23 Y132.208
G1 F1950 X62.681 Y110.757 E653.44421
G0 F7500 X62.681 Y111.351
G1 F1950 X41.23 Y132.802 E654.50365
G0 F7500 X41.23 Y133.396
G1 F1950 X62.681 Y111.945 E655.56309
G0 F7500 X62.681 Y112.539
G1 F1950 X41.23 Y133.99 E656.62252
G0 F7500 X41.23 Y134.584
G1 F1950 X62.681 Y113.133 E657.68196
G0 F7500 X62.681 Y113.727
G1 F1950 X41.23 Y135.178 E658.7414
G0 F7500 X41.23 Y135.772
G1 F1950 X62.681 Y114.321 E659.80084
G0 F7500 X62.681 Y114.915
G1 F1950 X41.23 Y136.366 E660.86028
G0 F7500 X41.23 Y136.96
G1 F1950 X62.681 Y115.509 E661.91972
G0 F7500 X62.681 Y116.103
G1 F1950 X41.23 Y137.554 E662.97916
G0 F7500 X41.23 Y138.148
G1 F1950 X62.681 Y116.697 E664.0386
G0 F7500 X62.681 Y117.291
G1 F1950 X41.23 Y138.742 E665.09803
G0 F7500 X41.23 Y139.336
G1 F1950 X62.681 Y117.885 E666.15747
G0 F7500 X62.681 Y118.479
G1 F1950 X41.23 Y139.93 E667.21691
G0 F7500 X41.23 Y140.524
G1 F1950 X62.681 Y119.073 E668.27635
G0 F7500 X62.681 Y119.667
G1 F1950 X41.23 Y141.118 E669.33579
G0 F7500 X41.23 Y141.711
G1 F1950 X62.681 Y120.261 E670.3952
G0 F7500 X62.681 Y120.855
G1 F1950 X41.23 Y142.305 E671.45462
G0 F7500 X41.249 Y142.88
G1 F1950 X62.681 Y121.449 E672.51309
G0 F7500 X62.681 Y122.043
G1 F1950 X41.275 Y143.448 E673.57028
G0 F7500 X41.302 Y144.015
G1 F1950 X62.681 Y122.637 E674.62614
G0 F7500 X62.681 Y123.231
G1 F1950 X41.328 Y144.583 E675.68072
G0 F7500 X41.386 Y145.119
G1 F1950 X62.681 Y123.825 E676.73243
G0 F7500 X62.681 Y124.418
G1 F1950 X41.46 Y145.639 E677.78051
G0 F7500 X41.534 Y146.16
G1 F1950 X62.681 Y125.012 E678.82495
G0 F7500 X62.681 Y125.606
G1 F1950 X41.607 Y146.68 E679.86577
G0 F7500 X41.7 Y147.182
G1 F1950 X62.681 Y126.2 E680.90202
G0 F7500 X62.72 Y126.755
G1 F1950 X41.814 Y147.662 E681.93457
G0 F7500 X41.927 Y148.142
G1 F1950 X62.904 Y127.166 E682.97057
G0 F7500 X63.206 Y127.457
G1 F1950 X42.041 Y148.622 E684.01589
G0 F7500 X42.155 Y149.102
G1 F1950 X52.734 Y138.523 E684.53837
G1 X52.808 Y138.449
G0 F7500 X52.402 Y139.449
G1 F1950 X42.297 Y149.555 E685.03747
G0 F7500 X42.446 Y149.999
G1 F1950 X52.315 Y140.13 E685.52489
G0 F7500 X52.303 Y140.736
G1 F1950 X42.596 Y150.443 E686.00431
G0 F7500 X42.746 Y150.887
G1 F1950 X52.373 Y141.26 E686.47977
G0 F7500 X52.467 Y141.76
G1 F1950 X42.898 Y151.329 E686.95237
G0 F7500 X43.081 Y151.74
G1 F1950 X52.635 Y142.186 E687.42423
G0 F7500 X52.803 Y142.612
G1 F1950 X43.265 Y152.15 E687.8953
G0 F7500 X43.448 Y152.561
G1 F1950 X53.029 Y142.98 E688.3685
G0 F7500 X53.279 Y143.324
G1 F1950 X43.632 Y152.971 E688.84495
G0 F7500 X43.815 Y153.382
G1 F1950 X53.528 Y143.669 E689.32466
G0 F7500 X53.851 Y143.94
G1 F1950 X44.028 Y153.763 E689.80981
G0 F7500 X44.242 Y154.142
G1 F1950 X54.178 Y144.207 E690.30051
G0 F7500 X54.516 Y144.463
G1 F1950 X44.457 Y154.522 E690.79731
G0 F7500 X44.67 Y154.903
G1 F1950 X54.919 Y144.654 E691.3035
G0 F7500 X55.322 Y144.845
G1 F1950 X44.885 Y155.282 E691.81897
G0 F7500 X45.121 Y155.64
G1 F1950 X55.777 Y144.983 E692.34528
G0 F7500 X56.277 Y145.078
G1 F1950 X45.363 Y155.991 E692.88429
G0 F7500 X45.606 Y156.342
G1 F1950 X56.804 Y145.145 E693.43732
G0 F7500 X57.438 Y145.104
G1 F1950 X45.849 Y156.694 E694.00971
G0 F7500 X46.092 Y157.045
G1 F1950 X58.163 Y144.974 E694.60588
G1 X58.237 Y144.9
G0 F7500 X59.123 Y144.608
G1 F1950 X46.347 Y157.384 E695.23687
G0 F7500 X46.618 Y157.706
G1 F1950 X66.704 Y137.62 E696.22889
G0 F7500 X66.704 Y138.214
G1 F1950 X46.891 Y158.028 E697.20746
G0 F7500 X47.163 Y158.35
G1 F1950 X66.704 Y138.808 E698.17259
G0 F7500 X66.704 Y139.402
G1 F1950 X47.434 Y158.672 E699.12431
G0 F7500 X47.712 Y158.989
G1 F1950 X66.704 Y139.996 E700.06233
G0 F7500 X66.704 Y140.59
G1 F1950 X48.011 Y159.283 E700.98555
G0 F7500 X48.311 Y159.577
G1 F1950 X66.704 Y141.184 E701.89396
G0 F7500 X66.704 Y141.778
G1 F1950 X48.611 Y159.871 E702.78755
G0 F7500 X48.911 Y160.166
G1 F1950 X66.704 Y142.372 E703.66635
G0 F7500 X66.704 Y142.966
G1 F1950 X49.211 Y160.46 E704.53033
G0 F7500 X49.53 Y160.734
G1 F1950 X66.704 Y143.56 E705.37854
G0 F7500 X66.704 Y144.154
G1 F1950 X49.858 Y161.001 E706.21056
G0 F7500 X50.186 Y161.267
G1 F1950 X66.704 Y144.748 E707.02639
G0 F7500 X66.704 Y145.342
G1 F1950 X50.514 Y161.532 E707.826
G0 F7500 X50.842 Y161.798
G1 F1950 X66.704 Y145.936 E708.6094
G0 F7500 X66.704 Y146.53
G1 F1950 X51.181 Y162.054 E709.37609
G0 F7500 X51.537 Y162.291
G1 F1950 X66.704 Y147.124 E710.12517
G0 F7500 X66.704 Y147.718
G1 F1950 X51.893 Y162.529 E710.85667
G0 F7500 X52.25 Y162.766
G1 F1950 X66.704 Y148.312 E711.57053
G0 F7500 X66.704 Y148.906
G1 F1950 X52.606 Y163.004 E712.26681
G0 F7500 X52.97 Y163.234
G1 F1950 X66.704 Y149.5 E712.94512
G0 F7500 X66.704 Y150.094
G1 F1950 X53.356 Y163.442 E713.60436
G0 F7500 X53.742 Y163.649
G1 F1950 X66.704 Y150.687 E714.24454
G0 F7500 X66.704 Y151.281
G1 F1950 X54.129 Y163.857 E714.86563
G0 F7500 X54.515 Y164.065
G1 F1950 X66.704 Y151.875 E715.46765
G0 F7500 X66.704 Y152.469
G1 F1950 X54.904 Y164.27 E716.05046
G0 F7500 X55.321 Y164.446
G1 F1950 X66.704 Y153.063 E716.61266
G0 F7500 X66.704 Y153.657
G1 F1950 X55.739 Y164.622 E717.1542
G0 F7500 X56.158 Y164.798
G1 F1950 X66.704 Y154.251 E717.67508
G0 F7500 X66.704 Y154.845
G1 F1950 X56.576 Y164.974 E718.17532
G0 F7500 X56.995 Y165.149
G1 F1950 X66.704 Y155.439 E718.65486
G0 F7500 X66.704 Y156.033
G1 F1950 X57.448 Y165.29 E719.11202
G0 F7500 X57.901 Y165.431
G1 F1950 X66.704 Y156.627 E719.54682
G0 F7500 X66.704 Y157.221
G1 F1950 X58.353 Y165.572 E719.95926
G0 F7500 X58.806 Y165.714
G1 F1950 X66.704 Y157.815 E720.34936
G0 F7500 X66.704 Y158.409
G1 F1950 X59.273 Y165.84 E720.71637
G0 F7500 X59.764 Y165.943
G1 F1950 X66.704 Y159.003 E721.05913
G0 F7500 X66.704 Y159.597
G1 F1950 X60.254 Y166.047 E721.37769
G0 F7500 X60.744 Y166.151
G1 F1950 X66.704 Y160.191 E721.67204
G0 F7500 X66.704 Y160.785
G1 F1950 X61.235 Y166.254 E721.94215
G0 F7500 X61.766 Y166.317
G1 F1950 X66.704 Y161.379 E722.18603
G0 F7500 X66.704 Y161.973
G1 F1950 X62.298 Y166.379 E722.40364
G0 F7500 X62.832 Y166.44
G1 F1950 X66.704 Y162.567 E722.5949
G0 F7500 X66.704 Y163.161
G1 F1950 X63.365 Y166.501 E722.75983
G0 F7500 X63.944 Y166.515
G1 F1950 X66.704 Y163.755 E722.89614
G0 F7500 X66.704 Y164.349
G1 F1950 X64.538 Y166.515 E723.00312
G0 F7500 X65.132 Y166.515
G1 F1950 X66.704 Y164.943 E723.08076
G0 F7500 X66.704 Y165.537
G1 F1950 X65.726 Y166.515 E723.12906
G0 F7500 X66.32 Y166.515
G1 F1950 X66.704 Y166.131 E723.14803
G1 F1500 E722.14803
G0 F7500 X61.06 Y142.67
G1 F1500 E723.14803
G1 F1950 X66.704 Y137.026 E723.42678
G0 F7500 X66.704 Y136.432
G1 F1950 X61.446 Y141.69 E723.68646
G0 F7500 X61.602 Y140.941
G1 F1950 X66.704 Y135.838 E723.93847
G0 F7500 X66.704 Y135.244
G1 F1950 X61.605 Y140.344 E724.19033
G0 F7500 X61.577 Y139.778
G1 F1950 X66.704 Y134.65 E724.44357
G0 F7500 X66.704 Y134.056
G1 F1950 X61.456 Y139.304 E724.70276
G0 F7500 X61.335 Y138.832
G1 F1950 X66.704 Y133.462 E724.96795
G0 F7500 X66.704 Y132.868
G1 F1950 X61.139 Y138.433 E725.2428
G0 F7500 X60.929 Y138.049
G1 F1950 X66.704 Y132.274 E725.52802
G0 F7500 X66.704 Y131.68
G1 F1950 X60.707 Y137.677 E725.82421
G0 F7500 X60.418 Y137.373
G1 F1950 X66.704 Y131.086 E726.13469
G0 F7500 X66.704 Y130.493
G1 F1950 X60.128 Y137.069 E726.45947
G0 F7500 X59.812 Y136.791
G1 F1950 X66.802 Y129.801 E726.8047
G1 X66.876 Y129.727
G0 F7500 X67.453 Y129.15
G1 F1950 X68.948 Y127.655 E726.87853
G0 F7500 X68.354 Y127.655
G1 F1950 X59.448 Y136.561 E727.31839
G0 F7500 X59.085 Y136.33
G1 F1950 X67.76 Y127.655 E727.74684
G0 F7500 X67.166 Y127.655
G1 F1950 X58.667 Y136.154 E728.16659
G0 F7500 X58.217 Y136.01
G1 F1950 X66.572 Y127.655 E728.57924
G0 F7500 X65.978 Y127.655
G1 F1950 X57.755 Y135.879 E728.98539
G0 F7500 X57.197 Y135.842
G1 F1950 X65.384 Y127.655 E729.38973
G0 F7500 X64.79 Y127.655
G1 F1950 X56.632 Y135.813 E729.79265
G0 F7500 X55.894 Y135.957
G1 F1950 X64.196 Y127.655 E730.20267
G0 F7500 X63.626 Y127.632
G1 F1950 X54.981 Y136.277 E730.62964
G1 X54.907 Y136.351
G0 F7500 X67.043 Y129.396
G0 X68.135 Y129.062
G1 F1950 X69.543 Y127.654 E730.69918
G0 F7500 X70.137 Y127.654
G1 F1950 X68.729 Y129.062 E730.76872
G0 F7500 X69.323 Y129.062
G1 F1950 X70.731 Y127.654 E730.83825
G0 F7500 X71.325 Y127.654
G1 F1950 X69.917 Y129.062 E730.90779
G0 F7500 X70.511 Y129.062
G1 F1950 X71.919 Y127.654 E730.97733
G0 F7500 X72.513 Y127.654
G1 F1950 X71.105 Y129.062 E731.04687
G0 F7500 X71.699 Y129.062
G1 F1950 X73.107 Y127.654 E731.11641
G0 F7500 X73.701 Y127.654
G1 F1950 X72.293 Y129.062 E731.18595
G0 F7500 X72.887 Y129.062
G1 F1950 X74.295 Y127.654 E731.25549
G0 F7500 X74.889 Y127.653
G1 F1950 X73.481 Y129.062 E731.32506
G0 F7500 X74.075 Y129.062
G1 F1950 X75.483 Y127.653 E731.39462
G0 F7500 X76.077 Y127.653
G1 F1950 X74.669 Y129.062 E731.46418
G0 F7500 X75.263 Y129.062
G1 F1950 X76.671 Y127.653 E731.53375
G0 F7500 X77.265 Y127.653
G1 F1950 X75.857 Y129.062 E731.60331
G0 F7500 X76.45 Y129.062
G1 F1950 X77.859 Y127.653 E731.6729
G0 F7500 X78.453 Y127.653
G1 F1950 X77.044 Y129.062 E731.74249
G0 F7500 X77.638 Y129.062
G1 F1950 X79.047 Y127.653 E731.81208
G0 F7500 X79.641 Y127.653
G1 F1950 X78.232 Y129.062 E731.88167
G0 F7500 X78.826 Y129.062
G1 F1950 X80.236 Y127.653 E731.95128
G0 F7500 X80.83 Y127.653
G1 F1950 X79.42 Y129.062 E732.02089
G0 F7500 X80.014 Y129.062
G1 F1950 X81.424 Y127.653 E732.09051
G0 F7500 X82.018 Y127.653
G1 F1950 X80.608 Y129.062 E732.16012
G0 F7500 X81.202 Y129.062
G1 F1950 X82.611 Y127.653 E732.22971
G0 F7500 X83.205 Y127.653
G1 F1950 X81.796 Y129.062 E732.2993
G0 F7500 X82.39 Y129.062
G1 F1950 X83.799 Y127.653 E732.36889
G0 F7500 X84.393 Y127.653
G1 F1950 X82.984 Y129.062 E732.43848
G0 F7500 X83.578 Y129.062
G1 F1950 X84.987 Y127.653 E732.50806
G0 F7500 X85.581 Y127.653
G1 F1950 X84.172 Y129.062 E732.57765
G0 F7500 X84.767 Y129.061
G1 F1950 X86.176 Y127.652 E732.64724
G0 F7500 X86.77 Y127.652
G1 F1950 X85.361 Y129.061 E732.71683
G0 F7500 X85.955 Y129.061
G1 F1950 X87.364 Y127.652 E732.78642
G0 F7500 X87.958 Y127.652
G1 F1950 X86.549 Y129.061 E732.85601
G0 F7500 X87.143 Y129.061
G1 F1950 X88.552 Y127.652 E732.9256
G0 F7500 X89.146 Y127.652
G1 F1950 X87.737 Y129.061 E732.99519
G0 F7500 X88.331 Y129.061
G1 F1950 X89.74 Y127.652 E733.06478
G0 F7500 X90.334 Y127.652
G1 F1950 X88.925 Y129.061 E733.13436
G0 F7500 X89.519 Y129.061
G1 F1950 X90.928 Y127.652 E733.20395
G0 F7500 X91.522 Y127.651
G1 F1950 X90.112 Y129.061 E733.27359
G0 F7500 X90.706 Y129.061
G1 F1950 X92.116 Y127.651 E733.34323
G0 F7500 X92.71 Y127.651
G1 F1950 X91.3 Y129.061 E733.41287
G0 F7500 X91.894 Y129.061
G1 F1950 X93.304 Y127.651 E733.48251
G0 F7500 X93.898 Y127.651
G1 F1950 X92.488 Y129.061 E733.55214
G0 F7500 X93.082 Y129.061
G1 F1950 X94.492 Y127.651 E733.62178
G0 F7500 X95.086 Y127.651
G1 F1950 X93.676 Y129.061 E733.69142
G0 F7500 X94.27 Y129.061
G1 F1950 X95.68 Y127.651 E733.76106
G0 F7500 X96.274 Y127.651
G1 F1950 X94.864 Y129.061 E733.8307
G0 F7500 X95.458 Y129.061
G1 F1950 X96.869 Y127.651 E733.90036
G0 F7500 X97.463 Y127.651
G1 F1950 X96.052 Y129.061 E733.97002
G0 F7500 X96.646 Y129.061
G1 F1950 X98.057 Y127.651 E734.03969
G0 F7500 X98.651 Y127.651
G1 F1950 X97.24 Y129.061 E734.10935
G0 F7500 X97.834 Y129.061
G1 F1950 X99.245 Y127.651 E734.17901
G0 F7500 X99.839 Y127.651
G1 F1950 X98.428 Y129.061 E734.24867
G0 F7500 X99.022 Y129.061
G1 F1950 X100.433 Y127.651 E734.31834
G0 F7500 X101.027 Y127.651
G1 F1950 X99.616 Y129.061 E734.388
G0 F7500 X100.21 Y129.061
G1 F1950 X101.621 Y127.651 E734.45766
G0 F7500 X102.262 Y127.603
G1 F1950 X100.805 Y129.061 E734.52965
G0 F7500 X101.399 Y129.061
G1 F1950 X114.444 Y116.015 E735.17395
G0 F7500 X113.943 Y115.923
G1 F1950 X103.096 Y126.769 E735.70964
G0 F7500 X103.133 Y126.138
G1 F1950 X113.442 Y115.829 E736.21879
G0 F7500 X112.941 Y115.736
G1 F1950 X103.133 Y125.544 E736.7032
G0 F7500 X103.133 Y124.95
G1 F1950 X112.481 Y115.602 E737.16488
G0 F7500 X112.028 Y115.462
G1 F1950 X103.133 Y124.356 E737.60417
G0 F7500 X103.133 Y123.762
G1 F1950 X111.575 Y115.321 E738.02109
G0 F7500 X111.121 Y115.18
G1 F1950 X103.133 Y123.168 E738.41561
G0 F7500 X103.133 Y122.574
G1 F1950 X110.708 Y114.999 E738.78973
G0 F7500 X110.299 Y114.815
G1 F1950 X103.133 Y121.98 E739.14362
G0 F7500 X103.133 Y121.386
G1 F1950 X109.889 Y114.631 E739.47727
G0 F7500 X109.479 Y114.447
G1 F1950 X103.133 Y120.792 E739.79066
G0 F7500 X103.133 Y120.198
G1 F1950 X109.081 Y114.251 E740.0844
G0 F7500 X108.711 Y114.027
G1 F1950 X103.133 Y119.604 E740.35987
G0 F7500 X103.133 Y119.011
G1 F1950 X108.34 Y113.803 E740.61706
G0 F7500 X107.97 Y113.579
G1 F1950 X103.133 Y118.417 E740.85598
G0 F7500 X103.134 Y117.822
G1 F1950 X107.601 Y113.355 E741.0766
G0 F7500 X107.246 Y113.115
G1 F1950 X103.134 Y117.228 E741.27971
G0 F7500 X103.134 Y116.634
G1 F1950 X106.915 Y112.853 E741.46645
G0 F7500 X106.583 Y112.591
G1 F1950 X103.134 Y116.04 E741.63679
G0 F7500 X103.134 Y115.446
G1 F1950 X106.251 Y112.329 E741.79074
G0 F7500 X105.919 Y112.067
G1 F1950 X103.134 Y114.852 E741.92828
G0 F7500 X103.134 Y114.258
G1 F1950 X105.609 Y111.783 E742.05052
G0 F7500 X105.312 Y111.486
G1 F1950 X103.134 Y113.664 E742.15809
G0 F7500 X103.134 Y113.07
G1 F1950 X105.014 Y111.19 E742.25094
G0 F7500 X104.717 Y110.893
G1 F1950 X103.134 Y112.476 E742.32912
G0 F7500 X103.134 Y111.882
G1 F1950 X104.426 Y110.59 E742.39293
G0 F7500 X104.163 Y110.259
G1 F1950 X103.134 Y111.288 E742.44375
G0 F7500 X103.134 Y110.694
G1 F1950 X103.901 Y109.927 E742.48164
G0 F7500 X103.639 Y109.595
G1 F1950 X103.496 Y109.738 E742.4887
G1 X103.495 Y109.739
G1 X103.134 Y110.1 E742.50653
G0 F7500 X103.133 Y109.507
G1 F1950 X103.377 Y109.263 E742.51858
G0 F7500 X106.067 Y111.773
G0 X107.628 Y112.997
G0 X109.325 Y114.023
G0 X110.789 Y114.684
G0 X114.947 Y116.106
G1 F1950 X101.993 Y129.061 E743.15839
G0 F7500 X102.587 Y129.061
G1 F1950 X115.506 Y116.141 E743.79646
G0 F7500 X116.064 Y116.177
G1 F1950 X103.181 Y129.061 E744.43276
G0 F7500 X103.774 Y129.061
G1 F1950 X116.623 Y116.212 E745.06736
G0 F7500 X117.219 Y116.21
G1 F1950 X104.368 Y129.061 E745.70206
G0 F7500 X104.962 Y129.061
G1 F1950 X117.849 Y116.174 E746.33853
G0 F7500 X118.478 Y116.139
G1 F1950 X105.556 Y129.061 E746.97673
G0 F7500 X106.15 Y129.061
G1 F1950 X119.141 Y116.07 E747.61834
G0 F7500 X119.863 Y115.942
G1 F1950 X106.744 Y129.061 E748.26627
G0 F7500 X107.338 Y129.061
G1 F1950 X120.587 Y115.812 E748.92062
G0 F7500 X121.378 Y115.615
G1 F1950 X107.932 Y129.061 E749.58471
G0 F7500 X108.526 Y129.061
G1 F1950 X122.238 Y115.348 E750.26195
G1 X122.312 Y115.274
G0 F7500 X123.159 Y115.022
G1 F1950 X109.12 Y129.061 E750.95532
G0 F7500 X109.714 Y129.061
G1 F1950 X124.239 Y114.536 E751.67269
G1 X124.313 Y114.462
G0 F7500 X125.551 Y113.818
G1 F1950 X110.308 Y129.061 E752.42552
G0 F7500 X110.902 Y129.061
G1 F1950 X127.526 Y112.437 E753.24656
G1 X127.6 Y112.363
G0 F7500 X129.945 Y110.018
G1 F1950 X131.437 Y108.526 E753.32025
G1 X131.438 Y108.525
G1 X131.702 Y108.26 E753.33331
G0 F7500 X131.245 Y108.124
G1 F1950 X131.714 Y107.655 E753.35648
G0 F7500 X131.69 Y108.866
G1 F1950 X111.496 Y129.061 E754.35386
G0 F7500 X112.09 Y129.061
G1 F1950 X131.682 Y109.469 E755.32148
G0 F7500 X131.682 Y110.063
G1 F1950 X112.684 Y129.061 E756.25977
G0 F7500 X113.278 Y129.061
G1 F1950 X131.682 Y110.657 E757.16872
G0 F7500 X131.682 Y111.251
G1 F1950 X113.872 Y129.061 E758.04834
G0 F7500 X114.466 Y129.061
G1 F1950 X131.682 Y111.845 E758.89861
G0 F7500 X131.682 Y112.439
G1 F1950 X115.06 Y129.061 E759.71955
G0 F7500 X115.654 Y129.061
G1 F1950 X131.682 Y113.033 E760.51116
G0 F7500 X131.681 Y113.627
G1 F1950 X116.248 Y129.061 E761.2734
G0 F7500 X116.842 Y129.061
G1 F1950 X131.681 Y114.221 E762.0063
G0 F7500 X131.681 Y114.815
G1 F1950 X117.437 Y129.06 E762.70982
G0 F7500 X118.03 Y129.06
G1 F1950 X131.681 Y115.409 E763.38403
G0 F7500 X131.681 Y116.003
G1 F1950 X118.624 Y129.06 E764.0289
G0 F7500 X119.218 Y129.06
G1 F1950 X131.681 Y116.597 E764.64443
G0 F7500 X131.681 Y117.191
G1 F1950 X119.812 Y129.06 E765.23063
G0 F7500 X120.406 Y129.06
G1 F1950 X131.681 Y117.785 E765.78748
G0 F7500 X131.68 Y118.38
G1 F1950 X121 Y129.06 E766.31496
G0 F7500 X121.594 Y129.06
G1 F1950 X131.68 Y118.974 E766.81309
G0 F7500 X131.68 Y119.568
G1 F1950 X122.188 Y129.06 E767.28189
G0 F7500 X122.782 Y129.06
G1 F1950 X131.68 Y120.162 E767.72135
G0 F7500 X131.68 Y120.756
G1 F1950 X123.376 Y129.06 E768.13148
G0 F7500 X123.97 Y129.06
G1 F1950 X131.68 Y121.35 E768.51226
G0 F7500 X131.68 Y121.944
G1 F1950 X124.564 Y129.06 E768.86371
G0 F7500 X125.158 Y129.06
G1 F1950 X131.68 Y122.538 E769.18583
G0 F7500 X131.68 Y123.132
G1 F1950 X125.752 Y129.06 E769.4786
G0 F7500 X126.346 Y129.06
G1 F1950 X131.68 Y123.726 E769.74204
G0 F7500 X131.68 Y124.32
G1 F1950 X126.94 Y129.06 E769.97615
G0 F7500 X127.534 Y129.06
G1 F1950 X131.68 Y124.914 E770.18091
G0 F7500 X131.68 Y125.508
G1 F1950 X128.128 Y129.06 E770.35634
G0 F7500 X128.722 Y129.06
G1 F1950 X131.68 Y126.102 E770.50243
G0 F7500 X131.702 Y126.673
G1 F1950 X129.316 Y129.06 E770.6203
G0 F7500 X129.91 Y129.06
G1 F1950 X131.872 Y127.098 E770.7172
G0 F7500 X132.163 Y127.401
G1 F1950 X130.504 Y129.06 E770.79914
G0 F7500 X131.098 Y129.06
G1 F1950 X132.567 Y127.591 E770.87169
G0 F7500 X133.095 Y127.656
G1 F1950 X131.692 Y129.06 E770.94101
G0 F7500 X132.286 Y129.06
G1 F1950 X133.689 Y127.656 E771.01032
G0 F7500 X134.283 Y127.656
G1 F1950 X132.88 Y129.06 E771.07964
G0 F7500 X133.474 Y129.06
G1 F1950 X134.877 Y127.656 E771.14896
G0 F7500 X135.471 Y127.656
G1 F1950 X134.068 Y129.059 E771.21825
G0 F7500 X134.662 Y129.059
G1 F1950 X136.065 Y127.656 E771.28754
G0 F7500 X136.659 Y127.656
G1 F1950 X135.256 Y129.059 E771.35684
G0 F7500 X135.85 Y129.059
G1 F1950 X137.253 Y127.656 E771.42613
G0 F7500 X137.847 Y127.656
G1 F1950 X136.444 Y129.059 E771.49542
G0 F7500 X137.038 Y129.059
G1 F1950 X138.441 Y127.656 E771.56471
G0 F7500 X139.035 Y127.656
G1 F1950 X137.632 Y129.059 E771.63401
G0 F7500 X138.226 Y129.059
G1 F1950 X139.63 Y127.656 E771.70332
G0 F7500 X140.224 Y127.656
G1 F1950 X138.82 Y129.059 E771.77264
G0 F7500 X139.414 Y129.059
G1 F1950 X140.818 Y127.656 E771.84196
G0 F7500 X141.412 Y127.656
G1 F1950 X140.008 Y129.059 E771.91127
G0 F7500 X140.602 Y129.059
G1 F1950 X142.006 Y127.656 E771.98059
G0 F7500 X142.6 Y127.656
G1 F1950 X141.196 Y129.059 E772.04991
G0 F7500 X141.79 Y129.059
G1 F1950 X143.194 Y127.656 E772.11923
G0 F7500 X143.788 Y127.656
G1 F1950 X142.384 Y129.059 E772.18854
G0 F7500 X142.978 Y129.059
G1 F1950 X144.382 Y127.656 E772.25786
G0 F7500 X144.975 Y127.656
G1 F1950 X143.572 Y129.059 E772.32715
G0 F7500 X144.166 Y129.059
G1 F1950 X145.57 Y127.655 E772.39649
G0 F7500 X146.164 Y127.655
G1 F1950 X144.76 Y129.059 E772.46584
G0 F7500 X145.354 Y129.059
G1 F1950 X146.758 Y127.655 E772.53518
G0 F7500 X147.352 Y127.655
G1 F1950 X145.948 Y129.059 E772.60452
G0 F7500 X146.542 Y129.059
G1 F1950 X147.946 Y127.655 E772.67386
G0 F7500 X148.54 Y127.655
G1 F1950 X147.136 Y129.059 E772.7432
G0 F7500 X147.73 Y129.059
G1 F1950 X149.134 Y127.655 E772.81255
G0 F7500 X149.728 Y127.655
G1 F1950 X148.324 Y129.059 E772.88189
G0 F7500 X148.918 Y129.059
G1 F1950 X150.322 Y127.655 E772.95123
G0 F7500 X150.916 Y127.655
G1 F1950 X149.512 Y129.059 E773.02057
G0 F7500 X150.106 Y129.059
G1 F1950 X151.51 Y127.655 E773.08991
G0 F7500 X152.105 Y127.654
G1 F1950 X150.7 Y129.059 E773.1593
G0 F7500 X151.294 Y129.059
G1 F1950 X152.699 Y127.654 E773.2287
G0 F7500 X153.292 Y127.654
G1 F1950 X151.888 Y129.059 E773.29806
G0 F7500 X152.482 Y129.059
G1 F1950 X153.886 Y127.654 E773.36743
G0 F7500 X154.48 Y127.654
G1 F1950 X153.076 Y129.059 E773.43679
G0 F7500 X153.67 Y129.059
G1 F1950 X155.074 Y127.654 E773.50616
G0 F7500 X155.668 Y127.654
G1 F1950 X154.264 Y129.059 E773.57553
G0 F7500 X154.858 Y129.059
G1 F1950 X156.262 Y127.654 E773.64489
G0 F7500 X156.856 Y127.654
G1 F1950 X155.452 Y129.059 E773.71426
G0 F7500 X156.046 Y129.059
G1 F1950 X157.45 Y127.654 E773.78363
G0 F7500 X158.044 Y127.654
G1 F1950 X156.64 Y129.059 E773.85299
G0 F7500 X157.234 Y129.059
G1 F1950 X158.639 Y127.653 E773.92241
G0 F7500 X159.233 Y127.653
G1 F1950 X157.828 Y129.059 E773.99183
G0 F7500 X158.422 Y129.059
G1 F1950 X159.827 Y127.653 E774.06124
G0 F7500 X160.421 Y127.653
G1 F1950 X159.016 Y129.059 E774.13066
G0 F7500 X159.61 Y129.059
G1 F1950 X161.015 Y127.653 E774.20007
G0 F7500 X161.609 Y127.653
G1 F1950 X160.204 Y129.059 E774.26949
G0 F7500 X160.798 Y129.059
G1 F1950 X162.203 Y127.653 E774.33891
G0 F7500 X162.797 Y127.653
G1 F1950 X161.392 Y129.059 E774.40832
G0 F7500 X161.986 Y129.059
G1 F1950 X163.391 Y127.653 E774.47774
G0 F7500 X163.985 Y127.653
G1 F1950 X162.58 Y129.059 E774.54715
G0 F7500 X163.174 Y129.059
G1 F1950 X164.579 Y127.653 E774.61657
G0 F7500 X165.173 Y127.653
G1 F1950 X163.768 Y129.059 E774.68599
G0 F7500 X164.362 Y129.059
G1 F1950 X165.767 Y127.653 E774.7554
G0 F7500 X166.361 Y127.653
G1 F1950 X164.955 Y129.059 E774.82484
G0 F7500 X165.549 Y129.059
G1 F1950 X166.955 Y127.653 E774.89428
G0 F7500 X167.549 Y127.653
G1 F1950 X166.143 Y129.059 E774.96372
G0 F7500 X166.68 Y129.116
G1 F1950 X168.143 Y127.653 E775.03598
G0 F7500 X168.737 Y127.653
G1 F1950 X167.093 Y129.297 E775.11717
G0 F7500 X167.389 Y129.594
G1 F1950 X169.331 Y127.653 E775.21306
G0 F7500 X169.925 Y127.653
G1 F1950 X167.566 Y130.012 E775.32957
G0 F7500 X167.597 Y130.575
G1 F1950 X170.519 Y127.653 E775.47388
G0 F7500 X171.137 Y127.629
G1 F1950 X167.597 Y131.169 E775.64872
G0 F7500 X167.597 Y131.762
G1 F1950 X193.77 Y105.59 E776.94135
G0 F7500 X193.77 Y106.184
G1 F1950 X167.597 Y132.356 E778.23398
G0 F7500 X167.597 Y132.95
G1 F1950 X193.77 Y106.778 E779.5266
G0 F7500 X193.77 Y107.372
G1 F1950 X167.597 Y133.544 E780.81923
G0 F7500 X167.597 Y134.138
G1 F1950 X193.77 Y107.966 E782.11186
G0 F7500 X193.77 Y108.559
G1 F1950 X191.266 Y111.064 E782.23555
G0 F7500 X192.007 Y110.917
G1 F1950 X193.77 Y109.153 E782.32265
G0 F7500 X193.77 Y109.747
G1 F1950 X192.579 Y110.939 E782.3815
G0 F7500 X193.069 Y111.042
G1 F1950 X193.77 Y110.341 E782.41612
G0 F7500 X193.77 Y110.935
G1 F1950 X193.489 Y111.217 E782.43002
G0 F7500 X192.19 Y111.207
G0 X191.011 Y111.524
G0 X189.694 Y112.636
G1 F1950 X167.597 Y134.732 E783.52134
G0 F7500 X167.597 Y135.326
G1 F1950 X189.529 Y113.395 E784.60451
G0 F7500 X189.556 Y113.962
G1 F1950 X167.597 Y135.92 E785.68902
G0 F7500 X167.597 Y136.514
G1 F1950 X189.67 Y114.442 E786.77915
G0 F7500 X189.851 Y114.854
G1 F1950 X167.597 Y137.108 E787.87825
G0 F7500 X167.597 Y137.702
G1 F1950 X190.097 Y115.202 E788.98949
G0 F7500 X190.377 Y115.516
G1 F1950 X167.597 Y138.296 E790.11457
G0 F7500 X167.597 Y138.89
G1 F1950 X190.712 Y115.776 E791.25617
G0 F7500 X191.094 Y115.987
G1 F1950 X167.597 Y139.484 E792.41666
G0 F7500 X167.597 Y140.078
G1 F1950 X191.534 Y116.141 E793.59888
G0 F7500 X192.039 Y116.23
G1 F1950 X167.597 Y140.672 E794.80604
G0 F7500 X167.597 Y141.266
G1 F1950 X192.679 Y116.184 E796.04481
G1 X192.753 Y116.11
G0 F7500 X193.644 Y115.814
G1 F1950 X167.597 Y141.86 E797.33121
G0 F7500 X167.597 Y142.454
G1 F1950 X193.769 Y116.282 E798.62381
G0 F7500 X193.769 Y116.876
G1 F1950 X167.597 Y143.048 E799.91642
G0 F7500 X167.597 Y143.642
G1 F1950 X193.769 Y117.47 E801.20902
G0 F7500 X193.769 Y118.064
G1 F1950 X167.597 Y144.236 E802.50162
G0 F7500 X167.597 Y144.83
G1 F1950 X193.769 Y118.658 E803.79423
G0 F7500 X193.769 Y119.252
G1 F1950 X167.597 Y145.424 E805.08683
G0 F7500 X167.597 Y146.018
G1 F1950 X193.769 Y119.846 E806.37943
G0 F7500 X193.769 Y120.44
G1 F1950 X167.597 Y146.612 E807.67204
G0 F7500 X167.597 Y147.206
G1 F1950 X193.769 Y121.034 E808.96464
G0 F7500 X193.769 Y121.628
G1 F1950 X167.597 Y147.8 E810.25724
G0 F7500 X167.597 Y148.394
G1 F1950 X193.769 Y122.221 E811.54987
G0 F7500 X193.769 Y122.815
G1 F1950 X167.597 Y148.988 E812.8425
G0 F7500 X167.597 Y149.582
G1 F1950 X193.769 Y123.409 E814.13513
G0 F7500 X193.769 Y124.003
G1 F1950 X167.597 Y150.176 E815.42775
G0 F7500 X167.597 Y150.77
G1 F1950 X193.769 Y124.597 E816.72038
G0 F7500 X193.769 Y125.191
G1 F1950 X167.597 Y151.363 E818.01298
G0 F7500 X167.597 Y151.957
G1 F1950 X193.769 Y125.785 E819.30559
G0 F7500 X193.769 Y126.379
G1 F1950 X167.597 Y152.551 E820.59819
G0 F7500 X167.597 Y153.145
G1 F1950 X193.769 Y126.973 E821.89079
G0 F7500 X193.769 Y127.567
G1 F1950 X167.597 Y153.739 E823.1834
G0 F7500 X167.597 Y154.333
G1 F1950 X193.769 Y128.161 E824.476
G0 F7500 X193.769 Y128.755
G1 F1950 X167.597 Y154.927 E825.7686
G0 F7500 X167.597 Y155.521
G1 F1950 X193.769 Y129.349 E827.06121
G0 F7500 X193.769 Y129.943
G1 F1950 X167.597 Y156.115 E828.35381
G0 F7500 X167.597 Y156.709
G1 F1950 X193.769 Y130.537 E829.64641
G0 F7500 X193.769 Y131.131
G1 F1950 X167.597 Y157.303 E830.93902
G0 F7500 X167.597 Y157.897
G1 F1950 X193.769 Y131.725 E832.23162
G0 F7500 X193.769 Y132.319
G1 F1950 X167.597 Y158.491 E833.52422
G0 F7500 X167.597 Y159.085
G1 F1950 X193.769 Y132.913 E834.81683
G0 F7500 X193.769 Y133.507
G1 F1950 X167.597 Y159.679 E836.10943
G0 F7500 X167.597 Y160.273
G1 F1950 X193.769 Y134.101 E837.40203
G0 F7500 X193.769 Y134.695
G1 F1950 X167.597 Y160.867 E838.69464
G0 F7500 X167.597 Y161.461
G1 F1950 X193.769 Y135.289 E839.98724
G0 F7500 X193.769 Y135.883
G1 F1950 X167.597 Y162.055 E841.27984
G0 F7500 X167.597 Y162.649
G1 F1950 X193.769 Y136.477 E842.57244
G0 F7500 X193.769 Y137.071
G1 F1950 X167.597 Y163.243 E843.86505
G0 F7500 X167.597 Y163.837
G1 F1950 X193.769 Y137.665 E845.15765
G0 F7500 X193.769 Y138.259
G1 F1950 X167.597 Y164.431 E846.45025
G0 F7500 X167.597 Y165.025
G1 F1950 X193.769 Y138.853 E847.74286
G0 F7500 X193.769 Y139.447
G1 F1950 X167.597 Y165.619 E849.03546
G0 F7500 X167.597 Y166.213
G1 F1950 X193.769 Y140.041 E850.32806
G0 F7500 X193.769 Y140.635
G1 F1950 X167.888 Y166.516 E851.60629
G0 F7500 X168.482 Y166.516
G1 F1950 X193.769 Y141.229 E852.85519
G0 F7500 X193.769 Y141.822
G1 F1950 X169.076 Y166.516 E854.07477
G0 F7500 X169.67 Y166.516
G1 F1950 X193.769 Y142.416 E855.26502
G0 F7500 X193.741 Y143.039
G1 F1950 X170.264 Y166.516 E856.42452
G0 F7500 X170.858 Y166.516
G1 F1950 X193.712 Y143.662 E857.55325
G0 F7500 X193.683 Y144.285
G1 F1950 X171.452 Y166.516 E858.65121
G0 F7500 X172.116 Y166.446
G1 F1950 X193.639 Y144.922 E859.71423
G0 F7500 X193.542 Y145.614
G1 F1950 X172.787 Y166.369 E860.73929
G0 F7500 X173.458 Y166.292
G1 F1950 X193.444 Y146.306 E861.72638
G0 F7500 X193.342 Y147.002
G1 F1950 X174.176 Y166.167 E862.67294
G0 F7500 X174.929 Y166.008
G1 F1950 X193.156 Y147.781 E863.57315
G0 F7500 X192.972 Y148.56
G1 F1950 X175.682 Y165.85 E864.42708
G1 X175.608 Y165.924
G0 F7500 X176.512 Y165.613
G1 F1950 X192.769 Y149.357 E865.22997
G1 X192.843 Y149.283
G0 F7500 X192.467 Y150.253
G1 F1950 X177.376 Y165.344 E865.97529
G1 X177.302 Y165.418
G0 F7500 X178.277 Y165.036
G1 F1950 X192.164 Y151.149 E866.66116
G1 X192.238 Y151.075
G0 F7500 X191.716 Y152.192
G1 F1950 X179.303 Y164.604 E867.27419
G1 X179.229 Y164.678
G0 F7500 X180.38 Y164.122
G1 F1950 X191.237 Y153.265 E867.81041
G1 X191.311 Y153.191
G0 F7500 X190.505 Y154.591
G1 F1950 X181.662 Y163.434 E868.24715
G1 X181.588 Y163.508
G0 F7500 X183.27 Y162.419
G1 F1950 X189.496 Y156.194 E868.55462
G1 X189.57 Y156.12
G1 F1500 E867.55462
G0 F7500 X172.104 Y126.661
G1 F1500 E868.55462
G1 F1950 X193.77 Y104.996 E869.62466
G0 F7500 X193.77 Y104.402
G1 F1950 X172.131 Y126.041 E870.69338
G0 F7500 X172.131 Y125.447
G1 F1950 X193.77 Y103.808 E871.7621
G0 F7500 X193.77 Y103.214
G1 F1950 X172.131 Y124.853 E872.83083
G0 F7500 X172.131 Y124.259
G1 F1950 X193.77 Y102.62 E873.89955
G0 F7500 X193.77 Y102.026
G1 F1950 X172.131 Y123.665 E874.96827
G0 F7500 X172.131 Y123.071
G1 F1950 X193.77 Y101.432 E876.037
G0 F7500 X193.77 Y100.838
G1 F1950 X172.131 Y122.477 E877.10572
G0 F7500 X172.131 Y121.883
G1 F1950 X193.77 Y100.244 E878.17445
G0 F7500 X193.77 Y99.65
G1 F1950 X172.131 Y121.29 E879.24319
G0 F7500 X172.131 Y120.696
G1 F1950 X193.77 Y99.056 E880.31194
G0 F7500 X193.77 Y98.462
G1 F1950 X172.131 Y120.101 E881.38067
G0 F7500 X172.131 Y119.507
G1 F1950 X193.77 Y97.868 E882.44939
G0 F7500 X193.77 Y97.274
G1 F1950 X172.131 Y118.913 E883.51811
G0 F7500 X172.131 Y118.319
G1 F1950 X193.77 Y96.68 E884.58684
G0 F7500 X193.77 Y96.086
G1 F1950 X172.131 Y117.725 E885.65556
G0 F7500 X172.131 Y117.131
G1 F1950 X193.77 Y95.492 E886.72429
G0 F7500 X193.77 Y94.898
G1 F1950 X172.131 Y116.537 E887.79301
G0 F7500 X172.131 Y115.943
G1 F1950 X193.77 Y94.304 E888.86173
G0 F7500 X193.77 Y93.71
G1 F1950 X172.131 Y115.349 E889.93046
G0 F7500 X172.131 Y114.755
G1 F1950 X193.77 Y93.116 E890.99918
G0 F7500 X193.77 Y92.522
G1 F1950 X172.132 Y114.16 E892.06786
G0 F7500 X172.132 Y113.567
G1 F1950 X177.053 Y108.645 E892.31092
G0 F7500 X176.458 Y108.646
G1 F1950 X172.132 Y112.973 E892.5246
G0 F7500 X172.132 Y112.379
G1 F1950 X175.863 Y108.648 E892.70887
G0 F7500 X175.268 Y108.649
G1 F1950 X172.132 Y111.785 E892.86376
G0 F7500 X172.132 Y111.191
G1 F1950 X174.673 Y108.65 E892.98925
G0 F7500 X174.077 Y108.651
G1 F1950 X172.132 Y110.597 E893.08534
G0 F7500 X172.132 Y110.003
G1 F1950 X173.482 Y108.653 E893.15201
G0 F7500 X172.886 Y108.654
G1 F1950 X172.132 Y109.409 E893.18928
G0 F7500 X172.132 Y108.815
G1 F1950 X172.291 Y108.656 E893.19713
G0 F7500 X177.795 Y108.319
G0 X178.126 Y107.572
G1 F1950 X193.77 Y91.928 E893.96977
G0 F7500 X193.77 Y91.334
G1 F1950 X178.126 Y106.978 E894.74241
G0 F7500 X178.126 Y106.384
G1 F1950 X193.77 Y90.74 E895.51504
G0 F7500 X193.77 Y90.146
G1 F1950 X178.126 Y105.79 E896.28768
G0 F7500 X178.127 Y105.196
G1 F1950 X193.77 Y89.552 E897.0603
G0 F7500 X193.77 Y88.958
G1 F1950 X178.127 Y104.602 E897.83291
G0 F7500 X178.127 Y104.008
G1 F1950 X193.77 Y88.365 E898.6055
G0 F7500 X193.77 Y87.771
G1 F1950 X178.127 Y103.413 E899.37806
G0 F7500 X178.127 Y102.819
G1 F1950 X193.77 Y87.177 E900.15063
G0 F7500 X193.77 Y86.583
G1 F1950 X178.127 Y102.225 E900.92319
G0 F7500 X178.127 Y101.631
G1 F1950 X193.77 Y85.989 E901.69575
G0 F7500 X193.77 Y85.395
G1 F1950 X178.128 Y101.037 E902.46829
G0 F7500 X178.128 Y100.443
G1 F1950 X193.77 Y84.801 E903.24083
G0 F7500 X193.77 Y84.207
G1 F1950 X178.128 Y99.849 E904.01337
G0 F7500 X178.129 Y99.254
G1 F1950 X193.77 Y83.613 E904.78586
G0 F7500 X193.77 Y83.019
G1 F1950 X188.119 Y88.67 E905.06496
G0 F7500 X188.133 Y88.062
G1 F1950 X193.77 Y82.425 E905.34336
G0 F7500 X193.77 Y81.831
G1 F1950 X188.133 Y87.468 E905.62177
G0 F7500 X188.133 Y86.874
G1 F1950 X193.77 Y81.237 E905.90017
G0 F7500 X193.77 Y80.643
G1 F1950 X188.133 Y86.28 E906.17858
G0 F7500 X188.133 Y85.686
G1 F1950 X193.77 Y80.049 E906.45698
G0 F7500 X193.77 Y79.455
G1 F1950 X188.133 Y85.092 E906.73539
G0 F7500 X188.133 Y84.498
G1 F1950 X193.77 Y78.861 E907.01379
G0 F7500 X193.77 Y78.267
G1 F1950 X188.133 Y83.904 E907.29219
G0 F7500 X188.133 Y83.31
G1 F1950 X193.77 Y77.673 E907.5706
G0 F7500 X193.77 Y77.079
G1 F1950 X188.133 Y82.716 E907.849
G0 F7500 X188.133 Y82.122
G1 F1950 X193.77 Y76.485 E908.12741
G0 F7500 X193.77 Y75.891
G1 F1950 X188.133 Y81.528 E908.40581
G0 F7500 X188.133 Y80.934
G1 F1950 X193.759 Y75.308 E908.68367
G0 F7500 X193.715 Y74.758
G1 F1950 X188.133 Y80.34 E908.95936
G0 F7500 X188.133 Y79.746
G1 F1950 X193.657 Y74.222 E909.23219
G0 F7500 X193.543 Y73.742
G1 F1950 X188.133 Y79.152 E909.49938
G0 F7500 X188.133 Y78.558
G1 F1950 X193.43 Y73.261 E909.76099
G0 F7500 X193.257 Y72.84
G1 F1950 X188.133 Y77.964 E910.01406
G0 F7500 X188.133 Y77.37
G1 F1950 X193.084 Y72.419 E910.25858
G0 F7500 X192.881 Y72.029
G1 F1950 X188.133 Y76.776 E910.49306
G0 F7500 X188.133 Y76.182
G1 F1950 X192.657 Y71.658 E910.71649
G0 F7500 X192.429 Y71.293
G1 F1950 X188.133 Y75.589 E910.92867
G0 F7500 X188.133 Y74.995
G1 F1950 X192.156 Y70.971 E911.12738
G0 F7500 X191.884 Y70.649
G1 F1950 X188.133 Y74.401 E911.31266
G0 F7500 X188.133 Y73.807
G1 F1950 X191.586 Y70.354 E911.4832
G0 F7500 X191.267 Y70.079
G1 F1950 X188.133 Y73.213 E911.63799
G0 F7500 X188.133 Y72.619
G1 F1950 X190.948 Y69.804 E911.77702
G0 F7500 X190.584 Y69.574
G1 F1950 X188.133 Y72.025 E911.89807
G0 F7500 X188.133 Y71.431
G1 F1950 X190.217 Y69.347 E912.001
G0 F7500 X189.822 Y69.147
G1 F1950 X188.133 Y70.837 E912.08444
G0 F7500 X188.133 Y70.243
G1 F1950 X189.402 Y68.974 E912.14711
G0 F7500 X188.974 Y68.807
G1 F1950 X188.133 Y69.649 E912.18867
G0 F7500 X188.046 Y69.142
G1 F1950 X188.496 Y68.691 E912.21092
G0 F7500 X188.019 Y68.575
G1 F1950 X187.913 Y68.681 E912.21616
G1 F1500 E911.21616
G0 F7500 X187.795 Y89.319
G0 X187.154 Y89.635
G1 F1500 E912.21616
G1 F1950 X178.129 Y98.66 E912.66189
G0 F7500 X178.129 Y98.066
G1 F1950 X186.544 Y89.651 E913.0775
G0 F7500 X185.949 Y89.651
G1 F1950 X178.13 Y97.471 E913.46369
G0 F7500 X178.13 Y96.877
G1 F1950 X185.356 Y89.651 E913.82058
G0 F7500 X184.761 Y89.652
G1 F1950 X178.13 Y96.283 E914.14807
G0 F7500 X178.13 Y95.689
G1 F1950 X184.167 Y89.652 E914.44623
G0 F7500 X183.572 Y89.653
G1 F1950 X178.13 Y95.095 E914.71501
G0 F7500 X178.13 Y94.501
G1 F1950 X182.978 Y89.654 E914.95442
G0 F7500 X182.384 Y89.654
G1 F1950 X178.13 Y93.907 E915.16449
G0 F7500 X178.131 Y93.312
G1 F1950 X181.789 Y89.654 E915.34516
G0 F7500 X181.195 Y89.654
G1 F1950 X178.131 Y92.718 E915.49649
G0 F7500 X178.131 Y92.124
G1 F1950 X180.6 Y89.655 E915.61843
G0 F7500 X180.006 Y89.656
G1 F1950 X178.132 Y91.53 E915.71098
G0 F7500 X178.132 Y90.936
G1 F1950 X179.412 Y89.656 E915.7742
G0 F7500 X178.817 Y89.656
G1 F1950 X178.132 Y90.342 E915.80806
G0 F7500 X178.132 Y89.748
G1 F1950 X178.223 Y89.656 E915.81257
G1 F1500 E914.81257
G0 F7500 X177.795 Y108.319
G0 X171.795 Y127.319
G0 X132.019 Y127.319
G0 X132.019 Y106.593
G0 X137.68 Y89.81
G1 F1500 E915.81257
G1 F1950 X132.934 Y94.555 E916.04695
G0 F7500 X132.795 Y94.101
G1 F1950 X137.238 Y89.657 E916.26641
G0 F7500 X136.644 Y89.657
G1 F1950 X132.656 Y93.646 E916.46339
G0 F7500 X132.473 Y93.234
G1 F1950 X136.05 Y89.657 E916.64006
G0 F7500 X135.456 Y89.657
G1 F1950 X132.288 Y92.826 E916.79655
G0 F7500 X132.103 Y92.416
G1 F1950 X134.862 Y89.657 E916.93281
G0 F7500 X134.268 Y89.658
G1 F1950 X131.918 Y92.008 E917.04887
G0 F7500 X131.732 Y91.6
G1 F1950 X133.674 Y89.658 E917.14479
G0 F7500 X133.08 Y89.658
G1 F1950 X131.508 Y91.23 E917.22243
G0 F7500 X131.284 Y90.859
G1 F1950 X132.486 Y89.658 E917.28177
G0 F7500 X131.892 Y89.658
G1 F1950 X131.06 Y90.489 E917.32283
G0 F7500 X130.837 Y90.119
G1 F1950 X131.298 Y89.658 E917.3456
G0 F7500 X130.705 Y89.656
G1 F1950 X130.587 Y89.774 E917.35143
G1 F1500 E916.35143
G0 F7500 X138.019 Y106.593
G0 X132.019 Y106.593
G0 X132.019 Y127.319
G0 X171.795 Y127.319
G0 X187.795 Y89.319
G0 X187.795 Y68.593
G0 X128.969 Y68.593
G0 X128.368 Y87.242
G1 F1500 E917.35143
G1 F1950 X128.629 Y86.981 E917.36432
G0 F7500 X128.066 Y86.95
G1 F1950 X128.629 Y86.387 E917.39213
G0 F7500 X128.629 Y85.793
G1 F1950 X127.734 Y86.688 E917.43633
G0 F7500 X127.402 Y86.426
G1 F1950 X128.629 Y85.199 E917.49693
G0 F7500 X128.629 Y84.605
G1 F1950 X127.07 Y86.164 E917.57393
G0 F7500 X126.738 Y85.902
G1 F1950 X128.629 Y84.011 E917.66732
G0 F7500 X128.629 Y83.417
G1 F1950 X126.393 Y85.653 E917.77775
G0 F7500 X126.022 Y85.43
G1 F1950 X128.629 Y82.823 E917.90651
G0 F7500 X128.629 Y82.229
G1 F1950 X125.652 Y85.206 E918.05354
G0 F7500 X125.283 Y84.982
G1 F1950 X128.629 Y81.635 E918.21882
G0 F7500 X128.629 Y81.041
G1 F1950 X124.913 Y84.758 E918.40237
G0 F7500 X124.523 Y84.553
G1 F1950 X128.629 Y80.447 E918.60516
G0 F7500 X128.629 Y79.853
G1 F1950 X124.114 Y84.369 E918.82818
G0 F7500 X123.704 Y84.184
G1 F1950 X128.629 Y79.259 E919.07142
G0 F7500 X128.629 Y78.665
G1 F1950 X123.294 Y84 E919.33491
G0 F7500 X122.885 Y83.816
G1 F1950 X128.629 Y78.071 E919.61862
G0 F7500 X128.629 Y77.477
G1 F1950 X122.432 Y83.674 E919.92468
G0 F7500 X121.978 Y83.534
G1 F1950 X128.629 Y76.883 E920.25317
G0 F7500 X128.629 Y76.289
G1 F1950 X121.524 Y83.394 E920.60408
G0 F7500 X121.07 Y83.255
G1 F1950 X128.629 Y75.695 E920.97743
G0 F7500 X128.629 Y75.101
G1 F1950 X120.585 Y83.146 E921.37474
G0 F7500 X120.083 Y83.053
G1 F1950 X128.629 Y74.507 E921.79682
G0 F7500 X128.629 Y73.913
G1 F1950 X119.581 Y82.962 E922.24371
G0 F7500 X119.079 Y82.87
G1 F1950 X128.629 Y73.319 E922.7154
G0 F7500 X128.629 Y72.725
G1 F1950 X118.525 Y82.829 E923.21442
G0 F7500 X117.967 Y82.794
G1 F1950 X128.629 Y72.131 E923.74103
G0 F7500 X128.629 Y71.537
G1 F1950 X117.408 Y82.759 E924.29525
G0 F7500 X116.832 Y82.741
G1 F1950 X128.629 Y70.944 E924.87789
G0 F7500 X128.629 Y70.35
G1 F1950 X116.2 Y82.778 E925.49171
G0 F7500 X115.569 Y82.816
G1 F1950 X128.629 Y69.756 E926.13673
G0 F7500 X128.688 Y69.103
G1 F1950 X114.938 Y82.853 E926.81583
G0 F7500 X114.213 Y82.984
G1 F1950 X128.711 Y68.486 E927.53187
G0 F7500 X128.117 Y68.486
G1 F1950 X113.486 Y83.117 E928.25447
G0 F7500 X112.714 Y83.295
G1 F1950 X127.523 Y68.486 E928.98587
G0 F7500 X126.929 Y68.486
G1 F1950 X111.859 Y83.556 E929.73016
G1 X111.785 Y83.63
G0 F7500 X110.983 Y83.838
G1 F1950 X126.335 Y68.486 E930.48838
G0 F7500 X125.741 Y68.486
G1 F1950 X109.909 Y84.318 E931.2703
G1 X109.835 Y84.392
G0 F7500 X108.693 Y84.94
G1 F1950 X125.148 Y68.486 E932.08297
G0 F7500 X124.554 Y68.486
G1 F1950 X107.082 Y85.957 E932.94586
G1 X107.082 Y85.958
G1 X106.966 Y86.073 E932.95157
G0 F7500 X106.684 Y85.762
G1 F1950 X123.96 Y68.486 E933.80481
G0 F7500 X123.366 Y68.486
G1 F1950 X106.634 Y85.217 E934.63116
G0 F7500 X106.634 Y84.623
G1 F1950 X122.772 Y68.486 E935.42817
G0 F7500 X122.178 Y68.486
G1 F1950 X106.634 Y84.029 E936.19584
G0 F7500 X106.634 Y83.435
G1 F1950 X121.584 Y68.486 E936.93418
G0 F7500 X120.99 Y68.486
G1 F1950 X106.634 Y82.841 E937.64318
G0 F7500 X106.634 Y82.247
G1 F1950 X120.396 Y68.486 E938.32284
G0 F7500 X119.802 Y68.486
G1 F1950 X106.633 Y81.654 E938.97322
G0 F7500 X106.633 Y81.06
G1 F1950 X119.208 Y68.486 E939.59426
G0 F7500 X118.614 Y68.486
G1 F1950 X106.633 Y80.466 E940.18596
G0 F7500 X106.633 Y79.872
G1 F1950 X118.02 Y68.486 E940.74833
G0 F7500 X117.426 Y68.486
G1 F1950 X106.633 Y79.278 E941.28136
G0 F7500 X106.633 Y78.684
G1 F1950 X116.832 Y68.486 E941.78505
G0 F7500 X116.238 Y68.486
G1 F1950 X106.633 Y78.09 E942.2594
G0 F7500 X106.633 Y77.497
G1 F1950 X115.644 Y68.486 E942.70444
G0 F7500 X115.05 Y68.486
G1 F1950 X106.633 Y76.903 E943.12015
G0 F7500 X106.633 Y76.309
G1 F1950 X114.456 Y68.486 E943.50652
G0 F7500 X113.862 Y68.486
G1 F1950 X106.633 Y75.715 E943.86355
G0 F7500 X106.633 Y75.121
G1 F1950 X113.268 Y68.486 E944.19124
G0 F7500 X112.674 Y68.486
G1 F1950 X106.633 Y74.527 E944.4896
G0 F7500 X106.633 Y73.933
G1 F1950 X112.08 Y68.486 E944.75862
G0 F7500 X111.486 Y68.486
G1 F1950 X106.633 Y73.339 E944.99831
G0 F7500 X106.633 Y72.745
G1 F1950 X110.892 Y68.486 E945.20865
G0 F7500 X110.298 Y68.486
G1 F1950 X106.633 Y72.151 E945.38966
G0 F7500 X106.633 Y71.557
G1 F1950 X109.704 Y68.486 E945.54134
G0 F7500 X109.11 Y68.486
G1 F1950 X106.633 Y70.963 E945.66367
G0 F7500 X106.633 Y70.369
G1 F1950 X108.516 Y68.486 E945.75667
G0 F7500 X107.922 Y68.486
G1 F1950 X106.633 Y69.775 E945.82033
G0 F7500 X106.594 Y69.22
G1 F1950 X107.328 Y68.486 E945.85658
G0 F7500 X106.734 Y68.486
G1 F1950 X106.442 Y68.778 E945.87101
G1 F1500 E944.87101
G0 F7500 X128.969 Y68.593
G0 X187.795 Y68.593
G0 X187.795 Y89.319
G0 X171.795 Y127.319
G0 X132.019 Y127.319
G0 X132.019 Y106.593
G0 X133.72 Y101.696
G0 X133.073 Y95.01
G1 F1500 E945.87101
G1 F1950 X137.68 Y90.404 E946.09852
G0 F7500 X137.68 Y90.998
G1 F1950 X133.213 Y95.465 E946.31914
G0 F7500 X133.311 Y95.96
G1 F1950 X137.68 Y91.592 E946.53489
G0 F7500 X137.68 Y92.186
G1 F1950 X133.402 Y96.463 E946.74615
G0 F7500 X133.494 Y96.965
G1 F1950 X137.68 Y92.78 E946.95287
G0 F7500 X137.68 Y93.374
G1 F1950 X133.583 Y97.47 E947.15519
G0 F7500 X133.617 Y98.03
G1 F1950 X137.68 Y93.968 E947.35583
G0 F7500 X137.68 Y94.562
G1 F1950 X133.651 Y98.59 E947.55479
G0 F7500 X133.685 Y99.15
G1 F1950 X137.68 Y95.156 E947.75208
G0 F7500 X137.68 Y95.75
G1 F1950 X133.692 Y99.737 E947.94901
G0 F7500 X133.653 Y100.37
G1 F1950 X137.68 Y96.344 E948.14788
G0 F7500 X137.68 Y96.937
G1 F1950 X133.613 Y101.004 E948.34874
G0 F7500 X133.554 Y101.657
G1 F1950 X137.68 Y97.531 E948.55252
G0 F7500 X137.68 Y98.125
G1 F1950 X133.42 Y102.385 E948.76292
G0 F7500 X133.286 Y103.113
G1 F1950 X137.68 Y98.719 E948.97993
G0 F7500 X137.68 Y99.313
G1 F1950 X133.091 Y103.902 E949.20658
G1 X133.017 Y103.976
G0 F7500 X132.819 Y104.768
G1 F1950 X137.68 Y99.907 E949.44666
G0 F7500 X137.68 Y100.501
G1 F1950 X132.5 Y105.681 E949.70249
G0 F7500 X132.521 Y106.254
G1 F1950 X132.387 Y106.388 E949.70911
G1 X132.521 Y106.254
G1 X137.68 Y101.095 E949.9639
G0 F7500 X137.68 Y101.689
G1 F1950 X133.114 Y106.254 E950.18939
G0 F7500 X133.708 Y106.254
G1 F1950 X137.68 Y102.283 E950.38554
G0 F7500 X137.68 Y102.877
G1 F1950 X134.302 Y106.254 E950.55235
G0 F7500 X134.896 Y106.254
G1 F1950 X137.68 Y103.471 E950.68982
G0 F7500 X137.68 Y104.065
G1 F1950 X135.49 Y106.254 E950.79796
G0 F7500 X136.084 Y106.254
G1 F1950 X137.68 Y104.659 E950.87676
G0 F7500 X137.68 Y105.253
G1 F1950 X136.678 Y106.254 E950.92622
G0 F7500 X137.272 Y106.254
G1 F1950 X137.68 Y105.847 E950.94635
G1 F1500 E949.94635
G0 F7500 X131.72 Y106.61
G0 X130.473 Y108.81
G0 X129.249 Y110.372
G0 X127.848 Y111.773
G0 X126.286 Y112.997
G0 X102.795 Y127.319
G0 X63.019 Y127.319
G0 X42.972 Y116.211
G1 F1500 E950.94635
G1 F1950 X41.231 Y117.952 E951.03233
G0 F7500 X41.231 Y117.358
G1 F1950 X42.405 Y116.184 E951.09031
G0 F7500 X41.917 Y116.077
G1 F1950 X41.231 Y116.764 E951.12422
G0 F7500 X41.231 Y116.17
G1 F1950 X41.497 Y115.904 E951.13736
G1 F1500 E950.13736
G0 F7500 X63.419 Y126.919
G0 X102.395 Y126.919
G0 X102.395 Y106.993
G0 X96.423 Y106.465
G1 F1500 E951.13736
G1 F1950 X96.424 Y89.448 E951.73164
G1 X103.843 Y89.449 E951.99074
G1 X103.384 Y90.033 E952.01668
G1 X102.347 Y91.734 E952.08625
G1 X101.476 Y93.658 E952.16001
G1 X100.918 Y95.451 E952.22559
G1 X100.546 Y97.436 E952.29612
G1 X100.419 Y99.468 E952.36722
G1 X100.531 Y101.396 E952.43467
G1 X100.894 Y103.416 E952.50634
G1 X101.467 Y105.28 E952.57444
G1 X101.994 Y106.464 E952.6197
G1 X96.423 Y106.465 E952.81426
G0 F7500 X101.476 Y105.818
G1 F1950 X101.041 Y106.254 E952.83577
G0 F7500 X100.447 Y106.254
G1 F1950 X101.294 Y105.406 E952.87763
G0 F7500 X101.148 Y104.959
G1 F1950 X99.853 Y106.254 E952.94158
G0 F7500 X99.259 Y106.254
G1 F1950 X101.009 Y104.504 E953.02801
G0 F7500 X100.87 Y104.049
G1 F1950 X98.665 Y106.254 E953.13692
G0 F7500 X98.071 Y106.254
G1 F1950 X100.73 Y103.594 E953.26827
G0 F7500 X100.623 Y103.108
G1 F1950 X97.477 Y106.254 E953.42364
G0 F7500 X96.883 Y106.254
G1 F1950 X100.533 Y102.604 E953.60391
G0 F7500 X100.443 Y102.099
G1 F1950 X96.633 Y105.91 E953.79211
G0 F7500 X96.633 Y105.316
G1 F1950 X100.354 Y101.595 E953.97588
G0 F7500 X100.3 Y101.055
G1 F1950 X96.633 Y104.722 E954.15699
G0 F7500 X96.633 Y104.128
G1 F1950 X100.267 Y100.494 E954.33647
G0 F7500 X100.235 Y99.932
G1 F1950 X96.633 Y103.534 E954.51437
G0 F7500 X96.633 Y102.94
G1 F1950 X100.214 Y99.359 E954.69123
G0 F7500 X100.253 Y98.726
G1 F1950 X96.633 Y102.346 E954.87002
G0 F7500 X96.633 Y101.752
G1 F1950 X100.293 Y98.092 E955.05078
G0 F7500 X100.332 Y97.459
G1 F1950 X96.633 Y101.158 E955.23347
G0 F7500 X96.633 Y100.564
G1 F1950 X100.462 Y96.735 E955.42258
G0 F7500 X100.6 Y96.003
G1 F1950 X96.633 Y99.97 E955.61851
G0 F7500 X96.633 Y99.376
G1 F1950 X100.758 Y95.251 E955.82223
G1 X100.832 Y95.177
G0 F7500 X101.025 Y94.39
G1 F1950 X96.633 Y98.782 E956.03915
G0 F7500 X96.633 Y98.188
G1 F1950 X101.316 Y93.505 E956.27044
G1 X101.39 Y93.431
G0 F7500 X101.803 Y92.424
G1 F1950 X96.633 Y97.594 E956.52578
G0 F7500 X96.633 Y97
G1 F1950 X102.418 Y91.215 E956.81149
G1 X102.492 Y91.141
G0 F7500 X103.048 Y89.992
G1 F1950 X96.633 Y96.406 E957.1283
G0 F7500 X96.633 Y95.812
G1 F1950 X102.787 Y89.659 E957.43221
G0 F7500 X103.048 Y89.991
G1 F1950 X103.381 Y89.658 E957.44866
G0 F7500 X102.193 Y89.659
G1 F1950 X96.633 Y95.218 E957.72323
G0 F7500 X96.633 Y94.625
G1 F1950 X101.599 Y89.659 E957.9685
G0 F7500 X101.005 Y89.659
G1 F1950 X96.633 Y94.031 E958.18443
G0 F7500 X96.633 Y93.437
G1 F1950 X100.411 Y89.659 E958.37102
G0 F7500 X99.817 Y89.659
G1 F1950 X96.633 Y92.843 E958.52827
G0 F7500 X96.633 Y92.249
G1 F1950 X99.223 Y89.659 E958.65619
G0 F7500 X98.629 Y89.659
G1 F1950 X96.633 Y91.655 E958.75477
G0 F7500 X96.633 Y91.061
G1 F1950 X98.035 Y89.659 E958.82401
G0 F7500 X97.441 Y89.659
G1 F1950 X96.633 Y90.467 E958.86392
G0 F7500 X96.633 Y89.873
G1 F1950 X96.847 Y89.659 E958.87449
G0 F7500 X96.847 Y89.711
G1 F1500 E957.87449
;MESH:NONMESH
G0 F600 X96.847 Y89.711 Z0.6
G0 F7500 X102.395 Y106.993
G0 X102.395 Y126.919
G0 X63.419 Y126.919
G0 X56.919 Y107.919
G0 X56.527 Y106.192
G0 X40.895 Y112.234
G0 X40.709 Y113.095
;TIME_ELAPSED:982.897311
;LAYER:2
M106 S170
M204 S2000
;TYPE:WALL-INNER
;MESH:FacePlateCover.stl
G1 F1500 E958.87449
G1 F3567.6 X40.682 Y113.564 E958.89187
G1 X40.709 Y114.033 E958.90925
M204 S1000
G0 F9000 X40.707 Y114.081
M204 S2000
G1 F3666.5 X40.683 Y114.609 E958.92828
G1 F3780 X40.684 Y142.475 E959.90145
G1 X40.792 Y144.81 E959.98308
G1 X41.111 Y147.077 E960.06303
G1 X41.653 Y149.358 E960.14491
G1 X42.385 Y151.525 E960.22479
G1 X43.334 Y153.651 E960.3061
G1 X44.468 Y155.663 E960.38675
G1 X45.792 Y157.574 E960.46795
G1 X47.262 Y159.316 E960.54755
G1 X48.925 Y160.948 E960.62892
G1 X50.712 Y162.398 E960.70929
G1 X52.614 Y163.666 E960.78912
G1 X54.635 Y164.752 E960.86924
G1 X56.767 Y165.648 E960.95001
G1 X58.945 Y166.329 E961.0297
G1 X61.18 Y166.802 E961.10948
G1 X63.463 Y167.063 E961.18973
G1 X67.251 Y167.063 E961.32202
G1 X67.251 Y130.135 E962.61166
G1 X67.325 Y129.937 E962.61904
G1 X67.446 Y129.777 E962.62605
G1 X67.638 Y129.652 E962.63405
G1 X67.803 Y129.604 E962.64005
G1 X166.422 Y129.604 E966.08414
G1 X166.665 Y129.652 E966.09279
G1 X166.857 Y129.777 E966.10079
G1 X166.978 Y129.937 E966.10779
G1 X167.052 Y130.135 E966.11518
G1 X167.052 Y167.063 E967.40482
G1 X171.537 Y167.063 E967.56145
G1 X173.82 Y166.802 E967.6417
G1 X176.055 Y166.329 E967.72148
G1 X178.234 Y165.648 E967.80121
G1 X180.365 Y164.752 E967.88194
G1 X182.386 Y163.666 E967.96206
G1 X184.288 Y162.398 E968.04189
G1 X186.075 Y160.948 E968.12226
G1 X187.738 Y159.316 E968.20363
G1 X189.208 Y157.574 E968.28324
G1 X190.532 Y155.663 E968.36443
G1 X191.666 Y153.651 E968.44508
G1 X192.615 Y151.525 E968.52639
G1 X193.347 Y149.359 E968.60624
G1 X193.889 Y147.077 E968.68815
G1 X194.207 Y144.81 E968.7681
G1 X194.317 Y142.459 E968.85029
G1 X194.317 Y114.609 E969.8229
G1 F3551.7 X194.29 Y114.063 E969.84322
G1 F3451.3 X194.035 Y114.635 E969.86717
G1 F3666.5 X193.633 Y115.128 E969.89008
G1 F3780 X193.185 Y115.443 E969.9092
G1 X192.656 Y115.639 E969.9289
G1 X192.11 Y115.689 E969.94805
G1 X191.561 Y115.596 E969.9675
G1 X191.116 Y115.403 E969.98444
G1 X190.679 Y115.07 E970.00362
G1 X190.361 Y114.654 E970.02191
G1 X190.133 Y114.122 E970.04212
G1 X190.062 Y113.608 E970.06024
G1 X190.13 Y113.016 E970.08106
G1 X190.347 Y112.497 E970.1007
G1 X190.692 Y112.049 E970.12045
G1 X191.116 Y111.725 E970.13908
G1 X191.561 Y111.532 E970.15602
G1 X192.11 Y111.439 E970.17547
G1 X192.656 Y111.489 E970.19462
G1 X193.183 Y111.684 E970.21424
G1 X193.633 Y112.001 E970.23346
G1 X193.989 Y112.431 E970.25296
G1 F3666.5 X194.293 Y113.049 E970.27776
G1 X194.317 Y112.522 E970.29675
G1 F3780 X194.317 Y75.43 E971.59212
G1 X194.223 Y74.224 E971.63436
G1 X193.953 Y73.088 E971.67514
G1 X193.508 Y72.003 E971.7161
G1 X192.902 Y71.004 E971.7569
G1 X192.159 Y70.125 E971.7971
G1 X191.271 Y69.358 E971.83808
G1 X190.291 Y68.751 E971.87833
G1 X189.218 Y68.304 E971.91893
G1 X188.096 Y68.03 E971.95926
G1 X186.935 Y67.938 E971.99994
G1 X48.048 Y67.939 E976.85031
G1 X46.904 Y68.03 E976.89038
G1 X45.782 Y68.304 E976.93072
G1 X44.709 Y68.751 E976.97131
G1 X43.728 Y69.358 E977.0116
G1 X42.841 Y70.125 E977.05255
G1 X42.098 Y71.004 E977.09275
G1 X41.492 Y72.003 E977.13355
G1 X41.047 Y73.088 E977.17451
G1 X40.777 Y74.224 E977.21529
G1 X40.683 Y75.43 E977.25753
G1 X40.684 Y112.522 E978.5529
G1 F3666.5 X40.707 Y113.047 E978.57182
G1 X41.01 Y112.431 E978.59654
G1 F3780 X41.367 Y112.001 E978.61606
G1 X41.817 Y111.684 E978.63528
G1 X42.344 Y111.488 E978.65491
G1 X42.89 Y111.439 E978.67406
G1 X43.439 Y111.532 E978.69351
G1 X43.878 Y111.721 E978.7102
G1 X44.327 Y112.063 E978.72991
G1 X44.653 Y112.497 E978.74886
G1 X44.858 Y112.977 E978.76709
G1 X44.939 Y113.527 E978.78651
G1 X44.876 Y114.086 E978.80615
G1 X44.666 Y114.607 E978.82577
G1 X44.336 Y115.05 E978.84506
G1 X43.884 Y115.403 E978.86509
G1 X43.276 Y115.64 E978.88788
G1 X42.73 Y115.689 E978.90702
G1 X42.18 Y115.596 E978.9265
G1 X41.677 Y115.364 E978.94585
G1 X41.245 Y115.007 E978.96542
G1 X41.011 Y114.697 E978.97899
G1 F3666.5 X40.707 Y114.081 E979.00372
M204 S1000
G1 F1500 E978.00372
G0 F9000 X40.895 Y114.894
G0 X53.11 Y138.324
G0 X53.337 Y138.49
M204 S2000
G1 F1500 E979.00372
G1 F3780 X53.951 Y137.641 E979.04031
G1 X54.747 Y136.988 E979.07626
G1 X55.671 Y136.553 E979.11193
G1 X56.693 Y136.355 E979.14829
G1 X57.726 Y136.423 E979.18444
G1 X58.716 Y136.739 E979.22073
G1 X59.59 Y137.298 E979.25696
G1 X60.303 Y138.046 E979.29305
G1 X60.803 Y138.96 E979.32944
G1 X61.061 Y139.964 E979.36564
G1 X61.061 Y140.989 E979.40144
G1 X60.803 Y142.003 E979.43798
G1 X60.303 Y142.916 E979.47433
G1 X59.59 Y143.664 E979.51042
G1 X58.712 Y144.219 E979.54669
G1 X57.723 Y144.543 E979.58304
G1 X56.714 Y144.607 E979.61835
G1 X55.679 Y144.413 E979.65512
G1 X54.735 Y143.966 E979.6916
G1 X53.943 Y143.314 E979.72742
G1 X53.326 Y142.461 E979.76419
G1 X52.958 Y141.513 E979.7997
G1 X52.82 Y140.481 E979.83606
G1 X52.956 Y139.456 E979.87217
G1 X53.337 Y138.49 E979.90844
M204 S1000
G1 F1500 E978.90844
G0 F9000 X53.11 Y138.324
G0 X68.631 Y127.311
G0 X102.395 Y126.919
G0 X102.395 Y106.993
G0 X96.337 Y106.551
G0 X96.087 Y106.801
M204 S2000
G1 F1500 E979.90844
G1 F3780 X101.957 Y106.8 E980.11344
G1 F3200.8 X102.525 Y107.009 E980.1384
G1 X102.285 Y106.293 E980.16954
G1 F3780 X101.794 Y105.192 E980.21164
G1 X101.236 Y103.399 E980.27722
G1 X100.876 Y101.46 E980.3461
G1 X100.755 Y99.481 E980.41534
G1 X100.877 Y97.497 E980.48476
G1 X101.237 Y95.56 E980.55356
G1 X101.821 Y93.698 E980.62171
G1 X102.629 Y91.916 E980.69004
G1 X103.641 Y90.251 E980.75809
G1 X104.533 Y89.112 E980.80861
G1 X96.088 Y89.112 E981.10354
G1 X96.087 Y106.801 E981.72129
M204 S1000
G1 F1500 E980.72129
G0 F9000 X96.337 Y106.551
G0 X102.395 Y106.993
G0 X102.395 Y126.919
G0 X63.419 Y126.919
G0 X47.397 Y88.828
G0 X47.78 Y88.828
M204 S2000
G1 F1500 E981.72129
G1 F3780 X47.677 Y88.559 E981.73135
G1 X47.677 Y69.431 E982.39936
G1 X47.74 Y69.156 E982.40922
G1 X48.173 Y68.801 E982.42877
G1 X105.457 Y68.801 E984.42931
G1 X105.835 Y68.927 E984.44322
G1 X106.039 Y69.188 E984.45479
G1 X106.087 Y69.431 E984.46344
G1 X106.088 Y87.448 E985.09265
G1 X107.789 Y86.122 E985.16797
G1 X109.46 Y85.118 E985.23605
G1 X111.246 Y84.318 E985.3044
G1 X113.11 Y83.743 E985.37252
G1 X114.994 Y83.397 E985.43942
G1 X116.957 Y83.279 E985.50809
G1 X118.941 Y83.401 E985.57751
G1 X120.878 Y83.761 E985.64632
G1 X122.739 Y84.345 E985.71443
G1 X124.521 Y85.153 E985.78277
G1 X126.192 Y86.168 E985.85104
G1 X127.676 Y87.329 E985.91685
G1 F3583.7 X128.95 Y88.565 E985.98223
G1 F3131.4 X129.155 Y88.72 E985.99307
G1 F3076.7 X129.166 Y87.751 E986.03464
G1 F3512.4 X129.177 Y86.782 E986.07106
G1 F3780 X129.177 Y69.431 E986.67702
G1 X129.225 Y69.188 E986.68567
G1 X129.429 Y68.927 E986.69724
G1 X129.716 Y68.801 E986.70818
G1 X187.089 Y68.801 E988.71183
G1 X187.467 Y69.059 E988.72781
G1 X187.587 Y69.431 E988.74146
G1 X187.587 Y88.567 E989.40975
G1 X187.484 Y88.828 E989.41955
G1 X187.336 Y88.986 E989.42711
G1 X187.024 Y89.108 E989.43881
G1 X177.587 Y89.111 E989.76838
G1 X177.586 Y107.53 E990.41163
G1 X177.541 Y107.72 E990.41845
G1 X177.319 Y107.998 E990.43087
G1 X177.036 Y108.107 E990.44146
G1 X171.587 Y108.111 E990.63176
G1 X171.586 Y126.524 E991.2748
G1 X171.539 Y126.725 E991.28201
G1 X171.357 Y126.969 E991.29264
G1 X171.038 Y127.111 E991.30483
G1 X132.857 Y127.111 E992.63823
G1 X132.614 Y127.063 E992.64688
G1 X132.422 Y126.938 E992.65488
G1 X132.301 Y126.778 E992.66189
G1 X132.227 Y126.58 E992.66927
G1 X132.23 Y107.365 E993.34032
G1 X132.282 Y107.171 E993.34733
G1 X132.493 Y106.916 E993.35889
G1 X132.857 Y106.801 E993.37222
G1 X138.227 Y106.801 E993.55976
G1 X138.227 Y89.111 E994.17755
G1 X129.807 Y89.111 E994.4716
G1 F3356.4 X129.349 Y88.988 E994.49026
G1 X129.643 Y89.447 E994.51169
G1 F3780 X130.316 Y90.314 E994.55002
G1 X131.318 Y91.98 E994.61792
G1 X132.122 Y93.773 E994.68654
G1 X132.697 Y95.636 E994.75463
G1 X133.046 Y97.572 E994.82333
G1 X133.161 Y99.481 E994.89012
G1 X133.037 Y101.466 E994.95958
G1 X132.691 Y103.356 E995.02668
G1 X132.095 Y105.261 E995.09639
G1 X131.283 Y107.049 E995.16497
G1 X130.27 Y108.716 E995.23309
G1 X129.058 Y110.257 E995.30156
G1 X127.676 Y111.633 E995.36967
G1 X126.129 Y112.837 E995.43813
G1 X124.458 Y113.842 E995.50623
G1 X122.665 Y114.646 E995.57485
G1 X120.802 Y115.221 E995.64294
G1 X118.937 Y115.562 E995.70915
G1 X116.995 Y115.683 E995.77711
G1 X114.972 Y115.561 E995.84788
G1 X113.038 Y115.203 E995.91657
G1 X111.177 Y114.619 E995.98469
G1 X109.39 Y113.807 E996.05324
G1 X107.727 Y112.797 E996.12119
G1 X106.178 Y111.578 E996.19002
G1 X104.805 Y110.2 E996.25796
G1 X103.644 Y108.716 E996.32376
G1 F3559.6 X102.801 Y107.379 E996.38238
G1 F3047.2 X102.619 Y107.174 E996.39425
G1 F2984.2 X102.604 Y108.055 E996.43323
G1 F3474 X102.588 Y108.936 E996.46671
G1 F3780 X102.587 Y126.58 E997.0829
G1 X102.513 Y126.778 E997.09028
G1 X102.392 Y126.938 E997.09728
G1 X102.2 Y127.063 E997.10529
G1 X102.035 Y127.111 E997.11129
G1 X63.776 Y127.111 E998.44741
G1 X63.495 Y126.997 E998.458
G1 X63.287 Y126.752 E998.46923
G1 X63.229 Y126.543 E998.4768
G1 X63.227 Y108.111 E999.1205
G1 X57.291 Y108.108 E999.32781
G1 X56.986 Y107.991 E999.33922
G1 X56.803 Y107.782 E999.34892
G1 X56.73 Y107.552 E999.35734
G1 X56.727 Y89.111 E1000.00136
G1 X48.24 Y89.108 E1000.29775
G1 X47.928 Y88.985 E1000.30947
G1 X47.78 Y88.828 E1000.317
M204 S1000
G1 F1500 E999.317
G0 F9000 X47.397 Y88.828
G0 X63.419 Y126.919
G0 X102.395 Y126.919
G0 X102.395 Y106.993
G0 X102.525 Y107.009
M204 S2000
G1 F1500 E1000.317
G1 F2780.4 X102.619 Y107.174 E1000.32602
M204 S1000
G1 F1500 E999.32602
G0 F9000 X102.793 Y107.717
G0 X102.795 Y127.319
G0 X63.019 Y127.319
G0 X47.469 Y89.319
G0 X47.469 Y68.593
G0 X106.295 Y68.593
G0 X127.848 Y87.189
G0 X128.959 Y88.302
G0 X129.155 Y88.72
M204 S2000
G1 F1500 E1000.32602
G1 F2956.4 X129.349 Y88.988 E1000.34079
M204 S1000
G1 F1500 E999.34079
G0 F9000 X129.838 Y89.334
G0 X138.013 Y98.457
G0 X132.019 Y106.593
G0 X132.019 Y127.319
G0 X171.795 Y127.319
G0 X177.795 Y108.319
G0 X192.799 Y111.288
G0 X193.764 Y111.827
G0 X194.291 Y113.095
M204 S2000
G1 F1500 E1000.34079
G1 F3567.6 X194.318 Y113.564 E1000.35817
G1 F3559.6 X194.29 Y114.063 E1000.37671
M204 S1000
G0 F9000 X194.105 Y114.894
G0 X193.367 Y115.605
G0 X192.19 Y115.921
G0 X191.012 Y115.604
G0 X190.15 Y114.742
G0 X189.786 Y113.67
G0 X190.481 Y113.579
M204 S2000
;TYPE:WALL-OUTER
G1 F2640 X190.533 Y113.138 E1000.39222
G1 X190.71 Y112.708 E1000.40846
G1 X190.984 Y112.351 E1000.42417
G1 X191.332 Y112.085 E1000.43947
G1 X191.777 Y111.905 E1000.45623
G1 X192.217 Y111.856 E1000.47169
G1 X192.658 Y111.92 E1000.48726
G1 X193.068 Y112.099 E1000.50288
G1 X193.379 Y112.335 E1000.51651
G1 X193.682 Y112.733 E1000.53398
G1 X193.849 Y113.151 E1000.5497
G1 X193.898 Y113.591 E1000.56516
G1 X193.848 Y113.987 E1000.5791
G1 X193.681 Y114.398 E1000.5946
G1 X193.42 Y114.753 E1000.60998
G1 X193.069 Y115.029 E1000.62558
G1 X192.603 Y115.223 E1000.64321
G1 X192.163 Y115.272 E1000.65867
G1 X191.777 Y115.223 E1000.67226
G1 X191.332 Y115.043 E1000.68902
G1 X190.974 Y114.767 E1000.70481
G1 X190.715 Y114.428 E1000.71971
G1 X190.537 Y114.008 E1000.73564
G1 X190.481 Y113.579 E1000.75075
M204 S1000
G0 F9000 X190.504 Y113.381
G1 F1500 E999.75075
G0 F9000 X189.809 Y113.289
G0 X187.795 Y68.593
G0 X128.969 Y68.593
G0 X128.959 Y88.302
G0 X129.597 Y88.537
M204 S2000
G1 F1500 E1000.75075
G1 F2640 X129.597 Y69.37 E1001.42012
G1 X129.681 Y69.263 E1001.42487
G1 X129.77 Y69.223 E1001.42828
G1 X187.01 Y69.226 E1003.42728
G1 X187.127 Y69.307 E1003.43225
G1 X187.167 Y69.431 E1003.4368
G1 X187.163 Y88.523 E1004.10355
G1 X187.084 Y88.65 E1004.10877
G1 X186.98 Y88.69 E1004.11266
G1 X177.167 Y88.691 E1004.45536
G1 X177.167 Y107.535 E1005.11346
G1 X177.098 Y107.638 E1005.11779
G1 X176.984 Y107.69 E1005.12216
G1 X171.167 Y107.691 E1005.32531
G1 X171.166 Y126.509 E1005.98249
G1 X171.101 Y126.635 E1005.98744
G1 X170.993 Y126.689 E1005.99166
G1 X132.857 Y126.691 E1007.32349
G1 X132.712 Y126.634 E1007.32893
G1 X132.652 Y126.528 E1007.33319
G1 X132.648 Y107.365 E1008.00242
G1 X132.735 Y107.259 E1008.00721
G1 X132.857 Y107.221 E1008.01167
G1 X138.647 Y107.221 E1008.21387
G1 X138.647 Y88.691 E1008.861
G1 X129.807 Y88.691 E1009.16972
G1 X129.666 Y88.637 E1009.17499
G1 X129.597 Y88.537 E1009.17924
M204 S1000
G0 F9000 X129.597 Y88.337
G1 F1500 E1008.17924
G0 F9000 X128.954 Y88.281
G0 X127.848 Y87.189
G0 X106.295 Y68.593
G0 X47.469 Y68.593
G0 X47.469 Y89.319
G0 X48.18 Y88.649
M204 S2000
G1 F1500 E1009.17924
G1 F2640 X48.1 Y88.518 E1009.1846
G1 X48.097 Y69.356 E1009.85379
G1 X48.254 Y69.227 E1009.86089
G1 X105.457 Y69.221 E1011.8586
G1 X105.583 Y69.263 E1011.86324
G1 X105.667 Y69.37 E1011.86799
G1 X105.668 Y87.347 E1012.4958
G1 F2758.2 X105.649 Y88.481 E1012.53371
G1 F2850.4 X105.615 Y88.569 E1012.53676
G1 F2724.3 X106.494 Y87.664 E1012.57946
G1 F2640 X108.007 Y86.482 E1012.64651
G1 X109.632 Y85.501 E1012.7128
G1 X111.371 Y84.719 E1012.77939
G1 X113.186 Y84.156 E1012.84575
G1 X115.056 Y83.813 E1012.91215
G1 X116.97 Y83.699 E1012.97911
G1 X118.865 Y83.814 E1013.04541
G1 X120.753 Y84.162 E1013.11246
G1 X122.567 Y84.728 E1013.17882
G1 X124.304 Y85.513 E1013.24539
G1 X125.933 Y86.499 E1013.31189
G1 X127.436 Y87.677 E1013.37858
G1 X128.774 Y89.018 E1013.44474
G1 X129.956 Y90.531 E1013.51179
G1 X130.935 Y92.153 E1013.57795
G1 X131.721 Y93.898 E1013.64479
G1 X132.284 Y95.712 E1013.71112
G1 X132.627 Y97.597 E1013.77803
G1 X132.741 Y99.481 E1013.84395
G1 X132.624 Y101.39 E1013.91074
G1 X132.282 Y103.26 E1013.97713
G1 X131.712 Y105.088 E1014.044
G1 X130.935 Y106.809 E1014.10994
G1 X129.939 Y108.457 E1014.17719
G1 X128.761 Y109.96 E1014.24388
G1 X127.417 Y111.302 E1014.31021
G1 X125.912 Y112.477 E1014.37689
G1 X124.285 Y113.459 E1014.44326
G1 X122.54 Y114.245 E1014.5101
G1 X120.726 Y114.808 E1014.57643
G1 X118.841 Y115.151 E1014.64334
G1 X116.97 Y115.264 E1014.7088
G1 X115.048 Y115.148 E1014.77605
G1 X113.163 Y114.802 E1014.84298
G1 X111.35 Y114.236 E1014.9093
G1 X109.607 Y113.447 E1014.97612
G1 X107.986 Y112.466 E1015.04229
G1 X106.475 Y111.281 E1015.10935
G1 X105.136 Y109.941 E1015.17551
G1 X103.961 Y108.436 E1015.24219
G1 X102.977 Y106.806 E1015.30868
G1 X102.195 Y105.067 E1015.37527
G1 X101.632 Y103.252 E1015.44164
G1 X101.287 Y101.364 E1015.50866
G1 X101.175 Y99.468 E1015.57499
G1 X101.29 Y97.573 E1015.64129
G1 X101.638 Y95.685 E1015.70834
G1 X102.204 Y93.871 E1015.7747
G1 X102.989 Y92.134 E1015.84127
G1 X103.972 Y90.51 E1015.90757
G1 X105.157 Y88.999 E1015.97463
G1 F2821.4 X105.587 Y88.611 E1015.99355
G1 F2887.5 X105.417 Y88.692 E1015.99957
G1 F2697.8 X95.668 Y88.692 E1016.33274
G1 F2640 X95.667 Y107.221 E1016.97983
G1 X101.957 Y107.22 E1017.19949
G1 X102.126 Y107.305 E1017.2061
G1 X102.167 Y107.374 E1017.2089
G1 X102.162 Y126.528 E1017.87782
G1 X102.102 Y126.634 E1017.88208
G1 X101.994 Y126.688 E1017.88629
G1 X63.817 Y126.688 E1019.21955
G1 X63.679 Y126.594 E1019.22538
G1 X63.647 Y126.502 E1019.22879
G1 X63.647 Y107.691 E1019.88573
G1 X57.276 Y107.69 E1020.10822
G1 X57.152 Y107.531 E1020.11526
G1 X57.147 Y88.691 E1020.77321
G1 X48.284 Y88.69 E1021.08274
G1 X48.18 Y88.649 E1021.08664
M204 S1000
G0 F9000 X48.1 Y88.518
G0 X48.1 Y88.471
G1 F1500 E1020.08664
G0 F9000 X47.397 Y88.471
G0 X40.805 Y113.497
G0 X41.102 Y113.537
M204 S2000
G1 F1500 E1021.08664
G1 F2640 X41.151 Y113.151 E1021.10023
G1 X41.344 Y112.686 E1021.11781
G1 X41.621 Y112.335 E1021.13343
G1 X41.932 Y112.098 E1021.14708
G1 X42.397 Y111.905 E1021.16467
G1 X42.837 Y111.856 E1021.18013
G1 X43.223 Y111.905 E1021.19372
G1 X43.666 Y112.084 E1021.2104
G1 X44.015 Y112.35 E1021.22573
G1 X44.29 Y112.708 E1021.24149
G1 X44.464 Y113.124 E1021.25724
G1 X44.519 Y113.551 E1021.27228
G1 X44.464 Y114.004 E1021.28821
G1 X44.294 Y114.412 E1021.30365
G1 X44.013 Y114.78 E1021.31982
G1 X43.668 Y115.043 E1021.33497
G1 X43.223 Y115.223 E1021.35173
G1 X42.783 Y115.272 E1021.36719
G1 X42.342 Y115.208 E1021.38276
G1 X41.931 Y115.029 E1021.39841
G1 X41.58 Y114.753 E1021.41401
G1 X41.319 Y114.398 E1021.42939
G1 X41.151 Y113.977 E1021.44522
G1 X41.102 Y113.537 E1021.46068
M204 S1000
G0 F9000 X41.127 Y113.339
G1 F1500 E1020.46068
G0 F9000 X40.831 Y113.299
G0 X53.056 Y138.435
G0 X53.705 Y138.693
M204 S2000
G1 F1500 E1021.46068
G1 F2640 X54.248 Y137.945 E1021.49296
G1 X54.959 Y137.355 E1021.52523
G1 X55.79 Y136.961 E1021.55735
G1 X56.71 Y136.779 E1021.5901
G1 X57.65 Y136.836 E1021.62299
G1 X58.524 Y137.119 E1021.65507
G1 X59.324 Y137.623 E1021.68809
G1 X59.962 Y138.298 E1021.72053
G1 X60.409 Y139.114 E1021.75302
G1 X60.641 Y140.017 E1021.78558
G1 X60.641 Y140.945 E1021.81799
G1 X60.409 Y141.849 E1021.85058
G1 X59.962 Y142.664 E1021.88305
G1 X59.324 Y143.339 E1021.91548
G1 X58.535 Y143.838 E1021.94808
G1 X57.641 Y144.127 E1021.9809
G1 X56.721 Y144.184 E1022.01309
G1 X55.835 Y144.016 E1022.04458
G1 X54.972 Y143.615 E1022.07781
G1 X54.253 Y143.023 E1022.11034
G1 X53.707 Y142.274 E1022.14271
G1 X53.361 Y141.404 E1022.17541
G1 X53.245 Y140.481 E1022.2079
G1 X53.363 Y139.56 E1022.24032
G1 X53.705 Y138.693 E1022.27287
M204 S1000
G0 F9000 X53.822 Y138.532
G0 X53.257 Y138.121
G0 X40.962 Y142.465
G0 X40.264 Y142.485
M204 S2000
G1 F2640 X40.374 Y144.849 E1022.35552
G1 X40.698 Y147.155 E1022.43684
G1 X41.249 Y149.474 E1022.52008
G1 X41.993 Y151.678 E1022.60132
G1 X42.958 Y153.84 E1022.68401
G1 X44.112 Y155.886 E1022.76604
G1 X45.458 Y157.83 E1022.84862
G1 X46.954 Y159.602 E1022.9296
G1 X48.645 Y161.262 E1023.01236
G1 X50.462 Y162.736 E1023.09407
G1 X52.398 Y164.026 E1023.17531
G1 X54.454 Y165.132 E1023.25685
G1 X56.623 Y166.043 E1023.339
G1 X58.839 Y166.736 E1023.42009
G1 X61.112 Y167.217 E1023.50123
G1 X63.439 Y167.483 E1023.58302
G1 X67.671 Y167.483 E1023.73082
G1 X67.676 Y130.187 E1025.03331
G1 X67.736 Y130.081 E1025.03757
G1 X67.844 Y130.027 E1025.04178
G1 X166.422 Y130.024 E1028.48444
G1 X166.567 Y130.081 E1028.48988
G1 X166.627 Y130.187 E1028.49413
G1 X166.632 Y167.483 E1029.79662
G1 X171.561 Y167.483 E1029.96876
G1 X173.888 Y167.217 E1030.05056
G1 X176.161 Y166.736 E1030.13169
G1 X178.378 Y166.043 E1030.21281
G1 X180.546 Y165.132 E1030.29494
G1 X182.602 Y164.026 E1030.37647
G1 X184.538 Y162.736 E1030.45772
G1 X186.355 Y161.262 E1030.53943
G1 X188.046 Y159.602 E1030.62218
G1 X189.542 Y157.83 E1030.70317
G1 X190.888 Y155.886 E1030.78574
G1 X192.042 Y153.84 E1030.86778
G1 X193.007 Y151.678 E1030.95046
G1 X193.751 Y149.475 E1031.03167
G1 X194.302 Y147.155 E1031.11494
G1 X194.626 Y144.849 E1031.19627
G1 X194.737 Y142.469 E1031.27947
G1 X194.737 Y75.414 E1033.62125
G1 X194.639 Y74.159 E1033.66521
G1 X194.354 Y72.959 E1033.70828
G1 X193.884 Y71.813 E1033.75154
G1 X193.244 Y70.758 E1033.79463
G1 X192.459 Y69.829 E1033.83711
G1 X191.521 Y69.018 E1033.88041
G1 X190.483 Y68.376 E1033.92303
G1 X189.35 Y67.904 E1033.9659
G1 X188.163 Y67.614 E1034.00857
G1 X186.951 Y67.518 E1034.05103
G1 X48.049 Y67.518 E1038.90193
G1 X46.837 Y67.614 E1038.94438
G1 X45.65 Y67.904 E1038.98706
G1 X44.517 Y68.376 E1039.02992
G1 X43.479 Y69.018 E1039.07255
G1 X42.541 Y69.829 E1039.11585
G1 X41.756 Y70.758 E1039.15832
G1 X41.116 Y71.813 E1039.20142
G1 X40.646 Y72.959 E1039.24468
G1 X40.361 Y74.159 E1039.28775
G1 X40.263 Y75.414 E1039.33171
G1 X40.264 Y142.485 E1041.67404
M204 S1000
G0 F9000 X40.273 Y142.684
G1 F1500 E1040.67404
G0 F9000 X40.971 Y142.653
G0 X71.165 Y127.308
G0 X171.795 Y127.319
G0 X187.795 Y89.319
G0 X187.795 Y68.593
G0 X187.134 Y68.377
;TYPE:SKIN
G1 F1500 E1041.67404
G1 F1462.7 X186.922 Y68.37 E1041.68468
G1 F1443.5 X158.286 Y68.371 E1043.13952
G1 F1438.8 X129.65 Y68.372 E1044.59913
G1 F1500 E1043.59913
G0 F9000 X106.425 Y86.759
G1 F1500 E1044.59913
G1 F2100 X106.423 Y69.439 E1045.204
G1 X106.361 Y69.1 E1045.21604
G1 F1872.6 X106.058 Y68.677 E1045.23642
G1 F1539.3 X105.541 Y68.378 E1045.26487
G1 F1689.7 X106.034 Y68.276 E1045.28672
G1 F2100 X129.197 Y68.276 E1046.09565
G1 F1706 X129.651 Y68.372 E1046.1156
G1 X129.192 Y68.698 E1046.1398
G1 F2100 X128.944 Y69.014 E1046.15383
G1 X128.845 Y69.397 E1046.16764
G1 X128.841 Y88.014 E1046.81781
G1 X127.976 Y87.145 E1046.86063
G1 X126.403 Y85.905 E1046.93058
G1 X124.614 Y84.824 E1047.00357
G1 X122.781 Y84.001 E1047.07374
G1 X120.894 Y83.419 E1047.14271
G1 X118.999 Y83.07 E1047.21
G1 X116.97 Y82.943 E1047.281
G1 X114.951 Y83.064 E1047.35163
G1 X113.044 Y83.413 E1047.41934
G1 X111.156 Y83.992 E1047.4883
G1 X109.304 Y84.819 E1047.55914
G1 X107.621 Y85.832 E1047.62774
G1 X106.425 Y86.759 E1047.68058
G1 F1500 E1046.68058
G0 F9000 X106.295 Y68.593
G0 X105.541 Y68.378
G1 F1500 E1047.68058
G1 F1429.5 X105.443 Y68.37 E1047.68563
G1 F1443.5 X48.105 Y68.373 E1050.59868
G1 F1500 E1049.59868
G0 F9000 X45.167 Y113.564
G0 X44.85 Y114.742
G0 X43.988 Y115.604
G0 X42.81 Y115.921
G0 X41.879 Y115.706
G0 X41.02 Y115.233
G1 F1500 E1050.59868
G1 F2100 X41.178 Y115.407 E1050.60689
G1 X41.692 Y115.758 E1050.62862
G1 X42.041 Y115.903 E1050.64182
G1 X42.698 Y116.024 E1050.66515
G1 X43.437 Y115.963 E1050.69105
G1 X44.058 Y115.69 E1050.71474
G1 X44.587 Y115.274 E1050.73824
G1 X44.965 Y114.775 E1050.7601
G1 X45.201 Y114.17 E1050.78278
G1 X45.28 Y113.582 E1050.8035
G1 X45.187 Y112.89 E1050.82788
G1 X44.944 Y112.328 E1050.84927
G1 X44.573 Y111.83 E1050.87095
G1 X44.065 Y111.444 E1050.89324
G1 X43.583 Y111.226 E1050.91171
G1 X42.922 Y111.104 E1050.93518
G1 X42.289 Y111.155 E1050.95736
G1 X41.657 Y111.391 E1050.98092
G1 X41.177 Y111.722 E1051.00129
G1 X41.021 Y111.896 E1051.00945
G1 X41.019 Y75.431 E1052.28292
G1 X41.11 Y74.288 E1052.32296
G1 X41.369 Y73.192 E1052.36229
G1 X41.797 Y72.152 E1052.40157
G1 X42.374 Y71.199 E1052.44047
G1 X43.079 Y70.365 E1052.47861
G1 X43.932 Y69.627 E1052.518
G1 X44.865 Y69.05 E1052.55631
G1 X45.888 Y68.624 E1052.59501
G1 F1968.7 X47.061 Y68.338 E1052.63999
G1 F1743.1 X47.937 Y68.342 E1052.67685
G1 F1621.3 X48.081 Y68.369 E1052.68347
G1 F1680 X47.444 Y68.995 E1052.72246
G1 F1925.8 X47.346 Y69.394 E1052.73811
G1 F2100 X47.344 Y88.63 E1053.40989
G1 X47.501 Y89.015 E1053.42441
G1 X47.725 Y89.252 E1053.4358
G1 X47.975 Y89.389 E1053.44576
G1 X48.205 Y89.442 E1053.454
G1 X56.391 Y89.447 E1053.73988
G1 X56.395 Y107.538 E1054.37167
G1 X56.51 Y107.945 E1054.38644
G1 X56.705 Y108.194 E1054.39749
G1 X57.003 Y108.379 E1054.40974
G1 X57.252 Y108.442 E1054.41871
G1 X62.891 Y108.447 E1054.61564
G1 X62.891 Y126.528 E1055.24709
G1 X62.984 Y126.897 E1055.26038
G1 X63.126 Y127.114 E1055.26943
G1 X63.385 Y127.322 E1055.28103
G1 X63.706 Y127.443 E1055.29301
G1 X102.084 Y127.445 E1056.63329
G1 X102.362 Y127.356 E1056.64349
G1 X102.594 Y127.204 E1056.65317
G1 X102.791 Y126.963 E1056.66404
G1 X102.923 Y126.64 E1056.67623
G1 X102.924 Y108.176 E1057.32105
G1 X103.372 Y108.914 E1057.3512
G1 X104.608 Y110.486 E1057.42104
G1 X105.931 Y111.81 E1057.4864
G1 X107.516 Y113.06 E1057.5569
G1 X109.297 Y114.136 E1057.62957
G1 X111.135 Y114.962 E1057.69994
G1 X112.931 Y115.522 E1057.76564
G1 X114.906 Y115.891 E1057.83581
G1 X116.995 Y116.019 E1057.9089
G1 X118.876 Y115.906 E1057.97471
G1 X120.866 Y115.552 E1058.0453
G1 X122.754 Y114.972 E1058.11427
G1 X124.613 Y114.14 E1058.1854
G1 X126.298 Y113.126 E1058.25408
G1 X127.905 Y111.878 E1058.32514
G1 X129.356 Y110.429 E1058.39675
G1 X130.528 Y108.933 E1058.46312
G1 F2188.6 X131.534 Y107.25 E1058.52882
G1 F2371 X131.658 Y106.958 E1058.53863
G1 F2279.1 X131.914 Y106.468 E1058.55642
G1 F2110 X132.397 Y105.408 E1058.59691
G1 F2100 X132.999 Y103.504 E1058.66665
G1 X133.368 Y101.529 E1058.73682
G1 X133.497 Y99.495 E1058.80799
G1 X133.372 Y97.464 E1058.87906
G1 X133.027 Y95.57 E1058.94629
G1 X132.441 Y93.665 E1059.01589
G1 X131.575 Y91.749 E1059.08932
G1 X130.591 Y90.122 E1059.15573
G1 X130.07 Y89.448 E1059.18548
G1 X137.891 Y89.447 E1059.45861
G1 X137.891 Y106.465 E1060.05293
G1 X132.836 Y106.465 E1060.22947
G1 X132.358 Y106.615 E1060.24697
G1 F2110 X132.26 Y106.683 E1060.25111
G1 F2285 X132.004 Y107.051 E1060.2655
G1 F2390.2 X131.915 Y107.332 E1060.27454
G1 F2199.5 X131.894 Y109.292 E1060.3399
G1 F2100 X131.891 Y126.64 E1060.94575
G1 X132.022 Y126.963 E1060.95792
G1 X132.166 Y127.155 E1060.9663
G1 X132.452 Y127.355 E1060.97849
G1 X132.824 Y127.444 E1060.99185
G1 X170.983 Y127.445 E1062.32448
G1 X171.269 Y127.395 E1062.33462
G1 X171.587 Y127.21 E1062.34747
G1 X171.84 Y126.873 E1062.36218
G1 X171.922 Y126.546 E1062.37396
G1 X171.923 Y108.447 E1063.00603
G1 X177.084 Y108.439 E1063.18627
G1 X177.411 Y108.336 E1063.19824
G1 X177.6 Y108.202 E1063.20633
G1 X177.842 Y107.866 E1063.2208
G1 X177.919 Y107.571 E1063.23144
G1 X177.923 Y89.447 E1063.86439
G1 X187.061 Y89.442 E1064.18352
G1 X187.29 Y89.389 E1064.19173
G1 X187.538 Y89.255 E1064.20157
G1 X187.74 Y89.043 E1064.2118
G1 X187.92 Y88.62 E1064.22785
G1 X187.924 Y69.444 E1064.89754
G1 X187.754 Y68.879 E1064.91814
G1 F1938.5 X187.15 Y68.362 E1064.94822
G1 F1829.9 X187.969 Y68.346 E1064.98105
G1 F1973.2 X189.112 Y68.624 E1065.02477
G1 F2100 X190.135 Y69.05 E1065.06347
G1 X191.068 Y69.627 E1065.10179
G1 X191.921 Y70.365 E1065.14118
G1 X192.626 Y71.199 E1065.17931
G1 X193.203 Y72.152 E1065.21822
G1 X193.631 Y73.193 E1065.25753
G1 X193.89 Y74.288 E1065.29683
G1 X193.981 Y75.431 E1065.33687
G1 X193.981 Y111.897 E1066.61038
G1 X193.867 Y111.762 E1066.61655
G1 X193.345 Y111.389 E1066.63895
G1 X192.961 Y111.225 E1066.65353
G1 X192.302 Y111.104 E1066.67693
G1 X191.56 Y111.166 E1066.70294
G1 X190.946 Y111.436 E1066.72636
G1 X190.411 Y111.852 E1066.75003
G1 X190.055 Y112.33 E1066.77084
G1 X189.814 Y112.885 E1066.79197
G1 X189.72 Y113.58 E1066.81647
G1 X189.802 Y114.211 E1066.83869
G1 X190.037 Y114.763 E1066.85964
G1 X190.407 Y115.267 E1066.88148
G1 X190.923 Y115.678 E1066.90451
G1 X191.418 Y115.902 E1066.92349
G1 X192.078 Y116.024 E1066.94693
G1 X192.838 Y115.961 E1066.97356
G1 X193.496 Y115.651 E1066.99896
G1 X193.829 Y115.404 E1067.01344
G1 X193.981 Y115.232 E1067.02146
G1 X193.981 Y142.443 E1067.97175
G1 X193.871 Y144.791 E1068.05384
G1 X193.561 Y147 E1068.13174
G1 X193.019 Y149.278 E1068.21352
G1 X192.307 Y151.388 E1068.29129
G1 X191.364 Y153.498 E1068.372
G1 X190.246 Y155.481 E1068.4515
G1 X188.933 Y157.38 E1068.53213
G1 X187.501 Y159.075 E1068.60962
G1 X185.843 Y160.703 E1068.69077
G1 X184.081 Y162.132 E1068.77
G1 X182.216 Y163.375 E1068.84827
G1 X180.223 Y164.447 E1068.9273
G1 X178.118 Y165.332 E1069.00705
G1 X175.962 Y166.005 E1069.08592
G1 X173.777 Y166.467 E1069.16392
G1 X171.517 Y166.727 E1069.24337
G1 X167.388 Y166.727 E1069.38756
G1 X167.388 Y130.075 E1070.66757
G1 X167.257 Y129.752 E1070.67974
G1 X167.113 Y129.56 E1070.68812
G1 X166.827 Y129.36 E1070.70031
G1 X166.455 Y129.271 E1070.71367
G1 X67.754 Y129.27 E1074.16062
G1 X67.476 Y129.359 E1074.17081
G1 X67.244 Y129.511 E1074.1805
G1 X67.047 Y129.752 E1074.19137
G1 X66.915 Y130.075 E1074.20355
G1 X66.915 Y166.727 E1075.48355
G1 X63.484 Y166.727 E1075.60338
G1 X61.223 Y166.467 E1075.68286
G1 X59.03 Y166.003 E1075.76114
G1 X56.892 Y165.336 E1075.83935
G1 X54.777 Y164.447 E1075.91948
G1 X52.784 Y163.375 E1075.99851
G1 X50.919 Y162.132 E1076.07678
G1 X49.157 Y160.703 E1076.15601
G1 X47.499 Y159.076 E1076.23713
G1 X46.067 Y157.38 E1076.31465
G1 X44.754 Y155.481 E1076.39528
G1 X43.636 Y153.498 E1076.47478
G1 X42.693 Y151.388 E1076.55549
G1 X41.981 Y149.278 E1076.63326
G1 X41.439 Y147 E1076.71504
G1 X41.129 Y144.791 E1076.79294
G1 X41.02 Y142.475 E1076.87391
G1 X41.02 Y115.233 E1077.82529
G1 F1500 E1076.82529
G0 F9000 X53.035 Y138.326
G1 F1500 E1077.82529
G1 F2100 X52.621 Y139.398 E1077.86542
G1 X52.481 Y140.483 E1077.90362
G1 X52.631 Y141.608 E1077.94326
G1 X53.034 Y142.63 E1077.98163
G1 X53.693 Y143.541 E1078.02089
G1 X54.558 Y144.252 E1078.06
G1 X55.566 Y144.73 E1078.09896
G1 X56.692 Y144.944 E1078.13898
G1 X57.798 Y144.872 E1078.17769
G1 X58.882 Y144.515 E1078.21755
G1 X59.783 Y143.939 E1078.25489
G1 X60.577 Y143.115 E1078.29486
G1 X61.107 Y142.151 E1078.33328
G1 X61.394 Y141.042 E1078.37328
G1 X61.391 Y139.895 E1078.41334
G1 X61.118 Y138.833 E1078.45163
G1 X60.579 Y137.848 E1078.49084
G1 X59.821 Y137.054 E1078.52918
G1 X58.865 Y136.436 E1078.56894
G1 X57.786 Y136.092 E1078.60849
G1 X56.659 Y136.021 E1078.64792
G1 X55.577 Y136.229 E1078.6864
G1 X54.573 Y136.697 E1078.72509
G1 X53.712 Y137.403 E1078.76397
G1 X53.035 Y138.326 E1078.80395
G1 F1500 E1077.80395
G0 F9000 X46.533 Y157.606
G1 F1500 E1078.80395
G1 F2100 X50.226 Y161.298 E1078.98631
G1 X50.3 Y161.372
G0 F9000 X52.361 Y162.84
G1 F2100 X45.027 Y155.505 E1079.34856
G1 X44.953 Y155.431
G0 F9000 X44.221 Y154.106
G1 F2100 X53.793 Y163.678 E1079.82131
G1 X53.867 Y163.752
G0 F9000 X55.035 Y164.325
G1 F2100 X43.592 Y152.882 E1080.38646
G1 X43.518 Y152.808
G0 F9000 X43.112 Y151.808
G1 F2100 X56.062 Y164.758 E1081.02605
G1 X56.136 Y164.832
G0 F9000 X57.068 Y165.17
G1 F2100 X42.726 Y150.829 E1081.73436
G1 X42.652 Y150.755
G0 F9000 X42.423 Y149.932
G1 F2100 X57.931 Y165.44 E1082.50028
G1 X58.005 Y165.514
G0 F9000 X58.795 Y165.709
G1 F2100 X42.145 Y149.06 E1083.32258
G0 F9000 X41.961 Y148.281
G1 F2100 X59.585 Y165.905 E1084.193
G0 F9000 X60.338 Y166.064
G1 F2100 X41.775 Y147.502 E1085.10978
G0 F9000 X41.616 Y146.749
G1 F2100 X61.091 Y166.223 E1086.0716
G0 F9000 X61.779 Y166.318
G1 F2100 X41.519 Y146.057 E1087.07225
G0 F9000 X41.421 Y145.366
G1 F2100 X62.45 Y166.395 E1088.11084
G0 F9000 X63.122 Y166.472
G1 F2100 X41.333 Y144.683 E1089.18697
G0 F9000 X41.304 Y144.06
G1 F2100 X63.759 Y166.515 E1090.296
G0 F9000 X64.353 Y166.515
G1 F2100 X41.274 Y143.437 E1091.43582
G0 F9000 X41.245 Y142.814
G1 F2100 X64.947 Y166.515 E1092.60641
G0 F9000 X65.541 Y166.515
G1 F2100 X41.23 Y142.205 E1093.80707
G0 F9000 X41.23 Y141.611
G1 F2100 X66.134 Y166.515 E1095.03705
G0 F9000 X66.704 Y166.491
G1 F2100 X41.23 Y141.017 E1096.29518
G0 F9000 X41.23 Y140.423
G1 F2100 X66.704 Y165.897 E1097.55331
G0 F9000 X66.704 Y165.303
G1 F2100 X41.23 Y139.829 E1098.81144
G0 F9000 X41.23 Y139.235
G1 F2100 X66.704 Y164.709 E1100.06957
G0 F9000 X66.704 Y164.115
G1 F2100 X41.23 Y138.641 E1101.3277
G0 F9000 X41.23 Y138.047
G1 F2100 X66.704 Y163.521 E1102.58583
G0 F9000 X66.704 Y162.928
G1 F2100 X41.23 Y137.453 E1103.84398
G0 F9000 X41.23 Y136.859
G1 F2100 X66.704 Y162.334 E1105.10214
G0 F9000 X66.704 Y161.74
G1 F2100 X41.23 Y136.265 E1106.36029
G0 F9000 X41.23 Y135.671
G1 F2100 X66.704 Y161.146 E1107.61845
G0 F9000 X66.704 Y160.552
G1 F2100 X41.23 Y135.077 E1108.8766
G0 F9000 X41.23 Y134.483
G1 F2100 X66.704 Y159.958 E1110.13476
G0 F9000 X66.704 Y159.364
G1 F2100 X41.23 Y133.889 E1111.39291
G0 F9000 X41.23 Y133.295
G1 F2100 X66.704 Y158.77 E1112.65107
G0 F9000 X66.704 Y158.176
G1 F2100 X41.23 Y132.702 E1113.9092
G0 F9000 X41.23 Y132.108
G1 F2100 X66.704 Y157.582 E1115.16733
G0 F9000 X66.704 Y156.988
G1 F2100 X41.23 Y131.514 E1116.42546
G0 F9000 X41.23 Y130.92
G1 F2100 X52.726 Y142.416 E1116.99323
G1 X52.8 Y142.49
G0 F9000 X52.407 Y141.502
G1 F2100 X41.23 Y130.326 E1117.54522
G0 F9000 X41.23 Y129.732
G1 F2100 X52.318 Y140.819 E1118.09282
G0 F9000 X52.308 Y140.215
G1 F2100 X41.23 Y129.138 E1118.63993
G0 F9000 X41.23 Y128.544
G1 F2100 X52.373 Y139.687 E1119.19026
G0 F9000 X52.475 Y139.194
G1 F2100 X41.23 Y127.95 E1119.74562
G0 F9000 X41.23 Y127.356
G1 F2100 X52.641 Y138.766 E1120.30917
G0 F9000 X52.807 Y138.339
G1 F2100 X41.23 Y126.762 E1120.88094
G0 F9000 X41.23 Y126.168
G1 F2100 X53.035 Y137.973 E1121.46398
G0 F9000 X53.286 Y137.629
G1 F2100 X41.23 Y125.574 E1122.05938
G0 F9000 X41.23 Y124.98
G1 F2100 X53.536 Y137.286 E1122.66716
G0 F9000 X53.856 Y137.011
G1 F2100 X41.23 Y124.386 E1123.29072
G0 F9000 X41.23 Y123.792
G1 F2100 X54.181 Y136.743 E1123.93035
G0 F9000 X54.523 Y136.491
G1 F2100 X41.23 Y123.198 E1124.58688
G0 F9000 X41.23 Y122.604
G1 F2100 X54.925 Y136.299 E1125.26326
G0 F9000 X55.328 Y136.108
G1 F2100 X41.23 Y122.01 E1125.95954
G0 F9000 X41.23 Y121.416
G1 F2100 X55.787 Y135.973 E1126.67849
G0 F9000 X56.284 Y135.876
G1 F2100 X41.23 Y120.822 E1127.42199
G0 F9000 X41.23 Y120.228
G1 F2100 X56.817 Y135.815 E1128.19181
G0 F9000 X57.454 Y135.858
G1 F2100 X41.23 Y119.634 E1128.9931
G0 F9000 X41.23 Y119.04
G1 F2100 X58.191 Y136.001 E1129.83078
G1 X58.265 Y136.075
G0 F9000 X59.161 Y136.377
G1 F2100 X41.23 Y118.446 E1130.71637
G0 F9000 X41.23 Y117.852
G1 F2100 X66.704 Y143.327 E1131.97453
G0 F9000 X66.704 Y143.92
G1 F2100 X61.045 Y138.261 E1132.25402
G1 X60.971 Y138.187
G0 F9000 X61.442 Y139.252
G1 F2100 X66.704 Y144.514 E1132.5139
G0 F9000 X66.704 Y145.108
G1 F2100 X61.606 Y140.01 E1132.76568
G0 F9000 X61.603 Y140.601
G1 F2100 X66.704 Y145.702 E1133.01762
G0 F9000 X66.704 Y146.296
G1 F2100 X61.577 Y141.169 E1133.27083
G0 F9000 X61.457 Y141.643
G1 F2100 X66.704 Y146.89 E1133.52998
G0 F9000 X66.704 Y147.484
G1 F2100 X61.337 Y142.117 E1133.79505
G0 F9000 X61.144 Y142.518
G1 F2100 X66.704 Y148.078 E1134.06965
G0 F9000 X66.704 Y148.672
G1 F2100 X60.933 Y142.901 E1134.35467
G0 F9000 X60.714 Y143.276
G1 F2100 X66.704 Y149.266 E1134.65051
G0 F9000 X66.704 Y149.86
G1 F2100 X60.424 Y143.58 E1134.96067
G0 F9000 X60.134 Y143.884
G1 F2100 X66.704 Y150.454 E1135.28515
G0 F9000 X66.704 Y151.048
G1 F2100 X59.82 Y144.164 E1135.62515
G0 F9000 X59.457 Y144.395
G1 F2100 X66.704 Y151.642 E1135.98307
G0 F9000 X66.704 Y152.236
G1 F2100 X59.095 Y144.626 E1136.35889
G0 F9000 X58.677 Y144.803
G1 F2100 X66.704 Y152.83 E1136.75533
G0 F9000 X66.704 Y153.424
G1 F2100 X58.232 Y144.951 E1137.17378
G0 F9000 X57.769 Y145.082
G1 F2100 X66.704 Y154.018 E1137.61509
G0 F9000 X66.704 Y154.612
G1 F2100 X57.211 Y145.118 E1138.08397
G0 F9000 X56.647 Y145.148
G1 F2100 X66.704 Y155.206 E1138.58069
G0 F9000 X66.704 Y155.8
G1 F2100 X55.913 Y145.009 E1139.11365
G1 X55.839 Y144.935
G0 F9000 X55.005 Y144.694
G1 F2100 X66.704 Y156.394 E1139.69147
G1 X66.778 Y156.468
G0 F9000 X66.704 Y142.733
G1 F2100 X41.23 Y117.258 E1140.94963
G0 F9000 X41.23 Y116.664
G1 F2100 X66.704 Y142.139 E1142.20778
G0 F9000 X66.704 Y141.545
G1 F2100 X41.23 Y116.07 E1143.46594
G0 F9000 X41.772 Y116.018
G1 F2100 X66.704 Y140.951 E1144.69732
G0 F9000 X66.704 Y140.357
G1 F2100 X42.56 Y116.212 E1145.88979
G0 F9000 X43.139 Y116.198
G1 F2100 X66.704 Y139.763 E1147.05364
G0 F9000 X66.704 Y139.169
G1 F2100 X43.639 Y116.104 E1148.19279
G0 F9000 X44.05 Y115.92
G1 F2100 X66.704 Y138.575 E1149.31167
G0 F9000 X66.704 Y137.981
G1 F2100 X44.405 Y115.681 E1150.41301
G0 F9000 X44.737 Y115.419
G1 F2100 X66.704 Y137.387 E1151.49796
G0 F9000 X66.704 Y136.793
G1 F2100 X44.996 Y115.084 E1152.57012
G0 F9000 X45.215 Y114.709
G1 F2100 X66.704 Y136.199 E1153.63146
G0 F9000 X66.704 Y135.605
G1 F2100 X45.379 Y114.28 E1154.68467
G0 F9000 X45.466 Y113.773
G1 F2100 X66.704 Y135.011 E1155.73359
G0 F9000 X66.704 Y134.417
G1 F2100 X45.434 Y113.146 E1156.78412
G1 X45.36 Y113.072
G0 F9000 X45.15 Y112.268
G1 F2100 X66.704 Y133.823 E1157.84867
G0 F9000 X66.704 Y133.229
G1 F2100 X41.231 Y107.756 E1159.10675
G0 F9000 X41.231 Y108.349
G1 F2100 X44.107 Y111.225 E1159.24879
G1 X44.181 Y111.299
G0 F9000 X43.231 Y110.944
G1 F2100 X41.231 Y108.943 E1159.34759
G0 F9000 X41.231 Y109.537
G1 F2100 X42.611 Y110.918 E1159.41577
G0 F9000 X42.099 Y110.999
G1 F2100 X41.231 Y110.131 E1159.45864
G0 F9000 X41.231 Y110.725
G1 F2100 X41.663 Y111.157 E1159.47998
G0 F9000 X41.295 Y111.384
G1 F2100 X41.229 Y111.318 E1159.48324
G0 F9000 X41.231 Y107.162
G1 F2100 X66.704 Y132.635 E1160.74132
G0 F9000 X66.704 Y132.041
G1 F2100 X41.231 Y106.568 E1161.9994
G0 F9000 X41.231 Y105.974
G1 F2100 X66.704 Y131.447 E1163.25748
G0 F9000 X66.704 Y130.853
G1 F2100 X63.39 Y127.538 E1163.42118
G0 F9000 X64.101 Y127.656
G1 F2100 X66.704 Y130.259 E1163.54974
G0 F9000 X66.814 Y129.775
G1 F2100 X64.695 Y127.656 E1163.65439
G0 F9000 X65.289 Y127.656
G1 F2100 X67.054 Y129.421 E1163.74156
G0 F9000 X67.396 Y129.169
G1 F2100 X65.883 Y127.656 E1163.81629
G0 F9000 X66.477 Y127.656
G1 F2100 X67.882 Y129.061 E1163.88568
G0 F9000 X68.476 Y129.061
G1 F2100 X67.071 Y127.656 E1163.95507
G0 F9000 X67.665 Y127.656
G1 F2100 X69.07 Y129.061 E1164.02446
G0 F9000 X69.664 Y129.061
G1 F2100 X68.259 Y127.656 E1164.09385
G0 F9000 X68.853 Y127.656
G1 F2100 X70.258 Y129.061 E1164.16324
G0 F9000 X70.852 Y129.061
G1 F2100 X69.446 Y127.655 E1164.23268
G0 F9000 X70.04 Y127.655
G1 F2100 X71.446 Y129.061 E1164.30212
G0 F9000 X72.04 Y129.061
G1 F2100 X70.634 Y127.655 E1164.37157
G0 F9000 X71.228 Y127.655
G1 F2100 X72.634 Y129.061 E1164.44101
G0 F9000 X73.228 Y129.061
G1 F2100 X71.822 Y127.655 E1164.51045
G0 F9000 X72.416 Y127.655
G1 F2100 X73.822 Y129.061 E1164.57989
G0 F9000 X74.416 Y129.061
G1 F2100 X73.01 Y127.655 E1164.64933
G0 F9000 X73.604 Y127.655
G1 F2100 X75.01 Y129.061 E1164.71877
G0 F9000 X75.604 Y129.061
G1 F2100 X74.198 Y127.655 E1164.78821
G0 F9000 X74.791 Y127.654
G1 F2100 X76.198 Y129.061 E1164.8577
G0 F9000 X76.792 Y129.061
G1 F2100 X75.385 Y127.654 E1164.92719
G0 F9000 X75.979 Y127.654
G1 F2100 X77.386 Y129.061 E1164.99668
G0 F9000 X77.98 Y129.061
G1 F2100 X76.573 Y127.654 E1165.06617
G0 F9000 X77.167 Y127.654
G1 F2100 X78.574 Y129.061 E1165.13566
G0 F9000 X79.168 Y129.061
G1 F2100 X77.761 Y127.654 E1165.20515
G0 F9000 X78.355 Y127.654
G1 F2100 X79.762 Y129.061 E1165.27464
G0 F9000 X80.356 Y129.061
G1 F2100 X78.949 Y127.654 E1165.34413
G0 F9000 X79.543 Y127.654
G1 F2100 X80.95 Y129.061 E1165.41362
G0 F9000 X81.544 Y129.061
G1 F2100 X80.137 Y127.654 E1165.48311
G0 F9000 X80.73 Y127.653
G1 F2100 X82.138 Y129.061 E1165.55265
G0 F9000 X82.732 Y129.061
G1 F2100 X81.324 Y127.653 E1165.62219
G0 F9000 X81.918 Y127.653
G1 F2100 X83.326 Y129.061 E1165.69173
G0 F9000 X83.92 Y129.061
G1 F2100 X82.512 Y127.653 E1165.76127
G0 F9000 X83.106 Y127.653
G1 F2100 X84.513 Y129.061 E1165.83078
G0 F9000 X85.107 Y129.061
G1 F2100 X83.7 Y127.653 E1165.9003
G0 F9000 X84.294 Y127.653
G1 F2100 X85.701 Y129.061 E1165.96981
G0 F9000 X86.295 Y129.061
G1 F2100 X84.888 Y127.653 E1166.03933
G0 F9000 X85.482 Y127.653
G1 F2100 X86.889 Y129.061 E1166.10884
G0 F9000 X87.483 Y129.061
G1 F2100 X86.075 Y127.653 E1166.17838
G0 F9000 X86.669 Y127.653
G1 F2100 X88.077 Y129.061 E1166.24792
G0 F9000 X88.671 Y129.061
G1 F2100 X87.263 Y127.653 E1166.31746
G0 F9000 X87.857 Y127.653
G1 F2100 X89.265 Y129.061 E1166.387
G0 F9000 X89.859 Y129.061
G1 F2100 X88.451 Y127.653 E1166.45654
G0 F9000 X89.045 Y127.653
G1 F2100 X90.453 Y129.061 E1166.52608
G0 F9000 X91.047 Y129.061
G1 F2100 X89.639 Y127.653 E1166.59562
G0 F9000 X90.233 Y127.653
G1 F2100 X91.641 Y129.061 E1166.66516
G0 F9000 X92.235 Y129.061
G1 F2100 X90.827 Y127.653 E1166.7347
G0 F9000 X91.42 Y127.652
G1 F2100 X92.828 Y129.061 E1166.80426
G0 F9000 X93.422 Y129.061
G1 F2100 X92.014 Y127.652 E1166.87382
G0 F9000 X92.608 Y127.652
G1 F2100 X94.016 Y129.061 E1166.94339
G0 F9000 X94.61 Y129.061
G1 F2100 X93.202 Y127.652 E1167.01295
G0 F9000 X93.796 Y127.652
G1 F2100 X95.204 Y129.061 E1167.08252
G0 F9000 X95.798 Y129.061
G1 F2100 X94.39 Y127.652 E1167.15208
G0 F9000 X94.984 Y127.652
G1 F2100 X96.392 Y129.061 E1167.22164
G0 F9000 X96.986 Y129.061
G1 F2100 X95.578 Y127.652 E1167.29121
G0 F9000 X96.172 Y127.652
G1 F2100 X97.58 Y129.061 E1167.36077
G0 F9000 X98.174 Y129.061
G1 F2100 X96.765 Y127.651 E1167.43039
G0 F9000 X97.359 Y127.651
G1 F2100 X98.768 Y129.061 E1167.5
G0 F9000 X99.362 Y129.061
G1 F2100 X97.953 Y127.651 E1167.56961
G0 F9000 X98.547 Y127.651
G1 F2100 X99.956 Y129.061 E1167.63923
G0 F9000 X100.55 Y129.061
G1 F2100 X99.141 Y127.651 E1167.70884
G0 F9000 X99.735 Y127.651
G1 F2100 X101.143 Y129.06 E1167.7784
G0 F9000 X101.737 Y129.06
G1 F2100 X100.329 Y127.651 E1167.84797
G0 F9000 X100.923 Y127.651
G1 F2100 X102.331 Y129.06 E1167.91753
G0 F9000 X102.925 Y129.06
G1 F2100 X101.517 Y127.651 E1167.9871
G0 F9000 X102.111 Y127.651
G1 F2100 X103.519 Y129.06 E1168.05666
G0 F9000 X104.113 Y129.06
G1 F2100 X102.542 Y127.489 E1168.13425
G0 F9000 X102.855 Y127.208
G1 F2100 X104.707 Y129.06 E1168.22572
G0 F9000 X105.301 Y129.06
G1 F2100 X103.07 Y126.829 E1168.3359
G0 F9000 X103.133 Y126.298
G1 F2100 X105.895 Y129.06 E1168.47232
G0 F9000 X106.489 Y129.06
G1 F2100 X103.133 Y125.704 E1168.63806
G0 F9000 X103.133 Y125.11
G1 F2100 X107.083 Y129.06 E1168.83315
G0 F9000 X107.677 Y129.06
G1 F2100 X103.133 Y124.516 E1169.05757
G0 F9000 X103.133 Y123.922
G1 F2100 X108.271 Y129.06 E1169.31133
G0 F9000 X108.865 Y129.06
G1 F2100 X103.133 Y123.328 E1169.59443
G0 F9000 X103.133 Y122.734
G1 F2100 X109.459 Y129.06 E1169.90686
G0 F9000 X110.053 Y129.06
G1 F2100 X103.133 Y122.14 E1170.24863
G0 F9000 X103.133 Y121.546
G1 F2100 X110.647 Y129.06 E1170.61974
G0 F9000 X111.241 Y129.06
G1 F2100 X103.133 Y120.952 E1171.02018
G0 F9000 X103.133 Y120.358
G1 F2100 X111.835 Y129.06 E1171.44997
G0 F9000 X112.429 Y129.06
G1 F2100 X103.133 Y119.764 E1171.90908
G0 F9000 X103.133 Y119.17
G1 F2100 X113.023 Y129.06 E1172.39754
G0 F9000 X113.617 Y129.06
G1 F2100 X103.133 Y118.576 E1172.91533
G0 F9000 X103.134 Y117.983
G1 F2100 X114.211 Y129.06 E1173.46241
G0 F9000 X114.805 Y129.06
G1 F2100 X103.134 Y117.389 E1174.03883
G0 F9000 X103.134 Y116.795
G1 F2100 X115.399 Y129.06 E1174.64458
G0 F9000 X115.993 Y129.06
G1 F2100 X103.134 Y116.201 E1175.27967
G0 F9000 X103.134 Y115.607
G1 F2100 X116.587 Y129.06 E1175.9441
G0 F9000 X117.18 Y129.059
G1 F2100 X103.134 Y115.013 E1176.63781
G0 F9000 X103.134 Y114.419
G1 F2100 X117.774 Y129.059 E1177.36086
G0 F9000 X118.368 Y129.059
G1 F2100 X103.134 Y113.825 E1178.11325
G0 F9000 X103.134 Y113.231
G1 F2100 X118.962 Y129.059 E1178.89498
G0 F9000 X119.556 Y129.059
G1 F2100 X103.134 Y112.637 E1179.70604
G0 F9000 X103.134 Y112.043
G1 F2100 X120.15 Y129.059 E1180.54644
G0 F9000 X120.744 Y129.059
G1 F2100 X103.134 Y111.449 E1181.41618
G0 F9000 X103.134 Y110.855
G1 F2100 X121.338 Y129.059 E1182.31525
G0 F9000 X121.932 Y129.059
G1 F2100 X103.134 Y110.261 E1183.24366
G0 F9000 X103.28 Y109.814
G1 F2100 X122.526 Y129.059 E1184.19417
G0 F9000 X123.12 Y129.059
G1 F2100 X106.906 Y112.846 E1184.99494
G1 X106.832 Y112.772
G0 F9000 X108.636 Y113.982
G1 F2100 X123.713 Y129.059 E1185.73957
G0 F9000 X124.307 Y129.059
G1 F2100 X109.87 Y114.622 E1186.4526
G1 X109.796 Y114.548
G0 F9000 X110.948 Y115.106
G1 F2100 X124.901 Y129.059 E1187.14172
G0 F9000 X125.495 Y129.059
G1 F2100 X111.839 Y115.403 E1187.81617
G1 X111.765 Y115.329
G0 F9000 X112.7 Y115.67
G1 F2100 X126.089 Y129.059 E1188.47744
G0 F9000 X126.683 Y129.059
G1 F2100 X113.455 Y115.831 E1189.13075
G0 F9000 X114.185 Y115.967
G1 F2100 X127.277 Y129.059 E1189.77735
G0 F9000 X127.871 Y129.059
G1 F2100 X114.915 Y116.103 E1190.41723
G0 F9000 X115.549 Y116.142
G1 F2100 X128.465 Y129.059 E1191.05516
G0 F9000 X129.059 Y129.059
G1 F2100 X116.181 Y116.181 E1191.69119
G0 F9000 X116.814 Y116.22
G1 F2100 X129.653 Y129.059 E1192.32529
G0 F9000 X130.247 Y129.059
G1 F2100 X117.393 Y116.205 E1192.96014
G0 F9000 X117.953 Y116.171
G1 F2100 X130.841 Y129.059 E1193.59666
G0 F9000 X131.435 Y129.059
G1 F2100 X118.514 Y116.138 E1194.23481
G0 F9000 X119.056 Y116.087
G1 F2100 X132.029 Y129.059 E1194.87551
G0 F9000 X132.623 Y129.059
G1 F2100 X119.56 Y115.996 E1195.52067
G0 F9000 X120.064 Y115.906
G1 F2100 X133.217 Y129.059 E1196.17029
G0 F9000 X133.81 Y129.059
G1 F2100 X132.13 Y127.378 E1196.25328
G0 F9000 X131.923 Y127.171
G1 F2100 X120.568 Y115.816 E1196.81409
G0 F9000 X121.06 Y115.714
G1 F2100 X131.68 Y126.335 E1197.33863
G0 F9000 X131.68 Y125.741
G1 F2100 X121.513 Y115.573 E1197.84079
G0 F9000 X121.967 Y115.433
G1 F2100 X131.68 Y125.147 E1198.32052
G0 F9000 X131.68 Y124.553
G1 F2100 X122.42 Y115.293 E1198.77786
G0 F9000 X122.873 Y115.151
G1 F2100 X131.68 Y123.959 E1199.21286
G0 F9000 X131.68 Y123.365
G1 F2100 X123.282 Y114.967 E1199.62762
G0 F9000 X123.692 Y114.782
G1 F2100 X131.68 Y122.771 E1200.02217
G0 F9000 X131.681 Y122.178
G1 F2100 X124.102 Y114.598 E1200.39651
G0 F9000 X124.511 Y114.414
G1 F2100 X131.681 Y121.584 E1200.75063
G0 F9000 X131.681 Y120.99
G1 F2100 X124.901 Y114.21 E1201.08548
G0 F9000 X125.272 Y113.987
G1 F2100 X131.681 Y120.396 E1201.40201
G0 F9000 X131.681 Y119.802
G1 F2100 X125.642 Y113.763 E1201.70027
G0 F9000 X126.013 Y113.54
G1 F2100 X131.681 Y119.208 E1201.98021
G0 F9000 X131.681 Y118.614
G1 F2100 X126.384 Y113.316 E1202.24185
G0 F9000 X126.724 Y113.062
G1 F2100 X131.681 Y118.02 E1202.48669
G0 F9000 X131.682 Y117.427
G1 F2100 X127.057 Y112.802 E1202.71511
G0 F9000 X127.391 Y112.542
G1 F2100 X131.682 Y116.833 E1202.92704
G0 F9000 X131.682 Y116.239
G1 F2100 X127.726 Y112.282 E1203.12245
G0 F9000 X128.058 Y112.021
G1 F2100 X131.682 Y115.645 E1203.30143
G0 F9000 X131.682 Y115.051
G1 F2100 X128.355 Y111.724 E1203.46575
G0 F9000 X128.652 Y111.427
G1 F2100 X131.682 Y114.457 E1203.6154
G0 F9000 X131.682 Y113.863
G1 F2100 X128.948 Y111.129 E1203.75043
G0 F9000 X129.245 Y110.832
G1 F2100 X131.683 Y113.27 E1203.87084
G0 F9000 X131.683 Y112.676
G1 F2100 X129.541 Y110.534 E1203.97663
G0 F9000 X129.802 Y110.201
G1 F2100 X131.683 Y112.082 E1204.06953
G0 F9000 X131.683 Y111.488
G1 F2100 X130.063 Y109.868 E1204.14954
G0 F9000 X130.323 Y109.534
G1 F2100 X131.683 Y110.894 E1204.21671
G0 F9000 X131.683 Y110.3
G1 F2100 X130.583 Y109.2 E1204.27103
G0 F9000 X130.824 Y108.847
G1 F2100 X131.683 Y109.706 E1204.31346
G0 F9000 X131.686 Y109.115
G1 F2100 X131.043 Y108.472 E1204.34521
G0 F9000 X131.26 Y108.096
G1 F2100 X131.697 Y108.533 E1204.3668
G0 F9000 X131.709 Y107.95
G1 F2100 X131.48 Y107.721 E1204.37811
G0 F9000 X132.019 Y106.593
G0 X132.492 Y106.358
G1 F2100 X132.389 Y106.254 E1204.38322
G1 X132.287 Y106.152 E1204.38826
G0 F9000 X132.472 Y105.743
G1 F2100 X132.983 Y106.254 E1204.41349
G0 F9000 X133.577 Y106.254
G1 F2100 X132.644 Y105.322 E1204.45955
G0 F9000 X132.786 Y104.87
G1 F2100 X134.171 Y106.254 E1204.52793
G0 F9000 X134.765 Y106.254
G1 F2100 X132.929 Y104.418 E1204.61861
G0 F9000 X133.071 Y103.966
G1 F2100 X135.359 Y106.254 E1204.73161
G0 F9000 X135.953 Y106.254
G1 F2100 X133.212 Y103.514 E1204.86696
G0 F9000 X133.305 Y103.012
G1 F2100 X136.547 Y106.254 E1205.02708
G0 F9000 X137.141 Y106.254
G1 F2100 X133.397 Y102.511 E1205.21196
G0 F9000 X133.49 Y102.01
G1 F2100 X137.68 Y106.2 E1205.4189
G0 F9000 X137.68 Y105.606
G1 F2100 X133.581 Y101.507 E1205.62135
G0 F9000 X133.617 Y100.948
G1 F2100 X137.68 Y105.012 E1205.82204
G0 F9000 X137.68 Y104.418
G1 F2100 X133.651 Y100.389 E1206.02103
G0 F9000 X133.687 Y99.83
G1 F2100 X137.68 Y103.824 E1206.21826
G0 F9000 X137.68 Y103.23
G1 F2100 X133.691 Y99.241 E1206.41527
G0 F9000 X133.653 Y98.608
G1 F2100 X137.68 Y102.636 E1206.61418
G0 F9000 X137.68 Y102.042
G1 F2100 X133.614 Y97.976 E1206.815
G0 F9000 X133.56 Y97.328
G1 F2100 X137.68 Y101.448 E1207.01848
G0 F9000 X137.68 Y100.854
G1 F2100 X133.428 Y96.602 E1207.22848
G0 F9000 X133.295 Y95.875
G1 F2100 X137.68 Y100.26 E1207.44505
G0 F9000 X137.68 Y99.666
G1 F2100 X133.095 Y95.081 E1207.6715
G1 X133.021 Y95.007
G0 F9000 X132.832 Y94.224
G1 F2100 X137.68 Y99.072 E1207.91094
G0 F9000 X137.68 Y98.478
G1 F2100 X132.502 Y93.3 E1208.16667
G1 X132.428 Y93.226
G0 F9000 X132.013 Y92.217
G1 F2100 X137.68 Y97.884 E1208.44656
G0 F9000 X137.68 Y97.29
G1 F2100 X131.337 Y90.947 E1208.75983
G1 X131.263 Y90.873
G0 F9000 X130.907 Y89.923
G1 F2100 X137.68 Y96.696 E1209.09434
G0 F9000 X137.68 Y96.102
G1 F2100 X131.236 Y89.658 E1209.4126
G0 F9000 X130.906 Y89.922
G1 F2100 X130.641 Y89.657 E1209.42569
G0 F9000 X131.83 Y89.658
G1 F2100 X137.68 Y95.508 E1209.71461
G0 F9000 X137.68 Y94.914
G1 F2100 X132.424 Y89.658 E1209.9742
G0 F9000 X133.018 Y89.658
G1 F2100 X137.68 Y94.32 E1210.20445
G0 F9000 X137.68 Y93.727
G1 F2100 X133.612 Y89.658 E1210.40539
G0 F9000 X134.206 Y89.658
G1 F2100 X137.68 Y93.133 E1210.57699
G0 F9000 X137.68 Y92.539
G1 F2100 X134.799 Y89.657 E1210.71931
G0 F9000 X135.393 Y89.657
G1 F2100 X137.68 Y91.945 E1210.83228
G0 F9000 X137.68 Y91.351
G1 F2100 X135.987 Y89.657 E1210.91592
G0 F9000 X136.581 Y89.657
G1 F2100 X137.68 Y90.757 E1210.97023
G0 F9000 X137.68 Y90.163
G1 F2100 X137.175 Y89.657 E1210.99519
G1 F1500 E1209.99519
G0 F9000 X132.019 Y106.593
G0 X132.019 Y127.319
G0 X171.795 Y127.319
G0 X187.795 Y89.319
G0 X187.795 Y68.593
G0 X128.969 Y68.593
G0 X128.629 Y87.051
G1 F1500 E1210.99519
G1 F2100 X128.455 Y86.877 E1211.00379
G1 X110.063 Y68.486 E1211.91212
G0 F9000 X109.47 Y68.486
G1 F2100 X127.441 Y86.457 E1212.79969
G1 X127.515 Y86.531
G0 F9000 X128.629 Y86.457
G1 F2100 X110.657 Y68.486 E1213.68728
G0 F9000 X111.251 Y68.486
G1 F2100 X128.629 Y85.863 E1214.54553
G0 F9000 X128.629 Y85.27
G1 F2100 X111.845 Y68.486 E1215.37447
G0 F9000 X112.439 Y68.486
G1 F2100 X128.629 Y84.676 E1216.17407
G0 F9000 X128.629 Y84.082
G1 F2100 X113.033 Y68.486 E1216.94434
G0 F9000 X113.627 Y68.486
G1 F2100 X128.629 Y83.488 E1217.68527
G0 F9000 X128.629 Y82.894
G1 F2100 X114.221 Y68.486 E1218.39687
G0 F9000 X114.815 Y68.486
G1 F2100 X128.629 Y82.3 E1219.07912
G0 F9000 X128.629 Y81.706
G1 F2100 X115.409 Y68.486 E1219.73204
G0 F9000 X116.003 Y68.486
G1 F2100 X128.629 Y81.112 E1220.35563
G0 F9000 X128.629 Y80.518
G1 F2100 X116.597 Y68.486 E1220.94987
G0 F9000 X117.191 Y68.486
G1 F2100 X128.629 Y79.924 E1221.51478
G0 F9000 X128.629 Y79.33
G1 F2100 X117.785 Y68.486 E1222.05035
G0 F9000 X118.379 Y68.486
G1 F2100 X128.629 Y78.736 E1222.55659
G0 F9000 X128.629 Y78.142
G1 F2100 X118.973 Y68.486 E1223.03349
G0 F9000 X119.567 Y68.486
G1 F2100 X128.629 Y77.548 E1223.48105
G0 F9000 X128.629 Y76.954
G1 F2100 X120.161 Y68.486 E1223.89927
G0 F9000 X120.755 Y68.486
G1 F2100 X128.629 Y76.36 E1224.28816
G0 F9000 X128.629 Y75.766
G1 F2100 X121.349 Y68.486 E1224.64771
G0 F9000 X121.943 Y68.486
G1 F2100 X128.629 Y75.172 E1224.97792
G0 F9000 X128.629 Y74.578
G1 F2100 X122.537 Y68.486 E1225.2788
G0 F9000 X123.131 Y68.486
G1 F2100 X128.629 Y73.984 E1225.55034
G0 F9000 X128.629 Y73.39
G1 F2100 X123.725 Y68.486 E1225.79254
G0 F9000 X124.319 Y68.486
G1 F2100 X128.629 Y72.796 E1226.00541
G0 F9000 X128.629 Y72.202
G1 F2100 X124.913 Y68.486 E1226.18893
G0 F9000 X125.507 Y68.486
G1 F2100 X128.629 Y71.608 E1226.34313
G0 F9000 X128.629 Y71.014
G1 F2100 X126.101 Y68.486 E1226.46798
G0 F9000 X126.695 Y68.486
G1 F2100 X128.629 Y70.42 E1226.5635
G0 F9000 X128.629 Y69.826
G1 F2100 X127.289 Y68.486 E1226.62968
G0 F9000 X127.883 Y68.486
G1 F2100 X128.66 Y69.263 E1226.66805
G0 F9000 X128.808 Y68.817
G1 F2100 X128.477 Y68.486 E1226.6844
G0 F9000 X123.127 Y83.925
G1 F2100 X107.688 Y68.486 E1227.44692
G0 F9000 X107.094 Y68.486
G1 F2100 X122.216 Y83.608 E1228.19377
G1 X122.29 Y83.682
G0 F9000 X121.357 Y83.343
G1 F2100 X106.5 Y68.486 E1228.92754
G0 F9000 X106.584 Y69.164
G1 F2100 X120.562 Y83.142 E1229.6179
G0 F9000 X119.834 Y83.008
G1 F2100 X106.633 Y69.806 E1230.2699
G0 F9000 X106.633 Y70.4
G1 F2100 X119.107 Y82.875 E1230.886
G0 F9000 X118.464 Y82.826
G1 F2100 X106.633 Y70.994 E1231.47035
G0 F9000 X106.633 Y71.588
G1 F2100 X117.83 Y82.785 E1232.02335
G0 F9000 X117.196 Y82.746
G1 F2100 X106.633 Y72.182 E1232.54507
G0 F9000 X106.633 Y72.776
G1 F2100 X116.611 Y82.754 E1233.03787
G0 F9000 X116.05 Y82.788
G1 F2100 X106.633 Y73.37 E1233.50299
G0 F9000 X106.633 Y73.964
G1 F2100 X115.489 Y82.821 E1233.9404
G0 F9000 X114.928 Y82.854
G1 F2100 X106.633 Y74.558 E1234.35011
G0 F9000 X106.633 Y75.153
G1 F2100 X114.426 Y82.945 E1234.73497
G0 F9000 X113.924 Y83.037
G1 F2100 X106.633 Y75.747 E1235.09504
G0 F9000 X106.633 Y76.341
G1 F2100 X113.422 Y83.129 E1235.43032
G0 F9000 X112.927 Y83.229
G1 F2100 X106.633 Y76.935 E1235.74117
G0 F9000 X106.633 Y77.529
G1 F2100 X112.473 Y83.368 E1236.02957
G0 F9000 X112.017 Y83.507
G1 F2100 X106.633 Y78.123 E1236.29548
G0 F9000 X106.633 Y78.717
G1 F2100 X111.563 Y83.646 E1236.53895
G0 F9000 X111.108 Y83.785
G1 F2100 X106.633 Y79.311 E1236.75994
G0 F9000 X106.633 Y79.905
G1 F2100 X110.695 Y83.966 E1236.96053
G0 F9000 X110.285 Y84.15
G1 F2100 X106.634 Y80.499 E1237.14085
G0 F9000 X106.634 Y81.093
G1 F2100 X109.874 Y84.333 E1237.30087
G0 F9000 X109.463 Y84.516
G1 F2100 X106.634 Y81.687 E1237.44059
G0 F9000 X106.634 Y82.281
G1 F2100 X109.067 Y84.714 E1237.56075
G0 F9000 X108.697 Y84.938
G1 F2100 X106.634 Y82.875 E1237.66264
G0 F9000 X106.634 Y83.469
G1 F2100 X108.325 Y85.161 E1237.74618
G0 F9000 X107.955 Y85.384
G1 F2100 X106.634 Y84.063 E1237.81142
G0 F9000 X106.634 Y84.657
G1 F2100 X107.584 Y85.608 E1237.85837
G0 F9000 X107.242 Y85.859
G1 F2100 X106.634 Y85.251 E1237.8884
G0 F9000 X106.633 Y85.844
G1 F2100 X106.907 Y86.118 E1237.90193
G1 F1500 E1236.90193
G0 F9000 X111.133 Y84.125
G0 X113.027 Y83.535
G0 X114.978 Y83.177
G0 X116.957 Y83.058
G0 X118.936 Y83.177
G0 X120.516 Y83.467
G0 X124.207 Y84.411
G1 F1500 E1237.90193
G1 F2100 X108.282 Y68.486 E1238.68844
G0 F9000 X108.876 Y68.486
G1 F2100 X125.51 Y85.12 E1239.50998
G1 X125.584 Y85.194
G1 F1500 E1238.50998
G0 F9000 X106.295 Y68.593
G0 X47.469 Y68.593
G0 X47.469 Y89.319
G0 X63.019 Y127.319
G0 X102.795 Y127.319
G0 X103.132 Y109.072
G1 F1500 E1239.50998
G1 F2100 X103.581 Y109.52 E1239.53213
G0 F9000 X103.28 Y109.813
G1 F2100 X103.132 Y109.666 E1239.53941
G1 F1500 E1238.53941
G0 F9000 X107.628 Y112.997
G0 X132.019 Y127.319
G0 X133.002 Y127.656
G1 F1500 E1239.53941
G1 F2100 X134.404 Y129.059 E1239.60868
G0 F9000 X134.998 Y129.059
G1 F2100 X133.596 Y127.656 E1239.67795
G0 F9000 X134.19 Y127.656
G1 F2100 X135.592 Y129.059 E1239.74722
G0 F9000 X136.186 Y129.059
G1 F2100 X134.784 Y127.656 E1239.81648
G0 F9000 X135.378 Y127.656
G1 F2100 X136.78 Y129.059 E1239.88575
G0 F9000 X137.374 Y129.059
G1 F2100 X135.972 Y127.656 E1239.95502
G0 F9000 X136.566 Y127.656
G1 F2100 X137.968 Y129.059 E1240.02429
G0 F9000 X138.562 Y129.059
G1 F2100 X137.16 Y127.656 E1240.09356
G0 F9000 X137.754 Y127.656
G1 F2100 X139.156 Y129.059 E1240.16282
G0 F9000 X139.75 Y129.059
G1 F2100 X138.348 Y127.656 E1240.23209
G0 F9000 X138.942 Y127.656
G1 F2100 X140.344 Y129.059 E1240.30136
G0 F9000 X140.938 Y129.059
G1 F2100 X139.536 Y127.656 E1240.37063
G0 F9000 X140.13 Y127.656
G1 F2100 X141.532 Y129.059 E1240.43989
G0 F9000 X142.126 Y129.059
G1 F2100 X140.723 Y127.656 E1240.50919
G0 F9000 X141.317 Y127.656
G1 F2100 X142.72 Y129.059 E1240.57848
G0 F9000 X143.314 Y129.059
G1 F2100 X141.911 Y127.656 E1240.64777
G0 F9000 X142.505 Y127.656
G1 F2100 X143.908 Y129.059 E1240.71706
G0 F9000 X144.502 Y129.059
G1 F2100 X143.099 Y127.656 E1240.78636
G0 F9000 X143.693 Y127.656
G1 F2100 X145.096 Y129.059 E1240.85565
G0 F9000 X145.69 Y129.059
G1 F2100 X144.287 Y127.656 E1240.92494
G0 F9000 X144.881 Y127.656
G1 F2100 X146.284 Y129.059 E1240.99423
G0 F9000 X146.878 Y129.059
G1 F2100 X145.475 Y127.656 E1241.06353
G0 F9000 X146.069 Y127.656
G1 F2100 X147.472 Y129.059 E1241.13282
G0 F9000 X148.066 Y129.059
G1 F2100 X146.663 Y127.656 E1241.20211
G0 F9000 X147.257 Y127.656
G1 F2100 X148.66 Y129.059 E1241.2714
G0 F9000 X149.253 Y129.059
G1 F2100 X147.851 Y127.656 E1241.34067
G0 F9000 X148.444 Y127.655
G1 F2100 X149.847 Y129.059 E1241.40999
G0 F9000 X150.441 Y129.058
G1 F2100 X149.038 Y127.655 E1241.47928
G0 F9000 X149.632 Y127.655
G1 F2100 X151.035 Y129.058 E1241.54857
G0 F9000 X151.629 Y129.058
G1 F2100 X150.226 Y127.655 E1241.61787
G0 F9000 X150.82 Y127.655
G1 F2100 X152.223 Y129.058 E1241.68716
G0 F9000 X152.817 Y129.058
G1 F2100 X151.414 Y127.655 E1241.75645
G0 F9000 X152.008 Y127.655
G1 F2100 X153.411 Y129.058 E1241.82574
G0 F9000 X154.005 Y129.058
G1 F2100 X152.602 Y127.655 E1241.89504
G0 F9000 X153.196 Y127.655
G1 F2100 X154.598 Y129.058 E1241.9643
G0 F9000 X155.192 Y129.058
G1 F2100 X153.79 Y127.655 E1242.03357
G0 F9000 X154.384 Y127.655
G1 F2100 X155.786 Y129.058 E1242.10284
G0 F9000 X156.38 Y129.058
G1 F2100 X154.978 Y127.655 E1242.17211
G0 F9000 X155.571 Y127.655
G1 F2100 X156.974 Y129.058 E1242.2414
G0 F9000 X157.568 Y129.058
G1 F2100 X156.165 Y127.654 E1242.31072
G0 F9000 X156.759 Y127.654
G1 F2100 X158.162 Y129.058 E1242.38003
G0 F9000 X158.756 Y129.058
G1 F2100 X157.353 Y127.654 E1242.44935
G0 F9000 X157.947 Y127.654
G1 F2100 X159.35 Y129.058 E1242.51867
G0 F9000 X159.944 Y129.058
G1 F2100 X158.541 Y127.654 E1242.58799
G0 F9000 X159.135 Y127.654
G1 F2100 X160.538 Y129.058 E1242.6573
G0 F9000 X161.132 Y129.058
G1 F2100 X159.729 Y127.654 E1242.72662
G0 F9000 X160.323 Y127.654
G1 F2100 X161.726 Y129.058 E1242.79594
G0 F9000 X162.32 Y129.058
G1 F2100 X160.916 Y127.654 E1242.86528
G0 F9000 X161.51 Y127.654
G1 F2100 X162.914 Y129.058 E1242.93462
G0 F9000 X163.508 Y129.058
G1 F2100 X162.104 Y127.654 E1243.00396
G0 F9000 X162.698 Y127.654
G1 F2100 X164.102 Y129.058 E1243.0733
G0 F9000 X164.696 Y129.058
G1 F2100 X163.292 Y127.654 E1243.14265
G0 F9000 X163.886 Y127.653
G1 F2100 X165.29 Y129.058 E1243.21201
G0 F9000 X165.884 Y129.058
G1 F2100 X164.48 Y127.653 E1243.28138
G0 F9000 X165.074 Y127.653
G1 F2100 X166.484 Y129.064 E1243.35104
G1 X166.558 Y129.138
G0 F9000 X166.262 Y127.653
G1 F2100 X191.434 Y152.826 E1244.59428
G0 F9000 X191.25 Y153.236
G1 F2100 X165.668 Y127.653 E1245.85777
G1 X165.594 Y127.579
G0 F9000 X166.855 Y127.653
G1 F2100 X191.617 Y152.415 E1247.08073
G0 F9000 X191.8 Y152.004
G1 F2100 X167.449 Y127.653 E1248.2834
G0 F9000 X168.043 Y127.653
G1 F2100 X191.984 Y151.594 E1249.46582
G0 F9000 X192.157 Y151.173
G1 F2100 X168.637 Y127.653 E1250.62744
G0 F9000 X169.231 Y127.653
G1 F2100 X192.307 Y150.729 E1251.76714
G0 F9000 X192.456 Y150.284
G1 F2100 X169.825 Y127.653 E1252.88485
G0 F9000 X170.419 Y127.653
G1 F2100 X192.606 Y149.84 E1253.98064
G0 F9000 X192.756 Y149.396
G1 F2100 X171.013 Y127.653 E1255.0545
G0 F9000 X171.472 Y127.518
G1 F2100 X192.884 Y148.93 E1256.11202
G0 F9000 X192.998 Y148.45
G1 F2100 X171.804 Y127.256 E1257.15876
G0 F9000 X172.042 Y126.9
G1 F2100 X193.112 Y147.97 E1258.19938
G0 F9000 X193.226 Y147.49
G1 F2100 X172.13 Y126.394 E1259.24129
G0 F9000 X172.13 Y125.8
G1 F2100 X193.339 Y147.01 E1260.2888
G0 F9000 X193.418 Y146.494
G1 F2100 X172.13 Y125.206 E1261.34019
G0 F9000 X172.13 Y124.612
G1 F2100 X193.491 Y145.974 E1262.39521
G0 F9000 X193.565 Y145.453
G1 F2100 X172.13 Y124.018 E1263.45386
G0 F9000 X172.13 Y123.424
G1 F2100 X193.639 Y144.933 E1264.51616
G0 F9000 X193.68 Y144.38
G1 F2100 X172.13 Y122.83 E1265.58049
G0 F9000 X172.13 Y122.236
G1 F2100 X193.706 Y143.812 E1266.6461
G0 F9000 X193.732 Y143.244
G1 F2100 X172.13 Y121.642 E1267.713
G0 F9000 X172.13 Y121.048
G1 F2100 X193.758 Y142.677 E1268.7812
G0 F9000 X193.769 Y142.094
G1 F2100 X172.131 Y120.455 E1269.8499
G0 F9000 X172.131 Y119.861
G1 F2100 X193.769 Y141.5 E1270.9186
G0 F9000 X193.769 Y140.906
G1 F2100 X172.131 Y119.267 E1271.9873
G0 F9000 X172.131 Y118.673
G1 F2100 X193.769 Y140.312 E1273.056
G0 F9000 X193.769 Y139.718
G1 F2100 X172.131 Y118.079 E1274.1247
G0 F9000 X172.131 Y117.485
G1 F2100 X193.769 Y139.124 E1275.1934
G0 F9000 X193.769 Y138.53
G1 F2100 X172.131 Y116.891 E1276.2621
G0 F9000 X172.131 Y116.297
G1 F2100 X193.769 Y137.936 E1277.33079
G0 F9000 X193.769 Y137.342
G1 F2100 X172.131 Y115.703 E1278.39949
G0 F9000 X172.131 Y115.109
G1 F2100 X193.769 Y136.748 E1279.46819
G0 F9000 X193.769 Y136.154
G1 F2100 X172.131 Y114.516 E1280.53687
G0 F9000 X172.131 Y113.922
G1 F2100 X193.769 Y135.56 E1281.60554
G0 F9000 X193.769 Y134.966
G1 F2100 X172.131 Y113.328 E1282.67422
G0 F9000 X172.131 Y112.734
G1 F2100 X193.769 Y134.372 E1283.74289
G0 F9000 X193.769 Y133.778
G1 F2100 X172.131 Y112.14 E1284.81157
G0 F9000 X172.131 Y111.546
G1 F2100 X193.769 Y133.184 E1285.88024
G0 F9000 X193.769 Y132.591
G1 F2100 X172.131 Y110.952 E1286.94894
G0 F9000 X172.131 Y110.358
G1 F2100 X193.769 Y131.997 E1288.01764
G0 F9000 X193.769 Y131.403
G1 F2100 X172.131 Y109.764 E1289.08634
G0 F9000 X172.131 Y109.17
G1 F2100 X193.769 Y130.809 E1290.15504
G0 F9000 X193.769 Y130.215
G1 F2100 X172.211 Y108.656 E1291.21978
G0 F9000 X172.804 Y108.655
G1 F2100 X193.769 Y129.621 E1292.25524
G0 F9000 X193.769 Y129.027
G1 F2100 X173.396 Y108.654 E1293.26144
G0 F9000 X173.989 Y108.653
G1 F2100 X193.769 Y128.433 E1294.23835
G0 F9000 X193.769 Y127.839
G1 F2100 X174.582 Y108.651 E1295.186
G0 F9000 X175.175 Y108.65
G1 F2100 X193.769 Y127.245 E1296.10436
G0 F9000 X193.769 Y126.651
G1 F2100 X175.767 Y108.649 E1296.99346
G0 F9000 X176.36 Y108.647
G1 F2100 X193.769 Y126.057 E1297.85329
G0 F9000 X193.769 Y125.463
G1 F2100 X176.952 Y108.646 E1298.68386
G0 F9000 X177.445 Y108.545
G1 F2100 X193.769 Y124.869 E1299.49008
G0 F9000 X193.769 Y124.275
G1 F2100 X177.792 Y108.298 E1300.27917
G0 F9000 X178.031 Y107.943
G1 F2100 X193.769 Y123.681 E1301.05645
G0 F9000 X193.769 Y123.087
G1 F2100 X178.125 Y107.443 E1301.82909
G0 F9000 X178.125 Y106.849
G1 F2100 X193.769 Y122.493 E1302.60173
G0 F9000 X193.769 Y121.899
G1 F2100 X178.125 Y106.255 E1303.37436
G0 F9000 X178.125 Y105.661
G1 F2100 X193.769 Y121.305 E1304.147
G0 F9000 X193.769 Y120.711
G1 F2100 X178.126 Y105.068 E1304.91959
G0 F9000 X178.126 Y104.474
G1 F2100 X193.769 Y120.117 E1305.69218
G0 F9000 X193.769 Y119.523
G1 F2100 X178.126 Y103.88 E1306.46477
G0 F9000 X178.127 Y103.287
G1 F2100 X190.254 Y115.413 E1307.06368
G1 X190.284 Y115.444
G1 X193.769 Y118.929 E1307.2358
G0 F9000 X193.769 Y118.335
G1 F2100 X191.584 Y116.15 E1307.34371
G0 F9000 X192.248 Y116.22
G1 F2100 X193.769 Y117.741 E1307.41884
G0 F9000 X193.769 Y117.147
G1 F2100 X192.797 Y116.175 E1307.46684
G0 F9000 X193.226 Y116.01
G1 F2100 X193.769 Y116.553 E1307.49366
G0 F9000 X193.769 Y115.959
G1 F2100 X193.63 Y115.82 E1307.50052
G0 F9000 X192.19 Y115.921
G0 X191.012 Y115.604
G0 X189.58 Y114.146
G1 F2100 X178.127 Y102.693 E1308.06617
G0 F9000 X178.127 Y102.099
G1 F2100 X189.516 Y113.488 E1308.62866
G0 F9000 X189.591 Y112.969
G1 F2100 X178.127 Y101.505 E1309.19486
G0 F9000 X178.127 Y100.911
G1 F2100 X189.742 Y112.526 E1309.76851
G0 F9000 X189.94 Y112.13
G1 F2100 X178.127 Y100.317 E1310.35194
G0 F9000 X178.127 Y99.723
G1 F2100 X190.194 Y111.79 E1310.94791
G0 F9000 X190.505 Y111.507
G1 F2100 X178.128 Y99.13 E1311.5592
G0 F9000 X178.128 Y98.536
G1 F2100 X190.844 Y111.252 E1312.18722
G0 F9000 X191.255 Y111.069
G1 F2100 X178.128 Y97.942 E1312.83555
G0 F9000 X178.129 Y97.349
G1 F2100 X191.72 Y110.94 E1313.50679
G0 F9000 X192.268 Y110.894
G1 F2100 X178.129 Y96.755 E1314.2051
G0 F9000 X178.129 Y96.161
G1 F2100 X192.977 Y111.01 E1314.93845
G0 F9000 X193.77 Y111.208
G1 F2100 X178.13 Y95.568 E1315.71089
G0 F9000 X178.13 Y94.974
G1 F2100 X193.77 Y110.614 E1316.48333
G0 F9000 X193.77 Y110.02
G1 F2100 X178.13 Y94.38 E1317.25577
G0 F9000 X178.13 Y93.786
G1 F2100 X193.77 Y109.426 E1318.02821
G0 F9000 X193.77 Y108.832
G1 F2100 X178.13 Y93.193 E1318.80063
G0 F9000 X178.13 Y92.599
G1 F2100 X193.77 Y108.238 E1319.57304
G0 F9000 X193.77 Y107.644
G1 F2100 X178.13 Y92.005 E1320.34546
G0 F9000 X178.131 Y91.411
G1 F2100 X193.77 Y107.051 E1321.11788
G0 F9000 X193.77 Y106.457
G1 F2100 X178.131 Y90.817 E1321.89029
G0 F9000 X178.131 Y90.223
G1 F2100 X193.77 Y105.863 E1322.66271
G0 F9000 X193.77 Y105.269
G1 F2100 X178.159 Y89.657 E1323.43374
G0 F9000 X178.753 Y89.657
G1 F2100 X193.77 Y104.675 E1324.17544
G0 F9000 X193.77 Y104.081
G1 F2100 X179.346 Y89.656 E1324.88784
G0 F9000 X179.94 Y89.656
G1 F2100 X193.77 Y103.487 E1325.57092
G0 F9000 X193.77 Y102.893
G1 F2100 X180.533 Y89.656 E1326.22468
G0 F9000 X181.126 Y89.655
G1 F2100 X193.77 Y102.299 E1326.84915
G0 F9000 X193.77 Y101.705
G1 F2100 X181.72 Y89.655 E1327.44428
G0 F9000 X182.314 Y89.654
G1 F2100 X193.77 Y101.111 E1328.0101
G0 F9000 X193.77 Y100.517
G1 F2100 X182.908 Y89.654 E1328.54659
G0 F9000 X183.501 Y89.654
G1 F2100 X193.77 Y99.923 E1329.05376
G0 F9000 X193.77 Y99.329
G1 F2100 X184.095 Y89.654 E1329.5316
G0 F9000 X184.688 Y89.653
G1 F2100 X193.77 Y98.735 E1329.98015
G0 F9000 X193.77 Y98.141
G1 F2100 X185.281 Y89.652 E1330.39941
G0 F9000 X185.875 Y89.652
G1 F2100 X193.77 Y97.547 E1330.78933
G0 F9000 X193.77 Y96.953
G1 F2100 X186.469 Y89.651 E1331.14995
G0 F9000 X187.062 Y89.651
G1 F2100 X193.77 Y96.359 E1331.48125
G0 F9000 X193.77 Y95.765
G1 F2100 X187.507 Y89.502 E1331.79057
G0 F9000 X187.835 Y89.236
G1 F2100 X193.77 Y95.171 E1332.08369
G0 F9000 X193.77 Y94.577
G1 F2100 X188.046 Y88.853 E1332.36639
G0 F9000 X188.132 Y88.345
G1 F2100 X193.77 Y93.983 E1332.64485
G0 F9000 X193.77 Y93.389
G1 F2100 X188.132 Y87.751 E1332.9233
G0 F9000 X188.132 Y87.157
G1 F2100 X193.77 Y92.795 E1333.20175
G0 F9000 X193.77 Y92.201
G1 F2100 X188.132 Y86.564 E1333.48018
G0 F9000 X188.132 Y85.97
G1 F2100 X193.77 Y91.607 E1333.75861
G0 F9000 X193.77 Y91.013
G1 F2100 X188.132 Y85.376 E1334.03704
G0 F9000 X188.132 Y84.782
G1 F2100 X193.77 Y90.419 E1334.31547
G0 F9000 X193.77 Y89.825
G1 F2100 X188.132 Y84.188 E1334.5939
G0 F9000 X188.132 Y83.594
G1 F2100 X193.77 Y89.231 E1334.87233
G0 F9000 X193.77 Y88.637
G1 F2100 X188.132 Y83 E1335.15076
G0 F9000 X188.132 Y82.406
G1 F2100 X193.77 Y88.043 E1335.42919
G0 F9000 X193.77 Y87.45
G1 F2100 X188.132 Y81.812 E1335.70764
G0 F9000 X188.132 Y81.218
G1 F2100 X193.77 Y86.856 E1335.9861
G0 F9000 X193.77 Y86.262
G1 F2100 X188.132 Y80.624 E1336.26455
G0 F9000 X188.132 Y80.03
G1 F2100 X193.77 Y85.668 E1336.543
G0 F9000 X193.77 Y85.074
G1 F2100 X188.132 Y79.436 E1336.82146
G0 F9000 X188.132 Y78.842
G1 F2100 X193.77 Y84.48 E1337.09991
G0 F9000 X193.77 Y83.886
G1 F2100 X188.132 Y78.248 E1337.37837
G0 F9000 X188.132 Y77.654
G1 F2100 X193.77 Y83.292 E1337.65682
G0 F9000 X193.77 Y82.698
G1 F2100 X188.132 Y77.06 E1337.93527
G0 F9000 X188.132 Y76.466
G1 F2100 X193.77 Y82.104 E1338.21373
G0 F9000 X193.77 Y81.51
G1 F2100 X188.132 Y75.872 E1338.49218
G0 F9000 X188.132 Y75.278
G1 F2100 X193.77 Y80.916 E1338.77064
G0 F9000 X193.77 Y80.322
G1 F2100 X188.132 Y74.684 E1339.04909
G0 F9000 X188.132 Y74.09
G1 F2100 X193.77 Y79.728 E1339.32754
G0 F9000 X193.77 Y79.134
G1 F2100 X188.132 Y73.496 E1339.606
G0 F9000 X188.132 Y72.902
G1 F2100 X193.77 Y78.54 E1339.88445
G0 F9000 X193.77 Y77.946
G1 F2100 X188.132 Y72.308 E1340.16291
G0 F9000 X188.132 Y71.714
G1 F2100 X193.77 Y77.352 E1340.44136
G0 F9000 X193.77 Y76.758
G1 F2100 X188.132 Y71.12 E1340.71981
G0 F9000 X188.132 Y70.526
G1 F2100 X193.77 Y76.164 E1340.99827
G0 F9000 X193.77 Y75.57
G1 F2100 X188.132 Y69.932 E1341.27672
G0 F9000 X188.09 Y69.296
G1 F2100 X193.73 Y74.936 E1341.55527
G0 F9000 X193.672 Y74.284
G1 F2100 X187.945 Y68.557 E1341.83812
G0 F9000 X188.73 Y68.748
G1 F2100 X193.489 Y73.507 E1342.07316
G1 X193.563 Y73.581
G0 F9000 X193.147 Y72.571
G1 F2100 X189.653 Y69.077 E1342.24573
G1 X189.579 Y69.003
G0 F9000 X191.127 Y69.957
G1 F2100 X192.246 Y71.076 E1342.301
G1 X192.32 Y71.15
G1 F1500 E1341.301
G0 F9000 X187.795 Y89.319
G0 X171.795 Y127.319
G0 X167.597 Y130.176
G1 F1500 E1342.301
G1 F2100 X191.047 Y153.627 E1343.45919
G0 F9000 X190.833 Y154.007
G1 F2100 X167.597 Y130.77 E1344.60681
G0 F9000 X167.597 Y131.364
G1 F2100 X190.619 Y154.387 E1345.74386
G0 F9000 X190.405 Y154.767
G1 F2100 X167.597 Y131.958 E1346.87035
G0 F9000 X167.597 Y132.552
G1 F2100 X190.191 Y155.147 E1347.98626
G0 F9000 X189.965 Y155.515
G1 F2100 X167.597 Y133.146 E1349.09101
G0 F9000 X167.597 Y133.74
G1 F2100 X189.723 Y155.866 E1350.18379
G0 F9000 X189.48 Y156.218
G1 F2100 X167.597 Y134.334 E1351.26459
G0 F9000 X167.597 Y134.928
G1 F2100 X189.237 Y156.568 E1352.33336
G0 F9000 X188.994 Y156.92
G1 F2100 X167.597 Y135.522 E1353.39016
G0 F9000 X167.597 Y136.116
G1 F2100 X188.749 Y157.269 E1354.43486
G0 F9000 X188.477 Y157.591
G1 F2100 X167.597 Y136.71 E1355.46612
G0 F9000 X167.597 Y137.304
G1 F2100 X188.205 Y157.913 E1356.48395
G0 F9000 X187.933 Y158.234
G1 F2100 X167.597 Y137.898 E1357.48832
G0 F9000 X167.597 Y138.492
G1 F2100 X187.661 Y158.556 E1358.47925
G0 F9000 X187.389 Y158.879
G1 F2100 X167.597 Y139.086 E1359.45678
G0 F9000 X167.597 Y139.68
G1 F2100 X187.094 Y159.177 E1360.41971
G0 F9000 X186.794 Y159.472
G1 F2100 X167.597 Y140.274 E1361.36785
G0 F9000 X167.597 Y140.868
G1 F2100 X186.495 Y159.766 E1362.3012
G0 F9000 X186.196 Y160.061
G1 F2100 X167.597 Y141.462 E1363.21979
G0 F9000 X167.597 Y142.056
G1 F2100 X185.896 Y160.355 E1364.12355
G0 F9000 X185.586 Y160.639
G1 F2100 X167.597 Y142.65 E1365.01201
G0 F9000 X167.597 Y143.244
G1 F2100 X185.258 Y160.905 E1365.88426
G0 F9000 X184.93 Y161.171
G1 F2100 X167.597 Y143.838 E1366.74032
G0 F9000 X167.597 Y144.432
G1 F2100 X184.602 Y161.437 E1367.58017
G0 F9000 X184.274 Y161.703
G1 F2100 X167.597 Y145.026 E1368.40383
G0 F9000 X167.597 Y145.62
G1 F2100 X183.945 Y161.968 E1369.21124
G0 F9000 X183.588 Y162.206
G1 F2100 X167.597 Y146.214 E1370.00104
G0 F9000 X167.597 Y146.808
G1 F2100 X183.233 Y162.444 E1370.77328
G0 F9000 X182.876 Y162.681
G1 F2100 X167.597 Y147.402 E1371.52789
G0 F9000 X167.597 Y147.996
G1 F2100 X182.52 Y162.919 E1372.26492
G0 F9000 X182.164 Y163.157
G1 F2100 X167.597 Y148.59 E1372.98437
G0 F9000 X167.597 Y149.183
G1 F2100 X181.782 Y163.369 E1373.68497
G0 F9000 X181.396 Y163.577
G1 F2100 X167.597 Y149.777 E1374.36651
G0 F9000 X167.597 Y150.371
G1 F2100 X181.009 Y163.784 E1375.02894
G0 F9000 X180.622 Y163.991
G1 F2100 X167.597 Y150.965 E1375.67225
G0 F9000 X167.597 Y151.559
G1 F2100 X180.236 Y164.199 E1376.2965
G0 F9000 X179.827 Y164.383
G1 F2100 X167.597 Y152.153 E1376.90053
G0 F9000 X167.597 Y152.747
G1 F2100 X179.409 Y164.56 E1377.48393
G0 F9000 X178.991 Y164.736
G1 F2100 X167.597 Y153.341 E1378.04669
G0 F9000 X167.597 Y153.935
G1 F2100 X178.573 Y164.912 E1378.58881
G0 F9000 X178.155 Y165.088
G1 F2100 X167.597 Y154.529 E1379.11028
G0 F9000 X167.597 Y155.123
G1 F2100 X177.712 Y165.238 E1379.60985
G0 F9000 X177.259 Y165.38
G1 F2100 X167.597 Y155.717 E1380.08707
G0 F9000 X167.597 Y156.311
G1 F2100 X176.806 Y165.52 E1380.54189
G0 F9000 X176.353 Y165.662
G1 F2100 X167.597 Y156.905 E1380.97436
G0 F9000 X167.597 Y157.499
G1 F2100 X175.901 Y165.803 E1381.38449
G0 F9000 X175.41 Y165.907
G1 F2100 X167.597 Y158.093 E1381.77038
G0 F9000 X167.597 Y158.687
G1 F2100 X174.919 Y166.01 E1382.13203
G0 F9000 X174.429 Y166.113
G1 F2100 X167.597 Y159.281 E1382.46946
G0 F9000 X167.597 Y159.875
G1 F2100 X173.939 Y166.217 E1382.78268
G0 F9000 X173.422 Y166.295
G1 F2100 X167.597 Y160.469 E1383.0704
G0 F9000 X167.597 Y161.063
G1 F2100 X172.89 Y166.356 E1383.33181
G0 F9000 X172.357 Y166.418
G1 F2100 X167.597 Y161.657 E1383.56693
G0 F9000 X167.597 Y162.251
G1 F2100 X171.824 Y166.479 E1383.77572
G0 F9000 X171.268 Y166.516
G1 F2100 X167.597 Y162.845 E1383.95702
G0 F9000 X167.597 Y163.439
G1 F2100 X170.674 Y166.516 E1384.10899
G0 F9000 X170.08 Y166.516
G1 F2100 X167.597 Y164.033 E1384.23163
G0 F9000 X167.597 Y164.627
G1 F2100 X169.486 Y166.516 E1384.32492
G0 F9000 X168.892 Y166.516
G1 F2100 X167.597 Y165.221 E1384.38888
G0 F9000 X167.597 Y165.815
G1 F2100 X168.298 Y166.516 E1384.4235
G0 F9000 X167.704 Y166.516
G1 F2100 X167.597 Y166.409 E1384.42879
G1 F1500 E1383.42879
G0 F9000 X167.26 Y129.396
G0 X63.019 Y127.319
G0 X62.771 Y126.92
G1 F1500 E1384.42879
G1 F2100 X41.231 Y105.38 E1385.49262
G0 F9000 X41.231 Y104.786
G1 F2100 X62.682 Y126.236 E1386.55203
G0 F9000 X62.682 Y125.642
G1 F2100 X41.231 Y104.192 E1387.61145
G0 F9000 X41.231 Y103.598
G1 F2100 X62.682 Y125.049 E1388.67089
G0 F9000 X62.682 Y124.455
G1 F2100 X41.231 Y103.004 E1389.73033
G0 F9000 X41.231 Y102.41
G1 F2100 X62.682 Y123.861 E1390.78976
G0 F9000 X62.682 Y123.267
G1 F2100 X41.23 Y101.815 E1391.84925
G0 F9000 X41.23 Y101.221
G1 F2100 X62.682 Y122.673 E1392.90874
G0 F9000 X62.682 Y122.079
G1 F2100 X41.23 Y100.627 E1393.96823
G0 F9000 X41.23 Y100.033
G1 F2100 X62.682 Y121.485 E1395.02772
G0 F9000 X62.682 Y120.891
G1 F2100 X41.23 Y99.439 E1396.0872
G0 F9000 X41.23 Y98.845
G1 F2100 X62.682 Y120.297 E1397.14669
G0 F9000 X62.682 Y119.703
G1 F2100 X41.23 Y98.251 E1398.20618
G0 F9000 X41.23 Y97.657
G1 F2100 X62.682 Y119.109 E1399.26567
G0 F9000 X62.682 Y118.515
G1 F2100 X41.23 Y97.063 E1400.32516
G0 F9000 X41.23 Y96.469
G1 F2100 X62.682 Y117.921 E1401.38465
G0 F9000 X62.682 Y117.327
G1 F2100 X41.23 Y95.875 E1402.44413
G0 F9000 X41.23 Y95.281
G1 F2100 X62.682 Y116.733 E1403.50362
G0 F9000 X62.682 Y116.139
G1 F2100 X41.23 Y94.687 E1404.56311
G0 F9000 X41.23 Y94.093
G1 F2100 X62.682 Y115.545 E1405.6226
G0 F9000 X62.682 Y114.951
G1 F2100 X41.23 Y93.5 E1406.68206
G0 F9000 X41.229 Y92.905
G1 F2100 X56.298 Y107.973 E1407.42628
G0 F9000 X56.181 Y107.262
G1 F2100 X41.229 Y92.311 E1408.16471
G0 F9000 X41.229 Y91.717
G1 F2100 X56.181 Y106.668 E1408.90315
G0 F9000 X56.181 Y106.074
G1 F2100 X41.229 Y91.123 E1409.64159
G0 F9000 X41.229 Y90.529
G1 F2100 X56.181 Y105.48 E1410.38002
G0 F9000 X56.181 Y104.886
G1 F2100 X41.229 Y89.935 E1411.11846
G0 F9000 X41.229 Y89.341
G1 F2100 X56.181 Y104.292 E1411.85689
G0 F9000 X56.181 Y103.698
G1 F2100 X41.229 Y88.747 E1412.59533
G0 F9000 X41.229 Y88.153
G1 F2100 X56.181 Y103.104 E1413.33377
G0 F9000 X56.181 Y102.51
G1 F2100 X41.229 Y87.559 E1414.0722
G0 F9000 X41.229 Y86.965
G1 F2100 X56.181 Y101.916 E1414.81064
G0 F9000 X56.181 Y101.322
G1 F2100 X41.229 Y86.371 E1415.54908
G0 F9000 X41.229 Y85.777
G1 F2100 X56.181 Y100.728 E1416.28751
G0 F9000 X56.181 Y100.134
G1 F2100 X41.229 Y85.183 E1417.02595
G0 F9000 X41.229 Y84.589
G1 F2100 X56.181 Y99.54 E1417.76439
G0 F9000 X56.181 Y98.946
G1 F2100 X41.229 Y83.995 E1418.50282
G0 F9000 X41.229 Y83.401
G1 F2100 X56.181 Y98.352 E1419.24126
G0 F9000 X56.181 Y97.758
G1 F2100 X48.039 Y89.617 E1419.64336
G0 F9000 X48.667 Y89.651
G1 F2100 X56.181 Y97.164 E1420.01444
G0 F9000 X56.181 Y96.57
G1 F2100 X49.262 Y89.651 E1420.35616
G0 F9000 X49.855 Y89.651
G1 F2100 X56.181 Y95.977 E1420.66859
G0 F9000 X56.181 Y95.383
G1 F2100 X50.45 Y89.652 E1420.95164
G0 F9000 X51.045 Y89.653
G1 F2100 X56.181 Y94.789 E1421.2053
G0 F9000 X56.181 Y94.195
G1 F2100 X51.639 Y89.653 E1421.42963
G0 F9000 X52.233 Y89.654
G1 F2100 X56.181 Y93.601 E1421.62459
G0 F9000 X56.181 Y93.007
G1 F2100 X52.828 Y89.654 E1421.79019
G0 F9000 X53.422 Y89.654
G1 F2100 X56.181 Y92.413 E1421.92645
G0 F9000 X56.181 Y91.819
G1 F2100 X54.017 Y89.655 E1422.03333
G0 F9000 X54.611 Y89.656
G1 F2100 X56.181 Y91.225 E1422.11084
G0 F9000 X56.181 Y90.631
G1 F2100 X55.205 Y89.656 E1422.15902
G0 F9000 X55.8 Y89.656
G1 F2100 X56.181 Y90.037 E1422.17784
G0 F9000 X47.469 Y89.319
G0 X47.168 Y88.746
G1 F2100 X41.229 Y82.807 E1422.47116
G0 F9000 X41.229 Y82.213
G1 F2100 X47.135 Y88.119 E1422.76285
G0 F9000 X47.135 Y87.525
G1 F2100 X41.229 Y81.619 E1423.05454
G0 F9000 X41.229 Y81.025
G1 F2100 X47.135 Y86.931 E1423.34623
G0 F9000 X47.135 Y86.337
G1 F2100 X41.229 Y80.431 E1423.63792
G0 F9000 X41.229 Y79.837
G1 F2100 X47.135 Y85.743 E1423.92961
G0 F9000 X47.135 Y85.149
G1 F2100 X41.229 Y79.243 E1424.2213
G0 F9000 X41.229 Y78.649
G1 F2100 X47.135 Y84.555 E1424.51299
G0 F9000 X47.135 Y83.961
G1 F2100 X41.229 Y78.055 E1424.80468
G0 F9000 X41.229 Y77.461
G1 F2100 X47.134 Y83.366 E1425.09632
G0 F9000 X47.134 Y82.772
G1 F2100 X41.229 Y76.867 E1425.38796
G0 F9000 X41.229 Y76.273
G1 F2100 X47.134 Y82.178 E1425.6796
G0 F9000 X47.134 Y81.584
G1 F2100 X41.229 Y75.679 E1425.97124
G0 F9000 X41.255 Y75.111
G1 F2100 X47.133 Y80.989 E1426.26155
G0 F9000 X47.133 Y80.395
G1 F2100 X41.299 Y74.561 E1426.54969
G0 F9000 X41.381 Y74.049
G1 F2100 X47.133 Y79.801 E1426.83377
G0 F9000 X47.133 Y79.207
G1 F2100 X41.495 Y73.569 E1427.11222
G0 F9000 X41.629 Y73.109
G1 F2100 X47.132 Y78.613 E1427.38404
G0 F9000 X47.132 Y78.019
G1 F2100 X41.802 Y72.689 E1427.64728
G0 F9000 X41.975 Y72.268
G1 F2100 X47.132 Y77.425 E1427.90198
G0 F9000 X47.132 Y76.831
G1 F2100 X42.197 Y71.895 E1428.14573
G0 F9000 X42.421 Y71.525
G1 F2100 X47.132 Y76.236 E1428.3784
G0 F9000 X47.132 Y75.642
G1 F2100 X42.666 Y71.177 E1428.59895
G0 F9000 X42.938 Y70.854
G1 F2100 X47.132 Y75.048 E1428.80609
G0 F9000 X47.132 Y74.454
G1 F2100 X43.21 Y70.533 E1428.99976
G0 F9000 X43.526 Y70.255
G1 F2100 X47.131 Y73.86 E1429.17781
G0 F9000 X47.131 Y73.266
G1 F2100 X43.845 Y69.98 E1429.3401
G0 F9000 X44.18 Y69.72
G1 F2100 X47.131 Y72.672 E1429.48587
G0 F9000 X47.131 Y72.078
G1 F2100 X44.547 Y69.493 E1429.61352
G0 F9000 X44.914 Y69.266
G1 F2100 X47.13 Y71.483 E1429.72299
G0 F9000 X47.13 Y70.889
G1 F2100 X45.326 Y69.085 E1429.81209
G0 F9000 X45.746 Y68.911
G1 F2100 X47.13 Y70.295 E1429.88044
G0 F9000 X47.13 Y69.701
G1 F2100 X46.194 Y68.765 E1429.92667
G0 F9000 X46.671 Y68.648
G1 F2100 X47.188 Y69.165 E1429.9522
G0 F9000 X47.381 Y68.764
G1 F2100 X47.31 Y68.693 E1429.95571
G1 X47.173 Y68.556 E1429.96248
G1 F1500 E1428.96248
G0 F9000 X47.469 Y89.319
G0 X56.519 Y108.319
G0 X56.856 Y108.531
G1 F1500 E1429.96248
G1 F2100 X62.682 Y114.357 E1430.25021
G0 F9000 X62.682 Y113.763
G1 F2100 X57.568 Y108.649 E1430.50279
G0 F9000 X58.163 Y108.65
G1 F2100 X62.682 Y113.169 E1430.72598
G0 F9000 X62.682 Y112.575
G1 F2100 X58.757 Y108.651 E1430.9198
G0 F9000 X59.352 Y108.651
G1 F2100 X62.682 Y111.981 E1431.08427
G0 F9000 X62.682 Y111.387
G1 F2100 X59.947 Y108.652 E1431.21935
G0 F9000 X60.542 Y108.654
G1 F2100 X62.682 Y110.793 E1431.32501
G0 F9000 X62.682 Y110.199
G1 F2100 X61.137 Y108.654 E1431.40132
G0 F9000 X61.731 Y108.655
G1 F2100 X62.682 Y109.605 E1431.44826
G0 F9000 X62.682 Y109.011
G1 F2100 X62.326 Y108.656 E1431.46582
G1 F1500 E1430.46582
G0 F9000 X63.419 Y126.919
G0 X102.395 Y126.919
G0 X102.395 Y106.993
G0 X96.423 Y106.465
G1 F1500 E1431.46582
G1 F2100 X96.424 Y89.448 E1432.06011
G1 X103.843 Y89.449 E1432.3192
G1 X103.384 Y90.033 E1432.34514
G1 X102.347 Y91.734 E1432.41472
G1 X101.476 Y93.658 E1432.48847
G1 X100.918 Y95.451 E1432.55405
G1 X100.546 Y97.436 E1432.62458
G1 X100.419 Y99.468 E1432.69568
G1 X100.531 Y101.396 E1432.76313
G1 X100.888 Y103.392 E1432.83394
G1 X101.467 Y105.28 E1432.90291
G1 X101.994 Y106.464 E1432.94817
G1 X96.423 Y106.465 E1433.14272
G0 F9000 X96.749 Y106.253
G1 F2100 X96.633 Y106.136 E1433.14848
G0 F9000 X96.633 Y105.542
G1 F2100 X97.343 Y106.253 E1433.18357
G0 F9000 X97.937 Y106.253
G1 F2100 X96.633 Y104.948 E1433.248
G0 F9000 X96.633 Y104.354
G1 F2100 X98.531 Y106.253 E1433.34176
G0 F9000 X99.125 Y106.253
G1 F2100 X96.633 Y103.76 E1433.46486
G0 F9000 X96.633 Y103.166
G1 F2100 X99.719 Y106.253 E1433.6173
G0 F9000 X100.313 Y106.253
G1 F2100 X96.633 Y102.572 E1433.79908
G0 F9000 X96.633 Y101.978
G1 F2100 X100.907 Y106.253 E1434.01019
G0 F9000 X101.501 Y106.253
G1 F2100 X96.633 Y101.384 E1434.25064
G0 F9000 X96.633 Y100.791
G1 F2100 X101.331 Y105.489 E1434.48267
G1 X101.405 Y105.563
G0 F9000 X101.04 Y104.604
G1 F2100 X96.633 Y100.197 E1434.70032
G0 F9000 X96.633 Y99.603
G1 F2100 X100.778 Y103.748 E1434.90504
G0 F9000 X100.6 Y102.975
G1 F2100 X96.633 Y99.009 E1435.10094
G0 F9000 X96.633 Y98.415
G1 F2100 X100.471 Y102.253 E1435.29049
G0 F9000 X100.342 Y101.53
G1 F2100 X96.633 Y97.821 E1435.47368
G0 F9000 X96.633 Y97.227
G1 F2100 X100.291 Y100.885 E1435.65434
G0 F9000 X100.255 Y100.255
G1 F2100 X96.633 Y96.633 E1435.83323
G0 F9000 X96.633 Y96.039
G1 F2100 X100.218 Y99.624 E1436.01029
G0 F9000 X100.233 Y99.045
G1 F2100 X96.633 Y95.445 E1436.18809
G0 F9000 X96.633 Y94.851
G1 F2100 X100.268 Y98.486 E1436.36761
G0 F9000 X100.303 Y97.927
G1 F2100 X96.633 Y94.257 E1436.54887
G0 F9000 X96.633 Y93.663
G1 F2100 X100.341 Y97.372 E1436.73203
G0 F9000 X100.436 Y96.872
G1 F2100 X96.633 Y93.069 E1436.91986
G0 F9000 X96.633 Y92.475
G1 F2100 X100.53 Y96.372 E1437.11232
G0 F9000 X100.624 Y95.873
G1 F2100 X96.633 Y91.881 E1437.30946
G0 F9000 X96.633 Y91.287
G1 F2100 X100.72 Y95.374 E1437.51131
G0 F9000 X100.861 Y94.921
G1 F2100 X96.633 Y90.693 E1437.72013
G0 F9000 X96.633 Y90.099
G1 F2100 X101.001 Y94.467 E1437.93586
G0 F9000 X101.141 Y94.014
G1 F2100 X96.786 Y89.659 E1438.15094
G0 F9000 X97.38 Y89.659
G1 F2100 X101.289 Y93.567 E1438.34398
G0 F9000 X101.473 Y93.157
G1 F2100 X97.974 Y89.659 E1438.51677
G0 F9000 X98.568 Y89.659
G1 F2100 X101.657 Y92.748 E1438.66933
G0 F9000 X101.842 Y92.338
G1 F2100 X99.162 Y89.659 E1438.80167
G0 F9000 X99.756 Y89.659
G1 F2100 X102.027 Y91.929 E1438.9138
G0 F9000 X102.225 Y91.534
G1 F2100 X100.35 Y89.659 E1439.00641
G0 F9000 X100.944 Y89.659
G1 F2100 X102.449 Y91.163 E1439.08071
G0 F9000 X102.673 Y90.793
G1 F2100 X101.538 Y89.659 E1439.13674
G0 F9000 X102.132 Y89.659
G1 F2100 X102.897 Y90.424 E1439.17453
G0 F9000 X103.122 Y90.054
G1 F2100 X103.034 Y89.967 E1439.17885
G1 X103.033 Y89.966
G1 X102.726 Y89.659 E1439.19401
G0 F9000 X102.726 Y89.711
G1 F1500 E1438.19401
;MESH:NONMESH
G0 F600 X102.726 Y89.711 Z0.8
G0 F9000 X95.895 Y106.993
G0 X102.395 Y106.993
G0 X102.395 Y126.919
G0 X63.419 Y126.919
G0 X56.919 Y107.919
G0 X42.207 Y111.311
G0 X40.895 Y112.234
G0 X40.709 Y113.095
;TIME_ELAPSED:1438.137296
;LAYER:3
M106 S255
M204 S2000
;TYPE:WALL-INNER
;MESH:FacePlateCover.stl
G1 F1500 E1439.19401
G1 F3567.6 X40.682 Y113.564 E1439.21139
G1 X40.709 Y114.033 E1439.22878
M204 S1000
G0 F9000 X40.707 Y114.081
M204 S2000
G1 F3666.5 X40.683 Y114.609 E1439.24781
G1 F3780 X40.684 Y142.475 E1440.22097
G1 X40.792 Y144.81 E1440.30261
G1 X41.111 Y147.077 E1440.38256
G1 X41.653 Y149.358 E1440.46444
G1 X42.385 Y151.525 E1440.54431
G1 X43.334 Y153.651 E1440.62562
G1 X44.468 Y155.663 E1440.70628
G1 X45.792 Y157.574 E1440.78747
G1 X47.262 Y159.316 E1440.86707
G1 X48.925 Y160.948 E1440.94844
G1 X50.712 Y162.398 E1441.02881
G1 X52.614 Y163.666 E1441.10864
G1 X54.635 Y164.752 E1441.18877
G1 X56.767 Y165.648 E1441.26953
G1 X58.945 Y166.329 E1441.34923
G1 X61.18 Y166.802 E1441.42901
G1 X63.463 Y167.063 E1441.50926
G1 X67.251 Y167.063 E1441.64155
G1 X67.251 Y130.135 E1442.93119
G1 X67.325 Y129.937 E1442.93857
G1 X67.446 Y129.777 E1442.94558
G1 X67.638 Y129.652 E1442.95358
G1 X67.803 Y129.604 E1442.95958
G1 X166.422 Y129.604 E1446.40366
G1 X166.665 Y129.652 E1446.41231
G1 X166.857 Y129.777 E1446.42031
G1 X166.978 Y129.937 E1446.42732
G1 X167.052 Y130.135 E1446.4347
G1 X167.052 Y167.063 E1447.72434
G1 X171.537 Y167.063 E1447.88097
G1 X173.82 Y166.802 E1447.96122
G1 X176.055 Y166.329 E1448.04101
G1 X178.234 Y165.648 E1448.12073
G1 X180.365 Y164.752 E1448.20146
G1 X182.386 Y163.666 E1448.28159
G1 X184.288 Y162.398 E1448.36142
G1 X186.075 Y160.948 E1448.44179
G1 X187.738 Y159.316 E1448.52316
G1 X189.208 Y157.574 E1448.60276
G1 X190.532 Y155.663 E1448.68395
G1 X191.666 Y153.651 E1448.76461
G1 X192.615 Y151.525 E1448.84592
G1 X193.347 Y149.359 E1448.92576
G1 X193.889 Y147.077 E1449.00768
G1 X194.207 Y144.81 E1449.08762
G1 X194.317 Y142.459 E1449.16982
G1 X194.317 Y114.609 E1450.14243
G1 F3551.7 X194.29 Y114.063 E1450.16274
G1 F3451.3 X194.035 Y114.635 E1450.1867
G1 F3666.5 X193.633 Y115.128 E1450.2096
G1 F3780 X193.185 Y115.443 E1450.22873
G1 X192.656 Y115.639 E1450.24843
G1 X192.11 Y115.689 E1450.26758
G1 X191.561 Y115.596 E1450.28702
G1 X191.116 Y115.403 E1450.30396
G1 X190.679 Y115.07 E1450.32315
G1 X190.361 Y114.654 E1450.34144
G1 X190.133 Y114.122 E1450.36165
G1 X190.062 Y113.608 E1450.37977
G1 X190.13 Y113.016 E1450.40058
G1 X190.347 Y112.497 E1450.42023
G1 X190.692 Y112.049 E1450.43997
G1 X191.116 Y111.725 E1450.45861
G1 X191.561 Y111.532 E1450.47555
G1 X192.11 Y111.439 E1450.49499
G1 X192.656 Y111.489 E1450.51414
G1 X193.183 Y111.684 E1450.53377
G1 X193.633 Y112.001 E1450.55299
G1 X193.989 Y112.431 E1450.57249
G1 F3666.5 X194.293 Y113.049 E1450.59728
G1 X194.317 Y112.522 E1450.61628
G1 F3780 X194.317 Y75.43 E1451.91165
G1 X194.223 Y74.224 E1451.95389
G1 X193.953 Y73.088 E1451.99467
G1 X193.508 Y72.003 E1452.03562
G1 X192.902 Y71.004 E1452.07643
G1 X192.159 Y70.125 E1452.11662
G1 X191.271 Y69.358 E1452.1576
G1 X190.291 Y68.751 E1452.19786
G1 X189.218 Y68.304 E1452.23845
G1 X188.096 Y68.03 E1452.27879
G1 X186.935 Y67.938 E1452.31946
G1 X48.048 Y67.939 E1457.16983
G1 X46.904 Y68.03 E1457.20991
G1 X45.782 Y68.304 E1457.25025
G1 X44.709 Y68.751 E1457.29084
G1 X43.728 Y69.358 E1457.33113
G1 X42.841 Y70.125 E1457.37208
G1 X42.098 Y71.004 E1457.41227
G1 X41.492 Y72.003 E1457.45308
G1 X41.047 Y73.088 E1457.49403
G1 X40.777 Y74.224 E1457.53481
G1 X40.683 Y75.43 E1457.57706
G1 X40.684 Y112.522 E1458.87243
G1 F3666.5 X40.707 Y113.047 E1458.89135
G1 X41.01 Y112.431 E1458.91606
G1 F3780 X41.367 Y112.001 E1458.93558
G1 X41.817 Y111.684 E1458.9548
G1 X42.344 Y111.488 E1458.97444
G1 X42.89 Y111.439 E1458.99358
G1 X43.439 Y111.532 E1459.01303
G1 X43.878 Y111.721 E1459.02972
G1 X44.327 Y112.063 E1459.04943
G1 X44.653 Y112.497 E1459.06839
G1 X44.858 Y112.977 E1459.08662
G1 X44.939 Y113.527 E1459.10603
G1 X44.876 Y114.086 E1459.12568
G1 X44.666 Y114.607 E1459.1453
G1 X44.336 Y115.05 E1459.16459
G1 X43.884 Y115.403 E1459.18462
G1 X43.276 Y115.64 E1459.20741
G1 X42.73 Y115.689 E1459.22655
G1 X42.18 Y115.596 E1459.24603
G1 X41.677 Y115.364 E1459.26538
G1 X41.245 Y115.007 E1459.28495
G1 X41.011 Y114.697 E1459.29851
G1 F3666.5 X40.707 Y114.081 E1459.32324
M204 S1000
G1 F1500 E1458.32324
G0 F9000 X40.895 Y114.894
G0 X53.11 Y138.324
G0 X53.337 Y138.49
M204 S2000
G1 F1500 E1459.32324
G1 F3780 X53.951 Y137.641 E1459.35983
G1 X54.747 Y136.988 E1459.39579
G1 X55.671 Y136.553 E1459.43146
G1 X56.693 Y136.355 E1459.46781
G1 X57.726 Y136.423 E1459.50397
G1 X58.716 Y136.739 E1459.54026
G1 X59.59 Y137.298 E1459.57649
G1 X60.303 Y138.046 E1459.61258
G1 X60.803 Y138.96 E1459.64896
G1 X61.061 Y139.964 E1459.68516
G1 X61.061 Y140.989 E1459.72096
G1 X60.803 Y142.003 E1459.7575
G1 X60.303 Y142.916 E1459.79385
G1 X59.59 Y143.664 E1459.82994
G1 X58.712 Y144.219 E1459.86622
G1 X57.723 Y144.543 E1459.90256
G1 X56.714 Y144.607 E1459.93787
G1 X55.679 Y144.413 E1459.97465
G1 X54.735 Y143.966 E1460.01112
G1 X53.943 Y143.314 E1460.04695
G1 X53.326 Y142.461 E1460.08371
G1 X52.958 Y141.513 E1460.11923
G1 X52.82 Y140.481 E1460.15559
G1 X52.956 Y139.456 E1460.1917
G1 X53.337 Y138.49 E1460.22796
M204 S1000
G1 F1500 E1459.22796
G0 F9000 X53.11 Y138.324
G0 X68.631 Y127.311
G0 X102.395 Y126.919
G0 X102.395 Y106.993
G0 X96.337 Y106.551
G0 X96.087 Y106.801
M204 S2000
G1 F1500 E1460.22796
G1 F3780 X101.957 Y106.8 E1460.43296
G1 F3200.8 X102.525 Y107.009 E1460.45792
G1 X102.285 Y106.293 E1460.48907
G1 F3780 X101.794 Y105.192 E1460.53117
G1 X101.236 Y103.399 E1460.59675
G1 X100.876 Y101.46 E1460.66562
G1 X100.755 Y99.481 E1460.73486
G1 X100.877 Y97.497 E1460.80428
G1 X101.237 Y95.56 E1460.87309
G1 X101.821 Y93.698 E1460.94124
G1 X102.629 Y91.916 E1461.00957
G1 X103.641 Y90.251 E1461.07761
G1 X104.533 Y89.112 E1461.12814
G1 X96.088 Y89.112 E1461.42306
G1 X96.087 Y106.801 E1462.04082
M204 S1000
G1 F1500 E1461.04082
G0 F9000 X96.337 Y106.551
G0 X102.395 Y106.993
G0 X102.395 Y126.919
G0 X63.419 Y126.919
G0 X47.397 Y88.828
G0 X47.78 Y88.828
M204 S2000
G1 F1500 E1462.04082
G1 F3780 X47.677 Y88.559 E1462.05088
G1 X47.677 Y69.431 E1462.71889
G1 X47.74 Y69.156 E1462.72874
G1 X48.173 Y68.801 E1462.7483
G1 X105.457 Y68.801 E1464.74883
G1 X105.835 Y68.927 E1464.76275
G1 X106.039 Y69.188 E1464.77432
G1 X106.087 Y69.431 E1464.78297
G1 X106.088 Y87.448 E1465.41218
G1 X107.789 Y86.122 E1465.4875
G1 X109.46 Y85.118 E1465.55558
G1 X111.246 Y84.318 E1465.62392
G1 X113.11 Y83.743 E1465.69205
G1 X114.994 Y83.397 E1465.75894
G1 X116.957 Y83.279 E1465.82762
G1 X118.941 Y83.401 E1465.89704
G1 X120.878 Y83.761 E1465.96584
G1 X122.739 Y84.345 E1466.03396
G1 X124.521 Y85.153 E1466.10229
G1 X126.192 Y86.168 E1466.17057
G1 X127.676 Y87.329 E1466.23637
G1 F3583.7 X128.95 Y88.565 E1466.30176
G1 F3131.4 X129.155 Y88.72 E1466.31259
G1 F3076.7 X129.166 Y87.751 E1466.35417
G1 F3512.4 X129.177 Y86.782 E1466.39059
G1 F3780 X129.177 Y69.431 E1466.99654
G1 X129.225 Y69.188 E1467.00519
G1 X129.429 Y68.927 E1467.01676
G1 X129.716 Y68.801 E1467.02771
G1 X187.089 Y68.801 E1469.03135
G1 X187.467 Y69.059 E1469.04734
G1 X187.587 Y69.431 E1469.06099
G1 X187.587 Y88.567 E1469.72928
G1 X187.484 Y88.828 E1469.73907
G1 X187.336 Y88.986 E1469.74664
G1 X187.024 Y89.108 E1469.75833
G1 X177.587 Y89.111 E1470.0879
G1 X177.586 Y107.53 E1470.73115
G1 X177.541 Y107.72 E1470.73797
G1 X177.319 Y107.998 E1470.7504
G1 X177.036 Y108.107 E1470.76099
G1 X171.587 Y108.111 E1470.95128
G1 X171.586 Y126.524 E1471.59432
G1 X171.539 Y126.725 E1471.60153
G1 X171.357 Y126.969 E1471.61216
G1 X171.038 Y127.111 E1471.62436
G1 X132.857 Y127.111 E1472.95776
G1 X132.614 Y127.063 E1472.96641
G1 X132.422 Y126.938 E1472.97441
G1 X132.301 Y126.778 E1472.98142
G1 X132.227 Y126.58 E1472.9888
G1 X132.23 Y107.365 E1473.65985
G1 X132.282 Y107.171 E1473.66686
G1 X132.493 Y106.916 E1473.67842
G1 X132.857 Y106.801 E1473.69175
G1 X138.227 Y106.801 E1473.87929
G1 X138.227 Y89.111 E1474.49708
G1 X129.807 Y89.111 E1474.79113
G1 F3356.4 X129.349 Y88.988 E1474.80978
G1 X129.643 Y89.447 E1474.83122
G1 F3780 X130.316 Y90.314 E1474.86955
G1 X131.318 Y91.98 E1474.93744
G1 X132.122 Y93.773 E1475.00607
G1 X132.697 Y95.636 E1475.07416
G1 X133.046 Y97.572 E1475.14286
G1 X133.161 Y99.481 E1475.20965
G1 X133.037 Y101.466 E1475.27911
G1 X132.691 Y103.356 E1475.34621
G1 X132.095 Y105.261 E1475.41592
G1 X131.283 Y107.049 E1475.4845
G1 X130.27 Y108.716 E1475.55262
G1 X129.058 Y110.257 E1475.62109
G1 X127.676 Y111.633 E1475.68919
G1 X126.129 Y112.837 E1475.75765
G1 X124.458 Y113.842 E1475.82575
G1 X122.665 Y114.646 E1475.89438
G1 X120.802 Y115.221 E1475.96247
G1 X118.937 Y115.562 E1476.02868
G1 X116.957 Y115.684 E1476.09796
G1 X114.972 Y115.561 E1476.16741
G1 X113.038 Y115.203 E1476.2361
G1 X111.177 Y114.619 E1476.30422
G1 X109.39 Y113.807 E1476.37277
G1 X107.727 Y112.797 E1476.44072
G1 X106.178 Y111.578 E1476.50955
G1 X104.805 Y110.2 E1476.57749
G1 X103.644 Y108.716 E1476.64329
G1 F3559.6 X102.801 Y107.379 E1476.70191
G1 F3047.2 X102.619 Y107.174 E1476.71378
G1 F2984.2 X102.604 Y108.055 E1476.75276
G1 F3474 X102.588 Y108.936 E1476.78624
G1 F3780 X102.587 Y126.58 E1477.40243
G1 X102.513 Y126.778 E1477.40981
G1 X102.392 Y126.938 E1477.41681
G1 X102.2 Y127.063 E1477.42482
G1 X102.035 Y127.111 E1477.43082
G1 X63.776 Y127.111 E1478.76694
G1 X63.495 Y126.997 E1478.77753
G1 X63.287 Y126.752 E1478.78876
G1 X63.229 Y126.543 E1478.79633
G1 X63.227 Y108.111 E1479.44003
G1 X57.291 Y108.108 E1479.64734
G1 X56.986 Y107.991 E1479.65875
G1 X56.803 Y107.782 E1479.66845
G1 X56.73 Y107.552 E1479.67687
G1 X56.727 Y89.111 E1480.32089
G1 X48.24 Y89.108 E1480.61728
G1 X47.928 Y88.985 E1480.629
G1 X47.78 Y88.828 E1480.63653
M204 S1000
G1 F1500 E1479.63653
G0 F9000 X47.397 Y88.828
G0 X63.419 Y126.919
G0 X102.395 Y126.919
G0 X102.395 Y106.993
G0 X102.525 Y107.009
M204 S2000
G1 F1500 E1480.63653
G1 F2780.4 X102.619 Y107.174 E1480.64555
M204 S1000
G1 F1500 E1479.64555
G0 F9000 X102.793 Y107.717
G0 X102.795 Y127.319
G0 X63.019 Y127.319
G0 X47.469 Y89.319
G0 X47.469 Y68.593
G0 X106.295 Y68.593
G0 X127.848 Y87.189
G0 X128.959 Y88.302
G0 X129.155 Y88.72
M204 S2000
G1 F1500 E1480.64555
G1 F2956.4 X129.349 Y88.988 E1480.66032
M204 S1000
G1 F1500 E1479.66032
G0 F9000 X129.838 Y89.334
G0 X138.013 Y98.457
G0 X132.019 Y106.593
G0 X132.019 Y127.319
G0 X171.795 Y127.319
G0 X177.795 Y108.319
G0 X192.799 Y111.288
G0 X193.764 Y111.827
G0 X194.291 Y113.095
M204 S2000
G1 F1500 E1480.66032
G1 F3567.6 X194.318 Y113.564 E1480.6777
G1 F3559.6 X194.29 Y114.063 E1480.69624
M204 S1000
G0 F9000 X194.105 Y114.894
G0 X193.367 Y115.605
G0 X192.19 Y115.921
G0 X191.012 Y115.604
G0 X190.15 Y114.742
G0 X189.786 Y113.67
G0 X190.481 Y113.579
M204 S2000
;TYPE:WALL-OUTER
G1 F2640 X190.533 Y113.138 E1480.71175
G1 X190.71 Y112.708 E1480.72799
G1 X190.984 Y112.351 E1480.7437
G1 X191.332 Y112.085 E1480.759
G1 X191.777 Y111.905 E1480.77576
G1 X192.217 Y111.856 E1480.79122
G1 X192.658 Y111.92 E1480.80679
G1 X193.068 Y112.099 E1480.82241
G1 X193.379 Y112.335 E1480.83604
G1 X193.682 Y112.733 E1480.85351
G1 X193.849 Y113.151 E1480.86923
G1 X193.898 Y113.537 E1480.88282
G1 X193.848 Y113.987 E1480.89863
G1 X193.681 Y114.398 E1480.91413
G1 X193.42 Y114.753 E1480.92951
G1 X193.069 Y115.029 E1480.94511
G1 X192.603 Y115.223 E1480.96274
G1 X192.163 Y115.272 E1480.9782
G1 X191.777 Y115.223 E1480.99179
G1 X191.332 Y115.043 E1481.00855
G1 X190.974 Y114.767 E1481.02434
G1 X190.715 Y114.428 E1481.03924
G1 X190.537 Y114.008 E1481.05517
G1 X190.481 Y113.579 E1481.07028
M204 S1000
G0 F9000 X190.504 Y113.381
G1 F1500 E1480.07028
G0 F9000 X189.809 Y113.289
G0 X187.795 Y68.593
G0 X128.969 Y68.593
G0 X128.959 Y88.302
G0 X129.597 Y88.537
M204 S2000
G1 F1500 E1481.07028
G1 F2640 X129.597 Y69.37 E1481.73965
G1 X129.681 Y69.263 E1481.7444
G1 X129.77 Y69.223 E1481.74781
G1 X187.01 Y69.226 E1483.74681
G1 X187.127 Y69.307 E1483.75178
G1 X187.167 Y69.431 E1483.75633
G1 X187.163 Y88.523 E1484.42308
G1 X187.084 Y88.65 E1484.4283
G1 X186.98 Y88.69 E1484.43219
G1 X177.167 Y88.691 E1484.77489
G1 X177.167 Y107.535 E1485.43299
G1 X177.098 Y107.638 E1485.43732
G1 X176.984 Y107.69 E1485.44169
G1 X171.167 Y107.691 E1485.64484
G1 X171.166 Y126.509 E1486.30202
G1 X171.101 Y126.635 E1486.30697
G1 X170.993 Y126.689 E1486.31119
G1 X132.857 Y126.691 E1487.64302
G1 X132.712 Y126.634 E1487.64846
G1 X132.652 Y126.528 E1487.65271
G1 X132.648 Y107.365 E1488.32195
G1 X132.735 Y107.259 E1488.32674
G1 X132.857 Y107.221 E1488.3312
G1 X138.647 Y107.221 E1488.5334
G1 X138.647 Y88.691 E1489.18053
G1 X129.807 Y88.691 E1489.48925
G1 X129.666 Y88.637 E1489.49452
G1 X129.597 Y88.537 E1489.49877
M204 S1000
G0 F9000 X129.597 Y88.337
G1 F1500 E1488.49877
G0 F9000 X128.954 Y88.281
G0 X127.848 Y87.189
G0 X106.295 Y68.593
G0 X47.469 Y68.593
G0 X47.469 Y89.319
G0 X48.18 Y88.649
M204 S2000
G1 F1500 E1489.49877
G1 F2640 X48.1 Y88.518 E1489.50413
G1 X48.097 Y69.356 E1490.17332
G1 X48.254 Y69.227 E1490.18042
G1 X105.457 Y69.221 E1492.17813
G1 X105.583 Y69.263 E1492.18277
G1 X105.667 Y69.37 E1492.18752
G1 X105.668 Y87.347 E1492.81533
G1 F2758.2 X105.649 Y88.481 E1492.85324
G1 F2850.4 X105.615 Y88.569 E1492.85629
G1 F2724.3 X106.494 Y87.664 E1492.89899
G1 F2640 X108.007 Y86.482 E1492.96604
G1 X109.632 Y85.501 E1493.03233
G1 X111.371 Y84.719 E1493.09892
G1 X113.186 Y84.156 E1493.16528
G1 X115.056 Y83.813 E1493.23168
G1 X116.97 Y83.699 E1493.29864
G1 X118.865 Y83.814 E1493.36494
G1 X120.753 Y84.162 E1493.43199
G1 X122.567 Y84.728 E1493.49835
G1 X124.304 Y85.513 E1493.56492
G1 X125.933 Y86.499 E1493.63142
G1 X127.436 Y87.677 E1493.69811
G1 X128.774 Y89.018 E1493.76427
G1 X129.956 Y90.531 E1493.83132
G1 X130.935 Y92.153 E1493.89748
G1 X131.721 Y93.898 E1493.96432
G1 X132.284 Y95.712 E1494.03065
G1 X132.627 Y97.597 E1494.09756
G1 X132.741 Y99.481 E1494.16348
G1 X132.624 Y101.39 E1494.23027
G1 X132.282 Y103.26 E1494.29666
G1 X131.712 Y105.088 E1494.36353
G1 X130.935 Y106.809 E1494.42947
G1 X129.939 Y108.457 E1494.49672
G1 X128.761 Y109.96 E1494.56341
G1 X127.417 Y111.302 E1494.62974
G1 X125.912 Y112.477 E1494.69642
G1 X124.285 Y113.459 E1494.76279
G1 X122.54 Y114.245 E1494.82963
G1 X120.726 Y114.808 E1494.89596
G1 X118.841 Y115.151 E1494.96287
G1 X116.944 Y115.264 E1495.02924
G1 X115.048 Y115.148 E1495.09558
G1 X113.163 Y114.802 E1495.16251
G1 X111.35 Y114.236 E1495.22883
G1 X109.607 Y113.447 E1495.29565
G1 X107.986 Y112.466 E1495.36182
G1 X106.475 Y111.281 E1495.42888
G1 X105.136 Y109.941 E1495.49504
G1 X103.961 Y108.436 E1495.56172
G1 X102.977 Y106.806 E1495.62821
G1 X102.195 Y105.067 E1495.6948
G1 X101.632 Y103.252 E1495.76117
G1 X101.287 Y101.364 E1495.82819
G1 X101.175 Y99.468 E1495.89452
G1 X101.29 Y97.573 E1495.96082
G1 X101.638 Y95.685 E1496.02787
G1 X102.204 Y93.871 E1496.09423
G1 X102.989 Y92.134 E1496.1608
G1 X103.972 Y90.51 E1496.2271
G1 X105.157 Y88.999 E1496.29416
G1 F2821.4 X105.587 Y88.611 E1496.31308
G1 F2887.5 X105.417 Y88.692 E1496.3191
G1 F2697.8 X95.668 Y88.692 E1496.65227
G1 F2640 X95.667 Y107.221 E1497.29936
G1 X101.957 Y107.22 E1497.51902
G1 X102.126 Y107.305 E1497.52563
G1 X102.167 Y107.374 E1497.52843
G1 X102.162 Y126.528 E1498.19735
G1 X102.102 Y126.634 E1498.20161
G1 X101.994 Y126.688 E1498.20582
G1 X63.817 Y126.688 E1499.53908
G1 X63.679 Y126.594 E1499.54491
G1 X63.647 Y126.502 E1499.54832
G1 X63.647 Y107.691 E1500.20526
G1 X57.276 Y107.69 E1500.42775
G1 X57.152 Y107.531 E1500.43479
G1 X57.147 Y88.691 E1501.09274
G1 X48.284 Y88.69 E1501.40227
G1 X48.18 Y88.649 E1501.40617
M204 S1000
G0 F9000 X48.1 Y88.518
G0 X48.1 Y88.471
G1 F1500 E1500.40617
G0 F9000 X47.397 Y88.471
G0 X40.805 Y113.497
G0 X41.102 Y113.537
M204 S2000
G1 F1500 E1501.40617
G1 F2640 X41.151 Y113.151 E1501.41976
G1 X41.344 Y112.686 E1501.43734
G1 X41.621 Y112.335 E1501.45296
G1 X41.932 Y112.098 E1501.46661
G1 X42.397 Y111.905 E1501.4842
G1 X42.837 Y111.856 E1501.49966
G1 X43.223 Y111.905 E1501.51325
G1 X43.666 Y112.084 E1501.52993
G1 X44.015 Y112.35 E1501.54526
G1 X44.29 Y112.708 E1501.56102
G1 X44.464 Y113.124 E1501.57677
G1 X44.519 Y113.551 E1501.59181
G1 X44.464 Y114.004 E1501.60774
G1 X44.294 Y114.412 E1501.62318
G1 X44.013 Y114.78 E1501.63935
G1 X43.668 Y115.043 E1501.6545
G1 X43.223 Y115.223 E1501.67126
G1 X42.783 Y115.272 E1501.68672
G1 X42.342 Y115.208 E1501.70229
G1 X41.931 Y115.029 E1501.71794
G1 X41.58 Y114.753 E1501.73354
G1 X41.319 Y114.398 E1501.74892
G1 X41.151 Y113.977 E1501.76475
G1 X41.102 Y113.537 E1501.78021
M204 S1000
G0 F9000 X41.127 Y113.339
G1 F1500 E1500.78021
G0 F9000 X40.831 Y113.299
G0 X53.056 Y138.435
G0 X53.705 Y138.693
M204 S2000
G1 F1500 E1501.78021
G1 F2640 X54.248 Y137.945 E1501.81249
G1 X54.959 Y137.355 E1501.84476
G1 X55.79 Y136.961 E1501.87688
G1 X56.71 Y136.779 E1501.90963
G1 X57.65 Y136.836 E1501.94252
G1 X58.524 Y137.119 E1501.9746
G1 X59.324 Y137.623 E1502.00762
G1 X59.962 Y138.298 E1502.04006
G1 X60.409 Y139.114 E1502.07255
G1 X60.641 Y140.017 E1502.10511
G1 X60.641 Y140.945 E1502.13752
G1 X60.409 Y141.849 E1502.17011
G1 X59.962 Y142.664 E1502.20258
G1 X59.324 Y143.339 E1502.23501
G1 X58.535 Y143.838 E1502.26761
G1 X57.641 Y144.127 E1502.30043
G1 X56.721 Y144.184 E1502.33262
G1 X55.835 Y144.016 E1502.36411
G1 X54.972 Y143.615 E1502.39734
G1 X54.253 Y143.023 E1502.42987
G1 X53.707 Y142.274 E1502.46224
G1 X53.361 Y141.404 E1502.49494
G1 X53.245 Y140.481 E1502.52743
G1 X53.363 Y139.56 E1502.55985
G1 X53.705 Y138.693 E1502.5924
M204 S1000
G0 F9000 X53.822 Y138.532
G0 X53.257 Y138.121
G0 X40.962 Y142.465
G0 X40.264 Y142.485
M204 S2000
G1 F2640 X40.374 Y144.849 E1502.67505
G1 X40.698 Y147.155 E1502.75637
G1 X41.249 Y149.474 E1502.83961
G1 X41.993 Y151.678 E1502.92085
G1 X42.958 Y153.84 E1503.00354
G1 X44.112 Y155.886 E1503.08557
G1 X45.458 Y157.83 E1503.16815
G1 X46.954 Y159.602 E1503.24913
G1 X48.645 Y161.262 E1503.33189
G1 X50.462 Y162.736 E1503.4136
G1 X52.398 Y164.026 E1503.49484
G1 X54.454 Y165.132 E1503.57638
G1 X56.623 Y166.043 E1503.65853
G1 X58.839 Y166.736 E1503.73962
G1 X61.112 Y167.217 E1503.82076
G1 X63.439 Y167.483 E1503.90255
G1 X67.671 Y167.483 E1504.05035
G1 X67.676 Y130.187 E1505.35284
G1 X67.736 Y130.081 E1505.3571
G1 X67.844 Y130.027 E1505.36131
G1 X166.422 Y130.024 E1508.80397
G1 X166.567 Y130.081 E1508.80941
G1 X166.627 Y130.187 E1508.81366
G1 X166.632 Y167.483 E1510.11615
G1 X171.561 Y167.483 E1510.28829
G1 X173.888 Y167.217 E1510.37009
G1 X176.161 Y166.736 E1510.45122
G1 X178.378 Y166.043 E1510.53234
G1 X180.546 Y165.132 E1510.61447
G1 X182.602 Y164.026 E1510.696
G1 X184.538 Y162.736 E1510.77725
G1 X186.355 Y161.262 E1510.85896
G1 X188.046 Y159.602 E1510.94171
G1 X189.542 Y157.83 E1511.0227
G1 X190.888 Y155.886 E1511.10527
G1 X192.042 Y153.84 E1511.18731
G1 X193.007 Y151.678 E1511.26999
G1 X193.751 Y149.475 E1511.3512
G1 X194.302 Y147.155 E1511.43447
G1 X194.626 Y144.849 E1511.5158
G1 X194.737 Y142.469 E1511.599
G1 X194.737 Y75.414 E1513.94078
G1 X194.639 Y74.159 E1513.98474
G1 X194.354 Y72.959 E1514.02781
G1 X193.884 Y71.813 E1514.07107
G1 X193.244 Y70.758 E1514.11416
G1 X192.459 Y69.829 E1514.15664
G1 X191.521 Y69.018 E1514.19994
G1 X190.483 Y68.376 E1514.24256
G1 X189.35 Y67.904 E1514.28543
G1 X188.163 Y67.614 E1514.3281
G1 X186.951 Y67.518 E1514.37056
G1 X48.049 Y67.518 E1519.22146
G1 X46.837 Y67.614 E1519.26391
G1 X45.65 Y67.904 E1519.30659
G1 X44.517 Y68.376 E1519.34945
G1 X43.479 Y69.018 E1519.39208
G1 X42.541 Y69.829 E1519.43538
G1 X41.756 Y70.758 E1519.47785
G1 X41.116 Y71.813 E1519.52095
G1 X40.646 Y72.959 E1519.5642
G1 X40.361 Y74.159 E1519.60728
G1 X40.263 Y75.414 E1519.65124
G1 X40.264 Y142.485 E1521.99357
M204 S1000
G0 F9000 X40.273 Y142.684
G1 F1500 E1520.99357
G0 F9000 X40.971 Y142.653
G0 X71.165 Y127.308
G0 X171.795 Y127.319
G0 X187.795 Y89.319
G0 X187.795 Y68.593
G0 X187.134 Y68.377
;TYPE:SKIN
G1 F1500 E1521.99357
G1 F1462.7 X186.922 Y68.37 E1522.00421
G1 F1443.5 X158.286 Y68.371 E1523.45905
G1 F1438.8 X129.65 Y68.372 E1524.91866
G1 F1500 E1523.91866
G0 F9000 X106.425 Y86.759
G1 F1500 E1524.91866
G1 F2100 X106.423 Y69.439 E1525.52353
G1 X106.361 Y69.1 E1525.53557
G1 F1872.6 X106.058 Y68.677 E1525.55595
G1 F1539.3 X105.541 Y68.378 E1525.5844
G1 F1689.7 X106.034 Y68.276 E1525.60625
G1 F2100 X129.197 Y68.276 E1526.41518
G1 F1706 X129.651 Y68.372 E1526.43513
G1 X129.192 Y68.698 E1526.45933
G1 F2100 X128.944 Y69.014 E1526.47336
G1 X128.845 Y69.397 E1526.48717
G1 X128.841 Y88.014 E1527.13734
G1 X127.976 Y87.145 E1527.18016
G1 X126.403 Y85.905 E1527.25011
G1 X124.614 Y84.824 E1527.3231
G1 X122.781 Y84.001 E1527.39327
G1 X120.894 Y83.419 E1527.46224
G1 X118.999 Y83.07 E1527.52953
G1 X116.97 Y82.943 E1527.60053
G1 X114.951 Y83.064 E1527.67116
G1 X113.044 Y83.413 E1527.73887
G1 X111.156 Y83.992 E1527.80783
G1 X109.304 Y84.819 E1527.87867
G1 X107.621 Y85.832 E1527.94727
G1 X106.425 Y86.759 E1528.00011
G1 F1500 E1527.00011
G0 F9000 X106.295 Y68.593
G0 X105.541 Y68.378
G1 F1500 E1528.00011
G1 F1429.5 X105.443 Y68.37 E1528.00516
G1 F1443.5 X48.105 Y68.373 E1530.91821
G1 F1500 E1529.91821
G0 F9000 X45.167 Y113.564
G0 X44.85 Y114.742
G0 X43.988 Y115.604
G0 X42.81 Y115.921
G0 X41.879 Y115.706
G0 X41.02 Y115.233
G1 F1500 E1530.91821
G1 F2100 X41.178 Y115.407 E1530.92642
G1 X41.692 Y115.758 E1530.94815
G1 X42.041 Y115.903 E1530.96135
G1 X42.698 Y116.024 E1530.98468
G1 X43.437 Y115.963 E1531.01058
G1 X44.058 Y115.69 E1531.03427
G1 X44.587 Y115.274 E1531.05777
G1 X44.965 Y114.775 E1531.07963
G1 X45.201 Y114.17 E1531.10231
G1 X45.28 Y113.582 E1531.12303
G1 X45.187 Y112.89 E1531.14741
G1 X44.944 Y112.328 E1531.1688
G1 X44.573 Y111.83 E1531.19048
G1 X44.065 Y111.444 E1531.21277
G1 X43.583 Y111.226 E1531.23124
G1 X42.922 Y111.104 E1531.25471
G1 X42.289 Y111.155 E1531.27689
G1 X41.657 Y111.391 E1531.30045
G1 X41.177 Y111.722 E1531.32081
G1 X41.021 Y111.896 E1531.32898
G1 X41.019 Y75.431 E1532.60245
G1 X41.11 Y74.288 E1532.64249
G1 X41.369 Y73.192 E1532.68182
G1 X41.797 Y72.152 E1532.7211
G1 X42.374 Y71.199 E1532.76
G1 X43.079 Y70.365 E1532.79814
G1 X43.932 Y69.627 E1532.83753
G1 X44.865 Y69.05 E1532.87584
G1 X45.888 Y68.624 E1532.91454
G1 F1968.7 X47.061 Y68.338 E1532.95952
G1 F1743.1 X47.937 Y68.342 E1532.99638
G1 F1621.3 X48.081 Y68.369 E1533.003
G1 F1680 X47.444 Y68.995 E1533.04199
G1 F1925.8 X47.346 Y69.394 E1533.05764
G1 F2100 X47.344 Y88.63 E1533.72942
G1 X47.501 Y89.015 E1533.74394
G1 X47.725 Y89.252 E1533.75533
G1 X47.975 Y89.389 E1533.76529
G1 X48.205 Y89.442 E1533.77353
G1 X56.391 Y89.447 E1534.05941
G1 X56.395 Y107.538 E1534.6912
G1 X56.51 Y107.945 E1534.70597
G1 X56.705 Y108.194 E1534.71702
G1 X57.003 Y108.379 E1534.72927
G1 X57.252 Y108.442 E1534.73824
G1 X62.891 Y108.447 E1534.93517
G1 X62.891 Y126.528 E1535.56662
G1 X62.984 Y126.897 E1535.57991
G1 X63.126 Y127.114 E1535.58896
G1 X63.385 Y127.322 E1535.60056
G1 X63.706 Y127.443 E1535.61254
G1 X102.084 Y127.445 E1536.95282
G1 X102.362 Y127.356 E1536.96302
G1 X102.594 Y127.204 E1536.9727
G1 X102.791 Y126.963 E1536.98357
G1 X102.923 Y126.64 E1536.99576
G1 X102.924 Y108.176 E1537.64058
G1 X103.372 Y108.914 E1537.67073
G1 X104.608 Y110.486 E1537.74057
G1 X105.931 Y111.81 E1537.80593
G1 X107.516 Y113.06 E1537.87643
G1 X109.297 Y114.136 E1537.9491
G1 X111.135 Y114.962 E1538.01947
G1 X112.931 Y115.522 E1538.08517
G1 X114.906 Y115.891 E1538.15534
G1 X116.893 Y116.019 E1538.22487
G1 X118.874 Y115.906 E1538.29417
G1 X120.866 Y115.552 E1538.36483
G1 X122.754 Y114.972 E1538.4338
G1 X124.613 Y114.14 E1538.50493
G1 X126.298 Y113.126 E1538.57361
G1 X127.905 Y111.878 E1538.64467
G1 X129.356 Y110.429 E1538.71628
G1 X130.528 Y108.933 E1538.78265
G1 F2188.6 X131.534 Y107.25 E1538.84835
G1 F2371 X131.658 Y106.958 E1538.85816
G1 F2279.1 X131.914 Y106.468 E1538.87595
G1 F2110 X132.397 Y105.408 E1538.91644
G1 F2100 X132.999 Y103.504 E1538.98618
G1 X133.368 Y101.529 E1539.05635
G1 X133.497 Y99.495 E1539.12752
G1 X133.372 Y97.464 E1539.19859
G1 X133.027 Y95.57 E1539.26582
G1 X132.441 Y93.665 E1539.33542
G1 X131.575 Y91.749 E1539.40885
G1 X130.591 Y90.122 E1539.47526
G1 X130.07 Y89.448 E1539.50501
G1 X137.891 Y89.447 E1539.77814
G1 X137.891 Y106.465 E1540.37246
G1 X132.836 Y106.465 E1540.549
G1 X132.358 Y106.615 E1540.5665
G1 F2110 X132.26 Y106.683 E1540.57064
G1 F2285 X132.004 Y107.051 E1540.58503
G1 F2390.2 X131.915 Y107.332 E1540.59407
G1 F2199.5 X131.894 Y109.292 E1540.65943
G1 F2100 X131.891 Y126.64 E1541.26528
G1 X132.022 Y126.963 E1541.27745
G1 X132.166 Y127.155 E1541.28583
G1 X132.452 Y127.355 E1541.29802
G1 X132.824 Y127.444 E1541.31138
G1 X170.983 Y127.445 E1542.64401
G1 X171.269 Y127.395 E1542.65415
G1 X171.587 Y127.21 E1542.667
G1 X171.84 Y126.873 E1542.68171
G1 X171.922 Y126.546 E1542.69349
G1 X171.923 Y108.447 E1543.32556
G1 X177.084 Y108.439 E1543.5058
G1 X177.411 Y108.336 E1543.51777
G1 X177.6 Y108.202 E1543.52586
G1 X177.842 Y107.866 E1543.54032
G1 X177.919 Y107.571 E1543.55097
G1 X177.923 Y89.447 E1544.18392
G1 X187.061 Y89.442 E1544.50305
G1 X187.29 Y89.389 E1544.51126
G1 X187.538 Y89.255 E1544.5211
G1 X187.74 Y89.043 E1544.53133
G1 X187.92 Y88.62 E1544.54738
G1 X187.924 Y69.444 E1545.21707
G1 X187.754 Y68.879 E1545.23767
G1 F1938.5 X187.15 Y68.362 E1545.26775
G1 F1829.9 X187.969 Y68.346 E1545.30058
G1 F1973.2 X189.112 Y68.624 E1545.3443
G1 F2100 X190.135 Y69.05 E1545.383
G1 X191.068 Y69.627 E1545.42132
G1 X191.921 Y70.365 E1545.46071
G1 X192.626 Y71.199 E1545.49884
G1 X193.203 Y72.152 E1545.53775
G1 X193.631 Y73.193 E1545.57706
G1 X193.89 Y74.288 E1545.61636
G1 X193.981 Y75.431 E1545.6564
G1 X193.981 Y111.897 E1546.92991
G1 X193.867 Y111.762 E1546.93608
G1 X193.345 Y111.389 E1546.95848
G1 X192.961 Y111.225 E1546.97306
G1 X192.302 Y111.104 E1546.99646
G1 X191.56 Y111.166 E1547.02247
G1 X190.946 Y111.436 E1547.04589
G1 X190.411 Y111.852 E1547.06956
G1 X190.055 Y112.33 E1547.09037
G1 X189.814 Y112.885 E1547.1115
G1 X189.72 Y113.58 E1547.136
G1 X189.802 Y114.211 E1547.15822
G1 X190.037 Y114.763 E1547.17917
G1 X190.407 Y115.267 E1547.20101
G1 X190.923 Y115.678 E1547.22404
G1 X191.418 Y115.902 E1547.24302
G1 X192.078 Y116.024 E1547.26646
G1 X192.838 Y115.961 E1547.29309
G1 X193.496 Y115.651 E1547.31849
G1 X193.829 Y115.404 E1547.33297
G1 X193.981 Y115.232 E1547.34099
G1 X193.981 Y142.443 E1548.29128
G1 X193.871 Y144.791 E1548.37337
G1 X193.561 Y147 E1548.45127
G1 X193.019 Y149.278 E1548.53305
G1 X192.307 Y151.388 E1548.61082
G1 X191.364 Y153.498 E1548.69153
G1 X190.246 Y155.481 E1548.77103
G1 X188.933 Y157.38 E1548.85166
G1 X187.501 Y159.075 E1548.92915
G1 X185.843 Y160.703 E1549.0103
G1 X184.081 Y162.132 E1549.08953
G1 X182.216 Y163.375 E1549.1678
G1 X180.223 Y164.447 E1549.24683
G1 X178.118 Y165.332 E1549.32658
G1 X175.962 Y166.005 E1549.40545
G1 X173.777 Y166.467 E1549.48345
G1 X171.517 Y166.727 E1549.5629
G1 X167.388 Y166.727 E1549.70709
G1 X167.388 Y130.075 E1550.9871
G1 X167.257 Y129.752 E1550.99927
G1 X167.113 Y129.56 E1551.00765
G1 X166.827 Y129.36 E1551.01984
G1 X166.455 Y129.271 E1551.0332
G1 X67.754 Y129.27 E1554.48015
G1 X67.476 Y129.359 E1554.49034
G1 X67.244 Y129.511 E1554.50003
G1 X67.047 Y129.752 E1554.5109
G1 X66.915 Y130.075 E1554.52308
G1 X66.915 Y166.727 E1555.80308
G1 X63.484 Y166.727 E1555.92291
G1 X61.223 Y166.467 E1556.00239
G1 X59.03 Y166.003 E1556.08067
G1 X56.892 Y165.336 E1556.15888
G1 X54.777 Y164.447 E1556.23901
G1 X52.784 Y163.375 E1556.31804
G1 X50.919 Y162.132 E1556.39631
G1 X49.157 Y160.703 E1556.47554
G1 X47.499 Y159.076 E1556.55666
G1 X46.067 Y157.38 E1556.63418
G1 X44.754 Y155.481 E1556.71481
G1 X43.636 Y153.498 E1556.79431
G1 X42.693 Y151.388 E1556.87502
G1 X41.981 Y149.278 E1556.95279
G1 X41.439 Y147 E1557.03457
G1 X41.129 Y144.791 E1557.11247
G1 X41.02 Y142.475 E1557.19344
G1 X41.02 Y115.233 E1558.14482
G1 F1500 E1557.14482
G0 F9000 X53.035 Y138.327
G1 F1500 E1558.14482
G1 F2100 X52.621 Y139.398 E1558.18492
G1 X52.481 Y140.483 E1558.22312
G1 X52.631 Y141.608 E1558.26276
G1 X53.034 Y142.63 E1558.30112
G1 X53.693 Y143.541 E1558.34039
G1 X54.558 Y144.252 E1558.37949
G1 X55.566 Y144.73 E1558.41845
G1 X56.692 Y144.944 E1558.45848
G1 X57.798 Y144.872 E1558.49719
G1 X58.882 Y144.515 E1558.53705
G1 X59.783 Y143.939 E1558.57439
G1 X60.577 Y143.115 E1558.61435
G1 X61.107 Y142.151 E1558.65277
G1 X61.394 Y141.042 E1558.69278
G1 X61.391 Y139.895 E1558.73284
G1 X61.118 Y138.833 E1558.77113
G1 X60.579 Y137.848 E1558.81034
G1 X59.821 Y137.054 E1558.84868
G1 X58.865 Y136.436 E1558.88843
G1 X57.786 Y136.092 E1558.92798
G1 X56.65 Y136.022 E1558.96773
G1 X55.556 Y136.236 E1559.00666
G1 X54.578 Y136.697 E1559.04442
G1 X53.69 Y137.426 E1559.08454
G1 X53.035 Y138.327 E1559.12345
G1 F1500 E1558.12345
G0 F9000 X42.276 Y71.765
G1 F1500 E1559.12345
G1 F2100 X44.553 Y69.488 E1559.2359
G1 X44.627 Y69.414
G0 F9000 X45.71 Y68.925
G1 F2100 X41.702 Y72.933 E1559.43385
G1 X41.628 Y73.007
G0 F9000 X41.444 Y73.785
G1 F2100 X46.552 Y68.677 E1559.68613
G0 F9000 X47.275 Y68.549
G1 F2100 X41.302 Y74.521 E1559.98111
G0 F9000 X41.25 Y75.167
G1 F2100 X47.164 Y69.253 E1560.27319
G0 F9000 X47.13 Y69.881
G1 F2100 X41.229 Y75.782 E1560.56464
G0 F9000 X41.229 Y76.376
G1 F2100 X47.13 Y70.475 E1560.85608
G0 F9000 X47.13 Y71.069
G1 F2100 X41.229 Y76.97 E1561.14752
G0 F9000 X41.229 Y77.564
G1 F2100 X47.13 Y71.663 E1561.43896
G0 F9000 X47.131 Y72.256
G1 F2100 X41.229 Y78.158 E1561.73046
G0 F9000 X41.229 Y78.752
G1 F2100 X47.131 Y72.85 E1562.02195
G0 F9000 X47.131 Y73.444
G1 F2100 X41.229 Y79.346 E1562.31344
G0 F9000 X41.229 Y79.94
G1 F2100 X47.131 Y74.038 E1562.60494
G0 F9000 X47.132 Y74.631
G1 F2100 X41.229 Y80.534 E1562.89648
G0 F9000 X41.229 Y81.128
G1 F2100 X47.132 Y75.225 E1563.18802
G0 F9000 X47.132 Y75.819
G1 F2100 X41.229 Y81.722 E1563.47956
G0 F9000 X41.229 Y82.316
G1 F2100 X47.132 Y76.413 E1563.7711
G0 F9000 X47.132 Y77.006
G1 F2100 X41.229 Y82.91 E1564.06267
G0 F9000 X41.229 Y83.504
G1 F2100 X47.132 Y77.6 E1564.35424
G0 F9000 X47.132 Y78.194
G1 F2100 X41.229 Y84.098 E1564.6458
G0 F9000 X41.229 Y84.691
G1 F2100 X47.132 Y78.788 E1564.93735
G0 F9000 X47.133 Y79.381
G1 F2100 X41.229 Y85.285 E1565.22894
G0 F9000 X41.229 Y85.879
G1 F2100 X47.133 Y79.975 E1565.52053
G0 F9000 X47.133 Y80.569
G1 F2100 X41.229 Y86.473 E1565.81212
G0 F9000 X41.229 Y87.067
G1 F2100 X47.133 Y81.163 E1566.10371
G0 F9000 X47.134 Y81.757
G1 F2100 X41.229 Y87.661 E1566.39533
G0 F9000 X41.229 Y88.255
G1 F2100 X47.134 Y82.351 E1566.68694
G0 F9000 X47.134 Y82.945
G1 F2100 X41.229 Y88.849 E1566.97856
G0 F9000 X41.229 Y89.443
G1 F2100 X47.134 Y83.539 E1567.27017
G0 F9000 X47.135 Y84.132
G1 F2100 X41.229 Y90.037 E1567.56184
G0 F9000 X41.229 Y90.631
G1 F2100 X47.135 Y84.726 E1567.85351
G0 F9000 X47.135 Y85.32
G1 F2100 X41.229 Y91.225 E1568.14517
G0 F9000 X41.229 Y91.819
G1 F2100 X47.135 Y85.914 E1568.43684
G0 F9000 X47.135 Y86.507
G1 F2100 X41.229 Y92.413 E1568.72853
G0 F9000 X41.229 Y93.007
G1 F2100 X47.135 Y87.101 E1569.02022
G0 F9000 X47.135 Y87.695
G1 F2100 X41.23 Y93.6 E1569.31186
G0 F9000 X41.23 Y94.194
G1 F2100 X47.135 Y88.289 E1569.6035
G0 F9000 X47.198 Y88.82
G1 F2100 X41.23 Y94.788 E1569.89825
G0 F9000 X41.23 Y95.382
G1 F2100 X47.401 Y89.211 E1570.20303
G0 F9000 X47.721 Y89.485
G1 F2100 X41.23 Y95.976 E1570.52361
G0 F9000 X41.23 Y96.57
G1 F2100 X48.156 Y89.644 E1570.86568
G0 F9000 X48.744 Y89.65
G1 F2100 X41.23 Y97.164 E1571.23679
G0 F9000 X41.23 Y97.758
G1 F2100 X49.337 Y89.651 E1571.63718
G0 F9000 X49.931 Y89.651
G1 F2100 X41.23 Y98.352 E1572.06691
G0 F9000 X41.23 Y98.946
G1 F2100 X50.524 Y89.651 E1572.52596
G0 F9000 X51.118 Y89.652
G1 F2100 X41.23 Y99.54 E1573.01431
G0 F9000 X41.23 Y100.134
G1 F2100 X51.712 Y89.652 E1573.53201
G0 F9000 X52.305 Y89.653
G1 F2100 X41.23 Y100.728 E1574.07899
G0 F9000 X41.23 Y101.322
G1 F2100 X52.898 Y89.654 E1574.65525
G0 F9000 X53.492 Y89.654
G1 F2100 X41.23 Y101.916 E1575.26086
G0 F9000 X41.231 Y102.509
G1 F2100 X54.085 Y89.654 E1575.89573
G0 F9000 X54.679 Y89.655
G1 F2100 X41.231 Y103.103 E1576.55991
G0 F9000 X41.231 Y103.697
G1 F2100 X55.273 Y89.655 E1577.25343
G0 F9000 X55.866 Y89.656
G1 F2100 X41.231 Y104.291 E1577.97623
G0 F9000 X41.231 Y104.885
G1 F2100 X56.181 Y89.935 E1578.71459
G0 F9000 X56.181 Y90.529
G1 F2100 X41.231 Y105.479 E1579.45295
G0 F9000 X41.231 Y106.073
G1 F2100 X56.181 Y91.123 E1580.19132
G0 F9000 X56.181 Y91.717
G1 F2100 X41.231 Y106.667 E1580.92968
G0 F9000 X41.231 Y107.261
G1 F2100 X56.181 Y92.311 E1581.66804
G0 F9000 X56.181 Y92.905
G1 F2100 X41.231 Y107.854 E1582.40638
G0 F9000 X41.231 Y108.448
G1 F2100 X56.181 Y93.499 E1583.14472
G0 F9000 X56.181 Y94.093
G1 F2100 X41.231 Y109.042 E1583.88305
G0 F9000 X41.231 Y109.636
G1 F2100 X56.181 Y94.687 E1584.62139
G0 F9000 X56.181 Y95.281
G1 F2100 X41.231 Y110.23 E1585.35973
G0 F9000 X41.231 Y110.824
G1 F2100 X56.181 Y95.875 E1586.09807
G0 F9000 X56.181 Y96.469
G1 F2100 X41.394 Y111.256 E1586.82838
G1 X41.393 Y111.256
G1 X41.23 Y111.419 E1586.83643
G0 F9000 X42.299 Y110.944
G1 F2100 X56.181 Y97.063 E1587.52202
G0 F9000 X56.181 Y97.657
G1 F2100 X42.944 Y110.893 E1588.17575
G0 F9000 X43.449 Y110.982
G1 F2100 X56.181 Y98.251 E1588.80455
G0 F9000 X56.181 Y98.845
G1 F2100 X43.89 Y111.135 E1589.41156
G0 F9000 X44.279 Y111.341
G1 F2100 X56.181 Y99.439 E1589.99939
G0 F9000 X56.181 Y100.032
G1 F2100 X44.615 Y111.598 E1590.57062
G0 F9000 X44.897 Y111.91
G1 F2100 X56.181 Y100.626 E1591.12792
G0 F9000 X56.181 Y101.22
G1 F2100 X45.145 Y112.256 E1591.67297
G0 F9000 X45.322 Y112.673
G1 F2100 X56.181 Y101.814 E1592.20929
G0 F9000 X56.181 Y102.408
G1 F2100 X45.435 Y113.154 E1592.74002
G0 F9000 X45.475 Y113.708
G1 F2100 X56.181 Y103.002 E1593.26877
G0 F9000 X56.181 Y103.596
G1 F2100 X45.305 Y114.472 E1593.80593
G1 X45.231 Y114.546
G0 F9000 X43.702 Y116.075
G1 F2100 X41.231 Y118.546 E1593.92797
G0 F9000 X41.231 Y119.14
G1 F2100 X56.181 Y104.19 E1594.66633
G0 F9000 X56.181 Y104.784
G1 F2100 X41.231 Y119.734 E1595.40469
G0 F9000 X41.231 Y120.328
G1 F2100 X56.181 Y105.378 E1596.14305
G0 F9000 X56.181 Y105.972
G1 F2100 X41.231 Y120.922 E1596.88142
G0 F9000 X41.231 Y121.516
G1 F2100 X56.181 Y106.566 E1597.61978
G0 F9000 X56.181 Y107.16
G1 F2100 X41.231 Y122.11 E1598.35814
G0 F9000 X41.231 Y122.704
G1 F2100 X56.228 Y107.707 E1599.09882
G0 F9000 X56.398 Y108.131
G1 F2100 X41.231 Y123.298 E1599.8479
G0 F9000 X41.231 Y123.892
G1 F2100 X56.694 Y108.429 E1600.6116
G0 F9000 X57.099 Y108.617
G1 F2100 X41.231 Y124.486 E1601.39533
G0 F9000 X41.231 Y125.08
G1 F2100 X57.661 Y108.649 E1602.20681
G0 F9000 X58.254 Y108.65
G1 F2100 X41.231 Y125.674 E1603.04758
G0 F9000 X41.231 Y126.268
G1 F2100 X58.848 Y108.651 E1603.91766
G0 F9000 X59.44 Y108.652
G1 F2100 X41.231 Y126.862 E1604.81701
G0 F9000 X41.231 Y127.455
G1 F2100 X60.034 Y108.653 E1605.74564
G0 F9000 X60.627 Y108.654
G1 F2100 X41.231 Y128.049 E1606.70356
G0 F9000 X41.231 Y128.643
G1 F2100 X61.22 Y108.654 E1607.69079
G0 F9000 X61.813 Y108.655
G1 F2100 X41.23 Y129.238 E1608.70736
G0 F9000 X41.23 Y129.832
G1 F2100 X62.407 Y108.656 E1609.75324
G0 F9000 X62.681 Y108.975
G1 F2100 X41.23 Y130.426 E1610.81268
G0 F9000 X41.23 Y131.02
G1 F2100 X62.681 Y109.569 E1611.87212
G0 F9000 X62.681 Y110.163
G1 F2100 X41.23 Y131.614 E1612.93156
G0 F9000 X41.23 Y132.208
G1 F2100 X62.681 Y110.757 E1613.991
G0 F9000 X62.681 Y111.351
G1 F2100 X41.23 Y132.802 E1615.05044
G0 F9000 X41.23 Y133.396
G1 F2100 X62.681 Y111.945 E1616.10988
G0 F9000 X62.681 Y112.539
G1 F2100 X41.23 Y133.99 E1617.16931
G0 F9000 X41.23 Y134.584
G1 F2100 X62.681 Y113.133 E1618.22875
G0 F9000 X62.681 Y113.727
G1 F2100 X41.23 Y135.178 E1619.28819
G0 F9000 X41.23 Y135.772
G1 F2100 X62.681 Y114.321 E1620.34763
G0 F9000 X62.681 Y114.915
G1 F2100 X41.23 Y136.366 E1621.40707
G0 F9000 X41.23 Y136.96
G1 F2100 X62.681 Y115.509 E1622.46651
G0 F9000 X62.681 Y116.103
G1 F2100 X41.23 Y137.554 E1623.52595
G0 F9000 X41.23 Y138.148
G1 F2100 X62.681 Y116.697 E1624.58539
G0 F9000 X62.681 Y117.291
G1 F2100 X41.23 Y138.742 E1625.64482
G0 F9000 X41.23 Y139.336
G1 F2100 X62.681 Y117.885 E1626.70426
G0 F9000 X62.681 Y118.479
G1 F2100 X41.23 Y139.93 E1627.7637
G0 F9000 X41.23 Y140.524
G1 F2100 X62.681 Y119.073 E1628.82314
G0 F9000 X62.681 Y119.667
G1 F2100 X41.23 Y141.118 E1629.88258
G0 F9000 X41.23 Y141.711
G1 F2100 X62.681 Y120.261 E1630.94199
G0 F9000 X62.681 Y120.855
G1 F2100 X41.23 Y142.305 E1632.00141
G0 F9000 X41.249 Y142.88
G1 F2100 X62.681 Y121.449 E1633.05988
G0 F9000 X62.681 Y122.043
G1 F2100 X41.275 Y143.448 E1634.11707
G0 F9000 X41.302 Y144.015
G1 F2100 X62.681 Y122.637 E1635.17293
G0 F9000 X62.681 Y123.231
G1 F2100 X41.328 Y144.583 E1636.22751
G0 F9000 X41.386 Y145.119
G1 F2100 X62.681 Y123.825 E1637.27922
G0 F9000 X62.681 Y124.418
G1 F2100 X41.46 Y145.639 E1638.3273
G0 F9000 X41.534 Y146.16
G1 F2100 X62.681 Y125.012 E1639.37174
G0 F9000 X62.681 Y125.606
G1 F2100 X41.607 Y146.68 E1640.41256
G0 F9000 X41.7 Y147.182
G1 F2100 X62.681 Y126.2 E1641.44881
G0 F9000 X62.729 Y126.746
G1 F2100 X41.814 Y147.662 E1642.48181
G0 F9000 X41.927 Y148.142
G1 F2100 X62.906 Y127.163 E1643.51793
G0 F9000 X63.206 Y127.457
G1 F2100 X42.041 Y148.622 E1644.56325
G0 F9000 X42.155 Y149.102
G1 F2100 X52.734 Y138.523 E1645.08573
G1 X52.808 Y138.449
G0 F9000 X52.402 Y139.449
G1 F2100 X42.297 Y149.555 E1645.58483
G0 F9000 X42.446 Y149.999
G1 F2100 X52.315 Y140.13 E1646.07225
G0 F9000 X52.303 Y140.736
G1 F2100 X42.596 Y150.443 E1646.55166
G0 F9000 X42.746 Y150.887
G1 F2100 X52.373 Y141.26 E1647.02713
G0 F9000 X52.467 Y141.76
G1 F2100 X42.898 Y151.329 E1647.49973
G0 F9000 X43.081 Y151.74
G1 F2100 X52.635 Y142.186 E1647.97159
G0 F9000 X52.803 Y142.612
G1 F2100 X43.265 Y152.15 E1648.44266
G0 F9000 X43.448 Y152.561
G1 F2100 X53.029 Y142.98 E1648.91585
G0 F9000 X53.279 Y143.324
G1 F2100 X43.632 Y152.971 E1649.39231
G0 F9000 X43.815 Y153.382
G1 F2100 X53.528 Y143.669 E1649.87202
G0 F9000 X53.851 Y143.94
G1 F2100 X44.028 Y153.763 E1650.35717
G0 F9000 X44.242 Y154.142
G1 F2100 X54.178 Y144.207 E1650.84787
G0 F9000 X54.516 Y144.463
G1 F2100 X44.457 Y154.522 E1651.34467
G0 F9000 X44.67 Y154.903
G1 F2100 X54.919 Y144.654 E1651.85086
G0 F9000 X55.322 Y144.845
G1 F2100 X44.885 Y155.282 E1652.36633
G0 F9000 X45.121 Y155.64
G1 F2100 X55.777 Y144.983 E1652.89264
G0 F9000 X56.277 Y145.078
G1 F2100 X45.363 Y155.991 E1653.43164
G0 F9000 X45.606 Y156.342
G1 F2100 X56.804 Y145.145 E1653.98467
G0 F9000 X57.438 Y145.104
G1 F2100 X45.849 Y156.694 E1654.55707
G0 F9000 X46.092 Y157.045
G1 F2100 X58.163 Y144.974 E1655.15324
G1 X58.237 Y144.9
G0 F9000 X59.123 Y144.608
G1 F2100 X46.347 Y157.384 E1655.78423
G0 F9000 X46.618 Y157.706
G1 F2100 X66.704 Y137.62 E1656.77625
G0 F9000 X66.704 Y138.214
G1 F2100 X46.891 Y158.028 E1657.75482
G0 F9000 X47.163 Y158.35
G1 F2100 X66.704 Y138.808 E1658.71995
G0 F9000 X66.704 Y139.402
G1 F2100 X47.434 Y158.672 E1659.67167
G0 F9000 X47.712 Y158.989
G1 F2100 X66.704 Y139.996 E1660.60969
G0 F9000 X66.704 Y140.59
G1 F2100 X48.011 Y159.283 E1661.53291
G0 F9000 X48.311 Y159.577
G1 F2100 X66.704 Y141.184 E1662.44132
G0 F9000 X66.704 Y141.778
G1 F2100 X48.611 Y159.871 E1663.33491
G0 F9000 X48.911 Y160.166
G1 F2100 X66.704 Y142.372 E1664.21371
G0 F9000 X66.704 Y142.966
G1 F2100 X49.211 Y160.46 E1665.07769
G0 F9000 X49.53 Y160.734
G1 F2100 X66.704 Y143.56 E1665.92589
G0 F9000 X66.704 Y144.154
G1 F2100 X49.858 Y161.001 E1666.75792
G0 F9000 X50.186 Y161.267
G1 F2100 X66.704 Y144.748 E1667.57375
G0 F9000 X66.704 Y145.342
G1 F2100 X50.514 Y161.532 E1668.37336
G0 F9000 X50.842 Y161.798
G1 F2100 X66.704 Y145.936 E1669.15676
G0 F9000 X66.704 Y146.53
G1 F2100 X51.181 Y162.054 E1669.92345
G0 F9000 X51.537 Y162.291
G1 F2100 X66.704 Y147.124 E1670.67253
G0 F9000 X66.704 Y147.718
G1 F2100 X51.893 Y162.529 E1671.40402
G0 F9000 X52.25 Y162.766
G1 F2100 X66.704 Y148.312 E1672.11789
G0 F9000 X66.704 Y148.906
G1 F2100 X52.606 Y163.004 E1672.81417
G0 F9000 X52.97 Y163.234
G1 F2100 X66.704 Y149.5 E1673.49248
G0 F9000 X66.704 Y150.094
G1 F2100 X53.356 Y163.442 E1674.15172
G0 F9000 X53.742 Y163.649
G1 F2100 X66.704 Y150.687 E1674.7919
G0 F9000 X66.704 Y151.281
G1 F2100 X54.129 Y163.857 E1675.41299
G0 F9000 X54.515 Y164.065
G1 F2100 X66.704 Y151.875 E1676.01501
G0 F9000 X66.704 Y152.469
G1 F2100 X54.904 Y164.27 E1676.59782
G0 F9000 X55.321 Y164.446
G1 F2100 X66.704 Y153.063 E1677.16001
G0 F9000 X66.704 Y153.657
G1 F2100 X55.739 Y164.622 E1677.70156
G0 F9000 X56.158 Y164.798
G1 F2100 X66.704 Y154.251 E1678.22244
G0 F9000 X66.704 Y154.845
G1 F2100 X56.576 Y164.974 E1678.72268
G0 F9000 X56.995 Y165.149
G1 F2100 X66.704 Y155.439 E1679.20222
G0 F9000 X66.704 Y156.033
G1 F2100 X57.448 Y165.29 E1679.65938
G0 F9000 X57.901 Y165.431
G1 F2100 X66.704 Y156.627 E1680.09418
G0 F9000 X66.704 Y157.221
G1 F2100 X58.353 Y165.572 E1680.50662
G0 F9000 X58.806 Y165.714
G1 F2100 X66.704 Y157.815 E1680.89672
G0 F9000 X66.704 Y158.409
G1 F2100 X59.273 Y165.84 E1681.26373
G0 F9000 X59.764 Y165.943
G1 F2100 X66.704 Y159.003 E1681.60649
G0 F9000 X66.704 Y159.597
G1 F2100 X60.254 Y166.047 E1681.92504
G0 F9000 X60.744 Y166.151
G1 F2100 X66.704 Y160.191 E1682.2194
G0 F9000 X66.704 Y160.785
G1 F2100 X61.235 Y166.254 E1682.48951
G0 F9000 X61.766 Y166.317
G1 F2100 X66.704 Y161.379 E1682.73339
G0 F9000 X66.704 Y161.973
G1 F2100 X62.298 Y166.379 E1682.951
G0 F9000 X62.832 Y166.44
G1 F2100 X66.704 Y162.567 E1683.14226
G0 F9000 X66.704 Y163.161
G1 F2100 X63.365 Y166.501 E1683.30719
G0 F9000 X63.944 Y166.515
G1 F2100 X66.704 Y163.755 E1683.4435
G0 F9000 X66.704 Y164.349
G1 F2100 X64.538 Y166.515 E1683.55048
G0 F9000 X65.132 Y166.515
G1 F2100 X66.704 Y164.943 E1683.62812
G0 F9000 X66.704 Y165.537
G1 F2100 X65.726 Y166.515 E1683.67642
G0 F9000 X66.32 Y166.515
G1 F2100 X66.704 Y166.131 E1683.69538
G1 F1500 E1682.69538
G0 F9000 X61.06 Y142.67
G1 F1500 E1683.69538
G1 F2100 X66.704 Y137.026 E1683.97414
G0 F9000 X66.704 Y136.432
G1 F2100 X61.446 Y141.69 E1684.23382
G0 F9000 X61.602 Y140.941
G1 F2100 X66.704 Y135.838 E1684.48583
G0 F9000 X66.704 Y135.244
G1 F2100 X61.605 Y140.344 E1684.73769
G0 F9000 X61.577 Y139.778
G1 F2100 X66.704 Y134.65 E1684.99093
G0 F9000 X66.704 Y134.056
G1 F2100 X61.456 Y139.304 E1685.25012
G0 F9000 X61.335 Y138.832
G1 F2100 X66.704 Y133.462 E1685.51531
G0 F9000 X66.704 Y132.868
G1 F2100 X61.139 Y138.433 E1685.79016
G0 F9000 X60.929 Y138.049
G1 F2100 X66.704 Y132.274 E1686.07538
G0 F9000 X66.704 Y131.68
G1 F2100 X60.707 Y137.677 E1686.37157
G0 F9000 X60.418 Y137.373
G1 F2100 X66.704 Y131.086 E1686.68205
G0 F9000 X66.704 Y130.493
G1 F2100 X60.128 Y137.069 E1687.00683
G0 F9000 X59.812 Y136.791
G1 F2100 X66.802 Y129.801 E1687.35206
G1 X66.876 Y129.727
G0 F9000 X67.453 Y129.15
G1 F2100 X68.948 Y127.655 E1687.42589
G0 F9000 X68.354 Y127.655
G1 F2100 X59.448 Y136.561 E1687.86575
G0 F9000 X59.085 Y136.33
G1 F2100 X67.76 Y127.655 E1688.2942
G0 F9000 X67.166 Y127.655
G1 F2100 X58.667 Y136.154 E1688.71395
G0 F9000 X58.217 Y136.01
G1 F2100 X66.572 Y127.655 E1689.1266
G0 F9000 X65.978 Y127.655
G1 F2100 X57.754 Y135.879 E1689.53277
G0 F9000 X57.197 Y135.842
G1 F2100 X65.384 Y127.655 E1689.93711
G0 F9000 X64.79 Y127.655
G1 F2100 X56.635 Y135.81 E1690.33988
G0 F9000 X55.896 Y135.956
G1 F2100 X64.196 Y127.655 E1690.74983
G0 F9000 X63.626 Y127.632
G1 F2100 X54.981 Y136.276 E1691.17677
G1 X54.907 Y136.35
G0 F9000 X67.043 Y129.396
G0 X68.135 Y129.062
G1 F2100 X69.543 Y127.654 E1691.24631
G0 F9000 X70.137 Y127.654
G1 F2100 X68.729 Y129.062 E1691.31585
G0 F9000 X69.323 Y129.062
G1 F2100 X70.731 Y127.654 E1691.38539
G0 F9000 X71.325 Y127.654
G1 F2100 X69.917 Y129.062 E1691.45493
G0 F9000 X70.511 Y129.062
G1 F2100 X71.919 Y127.654 E1691.52447
G0 F9000 X72.513 Y127.654
G1 F2100 X71.105 Y129.062 E1691.59401
G0 F9000 X71.699 Y129.062
G1 F2100 X73.107 Y127.654 E1691.66355
G0 F9000 X73.701 Y127.654
G1 F2100 X72.293 Y129.062 E1691.73309
G0 F9000 X72.887 Y129.062
G1 F2100 X74.295 Y127.654 E1691.80263
G0 F9000 X74.889 Y127.653
G1 F2100 X73.481 Y129.062 E1691.87219
G0 F9000 X74.075 Y129.062
G1 F2100 X75.483 Y127.653 E1691.94176
G0 F9000 X76.077 Y127.653
G1 F2100 X74.669 Y129.062 E1692.01132
G0 F9000 X75.263 Y129.062
G1 F2100 X76.671 Y127.653 E1692.08088
G0 F9000 X77.265 Y127.653
G1 F2100 X75.857 Y129.062 E1692.15045
G0 F9000 X76.45 Y129.062
G1 F2100 X77.859 Y127.653 E1692.22004
G0 F9000 X78.453 Y127.653
G1 F2100 X77.044 Y129.062 E1692.28963
G0 F9000 X77.638 Y129.062
G1 F2100 X79.047 Y127.653 E1692.35921
G0 F9000 X79.641 Y127.653
G1 F2100 X78.232 Y129.062 E1692.4288
G0 F9000 X78.826 Y129.062
G1 F2100 X80.236 Y127.653 E1692.49842
G0 F9000 X80.83 Y127.653
G1 F2100 X79.42 Y129.062 E1692.56803
G0 F9000 X80.014 Y129.062
G1 F2100 X81.424 Y127.653 E1692.63764
G0 F9000 X82.018 Y127.653
G1 F2100 X80.608 Y129.062 E1692.70726
G0 F9000 X81.202 Y129.062
G1 F2100 X82.611 Y127.653 E1692.77685
G0 F9000 X83.205 Y127.653
G1 F2100 X81.796 Y129.062 E1692.84643
G0 F9000 X82.39 Y129.062
G1 F2100 X83.799 Y127.653 E1692.91602
G0 F9000 X84.393 Y127.653
G1 F2100 X82.984 Y129.062 E1692.98561
G0 F9000 X83.578 Y129.062
G1 F2100 X84.987 Y127.653 E1693.0552
G0 F9000 X85.581 Y127.653
G1 F2100 X84.172 Y129.062 E1693.12479
G0 F9000 X84.767 Y129.061
G1 F2100 X86.176 Y127.652 E1693.19438
G0 F9000 X86.77 Y127.652
G1 F2100 X85.361 Y129.061 E1693.26397
G0 F9000 X85.955 Y129.061
G1 F2100 X87.364 Y127.652 E1693.33356
G0 F9000 X87.958 Y127.652
G1 F2100 X86.549 Y129.061 E1693.40314
G0 F9000 X87.143 Y129.061
G1 F2100 X88.552 Y127.652 E1693.47273
G0 F9000 X89.146 Y127.652
G1 F2100 X87.737 Y129.061 E1693.54232
G0 F9000 X88.331 Y129.061
G1 F2100 X89.74 Y127.652 E1693.61191
G0 F9000 X90.334 Y127.652
G1 F2100 X88.925 Y129.061 E1693.6815
G0 F9000 X89.519 Y129.061
G1 F2100 X90.928 Y127.652 E1693.75109
G0 F9000 X91.522 Y127.651
G1 F2100 X90.112 Y129.061 E1693.82073
G0 F9000 X90.706 Y129.061
G1 F2100 X92.116 Y127.651 E1693.89037
G0 F9000 X92.71 Y127.651
G1 F2100 X91.3 Y129.061 E1693.96
G0 F9000 X91.894 Y129.061
G1 F2100 X93.304 Y127.651 E1694.02964
G0 F9000 X93.898 Y127.651
G1 F2100 X92.488 Y129.061 E1694.09928
G0 F9000 X93.082 Y129.061
G1 F2100 X94.492 Y127.651 E1694.16892
G0 F9000 X95.086 Y127.651
G1 F2100 X93.676 Y129.061 E1694.23856
G0 F9000 X94.27 Y129.061
G1 F2100 X95.68 Y127.651 E1694.30819
G0 F9000 X96.274 Y127.651
G1 F2100 X94.864 Y129.061 E1694.37783
G0 F9000 X95.458 Y129.061
G1 F2100 X96.869 Y127.651 E1694.4475
G0 F9000 X97.463 Y127.651
G1 F2100 X96.052 Y129.061 E1694.51716
G0 F9000 X96.646 Y129.061
G1 F2100 X98.057 Y127.651 E1694.58682
G0 F9000 X98.651 Y127.651
G1 F2100 X97.24 Y129.061 E1694.65648
G0 F9000 X97.834 Y129.061
G1 F2100 X99.245 Y127.651 E1694.72615
G0 F9000 X99.839 Y127.651
G1 F2100 X98.428 Y129.061 E1694.79581
G0 F9000 X99.022 Y129.061
G1 F2100 X100.433 Y127.651 E1694.86547
G0 F9000 X101.027 Y127.651
G1 F2100 X99.616 Y129.061 E1694.93514
G0 F9000 X100.21 Y129.061
G1 F2100 X101.621 Y127.651 E1695.0048
G0 F9000 X102.262 Y127.603
G1 F2100 X100.805 Y129.061 E1695.07678
G0 F9000 X101.399 Y129.061
G1 F2100 X114.444 Y116.015 E1695.72108
G0 F9000 X113.943 Y115.923
G1 F2100 X103.096 Y126.769 E1696.25678
G0 F9000 X103.133 Y126.138
G1 F2100 X113.442 Y115.829 E1696.76593
G0 F9000 X112.941 Y115.736
G1 F2100 X103.133 Y125.544 E1697.25033
G0 F9000 X103.133 Y124.95
G1 F2100 X112.481 Y115.602 E1697.71202
G0 F9000 X112.028 Y115.462
G1 F2100 X103.133 Y124.356 E1698.15131
G0 F9000 X103.133 Y123.762
G1 F2100 X111.575 Y115.321 E1698.56822
G0 F9000 X111.121 Y115.18
G1 F2100 X103.133 Y123.168 E1698.96274
G0 F9000 X103.133 Y122.574
G1 F2100 X110.708 Y114.999 E1699.33686
G0 F9000 X110.299 Y114.815
G1 F2100 X103.133 Y121.98 E1699.69076
G0 F9000 X103.133 Y121.386
G1 F2100 X109.889 Y114.631 E1700.0244
G0 F9000 X109.479 Y114.447
G1 F2100 X103.133 Y120.792 E1700.3378
G0 F9000 X103.133 Y120.198
G1 F2100 X109.081 Y114.251 E1700.63154
G0 F9000 X108.711 Y114.027
G1 F2100 X103.133 Y119.604 E1700.907
G0 F9000 X103.133 Y119.011
G1 F2100 X108.34 Y113.803 E1701.1642
G0 F9000 X107.97 Y113.579
G1 F2100 X103.133 Y118.417 E1701.40312
G0 F9000 X103.134 Y117.822
G1 F2100 X107.601 Y113.355 E1701.62373
G0 F9000 X107.246 Y113.115
G1 F2100 X103.134 Y117.228 E1701.82685
G0 F9000 X103.134 Y116.634
G1 F2100 X106.915 Y112.853 E1702.01359
G0 F9000 X106.583 Y112.591
G1 F2100 X103.134 Y116.04 E1702.18393
G0 F9000 X103.134 Y115.446
G1 F2100 X106.251 Y112.329 E1702.33787
G0 F9000 X105.919 Y112.067
G1 F2100 X103.134 Y114.852 E1702.47542
G0 F9000 X103.134 Y114.258
G1 F2100 X105.609 Y111.783 E1702.59766
G0 F9000 X105.312 Y111.486
G1 F2100 X103.134 Y113.664 E1702.70523
G0 F9000 X103.134 Y113.07
G1 F2100 X105.014 Y111.19 E1702.79808
G0 F9000 X104.717 Y110.893
G1 F2100 X103.134 Y112.476 E1702.87626
G0 F9000 X103.134 Y111.882
G1 F2100 X104.426 Y110.59 E1702.94007
G0 F9000 X104.163 Y110.259
G1 F2100 X103.134 Y111.288 E1702.99089
G0 F9000 X103.134 Y110.694
G1 F2100 X103.901 Y109.927 E1703.02877
G0 F9000 X103.639 Y109.595
G1 F2100 X103.496 Y109.738 E1703.03583
G1 X103.495 Y109.739
G1 X103.134 Y110.1 E1703.05366
G0 F9000 X103.133 Y109.507
G1 F2100 X103.377 Y109.263 E1703.06571
G0 F9000 X106.067 Y111.773
G0 X107.628 Y112.997
G0 X109.325 Y114.023
G0 X110.789 Y114.684
G0 X114.947 Y116.106
G1 F2100 X101.993 Y129.061 E1703.70552
G0 F9000 X102.587 Y129.061
G1 F2100 X115.506 Y116.141 E1704.3436
G0 F9000 X116.064 Y116.177
G1 F2100 X103.181 Y129.061 E1704.9799
G0 F9000 X103.774 Y129.061
G1 F2100 X116.623 Y116.212 E1705.6145
G0 F9000 X117.219 Y116.21
G1 F2100 X104.368 Y129.061 E1706.24919
G0 F9000 X104.962 Y129.061
G1 F2100 X117.849 Y116.174 E1706.88566
G0 F9000 X118.478 Y116.139
G1 F2100 X105.556 Y129.061 E1707.52387
G0 F9000 X106.15 Y129.061
G1 F2100 X119.141 Y116.07 E1708.16548
G0 F9000 X119.863 Y115.942
G1 F2100 X106.744 Y129.061 E1708.81341
G0 F9000 X107.338 Y129.061
G1 F2100 X120.587 Y115.812 E1709.46776
G0 F9000 X121.378 Y115.615
G1 F2100 X107.932 Y129.061 E1710.13184
G0 F9000 X108.526 Y129.061
G1 F2100 X122.238 Y115.348 E1710.80908
G1 X122.312 Y115.274
G0 F9000 X123.159 Y115.022
G1 F2100 X109.12 Y129.061 E1711.50245
G0 F9000 X109.714 Y129.061
G1 F2100 X124.239 Y114.536 E1712.21983
G1 X124.313 Y114.462
G0 F9000 X125.551 Y113.818
G1 F2100 X110.308 Y129.061 E1712.97266
G0 F9000 X110.902 Y129.061
G1 F2100 X127.526 Y112.437 E1713.7937
G1 X127.6 Y112.363
G0 F9000 X129.945 Y110.018
G1 F2100 X131.437 Y108.526 E1713.86739
G1 X131.438 Y108.525
G1 X131.702 Y108.26 E1713.88045
G0 F9000 X131.245 Y108.124
G1 F2100 X131.714 Y107.655 E1713.90361
G0 F9000 X131.69 Y108.866
G1 F2100 X111.496 Y129.061 E1714.90099
G0 F9000 X112.09 Y129.061
G1 F2100 X131.682 Y109.469 E1715.86862
G0 F9000 X131.682 Y110.063
G1 F2100 X112.684 Y129.061 E1716.80691
G0 F9000 X113.278 Y129.061
G1 F2100 X131.682 Y110.657 E1717.71586
G0 F9000 X131.682 Y111.251
G1 F2100 X113.872 Y129.061 E1718.59547
G0 F9000 X114.466 Y129.061
G1 F2100 X131.682 Y111.845 E1719.44575
G0 F9000 X131.682 Y112.439
G1 F2100 X115.06 Y129.061 E1720.26669
G0 F9000 X115.654 Y129.061
G1 F2100 X131.682 Y113.033 E1721.05829
G0 F9000 X131.681 Y113.627
G1 F2100 X116.248 Y129.061 E1721.82054
G0 F9000 X116.842 Y129.061
G1 F2100 X131.681 Y114.221 E1722.55344
G0 F9000 X131.681 Y114.815
G1 F2100 X117.437 Y129.06 E1723.25696
G0 F9000 X118.03 Y129.06
G1 F2100 X131.681 Y115.409 E1723.93117
G0 F9000 X131.681 Y116.003
G1 F2100 X118.624 Y129.06 E1724.57603
G0 F9000 X119.218 Y129.06
G1 F2100 X131.681 Y116.597 E1725.19157
G0 F9000 X131.681 Y117.191
G1 F2100 X119.812 Y129.06 E1725.77776
G0 F9000 X120.406 Y129.06
G1 F2100 X131.681 Y117.785 E1726.33462
G0 F9000 X131.68 Y118.38
G1 F2100 X121 Y129.06 E1726.86209
G0 F9000 X121.594 Y129.06
G1 F2100 X131.68 Y118.974 E1727.36023
G0 F9000 X131.68 Y119.568
G1 F2100 X122.188 Y129.06 E1727.82903
G0 F9000 X122.782 Y129.06
G1 F2100 X131.68 Y120.162 E1728.26849
G0 F9000 X131.68 Y120.756
G1 F2100 X123.376 Y129.06 E1728.67861
G0 F9000 X123.97 Y129.06
G1 F2100 X131.68 Y121.35 E1729.0594
G0 F9000 X131.68 Y121.944
G1 F2100 X124.564 Y129.06 E1729.41085
G0 F9000 X125.158 Y129.06
G1 F2100 X131.68 Y122.538 E1729.73296
G0 F9000 X131.68 Y123.132
G1 F2100 X125.752 Y129.06 E1730.02574
G0 F9000 X126.346 Y129.06
G1 F2100 X131.68 Y123.726 E1730.28918
G0 F9000 X131.68 Y124.32
G1 F2100 X126.94 Y129.06 E1730.52328
G0 F9000 X127.534 Y129.06
G1 F2100 X131.68 Y124.914 E1730.72805
G0 F9000 X131.68 Y125.508
G1 F2100 X128.128 Y129.06 E1730.90348
G0 F9000 X128.722 Y129.06
G1 F2100 X131.68 Y126.102 E1731.04957
G0 F9000 X131.702 Y126.673
G1 F2100 X129.316 Y129.06 E1731.16744
G0 F9000 X129.91 Y129.06
G1 F2100 X131.872 Y127.098 E1731.26434
G0 F9000 X132.163 Y127.401
G1 F2100 X130.504 Y129.06 E1731.34627
G0 F9000 X131.098 Y129.06
G1 F2100 X132.567 Y127.591 E1731.41883
G0 F9000 X133.095 Y127.656
G1 F2100 X131.692 Y129.06 E1731.48814
G0 F9000 X132.286 Y129.06
G1 F2100 X133.689 Y127.656 E1731.55746
G0 F9000 X134.283 Y127.656
G1 F2100 X132.88 Y129.06 E1731.62678
G0 F9000 X133.474 Y129.06
G1 F2100 X134.877 Y127.656 E1731.69609
G0 F9000 X135.471 Y127.656
G1 F2100 X134.068 Y129.059 E1731.76539
G0 F9000 X134.662 Y129.059
G1 F2100 X136.065 Y127.656 E1731.83468
G0 F9000 X136.659 Y127.656
G1 F2100 X135.256 Y129.059 E1731.90397
G0 F9000 X135.85 Y129.059
G1 F2100 X137.253 Y127.656 E1731.97326
G0 F9000 X137.847 Y127.656
G1 F2100 X136.444 Y129.059 E1732.04256
G0 F9000 X137.038 Y129.059
G1 F2100 X138.441 Y127.656 E1732.11185
G0 F9000 X139.035 Y127.656
G1 F2100 X137.632 Y129.059 E1732.18114
G0 F9000 X138.226 Y129.059
G1 F2100 X139.63 Y127.656 E1732.25046
G0 F9000 X140.224 Y127.656
G1 F2100 X138.82 Y129.059 E1732.31978
G0 F9000 X139.414 Y129.059
G1 F2100 X140.818 Y127.656 E1732.38909
G0 F9000 X141.412 Y127.656
G1 F2100 X140.008 Y129.059 E1732.45841
G0 F9000 X140.602 Y129.059
G1 F2100 X142.006 Y127.656 E1732.52773
G0 F9000 X142.6 Y127.656
G1 F2100 X141.196 Y129.059 E1732.59704
G0 F9000 X141.79 Y129.059
G1 F2100 X143.194 Y127.656 E1732.66636
G0 F9000 X143.788 Y127.656
G1 F2100 X142.384 Y129.059 E1732.73568
G0 F9000 X142.978 Y129.059
G1 F2100 X144.382 Y127.656 E1732.805
G0 F9000 X144.975 Y127.656
G1 F2100 X143.572 Y129.059 E1732.87429
G0 F9000 X144.166 Y129.059
G1 F2100 X145.57 Y127.655 E1732.94363
G0 F9000 X146.164 Y127.655
G1 F2100 X144.76 Y129.059 E1733.01297
G0 F9000 X145.354 Y129.059
G1 F2100 X146.758 Y127.655 E1733.08231
G0 F9000 X147.352 Y127.655
G1 F2100 X145.948 Y129.059 E1733.15166
G0 F9000 X146.542 Y129.059
G1 F2100 X147.946 Y127.655 E1733.221
G0 F9000 X148.54 Y127.655
G1 F2100 X147.136 Y129.059 E1733.29034
G0 F9000 X147.73 Y129.059
G1 F2100 X149.134 Y127.655 E1733.35968
G0 F9000 X149.728 Y127.655
G1 F2100 X148.324 Y129.059 E1733.42902
G0 F9000 X148.918 Y129.059
G1 F2100 X150.322 Y127.655 E1733.49836
G0 F9000 X150.916 Y127.655
G1 F2100 X149.512 Y129.059 E1733.56771
G0 F9000 X150.106 Y129.059
G1 F2100 X151.51 Y127.655 E1733.63705
G0 F9000 X152.105 Y127.654
G1 F2100 X150.7 Y129.059 E1733.70644
G0 F9000 X151.294 Y129.059
G1 F2100 X152.699 Y127.654 E1733.77583
G0 F9000 X153.292 Y127.654
G1 F2100 X151.888 Y129.059 E1733.8452
G0 F9000 X152.482 Y129.059
G1 F2100 X153.886 Y127.654 E1733.91456
G0 F9000 X154.48 Y127.654
G1 F2100 X153.076 Y129.059 E1733.98393
G0 F9000 X153.67 Y129.059
G1 F2100 X155.074 Y127.654 E1734.0533
G0 F9000 X155.668 Y127.654
G1 F2100 X154.264 Y129.059 E1734.12266
G0 F9000 X154.858 Y129.059
G1 F2100 X156.262 Y127.654 E1734.19203
G0 F9000 X156.856 Y127.654
G1 F2100 X155.452 Y129.059 E1734.2614
G0 F9000 X156.046 Y129.059
G1 F2100 X157.45 Y127.654 E1734.33076
G0 F9000 X158.044 Y127.654
G1 F2100 X156.64 Y129.059 E1734.40013
G0 F9000 X157.234 Y129.059
G1 F2100 X158.639 Y127.653 E1734.46955
G0 F9000 X159.233 Y127.653
G1 F2100 X157.828 Y129.059 E1734.53896
G0 F9000 X158.422 Y129.059
G1 F2100 X159.827 Y127.653 E1734.60838
G0 F9000 X160.421 Y127.653
G1 F2100 X159.016 Y129.059 E1734.67779
G0 F9000 X159.61 Y129.059
G1 F2100 X161.015 Y127.653 E1734.74721
G0 F9000 X161.609 Y127.653
G1 F2100 X160.204 Y129.059 E1734.81663
G0 F9000 X160.798 Y129.059
G1 F2100 X162.203 Y127.653 E1734.88604
G0 F9000 X162.797 Y127.653
G1 F2100 X161.392 Y129.059 E1734.95546
G0 F9000 X161.986 Y129.059
G1 F2100 X163.391 Y127.653 E1735.02487
G0 F9000 X163.985 Y127.653
G1 F2100 X162.58 Y129.059 E1735.09429
G0 F9000 X163.174 Y129.059
G1 F2100 X164.579 Y127.653 E1735.16371
G0 F9000 X165.173 Y127.653
G1 F2100 X163.768 Y129.059 E1735.23312
G0 F9000 X164.362 Y129.059
G1 F2100 X165.767 Y127.653 E1735.30254
G0 F9000 X166.361 Y127.653
G1 F2100 X164.955 Y129.059 E1735.37198
G0 F9000 X165.549 Y129.059
G1 F2100 X166.955 Y127.653 E1735.44142
G0 F9000 X167.549 Y127.653
G1 F2100 X166.143 Y129.059 E1735.51086
G0 F9000 X166.68 Y129.116
G1 F2100 X168.143 Y127.653 E1735.58311
G0 F9000 X168.737 Y127.653
G1 F2100 X167.093 Y129.297 E1735.66431
G0 F9000 X167.389 Y129.594
G1 F2100 X169.331 Y127.653 E1735.7602
G0 F9000 X169.925 Y127.653
G1 F2100 X167.566 Y130.012 E1735.87671
G0 F9000 X167.597 Y130.575
G1 F2100 X170.519 Y127.653 E1736.02102
G0 F9000 X171.137 Y127.629
G1 F2100 X167.597 Y131.169 E1736.19586
G0 F9000 X167.597 Y131.762
G1 F2100 X193.77 Y105.59 E1737.48848
G0 F9000 X193.77 Y106.184
G1 F2100 X167.597 Y132.356 E1738.78111
G0 F9000 X167.597 Y132.95
G1 F2100 X193.77 Y106.778 E1740.07374
G0 F9000 X193.77 Y107.372
G1 F2100 X167.597 Y133.544 E1741.36637
G0 F9000 X167.597 Y134.138
G1 F2100 X193.77 Y107.966 E1742.659
G0 F9000 X193.77 Y108.559
G1 F2100 X191.266 Y111.064 E1742.78269
G0 F9000 X192.007 Y110.917
G1 F2100 X193.77 Y109.153 E1742.86979
G0 F9000 X193.77 Y109.747
G1 F2100 X192.579 Y110.939 E1742.92863
G0 F9000 X193.069 Y111.042
G1 F2100 X193.77 Y110.341 E1742.96326
G0 F9000 X193.77 Y110.935
G1 F2100 X193.489 Y111.217 E1742.97716
G0 F9000 X192.19 Y111.207
G0 X191.011 Y111.524
G0 X189.694 Y112.636
G1 F2100 X167.597 Y134.732 E1744.06848
G0 F9000 X167.597 Y135.326
G1 F2100 X189.529 Y113.395 E1745.15165
G0 F9000 X189.556 Y113.962
G1 F2100 X167.597 Y135.92 E1746.23615
G0 F9000 X167.597 Y136.514
G1 F2100 X189.67 Y114.442 E1747.32629
G0 F9000 X189.851 Y114.854
G1 F2100 X167.597 Y137.108 E1748.42538
G0 F9000 X167.597 Y137.702
G1 F2100 X190.097 Y115.202 E1749.53663
G0 F9000 X190.377 Y115.516
G1 F2100 X167.597 Y138.296 E1750.66171
G0 F9000 X167.597 Y138.89
G1 F2100 X190.712 Y115.776 E1751.8033
G0 F9000 X191.094 Y115.987
G1 F2100 X167.597 Y139.484 E1752.96379
G0 F9000 X167.597 Y140.078
G1 F2100 X191.534 Y116.141 E1754.14601
G0 F9000 X192.039 Y116.23
G1 F2100 X167.597 Y140.672 E1755.35317
G0 F9000 X167.597 Y141.266
G1 F2100 X192.679 Y116.184 E1756.59194
G1 X192.753 Y116.11
G0 F9000 X193.644 Y115.814
G1 F2100 X167.597 Y141.86 E1757.87835
G0 F9000 X167.597 Y142.454
G1 F2100 X193.769 Y116.282 E1759.17095
G0 F9000 X193.769 Y116.876
G1 F2100 X167.597 Y143.048 E1760.46355
G0 F9000 X167.597 Y143.642
G1 F2100 X193.769 Y117.47 E1761.75616
G0 F9000 X193.769 Y118.064
G1 F2100 X167.597 Y144.236 E1763.04876
G0 F9000 X167.597 Y144.83
G1 F2100 X193.769 Y118.658 E1764.34136
G0 F9000 X193.769 Y119.252
G1 F2100 X167.597 Y145.424 E1765.63397
G0 F9000 X167.597 Y146.018
G1 F2100 X193.769 Y119.846 E1766.92657
G0 F9000 X193.769 Y120.44
G1 F2100 X167.597 Y146.612 E1768.21917
G0 F9000 X167.597 Y147.206
G1 F2100 X193.769 Y121.034 E1769.51177
G0 F9000 X193.769 Y121.628
G1 F2100 X167.597 Y147.8 E1770.80438
G0 F9000 X167.597 Y148.394
G1 F2100 X193.769 Y122.221 E1772.09701
G0 F9000 X193.769 Y122.815
G1 F2100 X167.597 Y148.988 E1773.38963
G0 F9000 X167.597 Y149.582
G1 F2100 X193.769 Y123.409 E1774.68226
G0 F9000 X193.769 Y124.003
G1 F2100 X167.597 Y150.176 E1775.97489
G0 F9000 X167.597 Y150.77
G1 F2100 X193.769 Y124.597 E1777.26752
G0 F9000 X193.769 Y125.191
G1 F2100 X167.597 Y151.363 E1778.56012
G0 F9000 X167.597 Y151.957
G1 F2100 X193.769 Y125.785 E1779.85272
G0 F9000 X193.769 Y126.379
G1 F2100 X167.597 Y152.551 E1781.14533
G0 F9000 X167.597 Y153.145
G1 F2100 X193.769 Y126.973 E1782.43793
G0 F9000 X193.769 Y127.567
G1 F2100 X167.597 Y153.739 E1783.73053
G0 F9000 X167.597 Y154.333
G1 F2100 X193.769 Y128.161 E1785.02314
G0 F9000 X193.769 Y128.755
G1 F2100 X167.597 Y154.927 E1786.31574
G0 F9000 X167.597 Y155.521
G1 F2100 X193.769 Y129.349 E1787.60834
G0 F9000 X193.769 Y129.943
G1 F2100 X167.597 Y156.115 E1788.90095
G0 F9000 X167.597 Y156.709
G1 F2100 X193.769 Y130.537 E1790.19355
G0 F9000 X193.769 Y131.131
G1 F2100 X167.597 Y157.303 E1791.48615
G0 F9000 X167.597 Y157.897
G1 F2100 X193.769 Y131.725 E1792.77876
G0 F9000 X193.769 Y132.319
G1 F2100 X167.597 Y158.491 E1794.07136
G0 F9000 X167.597 Y159.085
G1 F2100 X193.769 Y132.913 E1795.36396
G0 F9000 X193.769 Y133.507
G1 F2100 X167.597 Y159.679 E1796.65657
G0 F9000 X167.597 Y160.273
G1 F2100 X193.769 Y134.101 E1797.94917
G0 F9000 X193.769 Y134.695
G1 F2100 X167.597 Y160.867 E1799.24177
G0 F9000 X167.597 Y161.461
G1 F2100 X193.769 Y135.289 E1800.53437
G0 F9000 X193.769 Y135.883
G1 F2100 X167.597 Y162.055 E1801.82698
G0 F9000 X167.597 Y162.649
G1 F2100 X193.769 Y136.477 E1803.11958
G0 F9000 X193.769 Y137.071
G1 F2100 X167.597 Y163.243 E1804.41218
G0 F9000 X167.597 Y163.837
G1 F2100 X193.769 Y137.665 E1805.70479
G0 F9000 X193.769 Y138.259
G1 F2100 X167.597 Y164.431 E1806.99739
G0 F9000 X167.597 Y165.025
G1 F2100 X193.769 Y138.853 E1808.28999
G0 F9000 X193.769 Y139.447
G1 F2100 X167.597 Y165.619 E1809.5826
G0 F9000 X167.597 Y166.213
G1 F2100 X193.769 Y140.041 E1810.8752
G0 F9000 X193.769 Y140.635
G1 F2100 X167.888 Y166.516 E1812.15343
G0 F9000 X168.482 Y166.516
G1 F2100 X193.769 Y141.229 E1813.40233
G0 F9000 X193.769 Y141.822
G1 F2100 X169.076 Y166.516 E1814.62191
G0 F9000 X169.67 Y166.516
G1 F2100 X193.769 Y142.416 E1815.81215
G0 F9000 X193.741 Y143.039
G1 F2100 X170.264 Y166.516 E1816.97165
G0 F9000 X170.858 Y166.516
G1 F2100 X193.712 Y143.662 E1818.10038
G0 F9000 X193.683 Y144.285
G1 F2100 X171.452 Y166.516 E1819.19835
G0 F9000 X172.116 Y166.446
G1 F2100 X193.639 Y144.922 E1820.26136
G0 F9000 X193.542 Y145.614
G1 F2100 X172.787 Y166.369 E1821.28643
G0 F9000 X173.458 Y166.292
G1 F2100 X193.444 Y146.306 E1822.27351
G0 F9000 X193.342 Y147.002
G1 F2100 X174.176 Y166.167 E1823.22007
G0 F9000 X174.929 Y166.008
G1 F2100 X193.156 Y147.781 E1824.12028
G0 F9000 X192.972 Y148.56
G1 F2100 X175.682 Y165.85 E1824.97422
G1 X175.608 Y165.924
G0 F9000 X176.512 Y165.613
G1 F2100 X192.769 Y149.357 E1825.7771
G1 X192.843 Y149.283
G0 F9000 X192.467 Y150.253
G1 F2100 X177.376 Y165.344 E1826.52243
G1 X177.302 Y165.418
G0 F9000 X178.277 Y165.036
G1 F2100 X192.164 Y151.149 E1827.20829
G1 X192.238 Y151.075
G0 F9000 X191.716 Y152.192
G1 F2100 X179.303 Y164.604 E1827.82133
G1 X179.229 Y164.678
G0 F9000 X180.38 Y164.122
G1 F2100 X191.237 Y153.265 E1828.35754
G1 X191.311 Y153.191
G0 F9000 X190.505 Y154.591
G1 F2100 X181.662 Y163.434 E1828.79429
G1 X181.588 Y163.508
G0 F9000 X183.27 Y162.419
G1 F2100 X189.496 Y156.194 E1829.10176
G1 X189.57 Y156.12
G1 F1500 E1828.10176
G0 F9000 X172.104 Y126.661
G1 F1500 E1829.10176
G1 F2100 X193.77 Y104.996 E1830.17179
G0 F9000 X193.77 Y104.402
G1 F2100 X172.131 Y126.041 E1831.24052
G0 F9000 X172.131 Y125.447
G1 F2100 X193.77 Y103.808 E1832.30924
G0 F9000 X193.77 Y103.214
G1 F2100 X172.131 Y124.853 E1833.37796
G0 F9000 X172.131 Y124.259
G1 F2100 X193.77 Y102.62 E1834.44669
G0 F9000 X193.77 Y102.026
G1 F2100 X172.131 Y123.665 E1835.51541
G0 F9000 X172.131 Y123.071
G1 F2100 X193.77 Y101.432 E1836.58413
G0 F9000 X193.77 Y100.838
G1 F2100 X172.131 Y122.477 E1837.65286
G0 F9000 X172.131 Y121.883
G1 F2100 X193.77 Y100.244 E1838.72158
G0 F9000 X193.77 Y99.65
G1 F2100 X172.131 Y121.29 E1839.79033
G0 F9000 X172.131 Y120.696
G1 F2100 X193.77 Y99.056 E1840.85908
G0 F9000 X193.77 Y98.462
G1 F2100 X172.131 Y120.101 E1841.9278
G0 F9000 X172.131 Y119.507
G1 F2100 X193.77 Y97.868 E1842.99653
G0 F9000 X193.77 Y97.274
G1 F2100 X172.131 Y118.913 E1844.06525
G0 F9000 X172.131 Y118.319
G1 F2100 X193.77 Y96.68 E1845.13397
G0 F9000 X193.77 Y96.086
G1 F2100 X172.131 Y117.725 E1846.2027
G0 F9000 X172.131 Y117.131
G1 F2100 X193.77 Y95.492 E1847.27142
G0 F9000 X193.77 Y94.898
G1 F2100 X172.131 Y116.537 E1848.34015
G0 F9000 X172.131 Y115.943
G1 F2100 X193.77 Y94.304 E1849.40887
G0 F9000 X193.77 Y93.71
G1 F2100 X172.131 Y115.349 E1850.47759
G0 F9000 X172.131 Y114.755
G1 F2100 X193.77 Y93.116 E1851.54632
G0 F9000 X193.77 Y92.522
G1 F2100 X172.132 Y114.16 E1852.61499
G0 F9000 X172.132 Y113.567
G1 F2100 X177.053 Y108.645 E1852.85806
G0 F9000 X176.458 Y108.646
G1 F2100 X172.132 Y112.973 E1853.07174
G0 F9000 X172.132 Y112.379
G1 F2100 X175.863 Y108.648 E1853.25601
G0 F9000 X175.268 Y108.649
G1 F2100 X172.132 Y111.785 E1853.41089
G0 F9000 X172.132 Y111.191
G1 F2100 X174.673 Y108.65 E1853.53639
G0 F9000 X174.077 Y108.651
G1 F2100 X172.132 Y110.597 E1853.63248
G0 F9000 X172.132 Y110.003
G1 F2100 X173.482 Y108.653 E1853.69915
G0 F9000 X172.886 Y108.654
G1 F2100 X172.132 Y109.409 E1853.73641
G0 F9000 X172.132 Y108.815
G1 F2100 X172.291 Y108.656 E1853.74427
G0 F9000 X177.795 Y108.319
G0 X178.126 Y107.572
G1 F2100 X193.77 Y91.928 E1854.5169
G0 F9000 X193.77 Y91.334
G1 F2100 X178.126 Y106.978 E1855.28954
G0 F9000 X178.126 Y106.384
G1 F2100 X193.77 Y90.74 E1856.06218
G0 F9000 X193.77 Y90.146
G1 F2100 X178.126 Y105.79 E1856.83482
G0 F9000 X178.127 Y105.196
G1 F2100 X193.77 Y89.552 E1857.60743
G0 F9000 X193.77 Y88.958
G1 F2100 X178.127 Y104.602 E1858.38005
G0 F9000 X178.127 Y104.008
G1 F2100 X193.77 Y88.365 E1859.15263
G0 F9000 X193.77 Y87.771
G1 F2100 X178.127 Y103.413 E1859.9252
G0 F9000 X178.127 Y102.819
G1 F2100 X193.77 Y87.177 E1860.69776
G0 F9000 X193.77 Y86.583
G1 F2100 X178.127 Y102.225 E1861.47033
G0 F9000 X178.127 Y101.631
G1 F2100 X193.77 Y85.989 E1862.24289
G0 F9000 X193.77 Y85.395
G1 F2100 X178.128 Y101.037 E1863.01543
G0 F9000 X178.128 Y100.443
G1 F2100 X193.77 Y84.801 E1863.78797
G0 F9000 X193.77 Y84.207
G1 F2100 X178.128 Y99.849 E1864.56051
G0 F9000 X178.129 Y99.254
G1 F2100 X193.77 Y83.613 E1865.333
G0 F9000 X193.77 Y83.019
G1 F2100 X188.119 Y88.67 E1865.61209
G0 F9000 X188.133 Y88.062
G1 F2100 X193.77 Y82.425 E1865.8905
G0 F9000 X193.77 Y81.831
G1 F2100 X188.133 Y87.468 E1866.1689
G0 F9000 X188.133 Y86.874
G1 F2100 X193.77 Y81.237 E1866.44731
G0 F9000 X193.77 Y80.643
G1 F2100 X188.133 Y86.28 E1866.72571
G0 F9000 X188.133 Y85.686
G1 F2100 X193.77 Y80.049 E1867.00412
G0 F9000 X193.77 Y79.455
G1 F2100 X188.133 Y85.092 E1867.28252
G0 F9000 X188.133 Y84.498
G1 F2100 X193.77 Y78.861 E1867.56093
G0 F9000 X193.77 Y78.267
G1 F2100 X188.133 Y83.904 E1867.83933
G0 F9000 X188.133 Y83.31
G1 F2100 X193.77 Y77.673 E1868.11774
G0 F9000 X193.77 Y77.079
G1 F2100 X188.133 Y82.716 E1868.39614
G0 F9000 X188.133 Y82.122
G1 F2100 X193.77 Y76.485 E1868.67454
G0 F9000 X193.77 Y75.891
G1 F2100 X188.133 Y81.528 E1868.95295
G0 F9000 X188.133 Y80.934
G1 F2100 X193.759 Y75.308 E1869.23081
G0 F9000 X193.715 Y74.758
G1 F2100 X188.133 Y80.34 E1869.5065
G0 F9000 X188.133 Y79.746
G1 F2100 X193.657 Y74.222 E1869.77932
G0 F9000 X193.543 Y73.742
G1 F2100 X188.133 Y79.152 E1870.04652
G0 F9000 X188.133 Y78.558
G1 F2100 X193.43 Y73.261 E1870.30813
G0 F9000 X193.257 Y72.84
G1 F2100 X188.133 Y77.964 E1870.5612
G0 F9000 X188.133 Y77.37
G1 F2100 X193.084 Y72.419 E1870.80572
G0 F9000 X192.881 Y72.029
G1 F2100 X188.133 Y76.776 E1871.04019
G0 F9000 X188.133 Y76.182
G1 F2100 X192.657 Y71.658 E1871.26363
G0 F9000 X192.429 Y71.293
G1 F2100 X188.133 Y75.589 E1871.4758
G0 F9000 X188.133 Y74.995
G1 F2100 X192.156 Y70.971 E1871.67452
G0 F9000 X191.884 Y70.649
G1 F2100 X188.133 Y74.401 E1871.8598
G0 F9000 X188.133 Y73.807
G1 F2100 X191.586 Y70.354 E1872.03034
G0 F9000 X191.267 Y70.079
G1 F2100 X188.133 Y73.213 E1872.18512
G0 F9000 X188.133 Y72.619
G1 F2100 X190.948 Y69.804 E1872.32415
G0 F9000 X190.584 Y69.574
G1 F2100 X188.133 Y72.025 E1872.4452
G0 F9000 X188.133 Y71.431
G1 F2100 X190.217 Y69.347 E1872.54813
G0 F9000 X189.822 Y69.147
G1 F2100 X188.133 Y70.837 E1872.63157
G0 F9000 X188.133 Y70.243
G1 F2100 X189.402 Y68.974 E1872.69425
G0 F9000 X188.974 Y68.807
G1 F2100 X188.133 Y69.649 E1872.73581
G0 F9000 X188.046 Y69.142
G1 F2100 X188.496 Y68.691 E1872.75806
G0 F9000 X188.019 Y68.575
G1 F2100 X187.913 Y68.681 E1872.76329
G1 F1500 E1871.76329
G0 F9000 X187.795 Y89.319
G0 X187.154 Y89.635
G1 F1500 E1872.76329
G1 F2100 X178.129 Y98.66 E1873.20903
G0 F9000 X178.129 Y98.066
G1 F2100 X186.544 Y89.651 E1873.62463
G0 F9000 X185.949 Y89.651
G1 F2100 X178.13 Y97.471 E1874.01083
G0 F9000 X178.13 Y96.877
G1 F2100 X185.356 Y89.651 E1874.36771
G0 F9000 X184.761 Y89.652
G1 F2100 X178.13 Y96.283 E1874.69521
G0 F9000 X178.13 Y95.689
G1 F2100 X184.167 Y89.652 E1874.99337
G0 F9000 X183.572 Y89.653
G1 F2100 X178.13 Y95.095 E1875.26214
G0 F9000 X178.13 Y94.501
G1 F2100 X182.978 Y89.654 E1875.50156
G0 F9000 X182.384 Y89.654
G1 F2100 X178.13 Y93.907 E1875.71163
G0 F9000 X178.131 Y93.312
G1 F2100 X181.789 Y89.654 E1875.89229
G0 F9000 X181.195 Y89.654
G1 F2100 X178.131 Y92.718 E1876.04362
G0 F9000 X178.131 Y92.124
G1 F2100 X180.6 Y89.655 E1876.16556
G0 F9000 X180.006 Y89.656
G1 F2100 X178.132 Y91.53 E1876.25812
G0 F9000 X178.132 Y90.936
G1 F2100 X179.412 Y89.656 E1876.32134
G0 F9000 X178.817 Y89.656
G1 F2100 X178.132 Y90.342 E1876.35519
G0 F9000 X178.132 Y89.748
G1 F2100 X178.223 Y89.656 E1876.35971
G1 F1500 E1875.35971
G0 F9000 X177.795 Y108.319
G0 X171.795 Y127.319
G0 X132.019 Y127.319
G0 X132.019 Y106.593
G0 X137.68 Y89.81
G1 F1500 E1876.35971
G1 F2100 X132.934 Y94.555 E1876.59408
G0 F9000 X132.795 Y94.101
G1 F2100 X137.238 Y89.657 E1876.81354
G0 F9000 X136.644 Y89.657
G1 F2100 X132.656 Y93.646 E1877.01053
G0 F9000 X132.473 Y93.234
G1 F2100 X136.05 Y89.657 E1877.18719
G0 F9000 X135.456 Y89.657
G1 F2100 X132.288 Y92.826 E1877.34368
G0 F9000 X132.103 Y92.416
G1 F2100 X134.862 Y89.657 E1877.47995
G0 F9000 X134.268 Y89.658
G1 F2100 X131.918 Y92.008 E1877.59601
G0 F9000 X131.732 Y91.6
G1 F2100 X133.674 Y89.658 E1877.69192
G0 F9000 X133.08 Y89.658
G1 F2100 X131.508 Y91.23 E1877.76956
G0 F9000 X131.284 Y90.859
G1 F2100 X132.486 Y89.658 E1877.8289
G0 F9000 X131.892 Y89.658
G1 F2100 X131.06 Y90.489 E1877.86997
G0 F9000 X130.837 Y90.119
G1 F2100 X131.298 Y89.658 E1877.89274
G0 F9000 X130.705 Y89.656
G1 F2100 X130.587 Y89.774 E1877.89857
G1 F1500 E1876.89857
G0 F9000 X138.019 Y106.593
G0 X132.019 Y106.593
G0 X132.019 Y127.319
G0 X171.795 Y127.319
G0 X187.795 Y89.319
G0 X187.795 Y68.593
G0 X128.969 Y68.593
G0 X128.368 Y87.242
G1 F1500 E1877.89857
G1 F2100 X128.629 Y86.981 E1877.91146
G0 F9000 X128.066 Y86.95
G1 F2100 X128.629 Y86.387 E1877.93926
G0 F9000 X128.629 Y85.793
G1 F2100 X127.734 Y86.688 E1877.98347
G0 F9000 X127.402 Y86.426
G1 F2100 X128.629 Y85.199 E1878.04407
G0 F9000 X128.629 Y84.605
G1 F2100 X127.07 Y86.164 E1878.12106
G0 F9000 X126.738 Y85.902
G1 F2100 X128.629 Y84.011 E1878.21446
G0 F9000 X128.629 Y83.417
G1 F2100 X126.393 Y85.653 E1878.32489
G0 F9000 X126.022 Y85.43
G1 F2100 X128.629 Y82.823 E1878.45365
G0 F9000 X128.629 Y82.229
G1 F2100 X125.652 Y85.206 E1878.60068
G0 F9000 X125.283 Y84.982
G1 F2100 X128.629 Y81.635 E1878.76596
G0 F9000 X128.629 Y81.041
G1 F2100 X124.913 Y84.758 E1878.94951
G0 F9000 X124.523 Y84.553
G1 F2100 X128.629 Y80.447 E1879.1523
G0 F9000 X128.629 Y79.853
G1 F2100 X124.114 Y84.369 E1879.37532
G0 F9000 X123.704 Y84.184
G1 F2100 X128.629 Y79.259 E1879.61856
G0 F9000 X128.629 Y78.665
G1 F2100 X123.294 Y84 E1879.88204
G0 F9000 X122.885 Y83.816
G1 F2100 X128.629 Y78.071 E1880.16576
G0 F9000 X128.629 Y77.477
G1 F2100 X122.432 Y83.674 E1880.47182
G0 F9000 X121.978 Y83.534
G1 F2100 X128.629 Y76.883 E1880.80031
G0 F9000 X128.629 Y76.289
G1 F2100 X121.524 Y83.394 E1881.15121
G0 F9000 X121.07 Y83.255
G1 F2100 X128.629 Y75.695 E1881.52457
G0 F9000 X128.629 Y75.101
G1 F2100 X120.585 Y83.146 E1881.92187
G0 F9000 X120.083 Y83.053
G1 F2100 X128.629 Y74.507 E1882.34395
G0 F9000 X128.629 Y73.913
G1 F2100 X119.581 Y82.962 E1882.79085
G0 F9000 X119.079 Y82.87
G1 F2100 X128.629 Y73.319 E1883.26253
G0 F9000 X128.629 Y72.725
G1 F2100 X118.525 Y82.829 E1883.76156
G0 F9000 X117.967 Y82.794
G1 F2100 X128.629 Y72.131 E1884.28817
G0 F9000 X128.629 Y71.537
G1 F2100 X117.408 Y82.759 E1884.84238
G0 F9000 X116.832 Y82.741
G1 F2100 X128.629 Y70.944 E1885.42502
G0 F9000 X128.629 Y70.35
G1 F2100 X116.2 Y82.778 E1886.03885
G0 F9000 X115.569 Y82.816
G1 F2100 X128.629 Y69.756 E1886.68387
G0 F9000 X128.688 Y69.103
G1 F2100 X114.938 Y82.853 E1887.36296
G0 F9000 X114.213 Y82.984
G1 F2100 X128.711 Y68.486 E1888.079
G0 F9000 X128.117 Y68.486
G1 F2100 X113.486 Y83.117 E1888.80161
G0 F9000 X112.714 Y83.295
G1 F2100 X127.523 Y68.486 E1889.53301
G0 F9000 X126.929 Y68.486
G1 F2100 X111.859 Y83.556 E1890.2773
G1 X111.785 Y83.63
G0 F9000 X110.983 Y83.838
G1 F2100 X126.335 Y68.486 E1891.03551
G0 F9000 X125.741 Y68.486
G1 F2100 X109.909 Y84.318 E1891.81744
G1 X109.835 Y84.392
G0 F9000 X108.693 Y84.94
G1 F2100 X125.148 Y68.486 E1892.6301
G0 F9000 X124.554 Y68.486
G1 F2100 X107.082 Y85.957 E1893.493
G1 X107.082 Y85.958
G1 X106.966 Y86.073 E1893.4987
G0 F9000 X106.684 Y85.762
G1 F2100 X123.96 Y68.486 E1894.35194
G0 F9000 X123.366 Y68.486
G1 F2100 X106.634 Y85.217 E1895.17829
G0 F9000 X106.634 Y84.623
G1 F2100 X122.772 Y68.486 E1895.9753
G0 F9000 X122.178 Y68.486
G1 F2100 X106.634 Y84.029 E1896.74298
G0 F9000 X106.634 Y83.435
G1 F2100 X121.584 Y68.486 E1897.48132
G0 F9000 X120.99 Y68.486
G1 F2100 X106.634 Y82.841 E1898.19032
G0 F9000 X106.634 Y82.247
G1 F2100 X120.396 Y68.486 E1898.86998
G0 F9000 X119.802 Y68.486
G1 F2100 X106.633 Y81.654 E1899.52036
G0 F9000 X106.633 Y81.06
G1 F2100 X119.208 Y68.486 E1900.1414
G0 F9000 X118.614 Y68.486
G1 F2100 X106.633 Y80.466 E1900.7331
G0 F9000 X106.633 Y79.872
G1 F2100 X118.02 Y68.486 E1901.29546
G0 F9000 X117.426 Y68.486
G1 F2100 X106.633 Y79.278 E1901.82849
G0 F9000 X106.633 Y78.684
G1 F2100 X116.832 Y68.486 E1902.33218
G0 F9000 X116.238 Y68.486
G1 F2100 X106.633 Y78.09 E1902.80654
G0 F9000 X106.633 Y77.497
G1 F2100 X115.644 Y68.486 E1903.25158
G0 F9000 X115.05 Y68.486
G1 F2100 X106.633 Y76.903 E1903.66729
G0 F9000 X106.633 Y76.309
G1 F2100 X114.456 Y68.486 E1904.05365
G0 F9000 X113.862 Y68.486
G1 F2100 X106.633 Y75.715 E1904.41069
G0 F9000 X106.633 Y75.121
G1 F2100 X113.268 Y68.486 E1904.73838
G0 F9000 X112.674 Y68.486
G1 F2100 X106.633 Y74.527 E1905.03674
G0 F9000 X106.633 Y73.933
G1 F2100 X112.08 Y68.486 E1905.30576
G0 F9000 X111.486 Y68.486
G1 F2100 X106.633 Y73.339 E1905.54544
G0 F9000 X106.633 Y72.745
G1 F2100 X110.892 Y68.486 E1905.75579
G0 F9000 X110.298 Y68.486
G1 F2100 X106.633 Y72.151 E1905.9368
G0 F9000 X106.633 Y71.557
G1 F2100 X109.704 Y68.486 E1906.08847
G0 F9000 X109.11 Y68.486
G1 F2100 X106.633 Y70.963 E1906.21081
G0 F9000 X106.633 Y70.369
G1 F2100 X108.516 Y68.486 E1906.30381
G0 F9000 X107.922 Y68.486
G1 F2100 X106.633 Y69.775 E1906.36747
G0 F9000 X106.594 Y69.22
G1 F2100 X107.328 Y68.486 E1906.40372
G0 F9000 X106.734 Y68.486
G1 F2100 X106.442 Y68.778 E1906.41814
G1 F1500 E1905.41814
G0 F9000 X128.969 Y68.593
G0 X187.795 Y68.593
G0 X187.795 Y89.319
G0 X171.795 Y127.319
G0 X132.019 Y127.319
G0 X132.019 Y106.593
G0 X133.72 Y101.696
G0 X133.073 Y95.01
G1 F1500 E1906.41814
G1 F2100 X137.68 Y90.404 E1906.64565
G0 F9000 X137.68 Y90.998
G1 F2100 X133.213 Y95.465 E1906.86627
G0 F9000 X133.311 Y95.96
G1 F2100 X137.68 Y91.592 E1907.08203
G0 F9000 X137.68 Y92.186
G1 F2100 X133.402 Y96.463 E1907.29329
G0 F9000 X133.494 Y96.965
G1 F2100 X137.68 Y92.78 E1907.5
G0 F9000 X137.68 Y93.374
G1 F2100 X133.583 Y97.47 E1907.70232
G0 F9000 X133.617 Y98.03
G1 F2100 X137.68 Y93.968 E1907.90297
G0 F9000 X137.68 Y94.562
G1 F2100 X133.651 Y98.59 E1908.10193
G0 F9000 X133.685 Y99.15
G1 F2100 X137.68 Y95.156 E1908.29921
G0 F9000 X137.68 Y95.75
G1 F2100 X133.692 Y99.737 E1908.49615
G0 F9000 X133.653 Y100.37
G1 F2100 X137.68 Y96.344 E1908.69501
G0 F9000 X137.68 Y96.937
G1 F2100 X133.613 Y101.004 E1908.89588
G0 F9000 X133.554 Y101.657
G1 F2100 X137.68 Y97.531 E1909.09966
G0 F9000 X137.68 Y98.125
G1 F2100 X133.42 Y102.385 E1909.31005
G0 F9000 X133.286 Y103.113
G1 F2100 X137.68 Y98.719 E1909.52707
G0 F9000 X137.68 Y99.313
G1 F2100 X133.091 Y103.902 E1909.75371
G1 X133.017 Y103.976
G0 F9000 X132.819 Y104.768
G1 F2100 X137.68 Y99.907 E1909.99379
G0 F9000 X137.68 Y100.501
G1 F2100 X132.5 Y105.681 E1910.24963
G0 F9000 X132.521 Y106.254
G1 F2100 X132.387 Y106.388 E1910.25624
G1 X132.521 Y106.254
G1 X137.68 Y101.095 E1910.51104
G0 F9000 X137.68 Y101.689
G1 F2100 X133.114 Y106.254 E1910.73652
G0 F9000 X133.708 Y106.254
G1 F2100 X137.68 Y102.283 E1910.93267
G0 F9000 X137.68 Y102.877
G1 F2100 X134.302 Y106.254 E1911.09948
G0 F9000 X134.896 Y106.254
G1 F2100 X137.68 Y103.471 E1911.23696
G0 F9000 X137.68 Y104.065
G1 F2100 X135.49 Y106.254 E1911.34509
G0 F9000 X136.084 Y106.254
G1 F2100 X137.68 Y104.659 E1911.42389
G0 F9000 X137.68 Y105.253
G1 F2100 X136.678 Y106.254 E1911.47336
G0 F9000 X137.272 Y106.254
G1 F2100 X137.68 Y105.847 E1911.49348
G1 F1500 E1910.49348
G0 F9000 X131.72 Y106.61
G0 X130.473 Y108.81
G0 X129.249 Y110.372
G0 X127.848 Y111.773
G0 X126.286 Y112.997
G0 X102.795 Y127.319
G0 X63.019 Y127.319
G0 X42.972 Y116.211
G1 F1500 E1911.49348
G1 F2100 X41.231 Y117.952 E1911.57947
G0 F9000 X41.231 Y117.358
G1 F2100 X42.405 Y116.184 E1911.63745
G0 F9000 X41.917 Y116.077
G1 F2100 X41.231 Y116.764 E1911.67136
G0 F9000 X41.231 Y116.17
G1 F2100 X41.497 Y115.904 E1911.68449
G1 F1500 E1910.68449
G0 F9000 X63.419 Y126.919
G0 X102.395 Y126.919
G0 X102.395 Y106.993
G0 X96.423 Y106.465
G1 F1500 E1911.68449
G1 F2100 X96.424 Y89.448 E1912.27878
G1 X103.843 Y89.449 E1912.53787
G1 X103.384 Y90.033 E1912.56382
G1 X102.347 Y91.734 E1912.63339
G1 X101.476 Y93.658 E1912.70714
G1 X100.918 Y95.451 E1912.77272
G1 X100.546 Y97.436 E1912.84325
G1 X100.419 Y99.468 E1912.91436
G1 X100.531 Y101.396 E1912.9818
G1 X100.888 Y103.392 E1913.05261
G1 X101.467 Y105.28 E1913.12158
G1 X101.994 Y106.464 E1913.16684
G1 X96.423 Y106.465 E1913.3614
G0 F9000 X101.476 Y105.818
G1 F2100 X101.041 Y106.254 E1913.38291
G0 F9000 X100.447 Y106.254
G1 F2100 X101.294 Y105.406 E1913.42476
G0 F9000 X101.148 Y104.959
G1 F2100 X99.853 Y106.254 E1913.48872
G0 F9000 X99.259 Y106.254
G1 F2100 X101.009 Y104.504 E1913.57515
G0 F9000 X100.87 Y104.049
G1 F2100 X98.665 Y106.254 E1913.68405
G0 F9000 X98.071 Y106.254
G1 F2100 X100.73 Y103.594 E1913.8154
G0 F9000 X100.623 Y103.108
G1 F2100 X97.477 Y106.254 E1913.97078
G0 F9000 X96.883 Y106.254
G1 F2100 X100.533 Y102.604 E1914.15105
G0 F9000 X100.443 Y102.099
G1 F2100 X96.633 Y105.91 E1914.33925
G0 F9000 X96.633 Y105.316
G1 F2100 X100.354 Y101.595 E1914.52302
G0 F9000 X100.3 Y101.055
G1 F2100 X96.633 Y104.722 E1914.70413
G0 F9000 X96.633 Y104.128
G1 F2100 X100.267 Y100.494 E1914.88361
G0 F9000 X100.235 Y99.932
G1 F2100 X96.633 Y103.534 E1915.06151
G0 F9000 X96.633 Y102.94
G1 F2100 X100.214 Y99.359 E1915.23837
G0 F9000 X100.253 Y98.726
G1 F2100 X96.633 Y102.346 E1915.41716
G0 F9000 X96.633 Y101.752
G1 F2100 X100.293 Y98.092 E1915.59792
G0 F9000 X100.332 Y97.459
G1 F2100 X96.633 Y101.158 E1915.78061
G0 F9000 X96.633 Y100.564
G1 F2100 X100.462 Y96.735 E1915.96972
G0 F9000 X100.6 Y96.003
G1 F2100 X96.633 Y99.97 E1916.16564
G0 F9000 X96.633 Y99.376
G1 F2100 X100.758 Y95.251 E1916.36937
G1 X100.832 Y95.177
G0 F9000 X101.025 Y94.39
G1 F2100 X96.633 Y98.782 E1916.58629
G0 F9000 X96.633 Y98.188
G1 F2100 X101.316 Y93.505 E1916.81757
G1 X101.39 Y93.431
G0 F9000 X101.803 Y92.424
G1 F2100 X96.633 Y97.594 E1917.07291
G0 F9000 X96.633 Y97
G1 F2100 X102.418 Y91.215 E1917.35863
G1 X102.492 Y91.141
G0 F9000 X103.048 Y89.992
G1 F2100 X96.633 Y96.406 E1917.67543
G0 F9000 X96.633 Y95.812
G1 F2100 X102.787 Y89.659 E1917.97935
G0 F9000 X103.048 Y89.991
G1 F2100 X103.381 Y89.658 E1917.99579
G0 F9000 X102.193 Y89.659
G1 F2100 X96.633 Y95.218 E1918.27037
G0 F9000 X96.633 Y94.625
G1 F2100 X101.599 Y89.659 E1918.51563
G0 F9000 X101.005 Y89.659
G1 F2100 X96.633 Y94.031 E1918.73156
G0 F9000 X96.633 Y93.437
G1 F2100 X100.411 Y89.659 E1918.91815
G0 F9000 X99.817 Y89.659
G1 F2100 X96.633 Y92.843 E1919.07541
G0 F9000 X96.633 Y92.249
G1 F2100 X99.223 Y89.659 E1919.20332
G0 F9000 X98.629 Y89.659
G1 F2100 X96.633 Y91.655 E1919.3019
G0 F9000 X96.633 Y91.061
G1 F2100 X98.035 Y89.659 E1919.37115
G0 F9000 X97.441 Y89.659
G1 F2100 X96.633 Y90.467 E1919.41105
G0 F9000 X96.633 Y89.873
G1 F2100 X96.847 Y89.659 E1919.42162
G0 F9000 X96.847 Y89.711
G1 F1500 E1918.42162
;MESH:NONMESH
G0 F600 X96.847 Y89.711 Z1
G0 F9000 X102.395 Y106.993
G0 X102.395 Y126.919
G0 X63.419 Y126.919
G0 X56.919 Y107.919
G0 X56.527 Y106.192
G0 X40.895 Y112.234
G0 X40.709 Y113.095
;TIME_ELAPSED:1893.937040
;LAYER:4
M204 S2000
;TYPE:WALL-INNER
;MESH:FacePlateCover.stl
G1 F1500 E1919.42162
G1 F3567.6 X40.682 Y113.564 E1919.439
G1 X40.709 Y114.033 E1919.45639
M204 S1000
G0 F9000 X40.707 Y114.081
M204 S2000
G1 F3666.5 X40.683 Y114.609 E1919.47542
G1 F3780 X40.684 Y142.475 E1920.44859
G1 X40.792 Y144.81 E1920.53022
G1 X41.111 Y147.077 E1920.61017
G1 X41.653 Y149.358 E1920.69205
G1 X42.385 Y151.525 E1920.77193
G1 X43.334 Y153.651 E1920.85323
G1 X44.468 Y155.663 E1920.93389
G1 X45.792 Y157.574 E1921.01508
G1 X47.262 Y159.316 E1921.09468
G1 X48.925 Y160.948 E1921.17606
G1 X50.712 Y162.398 E1921.25642
G1 X52.614 Y163.666 E1921.33626
G1 X54.635 Y164.752 E1921.41638
G1 X56.767 Y165.648 E1921.49714
G1 X58.945 Y166.329 E1921.57684
G1 X61.18 Y166.802 E1921.65662
G1 X63.463 Y167.063 E1921.73687
G1 X67.251 Y167.063 E1921.86916
G1 X67.251 Y130.135 E1923.1588
G1 X67.325 Y129.937 E1923.16618
G1 X67.446 Y129.777 E1923.17319
G1 X67.638 Y129.652 E1923.18119
G1 X67.803 Y129.604 E1923.18719
G1 X166.422 Y129.604 E1926.63127
G1 X166.665 Y129.652 E1926.63992
G1 X166.857 Y129.777 E1926.64793
G1 X166.978 Y129.937 E1926.65493
G1 X167.052 Y130.135 E1926.66231
G1 X167.052 Y167.063 E1927.95196
G1 X171.537 Y167.063 E1928.10859
G1 X173.82 Y166.802 E1928.18883
G1 X176.055 Y166.329 E1928.26862
G1 X178.234 Y165.648 E1928.34834
G1 X180.365 Y164.752 E1928.42908
G1 X182.386 Y163.666 E1928.5092
G1 X184.288 Y162.398 E1928.58903
G1 X186.075 Y160.948 E1928.6694
G1 X187.738 Y159.316 E1928.75077
G1 X189.208 Y157.574 E1928.83037
G1 X190.532 Y155.663 E1928.91156
G1 X191.666 Y153.651 E1928.99222
G1 X192.615 Y151.525 E1929.07353
G1 X193.347 Y149.359 E1929.15338
G1 X193.889 Y147.077 E1929.23529
G1 X194.207 Y144.81 E1929.31523
G1 X194.317 Y142.459 E1929.39743
G1 X194.317 Y114.609 E1930.37004
G1 F3551.7 X194.29 Y114.063 E1930.39036
G1 F3451.3 X194.035 Y114.635 E1930.41431
G1 F3666.5 X193.633 Y115.128 E1930.43721
G1 F3780 X193.185 Y115.443 E1930.45634
G1 X192.656 Y115.639 E1930.47604
G1 X192.11 Y115.689 E1930.49519
G1 X191.561 Y115.596 E1930.51463
G1 X191.116 Y115.403 E1930.53157
G1 X190.679 Y115.07 E1930.55076
G1 X190.361 Y114.654 E1930.56905
G1 X190.133 Y114.122 E1930.58926
G1 X190.062 Y113.608 E1930.60738
G1 X190.13 Y113.016 E1930.62819
G1 X190.347 Y112.497 E1930.64784
G1 X190.692 Y112.049 E1930.66758
G1 X191.116 Y111.725 E1930.68622
G1 X191.561 Y111.532 E1930.70316
G1 X192.11 Y111.439 E1930.72261
G1 X192.656 Y111.489 E1930.74175
G1 X193.183 Y111.684 E1930.76138
G1 X193.633 Y112.001 E1930.7806
G1 X193.989 Y112.431 E1930.8001
G1 F3666.5 X194.293 Y113.049 E1930.82489
G1 X194.317 Y112.522 E1930.84389
G1 F3780 X194.317 Y75.43 E1932.13926
G1 X194.223 Y74.224 E1932.1815
G1 X193.953 Y73.088 E1932.22228
G1 X193.508 Y72.003 E1932.26323
G1 X192.902 Y71.004 E1932.30404
G1 X192.159 Y70.125 E1932.34423
G1 X191.271 Y69.358 E1932.38521
G1 X190.291 Y68.751 E1932.42547
G1 X189.218 Y68.304 E1932.46606
G1 X188.096 Y68.03 E1932.5064
G1 X186.935 Y67.938 E1932.54707
G1 X48.048 Y67.939 E1937.39744
G1 X46.904 Y68.03 E1937.43752
G1 X45.782 Y68.304 E1937.47786
G1 X44.709 Y68.751 E1937.51845
G1 X43.728 Y69.358 E1937.55874
G1 X42.841 Y70.125 E1937.59969
G1 X42.098 Y71.004 E1937.63989
G1 X41.492 Y72.003 E1937.68069
G1 X41.047 Y73.088 E1937.72165
G1 X40.777 Y74.224 E1937.76242
G1 X40.683 Y75.43 E1937.80467
G1 X40.684 Y112.522 E1939.10004
G1 F3666.5 X40.707 Y113.047 E1939.11896
G1 X41.01 Y112.431 E1939.14367
G1 F3780 X41.367 Y112.001 E1939.16319
G1 X41.817 Y111.684 E1939.18242
G1 X42.344 Y111.488 E1939.20205
G1 X42.89 Y111.439 E1939.2212
G1 X43.439 Y111.532 E1939.24064
G1 X43.878 Y111.721 E1939.25733
G1 X44.327 Y112.063 E1939.27704
G1 X44.653 Y112.497 E1939.296
G1 X44.858 Y112.977 E1939.31423
G1 X44.939 Y113.527 E1939.33364
G1 X44.876 Y114.086 E1939.35329
G1 X44.666 Y114.607 E1939.37291
G1 X44.336 Y115.05 E1939.3922
G1 X43.884 Y115.403 E1939.41223
G1 X43.276 Y115.64 E1939.43502
G1 X42.73 Y115.689 E1939.45416
G1 X42.18 Y115.596 E1939.47364
G1 X41.677 Y115.364 E1939.49299
G1 X41.245 Y115.007 E1939.51256
G1 X41.011 Y114.697 E1939.52612
G1 F3666.5 X40.707 Y114.081 E1939.55085
M204 S1000
G1 F1500 E1938.55085
G0 F9000 X40.973 Y114.829
G0 X40.894 Y138.421
G0 X52.762 Y139.433
G0 X53.243 Y138.421
G1 F1500 E1939.55085
G0 F9000 X53.337 Y138.49
M204 S2000
G1 F3780 X53.951 Y137.641 E1939.58745
G1 X54.747 Y136.988 E1939.6234
G1 X55.671 Y136.553 E1939.65907
G1 X56.693 Y136.355 E1939.69542
G1 X57.726 Y136.423 E1939.73158
G1 X58.716 Y136.739 E1939.76787
G1 X59.59 Y137.298 E1939.8041
G1 X60.303 Y138.046 E1939.84019
G1 X60.803 Y138.96 E1939.87657
G1 X61.061 Y139.964 E1939.91278
G1 X61.061 Y140.989 E1939.94857
G1 X60.803 Y142.003 E1939.98511
G1 X60.303 Y142.916 E1940.02147
G1 X59.59 Y143.664 E1940.05755
G1 X58.712 Y144.219 E1940.09383
G1 X57.723 Y144.543 E1940.13017
G1 X56.714 Y144.607 E1940.16548
G1 X55.679 Y144.413 E1940.20226
G1 X54.735 Y143.966 E1940.23873
G1 X53.943 Y143.314 E1940.27456
G1 X53.326 Y142.461 E1940.31133
G1 X52.958 Y141.513 E1940.34684
G1 X52.82 Y140.481 E1940.3832
G1 X52.956 Y139.456 E1940.41931
G1 X53.337 Y138.49 E1940.45558
M204 S1000
G1 F1500 E1939.45558
G0 F9000 X53.243 Y138.421
G0 X54.84 Y137.144
G0 X57.762 Y136.235
G0 X63.739 Y127.302
G0 X96.087 Y106.801
M204 S2000
G1 F1500 E1940.45558
G1 F3780 X101.957 Y106.8 E1940.66057
G1 F3200.8 X102.525 Y107.009 E1940.68554
G1 X102.285 Y106.293 E1940.71668
G1 F3780 X101.794 Y105.192 E1940.75878
G1 X101.236 Y103.399 E1940.82436
G1 X100.876 Y101.46 E1940.89323
G1 X100.755 Y99.481 E1940.96248
G1 X100.877 Y97.497 E1941.03189
G1 X101.237 Y95.56 E1941.1007
G1 X101.821 Y93.698 E1941.16885
G1 X102.629 Y91.916 E1941.23718
G1 X103.641 Y90.251 E1941.30523
G1 X104.533 Y89.112 E1941.35575
G1 X96.088 Y89.112 E1941.65068
G1 X96.087 Y106.801 E1942.26843
M204 S1000
G1 F1500 E1941.26843
G0 F9000 X96.198 Y106.55
G0 X102.395 Y106.993
G0 X102.395 Y126.919
G0 X63.419 Y126.919
G0 X63.419 Y107.919
G0 X56.919 Y107.919
G0 X56.545 Y89.293
G0 X47.869 Y88.919
G1 F1500 E1942.26843
G0 F9000 X47.78 Y88.828
M204 S2000
G1 F3780 X47.677 Y88.559 E1942.27849
G1 X47.677 Y69.431 E1942.9465
G1 X47.74 Y69.156 E1942.95635
G1 X48.173 Y68.801 E1942.97591
G1 X105.457 Y68.801 E1944.97644
G1 X105.835 Y68.927 E1944.99036
G1 X106.039 Y69.188 E1945.00193
G1 X106.087 Y69.431 E1945.01058
G1 X106.088 Y87.448 E1945.63979
G1 X107.789 Y86.122 E1945.71511
G1 X109.46 Y85.118 E1945.78319
G1 X111.246 Y84.318 E1945.85153
G1 X113.11 Y83.743 E1945.91966
G1 X114.994 Y83.397 E1945.98655
G1 X116.957 Y83.279 E1946.05523
G1 X118.941 Y83.401 E1946.12465
G1 X120.878 Y83.761 E1946.19345
G1 X122.739 Y84.345 E1946.26157
G1 X124.521 Y85.153 E1946.3299
G1 X126.192 Y86.168 E1946.39818
G1 X127.676 Y87.329 E1946.46398
G1 F3583.7 X128.95 Y88.565 E1946.52937
G1 F3131.4 X129.155 Y88.72 E1946.5402
G1 F3076.7 X129.166 Y87.751 E1946.58178
G1 F3512.4 X129.177 Y86.782 E1946.6182
G1 F3780 X129.177 Y69.431 E1947.22415
G1 X129.225 Y69.188 E1947.2328
G1 X129.429 Y68.927 E1947.24437
G1 X129.716 Y68.801 E1947.25532
G1 X187.089 Y68.801 E1949.25896
G1 X187.467 Y69.059 E1949.27495
G1 X187.587 Y69.431 E1949.2886
G1 X187.587 Y88.567 E1949.95689
G1 X187.484 Y88.828 E1949.96669
G1 X187.336 Y88.986 E1949.97425
G1 X187.024 Y89.108 E1949.98595
G1 X177.587 Y89.111 E1950.31552
G1 X177.586 Y107.53 E1950.95876
G1 X177.541 Y107.72 E1950.96558
G1 X177.319 Y107.998 E1950.97801
G1 X177.036 Y108.107 E1950.9886
G1 X171.587 Y108.111 E1951.1789
G1 X171.586 Y126.524 E1951.82194
G1 X171.539 Y126.725 E1951.82914
G1 X171.357 Y126.969 E1951.83977
G1 X171.038 Y127.111 E1951.85197
G1 X132.857 Y127.111 E1953.18537
G1 X132.614 Y127.063 E1953.19402
G1 X132.422 Y126.938 E1953.20202
G1 X132.301 Y126.778 E1953.20903
G1 X132.227 Y126.58 E1953.21641
G1 X132.23 Y107.365 E1953.88746
G1 X132.282 Y107.171 E1953.89447
G1 X132.493 Y106.916 E1953.90603
G1 X132.857 Y106.801 E1953.91936
G1 X138.227 Y106.801 E1954.1069
G1 X138.227 Y89.111 E1954.72469
G1 X129.807 Y89.111 E1955.01874
G1 F3356.4 X129.349 Y88.988 E1955.03739
G1 X129.643 Y89.447 E1955.05883
G1 F3780 X130.316 Y90.314 E1955.09716
G1 X131.318 Y91.98 E1955.16506
G1 X132.122 Y93.773 E1955.23368
G1 X132.697 Y95.636 E1955.30177
G1 X133.046 Y97.572 E1955.37047
G1 X133.161 Y99.481 E1955.43726
G1 X133.037 Y101.466 E1955.50672
G1 X132.691 Y103.356 E1955.57382
G1 X132.095 Y105.261 E1955.64353
G1 X131.283 Y107.049 E1955.71211
G1 X130.27 Y108.716 E1955.78023
G1 X129.058 Y110.257 E1955.8487
G1 X127.676 Y111.633 E1955.91681
G1 X126.129 Y112.837 E1955.98527
G1 X124.458 Y113.842 E1956.05336
G1 X122.665 Y114.646 E1956.12199
G1 X120.802 Y115.221 E1956.19008
G1 X118.937 Y115.562 E1956.25629
G1 X116.957 Y115.684 E1956.32557
G1 X114.972 Y115.561 E1956.39502
G1 X113.038 Y115.203 E1956.46371
G1 X111.177 Y114.619 E1956.53183
G1 X109.39 Y113.807 E1956.60038
G1 X107.727 Y112.797 E1956.66833
G1 X106.178 Y111.578 E1956.73717
G1 X104.805 Y110.2 E1956.8051
G1 X103.644 Y108.716 E1956.8709
G1 F3559.6 X102.801 Y107.379 E1956.92952
G1 F3047.2 X102.619 Y107.174 E1956.94139
G1 F2984.2 X102.604 Y108.055 E1956.98037
G1 F3474 X102.588 Y108.936 E1957.01385
G1 F3780 X102.587 Y126.58 E1957.63004
G1 X102.513 Y126.778 E1957.63742
G1 X102.392 Y126.938 E1957.64443
G1 X102.2 Y127.063 E1957.65243
G1 X102.035 Y127.111 E1957.65843
G1 X63.776 Y127.111 E1958.99455
G1 X63.495 Y126.997 E1959.00514
G1 X63.287 Y126.752 E1959.01637
G1 X63.229 Y126.543 E1959.02394
G1 X63.227 Y108.111 E1959.66764
G1 X57.291 Y108.108 E1959.87495
G1 X56.986 Y107.991 E1959.88636
G1 X56.803 Y107.782 E1959.89606
G1 X56.73 Y107.552 E1959.90449
G1 X56.727 Y89.111 E1960.5485
G1 X48.24 Y89.108 E1960.8449
G1 X47.928 Y88.985 E1960.85661
G1 X47.78 Y88.828 E1960.86414
M204 S1000
G1 F1500 E1959.86414
G0 F9000 X47.567 Y88.584
G0 X56.545 Y89.293
G0 X56.919 Y107.919
G0 X63.419 Y107.919
G0 X63.419 Y126.919
G0 X102.395 Y126.919
G0 X102.395 Y106.993
G1 F1500 E1960.86414
G0 F9000 X102.525 Y107.009
M204 S2000
G1 F2780.4 X102.619 Y107.174 E1960.87316
M204 S1000
G1 F1500 E1959.87316
G0 F9000 X102.771 Y107.631
G0 X104.68 Y110.358
G0 X106.081 Y111.758
G0 X107.64 Y112.98
G0 X109.334 Y114.005
G0 X111.141 Y114.818
G0 X113.032 Y115.407
G0 X114.98 Y115.764
G0 X116.957 Y115.885
G0 X118.934 Y115.764
G0 X120.882 Y115.407
G0 X122.773 Y114.818
G0 X124.58 Y114.005
G0 X126.274 Y112.98
G0 X127.834 Y111.758
G0 X129.234 Y110.358
G0 X130.456 Y108.798
G0 X131.481 Y107.104
G0 X132.294 Y105.297
G0 X132.883 Y103.406
G0 X133.24 Y101.458
G0 X133.361 Y99.481
G0 X133.24 Y97.504
G0 X132.883 Y95.556
G0 X132.294 Y93.665
G0 X131.572 Y92.056
G0 X128.884 Y88.376
G1 F1500 E1960.87316
G0 F9000 X129.155 Y88.72
M204 S2000
G1 F2956.4 X129.349 Y88.988 E1960.88793
M204 S1000
G1 F1500 E1959.88793
G0 F9000 X129.748 Y89.402
G0 X138.045 Y89.293
G0 X138.419 Y106.993
G0 X132.419 Y106.993
G0 X132.419 Y126.919
G0 X171.395 Y126.919
G0 X171.395 Y107.919
G0 X177.395 Y107.919
G0 X190.518 Y111.92
G0 X194.291 Y113.095
M204 S2000
G1 F1500 E1960.88793
G1 F3567.6 X194.318 Y113.564 E1960.90531
G1 F3559.6 X194.29 Y114.063 E1960.92385
M204 S1000
G0 F9000 X194.207 Y114.894
G0 X193.166 Y115.255
G0 X192.19 Y115.518
G0 X191.023 Y115.584
G0 X189.957 Y113.65
G0 X190.481 Y113.579
M204 S2000
;TYPE:WALL-OUTER
G1 F2640 X190.533 Y113.138 E1960.93936
G1 X190.71 Y112.708 E1960.9556
G1 X190.984 Y112.351 E1960.97131
G1 X191.332 Y112.085 E1960.98661
G1 X191.777 Y111.905 E1961.00337
G1 X192.217 Y111.856 E1961.01884
G1 X192.658 Y111.92 E1961.0344
G1 X193.068 Y112.099 E1961.05002
G1 X193.379 Y112.335 E1961.06366
G1 X193.682 Y112.733 E1961.08112
G1 X193.849 Y113.151 E1961.09684
G1 X193.898 Y113.537 E1961.11043
G1 X193.848 Y113.987 E1961.12624
G1 X193.681 Y114.398 E1961.14174
G1 X193.42 Y114.753 E1961.15713
G1 X193.069 Y115.029 E1961.17272
G1 X192.603 Y115.223 E1961.19035
G1 X192.163 Y115.272 E1961.20581
G1 X191.777 Y115.223 E1961.2194
G1 X191.332 Y115.043 E1961.23616
G1 X190.974 Y114.767 E1961.25195
G1 X190.715 Y114.428 E1961.26685
G1 X190.537 Y114.008 E1961.28278
G1 X190.481 Y113.579 E1961.29789
M204 S1000
G0 F9000 X190.504 Y113.381
G1 F1500 E1960.29789
G0 F9000 X189.98 Y113.312
G0 X177.717 Y107.791
G0 X129.597 Y88.537
M204 S2000
G1 F1500 E1961.29789
G1 F2640 X129.597 Y69.37 E1961.96726
G1 X129.681 Y69.263 E1961.97201
G1 X129.77 Y69.223 E1961.97542
G1 X187.01 Y69.226 E1963.97442
G1 X187.127 Y69.307 E1963.97939
G1 X187.167 Y69.431 E1963.98394
G1 X187.163 Y88.523 E1964.65069
G1 X187.084 Y88.65 E1964.65591
G1 X186.98 Y88.69 E1964.6598
G1 X177.167 Y88.691 E1965.00251
G1 X177.167 Y107.535 E1965.6606
G1 X177.098 Y107.638 E1965.66493
G1 X176.984 Y107.69 E1965.6693
G1 X171.167 Y107.691 E1965.87245
G1 X171.166 Y126.509 E1966.52963
G1 X171.101 Y126.635 E1966.53459
G1 X170.993 Y126.689 E1966.5388
G1 X132.857 Y126.691 E1967.87063
G1 X132.712 Y126.634 E1967.87607
G1 X132.652 Y126.528 E1967.88033
G1 X132.648 Y107.365 E1968.54956
G1 X132.735 Y107.259 E1968.55435
G1 X132.857 Y107.221 E1968.55881
G1 X138.647 Y107.221 E1968.76101
G1 X138.647 Y88.691 E1969.40814
G1 X129.807 Y88.691 E1969.71686
G1 X129.666 Y88.637 E1969.72213
G1 X129.597 Y88.537 E1969.72638
M204 S1000
G0 F9000 X129.597 Y88.337
G1 F1500 E1968.72638
G0 F9000 X129.067 Y88.281
G0 X126.274 Y85.982
G0 X124.58 Y84.957
G0 X122.773 Y84.145
G0 X120.882 Y83.555
G0 X118.933 Y83.198
G0 X116.957 Y83.078
G0 X114.981 Y83.198
G0 X113.032 Y83.555
G0 X111.141 Y84.145
G0 X109.334 Y84.957
G0 X107.64 Y85.982
G0 X106.333 Y87.489
G0 X105.895 Y68.993
G0 X47.869 Y68.993
G0 X47.869 Y88.919
G1 F1500 E1969.72638
G0 F9000 X48.18 Y88.649
M204 S2000
G1 F2640 X48.1 Y88.518 E1969.73174
G1 X48.097 Y69.356 E1970.40094
G1 X48.254 Y69.227 E1970.40803
G1 X105.457 Y69.221 E1972.40574
G1 X105.583 Y69.263 E1972.41038
G1 X105.667 Y69.37 E1972.41513
G1 X105.668 Y87.347 E1973.04294
G1 F2758.2 X105.649 Y88.481 E1973.08085
G1 F2850.4 X105.615 Y88.569 E1973.0839
G1 F2724.3 X106.494 Y87.664 E1973.1266
G1 F2640 X108.007 Y86.482 E1973.19365
G1 X109.632 Y85.501 E1973.25994
G1 X111.371 Y84.719 E1973.32653
G1 X113.186 Y84.156 E1973.3929
G1 X115.056 Y83.813 E1973.45929
G1 X116.97 Y83.699 E1973.52625
G1 X118.865 Y83.814 E1973.59255
G1 X120.753 Y84.162 E1973.6596
G1 X122.567 Y84.728 E1973.72596
G1 X124.304 Y85.513 E1973.79253
G1 X125.933 Y86.499 E1973.85903
G1 X127.436 Y87.677 E1973.92572
G1 X128.774 Y89.018 E1973.99188
G1 X129.956 Y90.531 E1974.05893
G1 X130.935 Y92.153 E1974.12509
G1 X131.721 Y93.898 E1974.19193
G1 X132.284 Y95.712 E1974.25826
G1 X132.627 Y97.597 E1974.32517
G1 X132.741 Y99.481 E1974.39109
G1 X132.624 Y101.39 E1974.45788
G1 X132.282 Y103.26 E1974.52427
G1 X131.712 Y105.088 E1974.59114
G1 X130.935 Y106.809 E1974.65709
G1 X129.939 Y108.457 E1974.72433
G1 X128.761 Y109.96 E1974.79102
G1 X127.417 Y111.302 E1974.85735
G1 X125.912 Y112.477 E1974.92403
G1 X124.285 Y113.459 E1974.9904
G1 X122.54 Y114.245 E1975.05724
G1 X120.726 Y114.808 E1975.12357
G1 X118.841 Y115.151 E1975.19048
G1 X116.944 Y115.264 E1975.25685
G1 X115.048 Y115.148 E1975.32319
G1 X113.163 Y114.802 E1975.39012
G1 X111.35 Y114.236 E1975.45645
G1 X109.607 Y113.447 E1975.52326
G1 X107.986 Y112.466 E1975.58943
G1 X106.475 Y111.281 E1975.65649
G1 X105.136 Y109.941 E1975.72265
G1 X103.961 Y108.436 E1975.78933
G1 X102.977 Y106.806 E1975.85582
G1 X102.195 Y105.067 E1975.92241
G1 X101.632 Y103.252 E1975.98878
G1 X101.287 Y101.364 E1976.0558
G1 X101.175 Y99.468 E1976.12213
G1 X101.29 Y97.573 E1976.18844
G1 X101.638 Y95.685 E1976.25548
G1 X102.204 Y93.871 E1976.32184
G1 X102.989 Y92.134 E1976.38841
G1 X103.972 Y90.51 E1976.45471
G1 X105.157 Y88.999 E1976.52177
G1 F2821.4 X105.587 Y88.611 E1976.5407
G1 F2887.5 X105.417 Y88.692 E1976.54671
G1 F2697.8 X95.668 Y88.692 E1976.87988
G1 F2640 X95.667 Y107.221 E1977.52697
G1 X101.957 Y107.22 E1977.74664
G1 X102.126 Y107.305 E1977.75324
G1 X102.167 Y107.374 E1977.75605
G1 X102.162 Y126.528 E1978.42496
G1 X102.102 Y126.634 E1978.42922
G1 X101.994 Y126.688 E1978.43343
G1 X63.817 Y126.688 E1979.76669
G1 X63.679 Y126.594 E1979.77253
G1 X63.647 Y126.502 E1979.77593
G1 X63.647 Y107.691 E1980.43287
G1 X57.276 Y107.69 E1980.65536
G1 X57.152 Y107.531 E1980.6624
G1 X57.147 Y88.691 E1981.32036
G1 X48.284 Y88.69 E1981.62988
G1 X48.18 Y88.649 E1981.63378
M204 S1000
G0 F9000 X48.1 Y88.518
G0 X48.1 Y88.471
G1 F1500 E1980.63378
G0 F9000 X47.567 Y88.471
G0 X48.026 Y89.253
G0 X40.893 Y89.253
G0 X41.102 Y113.537
M204 S2000
G1 F1500 E1981.63378
G1 F2640 X41.151 Y113.151 E1981.64737
G1 X41.344 Y112.686 E1981.66495
G1 X41.621 Y112.335 E1981.68057
G1 X41.932 Y112.098 E1981.69423
G1 X42.397 Y111.905 E1981.71181
G1 X42.837 Y111.856 E1981.72727
G1 X43.223 Y111.905 E1981.74086
G1 X43.666 Y112.084 E1981.75754
G1 X44.015 Y112.35 E1981.77287
G1 X44.29 Y112.708 E1981.78863
G1 X44.464 Y113.124 E1981.80438
G1 X44.519 Y113.551 E1981.81942
G1 X44.464 Y114.004 E1981.83535
G1 X44.294 Y114.412 E1981.85079
G1 X44.013 Y114.78 E1981.86696
G1 X43.668 Y115.043 E1981.88211
G1 X43.223 Y115.223 E1981.89887
G1 X42.783 Y115.272 E1981.91433
G1 X42.342 Y115.208 E1981.9299
G1 X41.931 Y115.029 E1981.94555
G1 X41.58 Y114.753 E1981.96115
G1 X41.319 Y114.398 E1981.97653
G1 X41.151 Y113.977 E1981.99236
G1 X41.102 Y113.537 E1982.00783
M204 S1000
G0 F9000 X41.127 Y113.339
G1 F1500 E1981.00783
G0 F9000 X40.831 Y113.299
G0 X40.483 Y138.495
G0 X52.762 Y139.433
G0 X53.21 Y138.495
G1 F1500 E1982.00783
G0 F9000 X53.705 Y138.693
M204 S2000
G1 F2640 X54.248 Y137.945 E1982.04011
G1 X54.959 Y137.355 E1982.07237
G1 X55.79 Y136.961 E1982.10449
G1 X56.71 Y136.779 E1982.13724
G1 X57.65 Y136.836 E1982.17013
G1 X58.524 Y137.119 E1982.20221
G1 X59.324 Y137.623 E1982.23523
G1 X59.962 Y138.298 E1982.26767
G1 X60.409 Y139.114 E1982.30016
G1 X60.641 Y140.017 E1982.33272
G1 X60.641 Y140.945 E1982.36513
G1 X60.409 Y141.849 E1982.39772
G1 X59.962 Y142.664 E1982.43019
G1 X59.324 Y143.339 E1982.46262
G1 X58.535 Y143.838 E1982.49523
G1 X57.641 Y144.127 E1982.52804
G1 X56.721 Y144.184 E1982.56023
G1 X55.835 Y144.016 E1982.59172
G1 X54.972 Y143.615 E1982.62496
G1 X54.253 Y143.023 E1982.65748
G1 X53.707 Y142.274 E1982.68985
G1 X53.361 Y141.404 E1982.72255
G1 X53.245 Y140.481 E1982.75504
G1 X53.363 Y139.56 E1982.78746
G1 X53.705 Y138.693 E1982.82001
M204 S1000
G0 F9000 X53.822 Y138.532
G1 F1500 E1981.82001
G0 F9000 X53.39 Y138.219
G0 X52.629 Y140.483
G0 X40.894 Y140.483
G0 X40.264 Y142.485
M204 S2000
G1 F1500 E1982.82001
G1 F2640 X40.374 Y144.849 E1982.90266
G1 X40.698 Y147.155 E1982.98398
G1 X41.249 Y149.474 E1983.06723
G1 X41.993 Y151.678 E1983.14846
G1 X42.958 Y153.84 E1983.23115
G1 X44.112 Y155.886 E1983.31318
G1 X45.458 Y157.83 E1983.39576
G1 X46.954 Y159.602 E1983.47675
G1 X48.645 Y161.262 E1983.5595
G1 X50.462 Y162.736 E1983.64121
G1 X52.398 Y164.026 E1983.72246
G1 X54.454 Y165.132 E1983.80399
G1 X56.623 Y166.043 E1983.88615
G1 X58.839 Y166.736 E1983.96723
G1 X61.112 Y167.217 E1984.04837
G1 X63.439 Y167.483 E1984.13016
G1 X67.671 Y167.483 E1984.27796
G1 X67.676 Y130.187 E1985.58045
G1 X67.736 Y130.081 E1985.58471
G1 X67.844 Y130.027 E1985.58892
G1 X166.422 Y130.024 E1989.03158
G1 X166.567 Y130.081 E1989.03702
G1 X166.627 Y130.187 E1989.04127
G1 X166.632 Y167.483 E1990.34377
G1 X171.561 Y167.483 E1990.5159
G1 X173.888 Y167.217 E1990.5977
G1 X176.161 Y166.736 E1990.67884
G1 X178.378 Y166.043 E1990.75995
G1 X180.546 Y165.132 E1990.84208
G1 X182.602 Y164.026 E1990.92361
G1 X184.538 Y162.736 E1991.00486
G1 X186.355 Y161.262 E1991.08657
G1 X188.046 Y159.602 E1991.16932
G1 X189.542 Y157.83 E1991.25031
G1 X190.888 Y155.886 E1991.33289
G1 X192.042 Y153.84 E1991.41492
G1 X193.007 Y151.678 E1991.4976
G1 X193.751 Y149.475 E1991.57881
G1 X194.302 Y147.155 E1991.66208
G1 X194.626 Y144.849 E1991.74341
G1 X194.737 Y142.469 E1991.82662
G1 X194.737 Y75.414 E1994.16839
G1 X194.639 Y74.159 E1994.21235
G1 X194.354 Y72.959 E1994.25542
G1 X193.884 Y71.813 E1994.29868
G1 X193.244 Y70.758 E1994.34177
G1 X192.459 Y69.829 E1994.38425
G1 X191.521 Y69.018 E1994.42755
G1 X190.483 Y68.376 E1994.47018
G1 X189.35 Y67.904 E1994.51304
G1 X188.163 Y67.614 E1994.55571
G1 X186.951 Y67.518 E1994.59817
G1 X48.049 Y67.518 E1999.44907
G1 X46.837 Y67.614 E1999.49153
G1 X45.65 Y67.904 E1999.5342
G1 X44.517 Y68.376 E1999.57706
G1 X43.479 Y69.018 E1999.61969
G1 X42.541 Y69.829 E1999.66299
G1 X41.756 Y70.758 E1999.70547
G1 X41.116 Y71.813 E1999.74856
G1 X40.646 Y72.959 E1999.79182
G1 X40.361 Y74.159 E1999.83489
G1 X40.263 Y75.414 E1999.87885
G1 X40.264 Y142.485 E2002.22118
M204 S1000
G0 F9000 X40.273 Y142.684
G1 F1500 E2001.22118
G0 F9000 X40.803 Y142.659
G0 X40.881 Y114.854
G0 X42.705 Y115.858
G0 X44.818 Y114.7
G0 X44.801 Y112.411
G0 X42.915 Y111.27
G0 X40.881 Y112.275
G0 X40.854 Y75.437
G0 X40.946 Y74.251
G0 X41.209 Y73.14
G0 X41.645 Y72.08
G0 X42.237 Y71.104
G0 X42.963 Y70.245
G0 X43.83 Y69.496
G0 X44.788 Y68.903
G0 X45.835 Y68.466
G0 X46.931 Y68.199
G0 X187.158 Y68.068
G1 F1500 E2002.22118
G0 F9000 X187.134 Y68.377
;TYPE:SKIN
G1 F1462.7 X186.922 Y68.37 E2002.23182
G1 F1443.5 X158.286 Y68.371 E2003.68666
G1 F1438.8 X129.65 Y68.372 E2005.14628
G1 F1500 E2004.14628
G0 F9000 X129.707 Y68.691
G0 X129.006 Y69.434
G0 X128.982 Y88.355
G0 X124.523 Y84.962
G0 X118.975 Y83.233
G0 X113.081 Y83.574
G0 X110.345 Y84.723
G0 X106.563 Y86.937
G1 F1500 E2005.14628
G0 F9000 X106.425 Y86.759
G1 F2100 X106.423 Y69.439 E2005.75114
G1 X106.361 Y69.1 E2005.76318
G1 F1872.6 X106.058 Y68.677 E2005.78356
G1 F1539.3 X105.541 Y68.378 E2005.81201
G1 F1689.7 X106.034 Y68.276 E2005.83386
G1 F2100 X129.197 Y68.276 E2006.64279
G1 F1706 X129.651 Y68.372 E2006.66274
G1 X129.192 Y68.698 E2006.68694
G1 F2100 X128.944 Y69.014 E2006.70097
G1 X128.845 Y69.397 E2006.71478
G1 X128.841 Y88.014 E2007.36495
G1 X127.976 Y87.145 E2007.40777
G1 X126.403 Y85.905 E2007.47772
G1 X124.614 Y84.824 E2007.55072
G1 X122.781 Y84.001 E2007.62089
G1 X120.894 Y83.419 E2007.68985
G1 X118.999 Y83.07 E2007.75714
G1 X116.97 Y82.943 E2007.82814
G1 X114.951 Y83.064 E2007.89878
G1 X113.044 Y83.413 E2007.96648
G1 X111.156 Y83.992 E2008.03545
G1 X109.304 Y84.819 E2008.10628
G1 X107.621 Y85.832 E2008.17488
G1 X106.425 Y86.759 E2008.22773
G1 F1500 E2007.22773
G0 F9000 X106.563 Y86.937
G0 X105.895 Y68.993
G1 F1500 E2008.22773
G0 F9000 X105.541 Y68.378
G1 F1429.5 X105.443 Y68.37 E2008.23277
G1 F1443.5 X48.105 Y68.373 E2011.14582
G1 F1500 E2010.14582
G0 F9000 X48.16 Y68.691
G0 X47.896 Y88.93
G0 X40.483 Y88.891
G0 X41.02 Y115.233
G1 F1500 E2011.14582
G1 F2100 X41.178 Y115.407 E2011.15403
G1 X41.692 Y115.758 E2011.17576
G1 X42.041 Y115.903 E2011.18896
G1 X42.698 Y116.024 E2011.21229
G1 X43.437 Y115.963 E2011.23819
G1 X44.058 Y115.69 E2011.26188
G1 X44.587 Y115.274 E2011.28538
G1 X44.965 Y114.775 E2011.30724
G1 X45.201 Y114.17 E2011.32992
G1 X45.28 Y113.582 E2011.35064
G1 X45.187 Y112.89 E2011.37503
G1 X44.944 Y112.328 E2011.39641
G1 X44.573 Y111.83 E2011.4181
G1 X44.065 Y111.444 E2011.44038
G1 X43.583 Y111.226 E2011.45885
G1 X42.922 Y111.104 E2011.48233
G1 X42.289 Y111.155 E2011.5045
G1 X41.657 Y111.391 E2011.52806
G1 X41.177 Y111.722 E2011.54843
G1 X41.021 Y111.896 E2011.55659
G1 X41.019 Y75.431 E2012.83006
G1 X41.11 Y74.288 E2012.8701
G1 X41.369 Y73.192 E2012.90943
G1 X41.797 Y72.152 E2012.94871
G1 X42.374 Y71.199 E2012.98762
G1 X43.079 Y70.365 E2013.02575
G1 X43.932 Y69.627 E2013.06514
G1 X44.865 Y69.05 E2013.10346
G1 X45.888 Y68.624 E2013.14216
G1 F1968.7 X47.061 Y68.338 E2013.18713
G1 F1743.1 X47.937 Y68.342 E2013.22399
G1 F1621.3 X48.081 Y68.369 E2013.23062
G1 F1680 X47.444 Y68.995 E2013.2696
G1 F1925.8 X47.346 Y69.394 E2013.28525
G1 F2100 X47.344 Y88.63 E2013.95703
G1 X47.501 Y89.015 E2013.97155
G1 X47.725 Y89.252 E2013.98294
G1 X47.975 Y89.389 E2013.9929
G1 X48.205 Y89.442 E2014.00114
G1 X56.391 Y89.447 E2014.28702
G1 X56.395 Y107.538 E2014.91882
G1 X56.51 Y107.945 E2014.93359
G1 X56.705 Y108.194 E2014.94463
G1 X57.003 Y108.379 E2014.95688
G1 X57.252 Y108.442 E2014.96585
G1 X62.891 Y108.447 E2015.16278
G1 X62.891 Y126.528 E2015.79423
G1 X62.984 Y126.897 E2015.80752
G1 X63.126 Y127.114 E2015.81657
G1 X63.385 Y127.322 E2015.82817
G1 X63.706 Y127.443 E2015.84015
G1 X102.084 Y127.445 E2017.18043
G1 X102.362 Y127.356 E2017.19063
G1 X102.594 Y127.204 E2017.20031
G1 X102.791 Y126.963 E2017.21119
G1 X102.923 Y126.64 E2017.22337
G1 X102.924 Y108.176 E2017.86819
G1 X103.372 Y108.914 E2017.89834
G1 X104.608 Y110.486 E2017.96818
G1 X105.931 Y111.81 E2018.03355
G1 X107.516 Y113.06 E2018.10404
G1 X109.297 Y114.136 E2018.17671
G1 X111.135 Y114.962 E2018.24708
G1 X112.931 Y115.522 E2018.31278
G1 X114.906 Y115.891 E2018.38295
G1 X116.893 Y116.019 E2018.45248
G1 X118.874 Y115.906 E2018.52178
G1 X120.866 Y115.552 E2018.59244
G1 X122.754 Y114.972 E2018.66141
G1 X124.613 Y114.14 E2018.73254
G1 X126.298 Y113.126 E2018.80122
G1 X127.905 Y111.878 E2018.87228
G1 X129.356 Y110.429 E2018.94389
G1 X130.528 Y108.933 E2019.01026
G1 F2188.6 X131.534 Y107.25 E2019.07596
G1 F2371 X131.658 Y106.958 E2019.08578
G1 F2279.1 X131.914 Y106.468 E2019.10357
G1 F2110 X132.397 Y105.408 E2019.14405
G1 F2100 X132.999 Y103.504 E2019.21379
G1 X133.368 Y101.529 E2019.28396
G1 X133.497 Y99.495 E2019.35513
G1 X133.372 Y97.464 E2019.4262
G1 X133.027 Y95.57 E2019.49343
G1 X132.441 Y93.665 E2019.56303
G1 X131.575 Y91.749 E2019.63647
G1 X130.591 Y90.122 E2019.70287
G1 X130.07 Y89.448 E2019.73262
G1 X137.891 Y89.447 E2020.00575
G1 X137.891 Y106.465 E2020.60008
G1 X132.836 Y106.465 E2020.77661
G1 X132.358 Y106.615 E2020.79411
G1 F2110 X132.26 Y106.683 E2020.79825
G1 F2285 X132.004 Y107.051 E2020.81264
G1 F2390.2 X131.915 Y107.332 E2020.82169
G1 F2199.5 X131.894 Y109.292 E2020.88704
G1 F2100 X131.891 Y126.64 E2021.49289
G1 X132.022 Y126.963 E2021.50506
G1 X132.166 Y127.155 E2021.51344
G1 X132.452 Y127.355 E2021.52563
G1 X132.824 Y127.444 E2021.53899
G1 X170.983 Y127.445 E2022.87162
G1 X171.269 Y127.395 E2022.88176
G1 X171.587 Y127.21 E2022.89461
G1 X171.84 Y126.873 E2022.90933
G1 X171.922 Y126.546 E2022.9211
G1 X171.923 Y108.447 E2023.55317
G1 X177.084 Y108.439 E2023.73341
G1 X177.411 Y108.336 E2023.74538
G1 X177.6 Y108.202 E2023.75348
G1 X177.842 Y107.866 E2023.76794
G1 X177.919 Y107.571 E2023.77858
G1 X177.923 Y89.447 E2024.41153
G1 X187.061 Y89.442 E2024.73066
G1 X187.29 Y89.389 E2024.73887
G1 X187.538 Y89.255 E2024.74871
G1 X187.74 Y89.043 E2024.75894
G1 X187.92 Y88.62 E2024.77499
G1 X187.924 Y69.444 E2025.44468
G1 X187.754 Y68.879 E2025.46528
G1 F1938.5 X187.15 Y68.362 E2025.49536
G1 F1829.9 X187.969 Y68.346 E2025.52819
G1 F1973.2 X189.112 Y68.624 E2025.57192
G1 F2100 X190.135 Y69.05 E2025.61062
G1 X191.068 Y69.627 E2025.64893
G1 X191.921 Y70.365 E2025.68832
G1 X192.626 Y71.199 E2025.72646
G1 X193.203 Y72.152 E2025.76536
G1 X193.631 Y73.193 E2025.80467
G1 X193.89 Y74.288 E2025.84397
G1 X193.981 Y75.431 E2025.88401
G1 X193.981 Y111.897 E2027.15752
G1 X193.867 Y111.762 E2027.16369
G1 X193.345 Y111.389 E2027.18609
G1 X192.961 Y111.225 E2027.20068
G1 X192.302 Y111.104 E2027.22407
G1 X191.56 Y111.166 E2027.25008
G1 X190.946 Y111.436 E2027.2735
G1 X190.411 Y111.852 E2027.29717
G1 X190.055 Y112.33 E2027.31798
G1 X189.814 Y112.885 E2027.33912
G1 X189.72 Y113.58 E2027.36361
G1 X189.802 Y114.211 E2027.38583
G1 X190.037 Y114.763 E2027.40678
G1 X190.407 Y115.267 E2027.42862
G1 X190.923 Y115.678 E2027.45165
G1 X191.418 Y115.902 E2027.47063
G1 X192.078 Y116.024 E2027.49407
G1 X192.838 Y115.961 E2027.5207
G1 X193.496 Y115.651 E2027.5461
G1 X193.829 Y115.404 E2027.56058
G1 X193.981 Y115.232 E2027.5686
G1 X193.981 Y142.443 E2028.51889
G1 X193.871 Y144.791 E2028.60098
G1 X193.561 Y147 E2028.67888
G1 X193.019 Y149.278 E2028.76066
G1 X192.307 Y151.388 E2028.83843
G1 X191.364 Y153.498 E2028.91914
G1 X190.246 Y155.481 E2028.99864
G1 X188.933 Y157.38 E2029.07927
G1 X187.501 Y159.075 E2029.15676
G1 X185.843 Y160.703 E2029.23791
G1 X184.081 Y162.132 E2029.31714
G1 X182.216 Y163.375 E2029.39541
G1 X180.223 Y164.447 E2029.47444
G1 X178.118 Y165.332 E2029.55419
G1 X175.962 Y166.005 E2029.63307
G1 X173.777 Y166.467 E2029.71106
G1 X171.517 Y166.727 E2029.79051
G1 X167.388 Y166.727 E2029.9347
G1 X167.388 Y130.075 E2031.21471
G1 X167.257 Y129.752 E2031.22688
G1 X167.113 Y129.56 E2031.23526
G1 X166.827 Y129.36 E2031.24745
G1 X166.455 Y129.271 E2031.26081
G1 X67.754 Y129.27 E2034.70776
G1 X67.476 Y129.359 E2034.71795
G1 X67.244 Y129.511 E2034.72764
G1 X67.047 Y129.752 E2034.73851
G1 X66.915 Y130.075 E2034.75069
G1 X66.915 Y166.727 E2036.0307
G1 X63.484 Y166.727 E2036.15052
G1 X61.223 Y166.467 E2036.23
G1 X59.03 Y166.003 E2036.30828
G1 X56.892 Y165.336 E2036.3865
G1 X54.777 Y164.447 E2036.46662
G1 X52.784 Y163.375 E2036.54565
G1 X50.919 Y162.132 E2036.62392
G1 X49.157 Y160.703 E2036.70315
G1 X47.499 Y159.076 E2036.78427
G1 X46.067 Y157.38 E2036.86179
G1 X44.754 Y155.481 E2036.94242
G1 X43.636 Y153.498 E2037.02192
G1 X42.693 Y151.388 E2037.10263
G1 X41.981 Y149.278 E2037.1804
G1 X41.439 Y147 E2037.26218
G1 X41.129 Y144.791 E2037.34008
G1 X41.02 Y142.475 E2037.42105
G1 X41.02 Y115.233 E2038.37243
G1 F1500 E2037.37243
G0 F9000 X40.794 Y115.233
G0 X40.894 Y138.436
G0 X52.762 Y139.433
G0 X53.232 Y138.436
G1 F1500 E2038.37243
G0 F9000 X53.035 Y138.327
G1 F2100 X52.621 Y139.398 E2038.41253
G1 X52.481 Y140.483 E2038.45073
G1 X52.631 Y141.608 E2038.49037
G1 X53.034 Y142.63 E2038.52874
G1 X53.693 Y143.541 E2038.568
G1 X54.558 Y144.252 E2038.60711
G1 X55.566 Y144.73 E2038.64607
G1 X56.692 Y144.944 E2038.68609
G1 X57.798 Y144.872 E2038.7248
G1 X58.882 Y144.515 E2038.76466
G1 X59.783 Y143.939 E2038.802
G1 X60.577 Y143.115 E2038.84197
G1 X61.107 Y142.151 E2038.88038
G1 X61.394 Y141.042 E2038.92039
G1 X61.391 Y139.895 E2038.96045
G1 X61.118 Y138.833 E2038.99874
G1 X60.579 Y137.848 E2039.03795
G1 X59.821 Y137.054 E2039.07629
G1 X58.865 Y136.436 E2039.11604
G1 X57.786 Y136.092 E2039.1556
G1 X56.658 Y136.021 E2039.19507
G1 X55.556 Y136.236 E2039.23428
G1 X54.578 Y136.697 E2039.27204
G1 X53.69 Y137.426 E2039.31216
G1 X53.035 Y138.327 E2039.35106
G1 F1500 E2038.35106
G0 F9000 X53.232 Y138.436
G0 X53.027 Y140.276
G0 X53.157 Y142.551
G0 X44.646 Y155.551
G0 X46.533 Y157.605
G1 F1500 E2039.35106
G1 F2100 X50.226 Y161.298 E2039.53345
G1 X50.3 Y161.372
G0 F9000 X50.03 Y161.702
G0 X52.119 Y163.202
G0 X52.361 Y162.84
G1 F2100 X45.027 Y155.505 E2039.8957
G1 X44.953 Y155.431
G0 F9000 X44.607 Y155.669
G0 X43.836 Y154.317
G0 X44.218 Y154.102
G1 F2100 X53.793 Y163.678 E2040.36862
G1 X53.867 Y163.752
G0 F9000 X53.673 Y164.11
G0 X54.867 Y164.73
G0 X55.036 Y164.326
G1 F2100 X43.59 Y152.88 E2040.93392
G1 X43.516 Y152.806
G0 F9000 X43.15 Y152.968
G0 X42.712 Y151.985
G0 X43.111 Y151.808
G1 F2100 X56.062 Y164.758 E2041.57353
G1 X56.136 Y164.832
G0 F9000 X57.068 Y165.17
G1 F2100 X42.726 Y150.829 E2042.28184
G1 X42.652 Y150.755
G0 F9000 X42.423 Y149.932
G1 F2100 X57.931 Y165.44 E2043.04776
G1 X58.005 Y165.514
G0 F9000 X58.795 Y165.709
G1 F2100 X42.144 Y149.059 E2043.87011
G0 F9000 X41.959 Y148.28
G1 F2100 X59.585 Y165.905 E2044.74061
G0 F9000 X60.338 Y166.064
G1 F2100 X41.774 Y147.501 E2045.65744
G0 F9000 X41.616 Y146.748
G1 F2100 X61.091 Y166.223 E2046.61929
G0 F9000 X61.779 Y166.318
G1 F2100 X41.518 Y146.057 E2047.61995
G0 F9000 X41.42 Y145.365
G1 F2100 X62.45 Y166.395 E2048.6586
G0 F9000 X63.122 Y166.472
G1 F2100 X41.333 Y144.683 E2049.73473
G0 F9000 X41.304 Y144.06
G1 F2100 X63.759 Y166.515 E2050.84376
G0 F9000 X64.353 Y166.515
G1 F2100 X41.274 Y143.437 E2051.98358
G0 F9000 X41.245 Y142.814
G1 F2100 X64.947 Y166.515 E2053.15416
G0 F9000 X65.541 Y166.515
G1 F2100 X41.229 Y142.204 E2054.35488
G0 F9000 X41.229 Y141.61
G1 F2100 X66.134 Y166.515 E2055.58491
G0 F9000 X66.704 Y166.491
G1 F2100 X41.229 Y141.016 E2056.84309
G0 F9000 X41.229 Y140.422
G1 F2100 X66.704 Y165.897 E2058.10127
G0 F9000 X66.704 Y165.303
G1 F2100 X41.229 Y139.828 E2059.35944
G0 F9000 X41.229 Y139.234
G1 F2100 X66.704 Y164.709 E2060.61762
G0 F9000 X66.704 Y164.115
G1 F2100 X41.229 Y138.641 E2061.87578
G0 F9000 X41.229 Y138.047
G1 F2100 X66.704 Y163.521 E2063.13393
G0 F9000 X66.704 Y162.928
G1 F2100 X41.229 Y137.453 E2064.39211
G0 F9000 X41.229 Y136.859
G1 F2100 X66.704 Y162.334 E2065.65029
G0 F9000 X66.704 Y161.74
G1 F2100 X41.229 Y136.265 E2066.90847
G0 F9000 X41.229 Y135.671
G1 F2100 X66.704 Y161.146 E2068.16665
G0 F9000 X66.704 Y160.552
G1 F2100 X41.229 Y135.077 E2069.42483
G0 F9000 X41.229 Y134.483
G1 F2100 X66.704 Y159.958 E2070.68301
G0 F9000 X66.704 Y159.364
G1 F2100 X41.229 Y133.889 E2071.94119
G0 F9000 X41.229 Y133.295
G1 F2100 X66.704 Y158.77 E2073.19937
G0 F9000 X66.704 Y158.176
G1 F2100 X41.229 Y132.701 E2074.45755
G0 F9000 X41.229 Y132.107
G1 F2100 X66.704 Y157.582 E2075.71572
G0 F9000 X66.704 Y156.988
G1 F2100 X41.229 Y131.513 E2076.9739
G0 F9000 X41.229 Y130.919
G1 F2100 X52.726 Y142.416 E2077.54173
G1 X52.8 Y142.49
G0 F9000 X53.164 Y142.348
G0 X52.837 Y141.445
G0 X52.406 Y141.501
G1 F2100 X41.229 Y130.325 E2078.09372
G0 F9000 X41.229 Y129.731
G1 F2100 X52.315 Y140.816 E2078.64122
G0 F9000 X52.305 Y140.212
G1 F2100 X41.229 Y129.137 E2079.18822
G0 F9000 X41.23 Y128.544
G1 F2100 X52.372 Y139.686 E2079.73851
G0 F9000 X52.475 Y139.194
G1 F2100 X41.23 Y127.95 E2080.29387
G0 F9000 X41.23 Y127.356
G1 F2100 X52.641 Y138.766 E2080.85742
G0 F9000 X52.806 Y138.338
G1 F2100 X41.23 Y126.762 E2081.42914
G0 F9000 X41.23 Y126.168
G1 F2100 X53.035 Y137.972 E2082.01215
G0 F9000 X53.285 Y137.629
G1 F2100 X41.23 Y125.574 E2082.60753
G0 F9000 X41.23 Y124.98
G1 F2100 X53.535 Y137.285 E2083.21526
G0 F9000 X53.859 Y137.015
G1 F2100 X41.23 Y124.386 E2083.83899
G0 F9000 X41.23 Y123.792
G1 F2100 X54.184 Y136.746 E2084.47878
G0 F9000 X54.525 Y136.492
G1 F2100 X41.23 Y123.198 E2085.13537
G0 F9000 X41.23 Y122.604
G1 F2100 X54.928 Y136.301 E2085.81188
G0 F9000 X55.331 Y136.11
G1 F2100 X41.23 Y122.01 E2086.50828
G0 F9000 X41.23 Y121.416
G1 F2100 X55.79 Y135.976 E2087.22738
G0 F9000 X56.287 Y135.879
G1 F2100 X41.23 Y120.822 E2087.97103
G0 F9000 X41.23 Y120.228
G1 F2100 X56.818 Y135.816 E2088.7409
G0 F9000 X57.454 Y135.858
G1 F2100 X41.23 Y119.634 E2089.54219
G0 F9000 X41.23 Y119.04
G1 F2100 X58.191 Y136.001 E2090.37987
G1 X58.265 Y136.075
G0 F9000 X59.161 Y136.377
G1 F2100 X41.23 Y118.446 E2091.26546
G0 F9000 X41.23 Y117.852
G1 F2100 X66.704 Y143.327 E2092.52362
G0 F9000 X66.704 Y143.92
G1 F2100 X61.043 Y138.259 E2092.80321
G1 X60.969 Y138.185
G0 F9000 X60.611 Y138.38
G0 X61.019 Y139.358
G0 X61.441 Y139.251
G1 F2100 X66.704 Y144.514 E2093.06314
G0 F9000 X66.704 Y145.108
G1 F2100 X61.606 Y140.01 E2093.31492
G0 F9000 X61.603 Y140.601
G1 F2100 X66.704 Y145.702 E2093.56685
G0 F9000 X66.704 Y146.296
G1 F2100 X61.576 Y141.168 E2093.82012
G0 F9000 X61.457 Y141.643
G1 F2100 X66.704 Y146.89 E2094.07926
G0 F9000 X66.704 Y147.484
G1 F2100 X61.337 Y142.117 E2094.34433
G0 F9000 X61.144 Y142.518
G1 F2100 X66.704 Y148.078 E2094.61893
G0 F9000 X66.704 Y148.672
G1 F2100 X60.933 Y142.901 E2094.90396
G0 F9000 X60.713 Y143.275
G1 F2100 X66.704 Y149.266 E2095.19985
G0 F9000 X66.704 Y149.86
G1 F2100 X60.422 Y143.578 E2095.51011
G0 F9000 X60.133 Y143.882
G1 F2100 X66.704 Y150.454 E2095.83466
G0 F9000 X66.704 Y151.048
G1 F2100 X59.819 Y144.163 E2096.17471
G0 F9000 X59.457 Y144.394
G1 F2100 X66.704 Y151.642 E2096.53265
G0 F9000 X66.704 Y152.236
G1 F2100 X59.095 Y144.626 E2096.90847
G0 F9000 X58.677 Y144.802
G1 F2100 X66.704 Y152.83 E2097.30494
G0 F9000 X66.704 Y153.424
G1 F2100 X58.231 Y144.951 E2097.72341
G0 F9000 X57.769 Y145.082
G1 F2100 X66.704 Y154.018 E2098.16473
G0 F9000 X66.704 Y154.612
G1 F2100 X57.211 Y145.118 E2098.6336
G0 F9000 X56.646 Y145.147
G1 F2100 X66.704 Y155.206 E2099.13038
G0 F9000 X66.704 Y155.8
G1 F2100 X55.913 Y145.009 E2099.66333
G1 X55.839 Y144.935
G0 F9000 X55.005 Y144.694
G1 F2100 X66.704 Y156.394 E2100.24116
G1 X66.778 Y156.468
G0 F9000 X67.141 Y156.468
G0 X67.141 Y142.733
G0 X66.704 Y142.733
G1 F2100 X41.23 Y117.258 E2101.49931
G0 F9000 X41.23 Y116.664
G1 F2100 X66.704 Y142.139 E2102.75746
G0 F9000 X66.704 Y141.545
G1 F2100 X41.23 Y116.07 E2104.01562
G0 F9000 X41.772 Y116.018
G1 F2100 X66.704 Y140.951 E2105.24701
G0 F9000 X66.704 Y140.357
G1 F2100 X42.56 Y116.212 E2106.43947
G0 F9000 X43.139 Y116.198
G1 F2100 X66.704 Y139.763 E2107.60332
G0 F9000 X66.704 Y139.169
G1 F2100 X43.639 Y116.103 E2108.7425
G0 F9000 X44.05 Y115.92
G1 F2100 X66.704 Y138.575 E2109.86137
G0 F9000 X66.704 Y137.981
G1 F2100 X44.405 Y115.681 E2110.96272
G0 F9000 X44.737 Y115.419
G1 F2100 X66.704 Y137.387 E2112.04767
G0 F9000 X66.704 Y136.793
G1 F2100 X44.996 Y115.084 E2113.11982
G0 F9000 X45.214 Y114.708
G1 F2100 X66.704 Y136.199 E2114.18121
G0 F9000 X66.704 Y135.605
G1 F2100 X45.379 Y114.279 E2115.23445
G0 F9000 X45.466 Y113.772
G1 F2100 X66.704 Y135.011 E2116.2834
G0 F9000 X66.704 Y134.417
G1 F2100 X45.433 Y113.146 E2117.33395
G1 X45.359 Y113.072
G0 F9000 X45.148 Y112.267
G1 F2100 X66.704 Y133.823 E2118.39857
G0 F9000 X66.704 Y133.229
G1 F2100 X41.229 Y107.754 E2119.65675
G0 F9000 X41.229 Y108.348
G1 F2100 X44.107 Y111.226 E2119.79889
G1 X44.181 Y111.3
G0 F9000 X43.932 Y111.625
G0 X43.231 Y110.944
G1 F2100 X41.229 Y108.942 E2119.89777
G0 F9000 X41.229 Y109.536
G1 F2100 X42.611 Y110.918 E2119.96602
G0 F9000 X42.099 Y110.999
G1 F2100 X41.229 Y110.13 E2120.00897
G0 F9000 X41.229 Y110.724
G1 F2100 X41.663 Y111.157 E2120.03038
G0 F9000 X41.295 Y111.384
G1 F2100 X41.229 Y111.318 E2120.03364
G0 F9000 X40.793 Y111.318
G0 X40.793 Y107.16
G0 X41.229 Y107.16
G1 F2100 X66.704 Y132.635 E2121.29181
G0 F9000 X66.704 Y132.041
G1 F2100 X41.229 Y106.566 E2122.54999
G0 F9000 X41.229 Y105.972
G1 F2100 X66.704 Y131.447 E2123.80817
G0 F9000 X66.704 Y130.853
G1 F2100 X63.39 Y127.538 E2123.97187
G0 F9000 X64.101 Y127.656
G1 F2100 X66.704 Y130.259 E2124.10043
G0 F9000 X66.814 Y129.775
G1 F2100 X64.695 Y127.656 E2124.20509
G0 F9000 X65.289 Y127.656
G1 F2100 X67.054 Y129.421 E2124.29226
G0 F9000 X67.396 Y129.169
G1 F2100 X65.883 Y127.656 E2124.36698
G0 F9000 X66.477 Y127.656
G1 F2100 X67.882 Y129.061 E2124.43637
G0 F9000 X68.476 Y129.061
G1 F2100 X67.071 Y127.656 E2124.50577
G0 F9000 X67.665 Y127.656
G1 F2100 X69.07 Y129.061 E2124.57516
G0 F9000 X69.664 Y129.061
G1 F2100 X68.259 Y127.656 E2124.64455
G0 F9000 X68.853 Y127.656
G1 F2100 X70.258 Y129.061 E2124.71394
G0 F9000 X70.852 Y129.061
G1 F2100 X69.446 Y127.655 E2124.78338
G0 F9000 X70.04 Y127.655
G1 F2100 X71.446 Y129.061 E2124.85282
G0 F9000 X72.04 Y129.061
G1 F2100 X70.634 Y127.655 E2124.92226
G0 F9000 X71.228 Y127.655
G1 F2100 X72.634 Y129.061 E2124.9917
G0 F9000 X73.228 Y129.061
G1 F2100 X71.822 Y127.655 E2125.06114
G0 F9000 X72.416 Y127.655
G1 F2100 X73.822 Y129.061 E2125.13058
G0 F9000 X74.416 Y129.061
G1 F2100 X73.01 Y127.655 E2125.20002
G0 F9000 X73.604 Y127.655
G1 F2100 X75.01 Y129.061 E2125.26946
G0 F9000 X75.604 Y129.061
G1 F2100 X74.198 Y127.655 E2125.3389
G0 F9000 X74.791 Y127.654
G1 F2100 X76.198 Y129.061 E2125.40839
G0 F9000 X76.792 Y129.061
G1 F2100 X75.385 Y127.654 E2125.47788
G0 F9000 X75.979 Y127.654
G1 F2100 X77.386 Y129.061 E2125.54737
G0 F9000 X77.98 Y129.061
G1 F2100 X76.573 Y127.654 E2125.61686
G0 F9000 X77.167 Y127.654
G1 F2100 X78.574 Y129.061 E2125.68635
G0 F9000 X79.168 Y129.061
G1 F2100 X77.761 Y127.654 E2125.75584
G0 F9000 X78.355 Y127.654
G1 F2100 X79.762 Y129.061 E2125.82533
G0 F9000 X80.356 Y129.061
G1 F2100 X78.949 Y127.654 E2125.89482
G0 F9000 X79.543 Y127.654
G1 F2100 X80.95 Y129.061 E2125.96431
G0 F9000 X81.544 Y129.061
G1 F2100 X80.137 Y127.654 E2126.0338
G0 F9000 X80.73 Y127.653
G1 F2100 X82.138 Y129.061 E2126.10334
G0 F9000 X82.732 Y129.061
G1 F2100 X81.324 Y127.653 E2126.17288
G0 F9000 X81.918 Y127.653
G1 F2100 X83.326 Y129.061 E2126.24242
G0 F9000 X83.92 Y129.061
G1 F2100 X82.512 Y127.653 E2126.31196
G0 F9000 X83.106 Y127.653
G1 F2100 X84.513 Y129.061 E2126.38148
G0 F9000 X85.107 Y129.061
G1 F2100 X83.7 Y127.653 E2126.45099
G0 F9000 X84.294 Y127.653
G1 F2100 X85.701 Y129.061 E2126.52051
G0 F9000 X86.295 Y129.061
G1 F2100 X84.888 Y127.653 E2126.59002
G0 F9000 X85.482 Y127.653
G1 F2100 X86.889 Y129.061 E2126.65954
G0 F9000 X87.483 Y129.061
G1 F2100 X86.075 Y127.653 E2126.72908
G0 F9000 X86.669 Y127.653
G1 F2100 X88.077 Y129.061 E2126.79861
G0 F9000 X88.671 Y129.061
G1 F2100 X87.263 Y127.653 E2126.86815
G0 F9000 X87.857 Y127.653
G1 F2100 X89.265 Y129.061 E2126.93769
G0 F9000 X89.859 Y129.061
G1 F2100 X88.451 Y127.653 E2127.00723
G0 F9000 X89.045 Y127.653
G1 F2100 X90.453 Y129.061 E2127.07677
G0 F9000 X91.047 Y129.061
G1 F2100 X89.639 Y127.653 E2127.14631
G0 F9000 X90.233 Y127.653
G1 F2100 X91.641 Y129.061 E2127.21585
G0 F9000 X92.235 Y129.061
G1 F2100 X90.827 Y127.653 E2127.28539
G0 F9000 X91.42 Y127.652
G1 F2100 X92.828 Y129.061 E2127.35495
G0 F9000 X93.422 Y129.061
G1 F2100 X92.014 Y127.652 E2127.42452
G0 F9000 X92.608 Y127.652
G1 F2100 X94.016 Y129.061 E2127.49408
G0 F9000 X94.61 Y129.061
G1 F2100 X93.202 Y127.652 E2127.56365
G0 F9000 X93.796 Y127.652
G1 F2100 X95.204 Y129.061 E2127.63321
G0 F9000 X95.798 Y129.061
G1 F2100 X94.39 Y127.652 E2127.70277
G0 F9000 X94.984 Y127.652
G1 F2100 X96.392 Y129.061 E2127.77234
G0 F9000 X96.986 Y129.061
G1 F2100 X95.578 Y127.652 E2127.8419
G0 F9000 X96.172 Y127.652
G1 F2100 X97.58 Y129.061 E2127.91147
G0 F9000 X98.174 Y129.061
G1 F2100 X96.765 Y127.651 E2127.98108
G0 F9000 X97.359 Y127.651
G1 F2100 X98.768 Y129.061 E2128.05069
G0 F9000 X99.362 Y129.061
G1 F2100 X97.953 Y127.651 E2128.12031
G0 F9000 X98.547 Y127.651
G1 F2100 X99.956 Y129.061 E2128.18992
G0 F9000 X100.55 Y129.061
G1 F2100 X99.141 Y127.651 E2128.25953
G0 F9000 X99.735 Y127.651
G1 F2100 X101.143 Y129.06 E2128.3291
G0 F9000 X101.737 Y129.06
G1 F2100 X100.329 Y127.651 E2128.39866
G0 F9000 X100.923 Y127.651
G1 F2100 X102.331 Y129.06 E2128.46823
G0 F9000 X102.925 Y129.06
G1 F2100 X101.517 Y127.651 E2128.53779
G0 F9000 X102.111 Y127.651
G1 F2100 X103.519 Y129.06 E2128.60736
G0 F9000 X104.113 Y129.06
G1 F2100 X102.541 Y127.488 E2128.68499
G0 F9000 X102.855 Y127.208
G1 F2100 X104.707 Y129.06 E2128.77646
G0 F9000 X105.301 Y129.06
G1 F2100 X103.07 Y126.829 E2128.88665
G0 F9000 X103.132 Y126.297
G1 F2100 X105.895 Y129.06 E2129.02311
G0 F9000 X106.489 Y129.06
G1 F2100 X103.132 Y125.703 E2129.18891
G0 F9000 X103.132 Y125.109
G1 F2100 X107.083 Y129.06 E2129.38404
G0 F9000 X107.677 Y129.06
G1 F2100 X103.132 Y124.515 E2129.60852
G0 F9000 X103.132 Y123.921
G1 F2100 X108.271 Y129.06 E2129.86232
G0 F9000 X108.865 Y129.06
G1 F2100 X103.132 Y123.327 E2130.14547
G0 F9000 X103.132 Y122.733
G1 F2100 X109.459 Y129.06 E2130.45795
G0 F9000 X110.053 Y129.06
G1 F2100 X103.132 Y122.139 E2130.79977
G0 F9000 X103.132 Y121.545
G1 F2100 X110.647 Y129.06 E2131.17093
G0 F9000 X111.241 Y129.06
G1 F2100 X103.132 Y120.952 E2131.5714
G0 F9000 X103.132 Y120.358
G1 F2100 X111.835 Y129.06 E2132.0012
G0 F9000 X112.429 Y129.06
G1 F2100 X103.132 Y119.764 E2132.46035
G0 F9000 X103.132 Y119.17
G1 F2100 X113.023 Y129.06 E2132.94883
G0 F9000 X113.617 Y129.06
G1 F2100 X103.132 Y118.576 E2133.46664
G0 F9000 X103.132 Y117.982
G1 F2100 X114.211 Y129.06 E2134.0138
G0 F9000 X114.805 Y129.06
G1 F2100 X103.132 Y117.388 E2134.59029
G0 F9000 X103.132 Y116.794
G1 F2100 X115.399 Y129.06 E2135.19611
G0 F9000 X115.993 Y129.06
G1 F2100 X103.132 Y116.2 E2135.83128
G0 F9000 X103.132 Y115.606
G1 F2100 X116.587 Y129.06 E2136.49578
G0 F9000 X117.18 Y129.059
G1 F2100 X103.132 Y115.012 E2137.18957
G0 F9000 X103.132 Y114.418
G1 F2100 X117.774 Y129.059 E2137.9127
G0 F9000 X118.368 Y129.059
G1 F2100 X103.132 Y113.824 E2138.66516
G0 F9000 X103.132 Y113.23
G1 F2100 X118.962 Y129.059 E2139.44696
G0 F9000 X119.556 Y129.059
G1 F2100 X103.132 Y112.636 E2140.25809
G0 F9000 X103.132 Y112.042
G1 F2100 X120.15 Y129.059 E2141.09857
G0 F9000 X120.744 Y129.059
G1 F2100 X103.132 Y111.448 E2141.96838
G0 F9000 X103.132 Y110.854
G1 F2100 X121.338 Y129.059 E2142.86753
G0 F9000 X121.932 Y129.059
G1 F2100 X103.132 Y110.26 E2143.79601
G0 F9000 X103.132 Y109.666
G1 F2100 X122.526 Y129.059 E2144.75383
G0 F9000 X123.12 Y129.059
G1 F2100 X106.903 Y112.842 E2145.55477
G1 X106.829 Y112.768
G0 F9000 X107.091 Y112.437
G0 X108.86 Y113.609
G0 X108.635 Y113.981
G1 F2100 X123.713 Y129.059 E2146.29945
G0 F9000 X124.307 Y129.059
G1 F2100 X109.87 Y114.622 E2147.01248
G1 X109.796 Y114.548
G0 F9000 X109.957 Y114.187
G0 X111.123 Y114.71
G0 X110.947 Y115.104
G1 F2100 X124.901 Y129.059 E2147.70168
G0 F9000 X125.495 Y129.059
G1 F2100 X111.838 Y115.402 E2148.37618
G1 X111.764 Y115.328
G0 F9000 X112.7 Y115.67
G1 F2100 X126.089 Y129.059 E2149.03744
G0 F9000 X126.683 Y129.059
G1 F2100 X113.455 Y115.831 E2149.69076
G0 F9000 X114.185 Y115.967
G1 F2100 X127.277 Y129.059 E2150.33736
G0 F9000 X127.871 Y129.059
G1 F2100 X114.915 Y116.103 E2150.97724
G0 F9000 X115.549 Y116.143
G1 F2100 X128.465 Y129.059 E2151.61514
G0 F9000 X129.059 Y129.059
G1 F2100 X116.184 Y116.184 E2152.25102
G0 F9000 X116.818 Y116.225
G1 F2100 X129.653 Y129.059 E2152.8849
G0 F9000 X130.247 Y129.059
G1 F2100 X117.388 Y116.2 E2153.51999
G0 F9000 X117.951 Y116.169
G1 F2100 X130.841 Y129.059 E2154.15662
G0 F9000 X131.435 Y129.059
G1 F2100 X118.513 Y116.137 E2154.79482
G0 F9000 X119.055 Y116.085
G1 F2100 X132.029 Y129.059 E2155.43559
G0 F9000 X132.623 Y129.059
G1 F2100 X119.559 Y115.995 E2156.0808
G0 F9000 X120.063 Y115.906
G1 F2100 X133.217 Y129.059 E2156.73044
G0 F9000 X133.81 Y129.059
G1 F2100 X132.13 Y127.378 E2156.81344
G0 F9000 X131.923 Y127.171
G1 F2100 X120.568 Y115.816 E2157.37425
G0 F9000 X121.06 Y115.714
G1 F2100 X131.68 Y126.335 E2157.89878
G0 F9000 X131.68 Y125.741
G1 F2100 X121.513 Y115.573 E2158.40094
G0 F9000 X121.966 Y115.433
G1 F2100 X131.68 Y125.147 E2158.8807
G0 F9000 X131.68 Y124.553
G1 F2100 X122.419 Y115.292 E2159.33809
G0 F9000 X122.872 Y115.15
G1 F2100 X131.68 Y123.959 E2159.77313
G0 F9000 X131.68 Y123.365
G1 F2100 X123.281 Y114.966 E2160.18795
G0 F9000 X123.692 Y114.782
G1 F2100 X131.68 Y122.771 E2160.58249
G0 F9000 X131.681 Y122.178
G1 F2100 X124.102 Y114.598 E2160.95683
G0 F9000 X124.511 Y114.414
G1 F2100 X131.681 Y121.584 E2161.31095
G0 F9000 X131.681 Y120.99
G1 F2100 X124.901 Y114.21 E2161.64581
G0 F9000 X125.272 Y113.987
G1 F2100 X131.681 Y120.396 E2161.96234
G0 F9000 X131.681 Y119.802
G1 F2100 X125.642 Y113.763 E2162.2606
G0 F9000 X126.013 Y113.54
G1 F2100 X131.681 Y119.208 E2162.54053
G0 F9000 X131.681 Y118.614
G1 F2100 X126.384 Y113.316 E2162.80217
G0 F9000 X126.724 Y113.062
G1 F2100 X131.681 Y118.02 E2163.04702
G0 F9000 X131.682 Y117.427
G1 F2100 X127.057 Y112.802 E2163.27544
G0 F9000 X127.391 Y112.542
G1 F2100 X131.682 Y116.833 E2163.48737
G0 F9000 X131.682 Y116.239
G1 F2100 X127.725 Y112.282 E2163.6828
G0 F9000 X128.057 Y112.02
G1 F2100 X131.682 Y115.645 E2163.86183
G0 F9000 X131.682 Y115.051
G1 F2100 X128.354 Y111.723 E2164.0262
G0 F9000 X128.651 Y111.426
G1 F2100 X131.682 Y114.457 E2164.1759
G0 F9000 X131.682 Y113.863
G1 F2100 X128.947 Y111.128 E2164.31097
G0 F9000 X129.244 Y110.831
G1 F2100 X131.683 Y113.27 E2164.43143
G0 F9000 X131.683 Y112.676
G1 F2100 X129.541 Y110.534 E2164.53722
G0 F9000 X129.801 Y110.2
G1 F2100 X131.683 Y112.082 E2164.63017
G0 F9000 X131.683 Y111.488
G1 F2100 X130.061 Y109.866 E2164.71028
G0 F9000 X130.321 Y109.532
G1 F2100 X131.683 Y110.894 E2164.77755
G0 F9000 X131.683 Y110.3
G1 F2100 X130.582 Y109.199 E2164.83193
G0 F9000 X130.823 Y108.846
G1 F2100 X131.683 Y109.706 E2164.8744
G0 F9000 X131.686 Y109.115
G1 F2100 X131.042 Y108.471 E2164.90621
G0 F9000 X131.26 Y108.096
G1 F2100 X131.697 Y108.533 E2164.92779
G0 F9000 X131.709 Y107.95
G1 F2100 X131.48 Y107.721 E2164.9391
G1 F1500 E2163.9391
G0 F9000 X131.133 Y107.507
G0 X133.205 Y101.5
G0 X132.866 Y95.607
G0 X129.777 Y89.304
G0 X138.045 Y89.293
G0 X138.045 Y106.619
G0 X132.861 Y106.691
G1 F1500 E2164.9391
G0 F9000 X132.492 Y106.358
G1 F2100 X132.287 Y106.152 E2164.94925
G0 F9000 X132.471 Y105.742
G1 F2100 X132.983 Y106.254 E2164.97454
G0 F9000 X133.577 Y106.254
G1 F2100 X132.644 Y105.322 E2165.02059
G0 F9000 X132.786 Y104.87
G1 F2100 X134.171 Y106.254 E2165.08897
G0 F9000 X134.765 Y106.254
G1 F2100 X132.929 Y104.418 E2165.17965
G0 F9000 X133.071 Y103.966
G1 F2100 X135.359 Y106.254 E2165.29265
G0 F9000 X135.953 Y106.254
G1 F2100 X133.211 Y103.513 E2165.42805
G0 F9000 X133.304 Y103.012
G1 F2100 X136.547 Y106.254 E2165.58819
G0 F9000 X137.141 Y106.254
G1 F2100 X133.396 Y102.509 E2165.77315
G0 F9000 X133.489 Y102.008
G1 F2100 X137.68 Y106.2 E2165.98017
G0 F9000 X137.68 Y105.606
G1 F2100 X133.58 Y101.505 E2166.18269
G0 F9000 X133.615 Y100.947
G1 F2100 X137.68 Y105.012 E2166.38345
G0 F9000 X137.68 Y104.418
G1 F2100 X133.65 Y100.387 E2166.58251
G0 F9000 X133.685 Y99.829
G1 F2100 X137.68 Y103.824 E2166.77982
G0 F9000 X137.68 Y103.23
G1 F2100 X133.689 Y99.239 E2166.97693
G0 F9000 X133.65 Y98.606
G1 F2100 X137.68 Y102.636 E2167.17597
G0 F9000 X137.68 Y102.042
G1 F2100 X133.612 Y97.974 E2167.37688
G0 F9000 X133.559 Y97.326
G1 F2100 X137.68 Y101.448 E2167.58044
G0 F9000 X137.68 Y100.854
G1 F2100 X133.426 Y96.6 E2167.79054
G0 F9000 X133.295 Y95.875
G1 F2100 X137.68 Y100.26 E2168.00711
G0 F9000 X137.68 Y99.666
G1 F2100 X133.095 Y95.081 E2168.23355
G1 X133.021 Y95.007
G0 F9000 X132.832 Y94.224
G1 F2100 X137.68 Y99.072 E2168.47299
G0 F9000 X137.68 Y98.478
G1 F2100 X132.501 Y93.299 E2168.72878
G1 X132.427 Y93.225
G0 F9000 X132.067 Y93.388
G0 X131.618 Y92.393
G0 X132.012 Y92.216
G1 F2100 X137.68 Y97.884 E2169.00871
G0 F9000 X137.68 Y97.29
G1 F2100 X131.335 Y90.945 E2169.32208
G1 X131.261 Y90.871
G0 F9000 X130.91 Y91.082
G0 X129.777 Y89.304
G0 X131.235 Y89.221
G0 X131.235 Y89.657
G1 F2100 X137.68 Y96.102 E2169.64039
G0 F9000 X137.68 Y96.696
G1 F2100 X130.641 Y89.657 E2169.98804
G1 X130.567 Y89.583
G0 F9000 X130.567 Y89.221
G0 X131.829 Y89.221
G0 X131.829 Y89.657
G1 F2100 X137.68 Y95.508 E2170.27702
G0 F9000 X137.68 Y94.914
G1 F2100 X132.423 Y89.657 E2170.53665
G0 F9000 X133.017 Y89.657
G1 F2100 X137.68 Y94.32 E2170.76695
G0 F9000 X137.68 Y93.727
G1 F2100 X133.611 Y89.657 E2170.96794
G0 F9000 X134.205 Y89.657
G1 F2100 X137.68 Y93.133 E2171.13959
G0 F9000 X137.68 Y92.539
G1 F2100 X134.799 Y89.657 E2171.2819
G0 F9000 X135.393 Y89.657
G1 F2100 X137.68 Y91.945 E2171.39488
G0 F9000 X137.68 Y91.351
G1 F2100 X135.987 Y89.657 E2171.47852
G0 F9000 X136.581 Y89.657
G1 F2100 X137.68 Y90.757 E2171.53282
G0 F9000 X137.68 Y90.163
G1 F2100 X137.175 Y89.657 E2171.55779
G0 F9000 X137.175 Y89.221
G0 X129.369 Y88.919
G0 X129.067 Y87.052
G0 X128.63 Y87.052
G1 F2100 X110.063 Y68.486 E2172.47477
G0 F9000 X109.47 Y68.486
G1 F2100 X127.442 Y86.458 E2173.36238
G1 X127.516 Y86.532
G0 F9000 X127.254 Y86.864
G0 X128.982 Y88.355
G0 X129.067 Y86.458
G0 X128.63 Y86.458
G1 F2100 X110.657 Y68.486 E2174.25002
G0 F9000 X111.251 Y68.486
G1 F2100 X128.63 Y85.864 E2175.10832
G0 F9000 X128.63 Y85.27
G1 F2100 X111.845 Y68.486 E2175.93729
G0 F9000 X112.439 Y68.486
G1 F2100 X128.63 Y84.676 E2176.73692
G0 F9000 X128.63 Y84.082
G1 F2100 X113.033 Y68.486 E2177.50721
G0 F9000 X113.627 Y68.486
G1 F2100 X128.63 Y83.488 E2178.24817
G0 F9000 X128.63 Y82.894
G1 F2100 X114.221 Y68.486 E2178.95979
G0 F9000 X114.815 Y68.486
G1 F2100 X128.63 Y82.3 E2179.64207
G0 F9000 X128.63 Y81.706
G1 F2100 X115.409 Y68.486 E2180.29501
G0 F9000 X116.003 Y68.486
G1 F2100 X128.63 Y81.112 E2180.91862
G0 F9000 X128.63 Y80.518
G1 F2100 X116.597 Y68.486 E2181.51289
G0 F9000 X117.191 Y68.486
G1 F2100 X128.63 Y79.924 E2182.07782
G0 F9000 X128.63 Y79.331
G1 F2100 X117.785 Y68.486 E2182.61344
G0 F9000 X118.379 Y68.486
G1 F2100 X128.63 Y78.737 E2183.11973
G0 F9000 X128.63 Y78.143
G1 F2100 X118.973 Y68.486 E2183.59668
G0 F9000 X119.567 Y68.486
G1 F2100 X128.63 Y77.549 E2184.04429
G0 F9000 X128.63 Y76.955
G1 F2100 X120.161 Y68.486 E2184.46256
G0 F9000 X120.755 Y68.486
G1 F2100 X128.63 Y76.361 E2184.8515
G0 F9000 X128.63 Y75.767
G1 F2100 X121.349 Y68.486 E2185.2111
G0 F9000 X121.943 Y68.486
G1 F2100 X128.63 Y75.173 E2185.54136
G0 F9000 X128.63 Y74.579
G1 F2100 X122.537 Y68.486 E2185.84228
G0 F9000 X123.131 Y68.486
G1 F2100 X128.63 Y73.985 E2186.11387
G0 F9000 X128.63 Y73.391
G1 F2100 X123.725 Y68.486 E2186.35613
G0 F9000 X124.319 Y68.486
G1 F2100 X128.63 Y72.797 E2186.56904
G0 F9000 X128.63 Y72.203
G1 F2100 X124.913 Y68.486 E2186.75262
G0 F9000 X125.507 Y68.486
G1 F2100 X128.63 Y71.609 E2186.90686
G0 F9000 X128.63 Y71.015
G1 F2100 X126.101 Y68.486 E2187.03176
G0 F9000 X126.695 Y68.486
G1 F2100 X128.63 Y70.421 E2187.12733
G0 F9000 X128.63 Y69.827
G1 F2100 X127.289 Y68.486 E2187.19356
G0 F9000 X127.883 Y68.486
G1 F2100 X128.661 Y69.264 E2187.23199
G0 F9000 X128.824 Y68.833
G1 F2100 X128.477 Y68.486 E2187.24912
G1 F1500 E2186.24912
G0 F9000 X128.477 Y68.049
G0 X122.95 Y68.149
G0 X120.838 Y83.555
G0 X123.128 Y83.926
G1 F1500 E2187.24912
G1 F2100 X107.688 Y68.486 E2188.01169
G0 F9000 X107.094 Y68.486
G1 F2100 X122.217 Y83.609 E2188.75859
G1 X122.291 Y83.683
G0 F9000 X121.358 Y83.344
G1 F2100 X106.5 Y68.486 E2189.49241
G0 F9000 X106.584 Y69.164
G1 F2100 X120.562 Y83.142 E2190.18277
G0 F9000 X119.835 Y83.009
G1 F2100 X106.632 Y69.806 E2190.83485
G0 F9000 X106.632 Y70.4
G1 F2100 X119.107 Y82.875 E2191.45097
G0 F9000 X118.464 Y82.826
G1 F2100 X106.632 Y70.994 E2192.03534
G0 F9000 X106.632 Y71.588
G1 F2100 X117.83 Y82.786 E2192.5884
G0 F9000 X117.196 Y82.746
G1 F2100 X106.632 Y72.182 E2193.11014
G0 F9000 X106.632 Y72.776
G1 F2100 X116.611 Y82.754 E2193.60297
G0 F9000 X116.05 Y82.788
G1 F2100 X106.632 Y73.37 E2194.06811
G0 F9000 X106.632 Y73.964
G1 F2100 X115.489 Y82.821 E2194.50555
G0 F9000 X114.929 Y82.855
G1 F2100 X106.632 Y74.558 E2194.91532
G0 F9000 X106.632 Y75.152
G1 F2100 X114.426 Y82.945 E2195.30024
G0 F9000 X113.924 Y83.037
G1 F2100 X106.632 Y75.745 E2195.66038
G0 F9000 X106.632 Y76.339
G1 F2100 X113.422 Y83.129 E2195.99573
G0 F9000 X112.927 Y83.229
G1 F2100 X106.632 Y76.933 E2196.30666
G0 F9000 X106.632 Y77.527
G1 F2100 X112.473 Y83.368 E2196.59514
G0 F9000 X112.017 Y83.507
G1 F2100 X106.633 Y78.122 E2196.86107
G0 F9000 X106.633 Y78.716
G1 F2100 X111.563 Y83.646 E2197.10456
G0 F9000 X111.108 Y83.785
G1 F2100 X106.633 Y79.31 E2197.32557
G0 F9000 X106.633 Y79.904
G1 F2100 X110.696 Y83.967 E2197.52624
G0 F9000 X110.286 Y84.151
G1 F2100 X106.633 Y80.498 E2197.70666
G0 F9000 X106.633 Y81.092
G1 F2100 X109.875 Y84.334 E2197.86677
G0 F9000 X109.465 Y84.518
G1 F2100 X106.633 Y81.686 E2198.00664
G0 F9000 X106.633 Y82.28
G1 F2100 X109.068 Y84.715 E2198.1269
G0 F9000 X108.697 Y84.938
G1 F2100 X106.633 Y82.874 E2198.22884
G0 F9000 X106.633 Y83.468
G1 F2100 X108.326 Y85.161 E2198.31246
G0 F9000 X107.955 Y85.384
G1 F2100 X106.633 Y84.062 E2198.37775
G0 F9000 X106.633 Y84.656
G1 F2100 X107.584 Y85.608 E2198.42474
G0 F9000 X107.242 Y85.859
G1 F2100 X106.633 Y85.25 E2198.45482
G0 F9000 X106.633 Y85.844
G1 F2100 X106.907 Y86.118 E2198.46835
G1 F1500 E2197.46835
G0 F9000 X107.174 Y86.462
G0 X109.334 Y84.957
G0 X111.141 Y84.145
G0 X113.032 Y83.555
G0 X114.981 Y83.198
G0 X116.957 Y83.078
G0 X118.933 Y83.198
G0 X120.498 Y83.484
G0 X124.032 Y84.808
G1 F1500 E2198.46835
G0 F9000 X124.208 Y84.412
G1 F2100 X108.282 Y68.486 E2199.25492
G0 F9000 X108.876 Y68.486
G1 F2100 X125.51 Y85.12 E2200.07645
G1 X125.584 Y85.194
G1 F1500 E2199.07645
G0 F9000 X125.372 Y85.545
G0 X127.834 Y87.204
G0 X128.949 Y88.857
G0 X130.456 Y90.164
G0 X131.481 Y91.858
G0 X132.294 Y93.665
G0 X132.883 Y95.556
G0 X133.24 Y97.504
G0 X133.361 Y99.481
G0 X133.24 Y101.458
G0 X132.883 Y103.406
G0 X132.294 Y105.297
G0 X131.481 Y107.104
G0 X130.456 Y108.798
G0 X129.234 Y110.358
G0 X127.834 Y111.758
G0 X126.274 Y112.98
G0 X124.58 Y114.005
G0 X122.773 Y114.818
G0 X120.882 Y115.407
G0 X118.934 Y115.764
G0 X116.957 Y115.885
G0 X114.98 Y115.764
G0 X113.032 Y115.407
G0 X111.141 Y114.818
G0 X109.334 Y114.005
G0 X107.64 Y112.98
G0 X106.081 Y111.758
G0 X103.287 Y108.458
G0 X102.787 Y107.689
G0 X102.697 Y109.072
G1 F1500 E2200.07645
G0 F9000 X103.132 Y109.072
G1 F2100 X103.581 Y109.52 E2200.0986
G1 F1500 E2199.0986
G0 F9000 X103.924 Y109.25
G0 X106.081 Y111.758
G0 X107.64 Y112.98
G0 X109.334 Y114.005
G0 X111.141 Y114.818
G0 X114.938 Y115.729
G0 X120.831 Y115.39
G0 X126.216 Y112.984
G0 X130.403 Y108.823
G0 X132.842 Y103.453
G0 X133.205 Y97.462
G0 X131.428 Y91.823
G0 X129.777 Y89.304
G0 X138.045 Y89.293
G0 X138.045 Y106.619
G0 X132.393 Y106.778
G0 X132.419 Y126.919
G1 F1500 E2200.0986
G0 F9000 X133.002 Y127.656
G1 F2100 X134.404 Y129.059 E2200.16787
G0 F9000 X134.998 Y129.059
G1 F2100 X133.596 Y127.656 E2200.23714
G0 F9000 X134.19 Y127.656
G1 F2100 X135.592 Y129.059 E2200.30641
G0 F9000 X136.186 Y129.059
G1 F2100 X134.784 Y127.656 E2200.37567
G0 F9000 X135.378 Y127.656
G1 F2100 X136.78 Y129.059 E2200.44494
G0 F9000 X137.374 Y129.059
G1 F2100 X135.972 Y127.656 E2200.51421
G0 F9000 X136.566 Y127.656
G1 F2100 X137.968 Y129.059 E2200.58348
G0 F9000 X138.562 Y129.059
G1 F2100 X137.16 Y127.656 E2200.65275
G0 F9000 X137.754 Y127.656
G1 F2100 X139.156 Y129.059 E2200.72201
G0 F9000 X139.75 Y129.059
G1 F2100 X138.348 Y127.656 E2200.79128
G0 F9000 X138.942 Y127.656
G1 F2100 X140.344 Y129.059 E2200.86055
G0 F9000 X140.938 Y129.059
G1 F2100 X139.536 Y127.656 E2200.92982
G0 F9000 X140.13 Y127.656
G1 F2100 X141.532 Y129.059 E2200.99908
G0 F9000 X142.126 Y129.059
G1 F2100 X140.723 Y127.656 E2201.06838
G0 F9000 X141.317 Y127.656
G1 F2100 X142.72 Y129.059 E2201.13767
G0 F9000 X143.314 Y129.059
G1 F2100 X141.911 Y127.656 E2201.20696
G0 F9000 X142.505 Y127.656
G1 F2100 X143.908 Y129.059 E2201.27625
G0 F9000 X144.502 Y129.059
G1 F2100 X143.099 Y127.656 E2201.34555
G0 F9000 X143.693 Y127.656
G1 F2100 X145.096 Y129.059 E2201.41484
G0 F9000 X145.69 Y129.059
G1 F2100 X144.287 Y127.656 E2201.48413
G0 F9000 X144.881 Y127.656
G1 F2100 X146.284 Y129.059 E2201.55342
G0 F9000 X146.878 Y129.059
G1 F2100 X145.475 Y127.656 E2201.62272
G0 F9000 X146.069 Y127.656
G1 F2100 X147.472 Y129.059 E2201.69201
G0 F9000 X148.066 Y129.059
G1 F2100 X146.663 Y127.656 E2201.7613
G0 F9000 X147.257 Y127.656
G1 F2100 X148.66 Y129.059 E2201.83059
G0 F9000 X149.253 Y129.059
G1 F2100 X147.851 Y127.656 E2201.89986
G0 F9000 X148.444 Y127.655
G1 F2100 X149.847 Y129.059 E2201.96918
G0 F9000 X150.441 Y129.058
G1 F2100 X149.038 Y127.655 E2202.03847
G0 F9000 X149.632 Y127.655
G1 F2100 X151.035 Y129.058 E2202.10776
G0 F9000 X151.629 Y129.058
G1 F2100 X150.226 Y127.655 E2202.17706
G0 F9000 X150.82 Y127.655
G1 F2100 X152.223 Y129.058 E2202.24635
G0 F9000 X152.817 Y129.058
G1 F2100 X151.414 Y127.655 E2202.31564
G0 F9000 X152.008 Y127.655
G1 F2100 X153.411 Y129.058 E2202.38493
G0 F9000 X154.005 Y129.058
G1 F2100 X152.602 Y127.655 E2202.45423
G0 F9000 X153.196 Y127.655
G1 F2100 X154.598 Y129.058 E2202.52349
G0 F9000 X155.192 Y129.058
G1 F2100 X153.79 Y127.655 E2202.59276
G0 F9000 X154.384 Y127.655
G1 F2100 X155.786 Y129.058 E2202.66203
G0 F9000 X156.38 Y129.058
G1 F2100 X154.978 Y127.655 E2202.7313
G0 F9000 X155.571 Y127.655
G1 F2100 X156.974 Y129.058 E2202.80059
G0 F9000 X157.568 Y129.058
G1 F2100 X156.165 Y127.654 E2202.86991
G0 F9000 X156.759 Y127.654
G1 F2100 X158.162 Y129.058 E2202.93922
G0 F9000 X158.756 Y129.058
G1 F2100 X157.353 Y127.654 E2203.00854
G0 F9000 X157.947 Y127.654
G1 F2100 X159.35 Y129.058 E2203.07786
G0 F9000 X159.944 Y129.058
G1 F2100 X158.541 Y127.654 E2203.14718
G0 F9000 X159.135 Y127.654
G1 F2100 X160.538 Y129.058 E2203.21649
G0 F9000 X161.132 Y129.058
G1 F2100 X159.729 Y127.654 E2203.28581
G0 F9000 X160.323 Y127.654
G1 F2100 X161.726 Y129.058 E2203.35513
G0 F9000 X162.32 Y129.058
G1 F2100 X160.916 Y127.654 E2203.42447
G0 F9000 X161.51 Y127.654
G1 F2100 X162.914 Y129.058 E2203.49381
G0 F9000 X163.508 Y129.058
G1 F2100 X162.104 Y127.654 E2203.56315
G0 F9000 X162.698 Y127.654
G1 F2100 X164.102 Y129.058 E2203.63249
G0 F9000 X164.696 Y129.058
G1 F2100 X163.292 Y127.654 E2203.70184
G0 F9000 X163.886 Y127.653
G1 F2100 X165.29 Y129.058 E2203.7712
G0 F9000 X165.884 Y129.058
G1 F2100 X164.48 Y127.653 E2203.84057
G0 F9000 X165.074 Y127.653
G1 F2100 X166.484 Y129.064 E2203.91023
G1 X166.558 Y129.138
G1 F1500 E2202.91023
G0 F9000 X166.459 Y129.503
G0 X166.262 Y127.301
G0 X166.262 Y127.653
G1 F1500 E2203.91023
G1 F2100 X191.434 Y152.826 E2205.15347
G0 F9000 X191.25 Y153.236
G1 F2100 X165.668 Y127.653 E2206.41696
G1 X165.594 Y127.579
G0 F9000 X165.594 Y127.221
G0 X166.855 Y127.221
G0 X166.855 Y127.653
G1 F2100 X191.617 Y152.415 E2207.63992
G0 F9000 X191.801 Y152.005
G1 F2100 X167.449 Y127.653 E2208.84264
G0 F9000 X168.043 Y127.653
G1 F2100 X191.984 Y151.594 E2210.02506
G0 F9000 X192.157 Y151.173
G1 F2100 X168.637 Y127.653 E2211.18668
G0 F9000 X169.231 Y127.653
G1 F2100 X192.307 Y150.729 E2212.32638
G0 F9000 X192.456 Y150.284
G1 F2100 X169.825 Y127.653 E2213.44409
G0 F9000 X170.419 Y127.653
G1 F2100 X192.606 Y149.84 E2214.53988
G0 F9000 X192.756 Y149.396
G1 F2100 X171.013 Y127.653 E2215.61374
G0 F9000 X171.472 Y127.518
G1 F2100 X192.885 Y148.931 E2216.67131
G0 F9000 X192.999 Y148.451
G1 F2100 X171.803 Y127.255 E2217.71815
G0 F9000 X172.041 Y126.9
G1 F2100 X193.113 Y147.971 E2218.75885
G0 F9000 X193.227 Y147.491
G1 F2100 X172.13 Y126.394 E2219.8008
G0 F9000 X172.13 Y125.8
G1 F2100 X193.342 Y147.012 E2220.84844
G0 F9000 X193.419 Y146.495
G1 F2100 X172.13 Y125.206 E2221.89987
G0 F9000 X172.13 Y124.612
G1 F2100 X193.492 Y145.975 E2222.95494
G0 F9000 X193.566 Y145.454
G1 F2100 X172.13 Y124.018 E2224.01364
G0 F9000 X172.13 Y123.424
G1 F2100 X193.639 Y144.933 E2225.07594
G0 F9000 X193.68 Y144.38
G1 F2100 X172.13 Y122.83 E2226.14027
G0 F9000 X172.13 Y122.236
G1 F2100 X193.706 Y143.812 E2227.20588
G0 F9000 X193.733 Y143.245
G1 F2100 X172.13 Y121.642 E2228.27283
G0 F9000 X172.13 Y121.048
G1 F2100 X193.759 Y142.677 E2229.34106
G0 F9000 X193.769 Y142.094
G1 F2100 X172.131 Y120.455 E2230.40976
G0 F9000 X172.131 Y119.861
G1 F2100 X193.769 Y141.5 E2231.47846
G0 F9000 X193.769 Y140.906
G1 F2100 X172.131 Y119.267 E2232.54716
G0 F9000 X172.131 Y118.673
G1 F2100 X193.769 Y140.312 E2233.61586
G0 F9000 X193.769 Y139.718
G1 F2100 X172.131 Y118.079 E2234.68455
G0 F9000 X172.131 Y117.485
G1 F2100 X193.769 Y139.124 E2235.75325
G0 F9000 X193.769 Y138.53
G1 F2100 X172.131 Y116.891 E2236.82195
G0 F9000 X172.131 Y116.297
G1 F2100 X193.769 Y137.936 E2237.89065
G0 F9000 X193.769 Y137.342
G1 F2100 X172.131 Y115.703 E2238.95935
G0 F9000 X172.131 Y115.109
G1 F2100 X193.769 Y136.748 E2240.02805
G0 F9000 X193.769 Y136.154
G1 F2100 X172.131 Y114.516 E2241.09672
G0 F9000 X172.131 Y113.922
G1 F2100 X193.769 Y135.56 E2242.1654
G0 F9000 X193.769 Y134.966
G1 F2100 X172.131 Y113.328 E2243.23407
G0 F9000 X172.131 Y112.734
G1 F2100 X193.769 Y134.372 E2244.30275
G0 F9000 X193.769 Y133.778
G1 F2100 X172.131 Y112.14 E2245.37142
G0 F9000 X172.131 Y111.546
G1 F2100 X193.769 Y133.184 E2246.4401
G0 F9000 X193.769 Y132.591
G1 F2100 X172.131 Y110.952 E2247.5088
G0 F9000 X172.131 Y110.358
G1 F2100 X193.769 Y131.997 E2248.57749
G0 F9000 X193.769 Y131.403
G1 F2100 X172.131 Y109.764 E2249.64619
G0 F9000 X172.131 Y109.17
G1 F2100 X193.769 Y130.809 E2250.71489
G0 F9000 X193.769 Y130.215
G1 F2100 X172.211 Y108.656 E2251.77964
G0 F9000 X172.804 Y108.655
G1 F2100 X193.769 Y129.621 E2252.8151
G0 F9000 X193.769 Y129.027
G1 F2100 X173.396 Y108.654 E2253.8213
G0 F9000 X173.989 Y108.653
G1 F2100 X193.769 Y128.433 E2254.79821
G0 F9000 X193.769 Y127.839
G1 F2100 X174.582 Y108.651 E2255.74586
G0 F9000 X175.175 Y108.65
G1 F2100 X193.769 Y127.245 E2256.66422
G0 F9000 X193.769 Y126.651
G1 F2100 X175.767 Y108.649 E2257.55331
G0 F9000 X176.36 Y108.647
G1 F2100 X193.769 Y126.057 E2258.41315
G0 F9000 X193.769 Y125.463
G1 F2100 X176.952 Y108.646 E2259.24372
G0 F9000 X177.445 Y108.545
G1 F2100 X193.769 Y124.869 E2260.04994
G0 F9000 X193.769 Y124.275
G1 F2100 X177.792 Y108.298 E2260.83903
G0 F9000 X178.031 Y107.943
G1 F2100 X193.769 Y123.681 E2261.61631
G0 F9000 X193.769 Y123.087
G1 F2100 X178.125 Y107.443 E2262.38894
G0 F9000 X178.125 Y106.849
G1 F2100 X193.769 Y122.493 E2263.16158
G0 F9000 X193.769 Y121.899
G1 F2100 X178.125 Y106.255 E2263.93422
G0 F9000 X178.125 Y105.661
G1 F2100 X193.769 Y121.305 E2264.70686
G0 F9000 X193.769 Y120.711
G1 F2100 X178.126 Y105.068 E2265.47945
G0 F9000 X178.126 Y104.474
G1 F2100 X193.769 Y120.117 E2266.25204
G0 F9000 X193.769 Y119.523
G1 F2100 X178.126 Y103.88 E2267.02462
G0 F9000 X178.127 Y103.287
G1 F2100 X190.254 Y115.413 E2267.62354
G1 X190.284 Y115.444
G1 X193.769 Y118.929 E2267.79566
G0 F9000 X193.769 Y118.335
G1 F2100 X191.584 Y116.15 E2267.90357
G0 F9000 X192.248 Y116.22
G1 F2100 X193.769 Y117.741 E2267.97869
G0 F9000 X193.769 Y117.147
G1 F2100 X192.797 Y116.175 E2268.0267
G0 F9000 X193.226 Y116.01
G1 F2100 X193.769 Y116.553 E2268.05352
G0 F9000 X193.769 Y115.959
G1 F2100 X193.624 Y115.814 E2268.06068
G0 F9000 X193.399 Y115.445
G0 X192.19 Y115.518
G0 X191.023 Y115.584
G0 X190.014 Y114.092
G0 X189.58 Y114.146
G1 F2100 X178.127 Y102.693 E2268.62633
G0 F9000 X178.127 Y102.099
G1 F2100 X189.516 Y113.488 E2269.18882
G0 F9000 X189.591 Y112.969
G1 F2100 X178.127 Y101.505 E2269.75501
G0 F9000 X178.127 Y100.911
G1 F2100 X189.742 Y112.526 E2270.32866
G0 F9000 X189.94 Y112.13
G1 F2100 X178.127 Y100.317 E2270.91209
G0 F9000 X178.127 Y99.723
G1 F2100 X190.194 Y111.79 E2271.50806
G0 F9000 X190.505 Y111.507
G1 F2100 X178.128 Y99.13 E2272.11935
G0 F9000 X178.128 Y98.536
G1 F2100 X190.844 Y111.252 E2272.74738
G0 F9000 X191.256 Y111.07
G1 F2100 X178.128 Y97.942 E2273.39575
G0 F9000 X178.129 Y97.349
G1 F2100 X191.721 Y110.941 E2274.06704
G0 F9000 X192.269 Y110.895
G1 F2100 X178.129 Y96.755 E2274.7654
G0 F9000 X178.129 Y96.161
G1 F2100 X192.977 Y111.01 E2275.49875
G0 F9000 X193.77 Y111.208
G1 F2100 X178.13 Y95.568 E2276.27119
G0 F9000 X178.13 Y94.974
G1 F2100 X193.77 Y110.614 E2277.04363
G0 F9000 X193.77 Y110.02
G1 F2100 X178.13 Y94.38 E2277.81607
G0 F9000 X178.13 Y93.786
G1 F2100 X193.77 Y109.426 E2278.58851
G0 F9000 X193.77 Y108.832
G1 F2100 X178.13 Y93.193 E2279.36093
G0 F9000 X178.13 Y92.599
G1 F2100 X193.77 Y108.238 E2280.13334
G0 F9000 X193.77 Y107.644
G1 F2100 X178.13 Y92.005 E2280.90576
G0 F9000 X178.131 Y91.411
G1 F2100 X193.77 Y107.051 E2281.67818
G0 F9000 X193.77 Y106.457
G1 F2100 X178.131 Y90.817 E2282.45059
G0 F9000 X178.131 Y90.223
G1 F2100 X193.77 Y105.863 E2283.22301
G0 F9000 X193.77 Y105.269
G1 F2100 X178.159 Y89.657 E2283.99404
G0 F9000 X178.753 Y89.657
G1 F2100 X193.77 Y104.675 E2284.73574
G0 F9000 X193.77 Y104.081
G1 F2100 X179.346 Y89.656 E2285.44815
G0 F9000 X179.94 Y89.656
G1 F2100 X193.77 Y103.487 E2286.13122
G0 F9000 X193.77 Y102.893
G1 F2100 X180.533 Y89.656 E2286.78498
G0 F9000 X181.126 Y89.655
G1 F2100 X193.77 Y102.299 E2287.40945
G0 F9000 X193.77 Y101.705
G1 F2100 X181.72 Y89.655 E2288.00458
G0 F9000 X182.314 Y89.654
G1 F2100 X193.77 Y101.111 E2288.57041
G0 F9000 X193.77 Y100.517
G1 F2100 X182.908 Y89.654 E2289.10689
G0 F9000 X183.501 Y89.654
G1 F2100 X193.77 Y99.923 E2289.61406
G0 F9000 X193.77 Y99.329
G1 F2100 X184.095 Y89.654 E2290.0919
G0 F9000 X184.688 Y89.653
G1 F2100 X193.77 Y98.735 E2290.54045
G0 F9000 X193.77 Y98.141
G1 F2100 X185.281 Y89.652 E2290.95971
G0 F9000 X185.875 Y89.652
G1 F2100 X193.77 Y97.547 E2291.34964
G0 F9000 X193.77 Y96.953
G1 F2100 X186.469 Y89.651 E2291.71025
G0 F9000 X187.062 Y89.651
G1 F2100 X193.77 Y96.359 E2292.04155
G0 F9000 X193.77 Y95.765
G1 F2100 X187.507 Y89.502 E2292.35087
G0 F9000 X187.835 Y89.236
G1 F2100 X193.77 Y95.171 E2292.64399
G0 F9000 X193.77 Y94.577
G1 F2100 X188.046 Y88.853 E2292.92669
G0 F9000 X188.132 Y88.345
G1 F2100 X193.77 Y93.983 E2293.20515
G0 F9000 X193.77 Y93.389
G1 F2100 X188.132 Y87.751 E2293.4836
G0 F9000 X188.132 Y87.157
G1 F2100 X193.77 Y92.795 E2293.76206
G0 F9000 X193.77 Y92.201
G1 F2100 X188.132 Y86.564 E2294.04048
G0 F9000 X188.132 Y85.97
G1 F2100 X193.77 Y91.607 E2294.31891
G0 F9000 X193.77 Y91.013
G1 F2100 X188.132 Y85.376 E2294.59734
G0 F9000 X188.132 Y84.782
G1 F2100 X193.77 Y90.419 E2294.87577
G0 F9000 X193.77 Y89.825
G1 F2100 X188.132 Y84.188 E2295.1542
G0 F9000 X188.132 Y83.594
G1 F2100 X193.77 Y89.231 E2295.43263
G0 F9000 X193.77 Y88.637
G1 F2100 X188.132 Y83 E2295.71106
G0 F9000 X188.132 Y82.406
G1 F2100 X193.77 Y88.043 E2295.98949
G0 F9000 X193.77 Y87.45
G1 F2100 X188.132 Y81.812 E2296.26794
G0 F9000 X188.132 Y81.218
G1 F2100 X193.77 Y86.856 E2296.5464
G0 F9000 X193.77 Y86.262
G1 F2100 X188.132 Y80.624 E2296.82485
G0 F9000 X188.132 Y80.03
G1 F2100 X193.77 Y85.668 E2297.10331
G0 F9000 X193.77 Y85.074
G1 F2100 X188.132 Y79.436 E2297.38176
G0 F9000 X188.132 Y78.842
G1 F2100 X193.77 Y84.48 E2297.66021
G0 F9000 X193.77 Y83.886
G1 F2100 X188.132 Y78.248 E2297.93867
G0 F9000 X188.132 Y77.654
G1 F2100 X193.77 Y83.292 E2298.21712
G0 F9000 X193.77 Y82.698
G1 F2100 X188.132 Y77.06 E2298.49558
G0 F9000 X188.132 Y76.466
G1 F2100 X193.77 Y82.104 E2298.77403
G0 F9000 X193.77 Y81.51
G1 F2100 X188.132 Y75.872 E2299.05248
G0 F9000 X188.132 Y75.278
G1 F2100 X193.77 Y80.916 E2299.33094
G0 F9000 X193.77 Y80.322
G1 F2100 X188.132 Y74.684 E2299.60939
G0 F9000 X188.132 Y74.09
G1 F2100 X193.77 Y79.728 E2299.88784
G0 F9000 X193.77 Y79.134
G1 F2100 X188.132 Y73.496 E2300.1663
G0 F9000 X188.132 Y72.902
G1 F2100 X193.77 Y78.54 E2300.44475
G0 F9000 X193.77 Y77.946
G1 F2100 X188.132 Y72.308 E2300.72321
G0 F9000 X188.132 Y71.714
G1 F2100 X193.77 Y77.352 E2301.00166
G0 F9000 X193.77 Y76.758
G1 F2100 X188.132 Y71.12 E2301.28011
G0 F9000 X188.132 Y70.526
G1 F2100 X193.77 Y76.164 E2301.55857
G0 F9000 X193.77 Y75.57
G1 F2100 X188.132 Y69.932 E2301.83702
G0 F9000 X188.091 Y69.297
G1 F2100 X193.73 Y74.936 E2302.11553
G0 F9000 X193.672 Y74.284
G1 F2100 X187.955 Y68.567 E2302.39788
G0 F9000 X188.728 Y68.747
G1 F2100 X193.489 Y73.507 E2302.633
G1 X193.563 Y73.581
G0 F9000 X193.936 Y73.492
G0 X193.554 Y72.407
G0 X193.147 Y72.571
G1 F2100 X189.653 Y69.077 E2302.80556
G1 X189.579 Y69.003
G0 F9000 X189.732 Y68.638
G0 X191.407 Y69.622
G0 X191.121 Y69.951
G1 F2100 X192.246 Y71.076 E2302.86112
G1 X192.32 Y71.15
G1 F1500 E2301.86112
G0 F9000 X192.648 Y70.875
G0 X193.355 Y72.08
G0 X193.791 Y73.141
G0 X194.054 Y74.251
G0 X194.146 Y75.437
G0 X194.12 Y112.278
G0 X194.146 Y142.454
G0 X194.037 Y144.793
G0 X193.721 Y147.045
G0 X193.183 Y149.312
G0 X192.456 Y151.462
G0 X191.513 Y153.573
G0 X190.387 Y155.572
G0 X189.072 Y157.47
G0 X187.613 Y159.2
G0 X185.961 Y160.82
G0 X184.187 Y162.26
G0 X182.298 Y163.519
G0 X180.291 Y164.599
G0 X178.175 Y165.488
G0 X176.012 Y166.164
G0 X173.793 Y166.633
G0 X171.527 Y166.892
G0 X167.234 Y166.881
G0 X167.162 Y130.176
G1 F1500 E2302.86112
G0 F9000 X167.597 Y130.176
G1 F2100 X191.048 Y153.628 E2304.01936
G0 F9000 X190.834 Y154.008
G1 F2100 X167.597 Y130.77 E2305.16704
G0 F9000 X167.597 Y131.364
G1 F2100 X190.62 Y154.388 E2306.30414
G0 F9000 X190.406 Y154.767
G1 F2100 X167.597 Y131.958 E2307.43065
G0 F9000 X167.597 Y132.552
G1 F2100 X190.191 Y155.147 E2308.54656
G0 F9000 X189.965 Y155.515
G1 F2100 X167.597 Y133.146 E2309.65132
G0 F9000 X167.597 Y133.74
G1 F2100 X189.723 Y155.866 E2310.74409
G0 F9000 X189.48 Y156.218
G1 F2100 X167.597 Y134.334 E2311.82489
G0 F9000 X167.597 Y134.928
G1 F2100 X189.237 Y156.568 E2312.89366
G0 F9000 X188.994 Y156.92
G1 F2100 X167.597 Y135.522 E2313.95046
G0 F9000 X167.597 Y136.116
G1 F2100 X188.75 Y157.269 E2314.99518
G0 F9000 X188.478 Y157.592
G1 F2100 X167.597 Y136.71 E2316.02649
G0 F9000 X167.597 Y137.304
G1 F2100 X188.206 Y157.913 E2317.04435
G0 F9000 X187.934 Y158.236
G1 F2100 X167.597 Y137.898 E2318.04879
G0 F9000 X167.597 Y138.492
G1 F2100 X187.662 Y158.558 E2319.0398
G0 F9000 X187.391 Y158.88
G1 F2100 X167.597 Y139.086 E2320.0174
G0 F9000 X167.597 Y139.68
G1 F2100 X187.094 Y159.178 E2320.98036
G0 F9000 X186.794 Y159.472
G1 F2100 X167.597 Y140.274 E2321.9285
G0 F9000 X167.597 Y140.868
G1 F2100 X186.495 Y159.767 E2322.86188
G0 F9000 X186.196 Y160.061
G1 F2100 X167.597 Y141.462 E2323.78046
G0 F9000 X167.597 Y142.056
G1 F2100 X185.896 Y160.355 E2324.68422
G0 F9000 X185.586 Y160.639
G1 F2100 X167.597 Y142.65 E2325.57268
G0 F9000 X167.597 Y143.244
G1 F2100 X185.258 Y160.905 E2326.44493
G0 F9000 X184.93 Y161.171
G1 F2100 X167.597 Y143.838 E2327.30099
G0 F9000 X167.597 Y144.432
G1 F2100 X184.602 Y161.437 E2328.14085
G0 F9000 X184.274 Y161.703
G1 F2100 X167.597 Y145.026 E2328.9645
G0 F9000 X167.597 Y145.62
G1 F2100 X183.945 Y161.968 E2329.77191
G0 F9000 X183.588 Y162.206
G1 F2100 X167.597 Y146.214 E2330.56171
G0 F9000 X167.597 Y146.808
G1 F2100 X183.233 Y162.444 E2331.33395
G0 F9000 X182.876 Y162.681
G1 F2100 X167.597 Y147.402 E2332.08856
G0 F9000 X167.597 Y147.996
G1 F2100 X182.52 Y162.919 E2332.82559
G0 F9000 X182.164 Y163.157
G1 F2100 X167.597 Y148.59 E2333.54504
G0 F9000 X167.597 Y149.183
G1 F2100 X181.782 Y163.369 E2334.24564
G0 F9000 X181.396 Y163.577
G1 F2100 X167.597 Y149.777 E2334.92718
G0 F9000 X167.597 Y150.371
G1 F2100 X181.009 Y163.784 E2335.58961
G0 F9000 X180.623 Y163.992
G1 F2100 X167.597 Y150.965 E2336.23297
G0 F9000 X167.597 Y151.559
G1 F2100 X180.236 Y164.199 E2336.85722
G0 F9000 X179.827 Y164.383
G1 F2100 X167.597 Y152.153 E2337.46125
G0 F9000 X167.597 Y152.747
G1 F2100 X179.409 Y164.56 E2338.04465
G0 F9000 X178.991 Y164.736
G1 F2100 X167.597 Y153.341 E2338.60741
G0 F9000 X167.597 Y153.935
G1 F2100 X178.573 Y164.912 E2339.14953
G0 F9000 X178.155 Y165.088
G1 F2100 X167.597 Y154.529 E2339.671
G0 F9000 X167.597 Y155.123
G1 F2100 X177.712 Y165.238 E2340.17057
G0 F9000 X177.259 Y165.38
G1 F2100 X167.597 Y155.717 E2340.64779
G0 F9000 X167.597 Y156.311
G1 F2100 X176.806 Y165.52 E2341.10261
G0 F9000 X176.353 Y165.662
G1 F2100 X167.597 Y156.905 E2341.53508
G0 F9000 X167.597 Y157.499
G1 F2100 X175.901 Y165.803 E2341.94521
G0 F9000 X175.41 Y165.907
G1 F2100 X167.597 Y158.093 E2342.33111
G0 F9000 X167.597 Y158.687
G1 F2100 X174.919 Y166.01 E2342.69276
G0 F9000 X174.429 Y166.113
G1 F2100 X167.597 Y159.281 E2343.03018
G0 F9000 X167.597 Y159.875
G1 F2100 X173.939 Y166.217 E2343.3434
G0 F9000 X173.422 Y166.295
G1 F2100 X167.597 Y160.469 E2343.63112
G0 F9000 X167.597 Y161.063
G1 F2100 X172.89 Y166.356 E2343.89253
G0 F9000 X172.357 Y166.418
G1 F2100 X167.597 Y161.657 E2344.12765
G0 F9000 X167.597 Y162.251
G1 F2100 X171.824 Y166.479 E2344.33644
G0 F9000 X171.268 Y166.516
G1 F2100 X167.597 Y162.845 E2344.51774
G0 F9000 X167.597 Y163.439
G1 F2100 X170.674 Y166.516 E2344.66971
G0 F9000 X170.08 Y166.516
G1 F2100 X167.597 Y164.033 E2344.79235
G0 F9000 X167.597 Y164.627
G1 F2100 X169.486 Y166.516 E2344.88564
G0 F9000 X168.892 Y166.516
G1 F2100 X167.597 Y165.221 E2344.9496
G0 F9000 X167.597 Y165.815
G1 F2100 X168.298 Y166.516 E2344.98422
G0 F9000 X167.704 Y166.516
G1 F2100 X167.597 Y166.409 E2344.98951
G1 F1500 E2343.98951
G0 F9000 X167.162 Y166.409
G0 X166.86 Y129.796
G0 X68.895 Y129.809
G0 X67.777 Y129.394
G0 X67.777 Y127.301
G0 X63.419 Y126.919
G1 F1500 E2344.98951
G0 F9000 X62.771 Y126.92
G1 F2100 X41.229 Y105.378 E2346.05344
G0 F9000 X41.229 Y104.784
G1 F2100 X62.682 Y126.236 E2347.11295
G0 F9000 X62.682 Y125.642
G1 F2100 X41.229 Y104.19 E2348.17247
G0 F9000 X41.229 Y103.596
G1 F2100 X62.682 Y125.049 E2349.232
G0 F9000 X62.682 Y124.455
G1 F2100 X41.229 Y103.002 E2350.29154
G0 F9000 X41.229 Y102.408
G1 F2100 X62.682 Y123.861 E2351.35108
G0 F9000 X62.682 Y123.267
G1 F2100 X41.229 Y101.814 E2352.41062
G0 F9000 X41.229 Y101.22
G1 F2100 X62.682 Y122.673 E2353.47015
G0 F9000 X62.682 Y122.079
G1 F2100 X41.229 Y100.626 E2354.52969
G0 F9000 X41.229 Y100.032
G1 F2100 X62.682 Y121.485 E2355.58923
G0 F9000 X62.682 Y120.891
G1 F2100 X41.229 Y99.439 E2356.64874
G0 F9000 X41.229 Y98.844
G1 F2100 X62.682 Y120.297 E2357.70828
G0 F9000 X62.682 Y119.703
G1 F2100 X41.229 Y98.25 E2358.76782
G0 F9000 X41.229 Y97.656
G1 F2100 X62.682 Y119.109 E2359.82735
G0 F9000 X62.682 Y118.515
G1 F2100 X41.229 Y97.062 E2360.88689
G0 F9000 X41.229 Y96.468
G1 F2100 X62.682 Y117.921 E2361.94643
G0 F9000 X62.682 Y117.327
G1 F2100 X41.229 Y95.874 E2363.00597
G0 F9000 X41.229 Y95.28
G1 F2100 X62.682 Y116.733 E2364.0655
G0 F9000 X62.682 Y116.139
G1 F2100 X41.229 Y94.686 E2365.12504
G0 F9000 X41.229 Y94.092
G1 F2100 X62.682 Y115.545 E2366.18458
G0 F9000 X62.682 Y114.951
G1 F2100 X41.229 Y93.498 E2367.24412
G0 F9000 X41.229 Y92.904
G1 F2100 X56.3 Y107.975 E2367.98845
G0 F9000 X56.181 Y107.262
G1 F2100 X41.229 Y92.31 E2368.72692
G0 F9000 X41.229 Y91.716
G1 F2100 X56.181 Y106.668 E2369.46538
G0 F9000 X56.181 Y106.074
G1 F2100 X41.229 Y91.122 E2370.20384
G0 F9000 X41.229 Y90.528
G1 F2100 X56.181 Y105.48 E2370.9423
G0 F9000 X56.181 Y104.886
G1 F2100 X41.229 Y89.934 E2371.68076
G0 F9000 X41.229 Y89.34
G1 F2100 X56.181 Y104.292 E2372.41922
G0 F9000 X56.181 Y103.698
G1 F2100 X41.229 Y88.746 E2373.15768
G0 F9000 X41.229 Y88.152
G1 F2100 X56.181 Y103.104 E2373.89614
G0 F9000 X56.181 Y102.51
G1 F2100 X41.229 Y87.558 E2374.6346
G0 F9000 X41.228 Y86.964
G1 F2100 X56.181 Y101.916 E2375.37309
G0 F9000 X56.181 Y101.322
G1 F2100 X41.228 Y86.37 E2376.11158
G0 F9000 X41.228 Y85.776
G1 F2100 X56.181 Y100.728 E2376.85006
G0 F9000 X56.181 Y100.134
G1 F2100 X41.228 Y85.182 E2377.58855
G0 F9000 X41.228 Y84.588
G1 F2100 X56.181 Y99.54 E2378.32703
G0 F9000 X56.181 Y98.946
G1 F2100 X41.228 Y83.994 E2379.06552
G0 F9000 X41.228 Y83.4
G1 F2100 X56.181 Y98.352 E2379.804
G0 F9000 X56.181 Y97.758
G1 F2100 X48.039 Y89.617 E2380.2061
G0 F9000 X48.667 Y89.651
G1 F2100 X56.181 Y97.164 E2380.57719
G0 F9000 X56.181 Y96.57
G1 F2100 X49.262 Y89.651 E2380.91891
G0 F9000 X49.855 Y89.651
G1 F2100 X56.181 Y95.977 E2381.23134
G0 F9000 X56.181 Y95.383
G1 F2100 X50.45 Y89.652 E2381.51439
G0 F9000 X51.045 Y89.653
G1 F2100 X56.181 Y94.789 E2381.76805
G0 F9000 X56.181 Y94.195
G1 F2100 X51.639 Y89.653 E2381.99237
G0 F9000 X52.233 Y89.654
G1 F2100 X56.181 Y93.601 E2382.18733
G0 F9000 X56.181 Y93.007
G1 F2100 X52.828 Y89.654 E2382.35293
G0 F9000 X53.422 Y89.654
G1 F2100 X56.181 Y92.413 E2382.4892
G0 F9000 X56.181 Y91.819
G1 F2100 X54.017 Y89.655 E2382.59608
G0 F9000 X54.611 Y89.656
G1 F2100 X56.181 Y91.225 E2382.67359
G0 F9000 X56.181 Y90.631
G1 F2100 X55.205 Y89.656 E2382.72177
G0 F9000 X55.8 Y89.656
G1 F2100 X56.181 Y90.037 E2382.74059
G0 F9000 X56.617 Y90.037
G0 X47.869 Y88.919
G0 X47.171 Y88.748
G1 F2100 X41.228 Y82.806 E2383.03408
G0 F9000 X41.228 Y82.212
G1 F2100 X47.137 Y88.121 E2383.32592
G0 F9000 X47.137 Y87.527
G1 F2100 X41.228 Y81.618 E2383.61776
G0 F9000 X41.228 Y81.024
G1 F2100 X47.137 Y86.933 E2383.90959
G0 F9000 X47.136 Y86.338
G1 F2100 X41.228 Y80.43 E2384.20138
G0 F9000 X41.228 Y79.836
G1 F2100 X47.136 Y85.744 E2384.49317
G0 F9000 X47.136 Y85.15
G1 F2100 X41.228 Y79.242 E2384.78496
G0 F9000 X41.228 Y78.648
G1 F2100 X47.136 Y84.556 E2385.07675
G0 F9000 X47.135 Y83.961
G1 F2100 X41.228 Y78.054 E2385.36849
G0 F9000 X41.228 Y77.46
G1 F2100 X47.135 Y83.367 E2385.66023
G0 F9000 X47.135 Y82.773
G1 F2100 X41.228 Y76.866 E2385.95197
G0 F9000 X41.228 Y76.272
G1 F2100 X47.135 Y82.179 E2386.24371
G0 F9000 X47.135 Y81.585
G1 F2100 X41.228 Y75.678 E2386.53545
G0 F9000 X41.254 Y75.111
G1 F2100 X47.135 Y80.991 E2386.82588
G0 F9000 X47.135 Y80.397
G1 F2100 X41.298 Y74.56 E2387.11416
G0 F9000 X41.382 Y74.05
G1 F2100 X47.134 Y79.802 E2387.39825
G0 F9000 X47.134 Y79.208
G1 F2100 X41.495 Y73.569 E2387.67675
G0 F9000 X41.629 Y73.109
G1 F2100 X47.134 Y78.614 E2387.94863
G0 F9000 X47.134 Y78.02
G1 F2100 X41.802 Y72.689 E2388.21195
G0 F9000 X41.975 Y72.268
G1 F2100 X47.133 Y77.426 E2388.4667
G0 F9000 X47.133 Y76.832
G1 F2100 X42.197 Y71.895 E2388.7105
G0 F9000 X42.421 Y71.525
G1 F2100 X47.133 Y76.238 E2388.94325
G0 F9000 X47.132 Y75.643
G1 F2100 X42.666 Y71.177 E2389.16382
G0 F9000 X42.938 Y70.854
G1 F2100 X47.132 Y75.049 E2389.37098
G0 F9000 X47.132 Y74.455
G1 F2100 X43.21 Y70.533 E2389.56468
G0 F9000 X43.526 Y70.255
G1 F2100 X47.132 Y73.861 E2389.74278
G0 F9000 X47.132 Y73.266
G1 F2100 X43.844 Y69.979 E2389.90515
G0 F9000 X44.18 Y69.72
G1 F2100 X47.132 Y72.672 E2390.05094
G0 F9000 X47.132 Y72.078
G1 F2100 X44.547 Y69.493 E2390.17861
G0 F9000 X44.914 Y69.266
G1 F2100 X47.131 Y71.484 E2390.28813
G0 F9000 X47.131 Y70.89
G1 F2100 X45.326 Y69.085 E2390.37728
G0 F9000 X45.745 Y68.91
G1 F2100 X47.131 Y70.296 E2390.44573
G0 F9000 X47.131 Y69.702
G1 F2100 X46.194 Y68.765 E2390.49201
G0 F9000 X46.671 Y68.648
G1 F2100 X47.188 Y69.164 E2390.51752
G0 F9000 X47.381 Y68.764
G1 F2100 X47.173 Y68.556 E2390.52779
G1 F1500 E2389.52779
G0 F9000 X47.138 Y68.122
G0 X48.021 Y68.151
G0 X48.021 Y69.021
G0 X48.222 Y89.278
G0 X52.824 Y89.358
G0 X56.507 Y104.949
G0 X56.547 Y107.017
G0 X57.279 Y108.217
G1 F1500 E2390.52779
G0 F9000 X56.855 Y108.53
G1 F2100 X62.682 Y114.357 E2390.81558
G0 F9000 X62.682 Y113.763
G1 F2100 X57.568 Y108.649 E2391.06815
G0 F9000 X58.163 Y108.65
G1 F2100 X62.682 Y113.169 E2391.29134
G0 F9000 X62.682 Y112.575
G1 F2100 X58.757 Y108.651 E2391.48517
G0 F9000 X59.352 Y108.651
G1 F2100 X62.682 Y111.981 E2391.64963
G0 F9000 X62.682 Y111.387
G1 F2100 X59.947 Y108.652 E2391.78471
G0 F9000 X60.542 Y108.654
G1 F2100 X62.682 Y110.793 E2391.89038
G0 F9000 X62.682 Y110.199
G1 F2100 X61.137 Y108.654 E2391.96668
G0 F9000 X61.731 Y108.655
G1 F2100 X62.682 Y109.605 E2392.01363
G0 F9000 X62.682 Y109.011
G1 F2100 X62.326 Y108.656 E2392.03118
G1 F1500 E2391.03118
G0 F9000 X62.328 Y108.221
G0 X63.406 Y108.164
G0 X63.419 Y126.919
G0 X102.395 Y126.919
G0 X102.395 Y106.993
G0 X96.545 Y106.601
G1 F1500 E2392.03118
G0 F9000 X96.423 Y106.465
G1 F2100 X96.424 Y89.448 E2392.62547
G1 X103.843 Y89.449 E2392.88457
G1 X103.384 Y90.033 E2392.91051
G1 X102.347 Y91.734 E2392.98008
G1 X101.476 Y93.658 E2393.05384
G1 X100.918 Y95.451 E2393.11942
G1 X100.546 Y97.436 E2393.18995
G1 X100.419 Y99.468 E2393.26105
G1 X100.531 Y101.396 E2393.32849
G1 X100.888 Y103.392 E2393.39931
G1 X101.467 Y105.28 E2393.46827
G1 X101.994 Y106.464 E2393.51353
G1 X96.423 Y106.465 E2393.70809
G0 F9000 X96.749 Y106.253
G1 F2100 X96.633 Y106.136 E2393.71384
G0 F9000 X96.633 Y105.542
G1 F2100 X97.343 Y106.253 E2393.74893
G0 F9000 X97.937 Y106.253
G1 F2100 X96.633 Y104.948 E2393.81336
G0 F9000 X96.633 Y104.354
G1 F2100 X98.531 Y106.253 E2393.90713
G0 F9000 X99.125 Y106.253
G1 F2100 X96.633 Y103.76 E2394.03023
G0 F9000 X96.633 Y103.166
G1 F2100 X99.719 Y106.253 E2394.18267
G0 F9000 X100.313 Y106.253
G1 F2100 X96.633 Y102.572 E2394.36444
G0 F9000 X96.633 Y101.978
G1 F2100 X100.907 Y106.253 E2394.57555
G0 F9000 X101.501 Y106.253
G1 F2100 X96.633 Y101.384 E2394.816
G0 F9000 X96.633 Y100.791
G1 F2100 X101.331 Y105.489 E2395.04803
G1 X101.405 Y105.563
G0 F9000 X101.768 Y105.402
G0 X101.458 Y104.476
G0 X101.04 Y104.604
G1 F2100 X96.633 Y100.197 E2395.26569
G0 F9000 X96.633 Y99.603
G1 F2100 X100.778 Y103.748 E2395.4704
G0 F9000 X100.6 Y102.976
G1 F2100 X96.633 Y99.009 E2395.66633
G0 F9000 X96.633 Y98.415
G1 F2100 X100.472 Y102.254 E2395.85593
G0 F9000 X100.343 Y101.531
G1 F2100 X96.633 Y97.821 E2396.03916
G0 F9000 X96.633 Y97.227
G1 F2100 X100.291 Y100.885 E2396.21983
G0 F9000 X100.255 Y100.255
G1 F2100 X96.633 Y96.633 E2396.39871
G0 F9000 X96.633 Y96.039
G1 F2100 X100.218 Y99.624 E2396.57577
G0 F9000 X100.234 Y99.046
G1 F2100 X96.633 Y95.445 E2396.75362
G0 F9000 X96.633 Y94.851
G1 F2100 X100.269 Y98.487 E2396.9332
G0 F9000 X100.305 Y97.929
G1 F2100 X96.633 Y94.257 E2397.11456
G0 F9000 X96.633 Y93.663
G1 F2100 X100.343 Y97.373 E2397.29779
G0 F9000 X100.437 Y96.873
G1 F2100 X96.633 Y93.069 E2397.48566
G0 F9000 X96.633 Y92.475
G1 F2100 X100.531 Y96.373 E2397.67818
G0 F9000 X100.625 Y95.873
G1 F2100 X96.633 Y91.881 E2397.87534
G0 F9000 X96.633 Y91.287
G1 F2100 X100.72 Y95.375 E2398.07722
G0 F9000 X100.861 Y94.922
G1 F2100 X96.633 Y90.693 E2398.28606
G0 F9000 X96.633 Y90.099
G1 F2100 X101.002 Y94.468 E2398.50184
G0 F9000 X101.143 Y94.015
G1 F2100 X96.786 Y89.659 E2398.717
G0 F9000 X97.38 Y89.659
G1 F2100 X101.289 Y93.567 E2398.91004
G0 F9000 X101.474 Y93.158
G1 F2100 X97.974 Y89.659 E2399.08287
G0 F9000 X98.568 Y89.659
G1 F2100 X101.658 Y92.749 E2399.23548
G0 F9000 X101.842 Y92.338
G1 F2100 X99.162 Y89.659 E2399.36782
G0 F9000 X99.756 Y89.659
G1 F2100 X102.027 Y91.929 E2399.47996
G0 F9000 X102.226 Y91.534
G1 F2100 X100.35 Y89.659 E2399.57259
G0 F9000 X100.944 Y89.659
G1 F2100 X102.45 Y91.165 E2399.64697
G0 F9000 X102.674 Y90.795
G1 F2100 X101.538 Y89.659 E2399.70307
G0 F9000 X102.132 Y89.659
G1 F2100 X102.898 Y90.424 E2399.74088
G0 F9000 X103.122 Y90.054
G1 F2100 X102.726 Y89.659 E2399.76041
;TIME_ELAPSED:2351.795662
G1 F1500 E2398.76041
M140 S0
M107
G91 ;Relative positionning
G1 E-2 F2700 ;Retract a bit
G1 E-8 X5 Y5 Z3 F3000 ;Retract
G90 ;Absolute positionning
G1 X0 Y235 ;Present print
M106 S0 ;Turn-off fan
M104 S0 ;Turn-off hotend
M140 S0 ;Turn-off bed
M84 X Y E ;Disable all steppers but Z
M82 ;absolute extrusion mode
M104 S0
;End of Gcode
;SETTING_3 {"global_quality": "[general]\\nversion = 4\\nname = Fast #2\\ndefini
;SETTING_3 tion = elegoo_neptune_3pro\\n\\n[metadata]\\ntype = quality_changes\\
;SETTING_3 nquality_type = Elegoo_layer_020\\nsetting_version = 22\\n\\n[values]
;SETTING_3 \\nadhesion_type = none\\nmaterial_bed_temperature = 65\\nmaterial_be
;SETTING_3 d_temperature_layer_0 = 70\\nsupport_enable = True\\nsupport_structur
;SETTING_3 e = normal\\nsupport_type = buildplate\\n\\n", "extruder_quality": ["
;SETTING_3 [general]\\nversion = 4\\nname = Fast #2\\ndefinition = elegoo_neptun
;SETTING_3 e_3pro\\n\\n[metadata]\\ntype = quality_changes\\nquality_type = Eleg
;SETTING_3 oo_layer_020\\nintent_category = default\\nposition = 0\\nsetting_ver
;SETTING_3 sion = 22\\n\\n[values]\\ninfill_pattern = gyroid\\ninfill_sparse_den
;SETTING_3 sity = 5\\nmaterial_print_temperature = 215.0\\nsupport_infill_rate =
;SETTING_3  30\\n\\n"]}
