;FLAVOR:Marlin
;TIME:211
;Filament used: 0.0577559m
;Layer height: 0.2
;MINX:111.537
;MINY:112.446
;MINZ:0.2
;MAXX:122.607
;MAXY:122.565
;MAXZ:6
;TARGET_MACHINE.NAME:ELEGOO NEPTUNE 3 Pro
;Generated with Cura_SteamEngine 5.5.0
M140 S70
M105
M190 S70
M104 S215
M105
M109 S215
M82 ;absolute extrusion mode
;ELEGOO NEPTUNE 3 Pro
M220 S100 ;Set the feed speed to 100%
M221 S100 ;Set the flow rate to 100%
G90
G28 ;home
;M420 S1 Z10;Uncomment to enable progressive compensation height of 10mm
G92 E0 ;Reset Extruder
G1 Z0.45 F300
G1 X1.5 Y20 F5000.0 ;Move to start position
G1 Y120.0 F600.0 E15 ;Draw the first line
G1 X0.5 F1000.0 ;Move to side a little
G1 Y20 F600 E30 ;Draw the second line
G92 E0 ;Reset Extruder
G92 E0
G92 E0
G1 F1500 E-1
;LAYER_COUNT:30
;LAYER:0
M106 S255
M204 S500
;MESH:PCB_Spacers.stl(1)
G0 F6000 X112.673 Y113.773 Z0.2
;TYPE:WALL-OUTER
G1 F1500 E0
G1 F1031 X112.721 Y113.321 E0.01886
G1 F1035.1 X112.863 Y113.019 E0.03265
G1 F1028.9 X113.176 Y112.688 E0.05159
G1 F1043.5 X113.693 Y112.469 E0.07461
G1 F1047.8 X114.24 Y112.487 E0.09695
G1 F1041.4 X114.741 Y112.758 E0.12035
G1 F1052.1 X115.01 Y113.095 E0.13788
G1 F1031 X115.099 Y113.321 E0.14796
G1 F1016.7 X115.155 Y113.79 E0.16783
G1 F1039.3 X115.009 Y114.29 E0.18927
G1 F1045.7 X114.787 Y114.584 E0.20434
G1 F1060.8 X114.521 Y114.774 E0.21753
G1 F1056.4 X114.164 Y114.918 E0.23311
G1 F1010.7 X113.73 Y114.916 E0.25148
G1 F1022.8 X113.382 Y114.817 E0.26661
G1 F1043.5 X112.958 Y114.497 E0.28839
G1 F1045.7 X112.75 Y114.134 E0.30551
G1 F1041.4 X112.673 Y113.773 E0.32067
G1 F1500 E-0.67933
;MESH:PCB_Spacers.stl(3)
G0 F6000 X115.811 Y116.752
G1 F1500 E0.32067
G1 F1026.9 X115.975 Y116.224 E0.3437
G1 F1033.1 X116.179 Y115.958 E0.35758
G1 F1022.8 X116.572 Y115.704 E0.37715
G1 F1065.2 X116.95 Y115.602 E0.39288
G1 F1056.4 X117.236 Y115.626 E0.4045
G1 F1028.9 X117.584 Y115.725 E0.41954
G1 F1049.9 X118.008 Y116.045 E0.44118
G1 F1026.9 X118.18 Y116.322 E0.45477
G1 F1045.7 X118.288 Y116.697 E0.47073
G1 F1056.4 X118.245 Y117.221 E0.49202
G1 F1052.1 X118.122 Y117.496 E0.50427
G1 F1043.5 X117.79 Y117.854 E0.52429
G1 X117.273 Y118.073 E0.5473
G1 F1047.8 X116.704 Y118.05 E0.57055
G1 F1022.8 X116.301 Y117.84 E0.58956
G1 F1012.7 X116.146 Y117.701 E0.59835
G1 F1018.7 X115.941 Y117.415 E0.61313
G1 F1045.7 X115.837 Y117.094 E0.62693
G1 X115.811 Y116.752 E0.64096
G1 F1500 E-0.35904
;MESH:PCB_Spacers.stl(2)
G0 F6000 X118.995 Y113.844
G1 F1500 E0.64096
G1 F1058.6 X119.019 Y113.558 E0.65256
G1 F1024.8 X119.118 Y113.21 E0.66766
G1 F1043.5 X119.438 Y112.786 E0.68944
G1 F1045.7 X119.801 Y112.578 E0.70656
G1 F1041.4 X120.162 Y112.501 E0.72172
G1 F1031 X120.614 Y112.549 E0.74058
G1 F1035.1 X120.916 Y112.691 E0.75437
G1 F1028.9 X121.247 Y113.004 E0.77331
G1 F1018.7 X121.441 Y113.409 E0.79217
G1 F1000.9 X121.475 Y113.867 E0.81179
G1 F1010.7 X121.448 Y114.068 E0.82038
G1 F1041.4 X121.177 Y114.569 E0.84377
G1 F1052.1 X120.84 Y114.838 E0.86131
G1 F1060.8 X120.487 Y114.957 E0.87633
G1 F1045.7 X120.145 Y114.983 E0.89036
G1 F1026.9 X119.617 Y114.819 E0.91339
G1 F1033.1 X119.351 Y114.615 E0.92727
G1 F1022.8 X119.097 Y114.222 E0.94685
G1 F1065.2 X118.995 Y113.844 E0.96257
G1 F1500 E-0.03743
;MESH:PCB_Spacers.stl(4)
G0 F6000 X120.128 Y118.535
G1 F1500 E0.96257
G1 F1047.8 X120.151 Y117.966 E0.98582
G1 F1022.8 X120.361 Y117.563 E1.00483
G1 F1012.7 X120.5 Y117.408 E1.01362
G1 F1018.7 X120.786 Y117.203 E1.0284
G1 F1045.7 X121.107 Y117.099 E1.0422
G1 X121.449 Y117.073 E1.05623
G1 F1026.9 X121.977 Y117.237 E1.07926
G1 F1035.1 X122.243 Y117.441 E1.09312
G1 F1063 X122.433 Y117.707 E1.10627
G1 F1058.6 X122.577 Y118.064 E1.12183
G1 F1012.7 X122.575 Y118.498 E1.14016
G1 F1028.9 X122.476 Y118.846 E1.1552
G1 F1052.1 X122.156 Y119.27 E1.1768
G1 F1047.8 X121.793 Y119.478 E1.19388
G1 F1039.3 X121.432 Y119.555 E1.20908
G1 F1028.9 X120.98 Y119.507 E1.22797
G1 F1035.1 X120.678 Y119.365 E1.24176
G1 F1028.9 X120.347 Y119.052 E1.2607
G1 F1043.5 X120.128 Y118.535 E1.28372
G1 F1500 E0.28372
;MESH:PCB_Spacers.stl(5)
G0 F6000 X116.719 Y121.39
G1 F1500 E1.28372
G1 F1031 X116.767 Y120.938 E1.30258
G1 F1035.1 X116.909 Y120.636 E1.31637
G1 F1028.9 X117.222 Y120.305 E1.33531
G1 F1043.5 X117.739 Y120.086 E1.35833
G1 F1047.8 X118.286 Y120.104 E1.38067
G1 F1041.4 X118.787 Y120.375 E1.40407
G1 F1052.1 X119.056 Y120.712 E1.4216
G1 F1031 X119.145 Y120.938 E1.43168
G1 F1016.7 X119.201 Y121.407 E1.45155
G1 F1039.3 X119.055 Y121.907 E1.47299
G1 F1045.7 X118.833 Y122.201 E1.48806
G1 F1060.8 X118.567 Y122.391 E1.50125
G1 F1056.4 X118.21 Y122.535 E1.51683
G1 F1010.7 X117.776 Y122.533 E1.5352
G1 F1022.8 X117.428 Y122.434 E1.55034
G1 F1043.5 X117.004 Y122.114 E1.57211
G1 F1045.7 X116.796 Y121.751 E1.58923
G1 F1041.4 X116.719 Y121.39 E1.60439
G1 F1500 E0.60439
;MESH:PCB_Spacers.stl
G0 F6000 X112.441 Y119.91
G1 F1500 E1.60439
G1 F1058.6 X112.465 Y119.624 E1.61599
G1 F1024.8 X112.564 Y119.276 E1.63109
G1 F1043.5 X112.884 Y118.852 E1.65287
G1 F1045.7 X113.247 Y118.644 E1.66998
G1 F1041.4 X113.608 Y118.567 E1.68514
G1 F1031 X114.06 Y118.615 E1.704
G1 F1035.1 X114.362 Y118.757 E1.71779
G1 F1028.9 X114.693 Y119.07 E1.73673
G1 F1018.7 X114.887 Y119.475 E1.75559
G1 F1000.9 X114.921 Y119.933 E1.77522
G1 F1010.7 X114.894 Y120.134 E1.7838
G1 F1041.4 X114.623 Y120.635 E1.8072
G1 F1052.1 X114.286 Y120.904 E1.82473
G1 F1060.8 X113.933 Y121.023 E1.83975
G1 F1045.7 X113.591 Y121.049 E1.85379
G1 F1026.9 X113.063 Y120.885 E1.87682
G1 F1033.1 X112.797 Y120.681 E1.8907
G1 F1022.8 X112.543 Y120.288 E1.91027
G1 F1065.2 X112.441 Y119.91 E1.92599
G1 F1500 E0.92599
;MESH:NONMESH
G0 F600 X112.441 Y119.91 Z0.4
G0 F6000 X111.537 Y119.537
G0 X111.757 Y113.89
G0 X112.668 Y113.658
;TIME_ELAPSED:7.811792
;LAYER:1
M140 S65
M204 S1250
;TYPE:WALL-OUTER
;MESH:PCB_Spacers.stl(1)
G1 F1500 E1.92599
G1 F518.5 X112.724 Y113.308 E1.94067
G1 F525.9 X112.996 Y112.853 E1.96231
G1 F513.3 X113.278 Y112.63 E1.97735
G1 F502.3 X113.573 Y112.495 E1.99122
G1 F512.3 X113.928 Y112.446 E2.00624
G1 F517.4 X114.262 Y112.493 E2.02023
G1 F523.7 X114.528 Y112.608 E2.03211
G1 F516.4 X114.744 Y112.768 E2.04329
G1 F507.3 X114.961 Y113.017 E2.05726
G1 F508.3 X115.103 Y113.33 E2.07178
G1 F507.3 X115.154 Y113.673 E2.08646
G1 F517.4 X115.065 Y114.173 E2.10753
G1 F516.4 X114.85 Y114.507 E2.12405
G1 F507.3 X114.602 Y114.725 E2.13802
G1 F512.3 X114.167 Y114.917 E2.15795
G1 F515.4 X113.731 Y114.924 E2.17611
G1 F508.3 X113.319 Y114.778 E2.19458
G1 F513.3 X112.948 Y114.483 E2.2144
G1 F523.7 X112.737 Y114.109 E2.232
G1 F519.5 X112.668 Y113.658 E2.25086
M204 S750
G1 F1500 E1.25086
;MESH:PCB_Spacers.stl(3)
G0 F7500 X115.829 Y117.073
M204 S1250
G1 F1500 E2.25086
G1 F530.2 X115.822 Y116.671 E2.26714
G1 F525.9 X115.886 Y116.408 E2.27819
G1 F523.7 X116.173 Y115.969 E2.29969
G1 F516.4 X116.364 Y115.817 E2.30984
G1 F513.3 X116.799 Y115.625 E2.32973
G1 F517.4 X117.235 Y115.618 E2.34782
G1 F508.3 X117.647 Y115.764 E2.36628
G1 F509.3 X118.001 Y116.04 E2.38521
G1 F523.7 X118.225 Y116.419 E2.40325
G1 F530.2 X118.299 Y116.836 E2.4204
G1 F526.9 X118.245 Y117.223 E2.43632
G1 F514.3 X118.035 Y117.609 E2.45467
G1 F502.3 X117.688 Y117.912 E2.47435
G1 F504.3 X117.393 Y118.047 E2.48817
G1 F513.3 X117.038 Y118.096 E2.50315
G1 F518.5 X116.704 Y118.049 E2.51712
G1 F519.5 X116.473 Y117.956 E2.52741
G1 X116.156 Y117.714 E2.54389
G1 F516.4 X116.005 Y117.525 E2.55395
G1 F521.6 X115.829 Y117.073 E2.57392
M204 S750
G1 F1500 E1.57392
;MESH:PCB_Spacers.stl(2)
G0 F7500 X119.018 Y113.995
M204 S1250
G1 F1500 E2.57392
G1 F517.4 X119.011 Y113.559 E2.59201
G1 F509.3 X119.157 Y113.147 E2.61044
G1 F513.3 X119.452 Y112.776 E2.63026
G1 F523.7 X119.826 Y112.565 E2.64786
G1 F519.5 X120.275 Y112.495 E2.66664
G1 X120.616 Y112.549 E2.68091
G1 F514.3 X121.002 Y112.759 E2.69925
G1 F502.3 X121.305 Y113.106 E2.71894
G1 F503.3 X121.44 Y113.401 E2.73278
G1 F512.3 X121.489 Y113.756 E2.7478
G1 F518.5 X121.442 Y114.09 E2.76177
G1 F524.8 X121.327 Y114.356 E2.77362
G1 F517.4 X121.167 Y114.572 E2.78477
G1 F508.3 X120.918 Y114.789 E2.79873
G1 F520.6 X120.466 Y114.965 E2.81873
G1 F530.2 X120.064 Y114.972 E2.83501
G1 F525.9 X119.801 Y114.908 E2.84606
G1 F523.7 X119.362 Y114.621 E2.86756
G1 F516.4 X119.21 Y114.43 E2.87771
G1 F513.3 X119.018 Y113.995 E2.8976
M204 S750
G1 F1500 E1.8976
;MESH:PCB_Spacers.stl(4)
G0 F7500 X118.178 Y114.357
G0 X118.709 Y115.44
G0 X119.138 Y116.338
G0 X119.264 Y117.725
G0 X120.105 Y118.3
M204 S1250
G1 F1500 E2.8976
G1 F518.5 X120.152 Y117.966 E2.91157
G1 F519.5 X120.245 Y117.735 E2.92186
G1 X120.487 Y117.418 E2.93834
G1 F516.4 X120.676 Y117.267 E2.9484
G1 F521.6 X121.128 Y117.091 E2.96836
G1 F530.2 X121.53 Y117.084 E2.98464
G1 F528 X121.832 Y117.163 E2.99733
G1 F516.4 X122.166 Y117.378 E3.01385
G1 F507.3 X122.384 Y117.626 E3.02782
G1 F513.3 X122.576 Y118.061 E3.04771
G1 F516.4 X122.583 Y118.497 E3.06584
G1 F508.3 X122.437 Y118.909 E3.0843
G1 F513.3 X122.142 Y119.28 E3.10413
G1 F526.9 X121.782 Y119.487 E3.12105
G1 F521.6 X121.319 Y119.561 E3.14035
G1 F517.4 X120.967 Y119.504 E3.15514
G1 F525.9 X120.512 Y119.232 E3.17678
G1 F513.3 X120.289 Y118.95 E3.19182
G1 F502.3 X120.154 Y118.655 E3.20569
G1 F512.3 X120.105 Y118.3 E3.2207
M204 S750
G1 F1500 E2.2207
;MESH:PCB_Spacers.stl(5)
G0 F7500 X116.714 Y121.275
M204 S1250
G1 F1500 E3.2207
G1 F518.5 X116.77 Y120.925 E3.23538
G1 F525.9 X117.042 Y120.47 E3.25702
G1 F513.3 X117.324 Y120.247 E3.27206
G1 F502.3 X117.619 Y120.112 E3.28593
G1 F512.3 X117.974 Y120.063 E3.30094
G1 F517.4 X118.308 Y120.11 E3.31494
G1 F523.7 X118.574 Y120.225 E3.32682
G1 F516.4 X118.79 Y120.385 E3.33799
G1 F507.3 X119.007 Y120.634 E3.35197
G1 F508.3 X119.149 Y120.947 E3.36649
G1 F507.3 X119.2 Y121.29 E3.38117
G1 F517.4 X119.111 Y121.79 E3.40224
G1 F516.4 X118.896 Y122.124 E3.41875
G1 F507.3 X118.648 Y122.342 E3.43273
G1 F512.3 X118.213 Y122.534 E3.45266
G1 F515.4 X117.777 Y122.541 E3.47082
G1 F508.3 X117.365 Y122.395 E3.48928
G1 F513.3 X116.994 Y122.1 E3.50911
G1 F523.7 X116.783 Y121.726 E3.52671
G1 F519.5 X116.714 Y121.275 E3.54557
M204 S750
G1 F1500 E2.54557
;MESH:PCB_Spacers.stl
G0 F7500 X112.457 Y119.625
M204 S1250
G1 F1500 E3.54557
G1 F509.3 X112.603 Y119.213 E3.56399
G1 F513.3 X112.898 Y118.842 E3.58382
G1 F523.7 X113.272 Y118.631 E3.60142
G1 F519.5 X113.721 Y118.561 E3.6202
G1 X114.062 Y118.615 E3.63447
G1 F514.3 X114.448 Y118.825 E3.65281
G1 F502.3 X114.751 Y119.172 E3.6725
G1 F503.3 X114.886 Y119.467 E3.68634
G1 F512.3 X114.935 Y119.822 E3.70136
G1 F518.5 X114.888 Y120.156 E3.71532
G1 F524.8 X114.773 Y120.422 E3.72718
G1 F517.4 X114.613 Y120.638 E3.73833
G1 F508.3 X114.364 Y120.855 E3.75228
G1 F520.6 X113.912 Y121.031 E3.77229
G1 F530.2 X113.51 Y121.038 E3.78857
G1 F525.9 X113.247 Y120.974 E3.79962
G1 F523.7 X112.808 Y120.687 E3.82112
G1 F516.4 X112.656 Y120.496 E3.83127
G1 F513.3 X112.464 Y120.061 E3.85116
G1 F517.4 X112.457 Y119.625 E3.86925
M204 S750
G1 F1500 E2.86925
;MESH:NONMESH
G0 F600 X112.457 Y119.625 Z0.6
G0 F7500 X114.961 Y113.03
;TIME_ELAPSED:15.038521
;LAYER:2
M204 S2000
;TYPE:WALL-OUTER
;MESH:PCB_Spacers.stl(1)
G1 F1500 E3.86925
G1 F493.2 X115.104 Y113.33 E3.88337
G1 F505 X115.158 Y113.614 E3.89537
G1 F517.5 X115.081 Y114.122 E3.91617
G1 F520.7 X114.93 Y114.411 E3.92929
G1 F502 X114.703 Y114.646 E3.94293
G1 F489.3 X114.414 Y114.828 E3.95756
G1 F507 X113.963 Y114.944 E3.9768
G1 F513.2 X113.633 Y114.91 E3.99035
G1 F508.1 X113.164 Y114.688 E4.01175
G1 F514.3 X112.866 Y114.366 E4.02962
G1 X112.739 Y114.115 E4.04108
G1 F505 X112.67 Y113.664 E4.06001
G1 F502 X112.747 Y113.249 E4.07763
G1 F505 X113.005 Y112.835 E4.09787
G1 F510.1 X113.213 Y112.66 E4.10904
G1 F511.2 X113.588 Y112.486 E4.12599
G1 X113.86 Y112.448 E4.13724
G1 F510.1 X114.249 Y112.49 E4.15331
G1 F499 X114.65 Y112.693 E4.17219
M204 S1000
G1 F1500 E3.17219
;MESH:PCB_Spacers.stl(3)
G0 F9000 X115.808 Y116.876
M204 S2000
G1 F1500 E4.17219
G1 F507 X115.885 Y116.42 E4.1913
G1 F515.3 X116.013 Y116.166 E4.20286
G1 F499 X116.263 Y115.896 E4.21832
G1 F488.4 X116.552 Y115.714 E4.23297
G1 F508.1 X117.003 Y115.598 E4.25218
G1 F515.3 X117.327 Y115.633 E4.26543
G1 F503 X117.752 Y115.822 E4.2848
G1 F497 X117.999 Y116.044 E4.2988
G1 F498 X118.186 Y116.33 E4.31318
G1 F508.1 X118.299 Y116.82 E4.33392
G1 F516.4 X118.204 Y117.332 E4.35505
G1 F514.3 X117.974 Y117.695 E4.37256
G1 F513.2 X117.753 Y117.882 E4.38438
G1 F510.1 X117.378 Y118.056 E4.40136
G1 X117.106 Y118.094 E4.41264
G1 F511.2 X116.717 Y118.052 E4.42868
G1 F501 X116.316 Y117.849 E4.44748
G1 F493.2 X116.005 Y117.512 E4.46696
G1 F494.1 X115.862 Y117.212 E4.48106
G1 F498 X115.808 Y116.876 E4.49537
M204 S1000
G1 F1500 E3.49537
;MESH:PCB_Spacers.stl(2)
G0 F9000 X118.991 Y113.789
M204 S2000
G1 F1500 E4.49537
G1 F508.1 X119.107 Y114.242 E4.51466
G1 F488.4 X119.289 Y114.531 E4.52931
G1 F499 X119.559 Y114.781 E4.54476
G1 F515.3 X119.813 Y114.909 E4.55633
G1 F505 X120.269 Y114.986 E4.57552
G1 F496.1 X120.605 Y114.932 E4.58989
G1 F494.1 X120.905 Y114.789 E4.60399
G1 F493.2 X121.242 Y114.478 E4.62347
G1 F504 X121.449 Y114.073 E4.64238
G1 F508.1 X121.484 Y113.618 E4.6612
G1 F503 X121.449 Y113.416 E4.66974
G1 X121.239 Y112.99 E4.68953
G1 F507 X121.088 Y112.82 E4.69892
G1 F506 X120.813 Y112.634 E4.71267
G1 F496.1 X120.609 Y112.555 E4.72191
G1 F504 X120.171 Y112.499 E4.74027
G1 F513.2 X119.82 Y112.567 E4.75487
G1 F514.3 X119.569 Y112.694 E4.76633
G1 X119.247 Y112.992 E4.7842
G1 F509.1 X119.026 Y113.463 E4.80562
G1 F515.3 X118.991 Y113.789 E4.81895
M204 S1000
G1 F1500 E3.81895
;MESH:PCB_Spacers.stl(4)
G0 F9000 X120.107 Y118.368
M204 S2000
G1 F1500 E4.81895
G1 F511.2 X120.149 Y117.979 E4.83499
G1 F501 X120.352 Y117.578 E4.85379
G1 F493.2 X120.689 Y117.267 E4.87327
G1 F494.1 X120.989 Y117.124 E4.88736
G1 F498 X121.325 Y117.07 E4.90168
G1 F507 X121.781 Y117.147 E4.92079
G1 F517.5 X122.07 Y117.298 E4.934
G1 F502 X122.305 Y117.525 E4.94764
G1 F488.4 X122.487 Y117.814 E4.96229
G1 F507 X122.603 Y118.265 E4.98153
G1 F515.3 X122.568 Y118.589 E4.99479
G1 F503 X122.379 Y119.014 E5.01416
G1 F497 X122.157 Y119.261 E5.02816
G1 F498 X121.871 Y119.448 E5.04254
G1 F499 X121.662 Y119.52 E5.05182
G1 F497 X121.323 Y119.558 E5.0662
G1 F500 X120.908 Y119.481 E5.08389
G1 F505 X120.494 Y119.223 E5.10413
G1 F510.1 X120.319 Y119.015 E5.1153
G1 F511.2 X120.145 Y118.64 E5.13224
G1 X120.107 Y118.368 E5.1435
M204 S1000
G1 F1500 E4.1435
;MESH:PCB_Spacers.stl(5)
G0 F9000 X119.007 Y120.647
M204 S2000
G1 F1500 E5.1435
G1 F493.2 X119.15 Y120.947 E5.15762
G1 F498 X119.204 Y121.283 E5.17194
G1 F510.1 X119.127 Y121.739 E5.19094
G1 F520.7 X118.976 Y122.028 E5.20406
G1 F502 X118.749 Y122.263 E5.2177
G1 F489.3 X118.46 Y122.445 E5.23232
G1 F507 X118.009 Y122.561 E5.25157
G1 F513.2 X117.679 Y122.527 E5.26511
G1 F508.1 X117.21 Y122.305 E5.28651
G1 F503 X117.013 Y122.115 E5.29791
G1 F499 X116.826 Y121.829 E5.31226
G1 F500 X116.754 Y121.62 E5.32153
G1 F499 X116.716 Y121.281 E5.33585
G1 F502 X116.793 Y120.866 E5.35347
G1 F505 X117.051 Y120.452 E5.37371
G1 F510.1 X117.259 Y120.277 E5.38487
G1 F511.2 X117.634 Y120.103 E5.40182
G1 X117.906 Y120.065 E5.41308
G1 F510.1 X118.295 Y120.107 E5.42915
G1 F499 X118.696 Y120.31 E5.44802
M204 S1000
G1 F1500 E4.44802
;MESH:PCB_Spacers.stl
G0 F9000 X112.437 Y119.855
M204 S2000
G1 F1500 E5.44802
G1 F515.3 X112.472 Y119.529 E5.46136
G1 F509.1 X112.693 Y119.058 E5.48277
G1 F503 X112.883 Y118.861 E5.49417
G1 F499 X113.169 Y118.674 E5.50852
G1 F500 X113.378 Y118.602 E5.51778
G1 F498 X113.717 Y118.564 E5.53214
G1 F507 X114.171 Y118.656 E5.55128
G1 F514.3 X114.534 Y118.886 E5.56879
G1 F507 X114.685 Y119.056 E5.57819
G1 F503 X114.895 Y119.482 E5.59797
G1 X114.93 Y119.684 E5.60651
G1 F508.1 X114.895 Y120.139 E5.62533
G1 F504 X114.688 Y120.544 E5.64424
G1 F493.2 X114.351 Y120.855 E5.66373
G1 F494.1 X114.051 Y120.998 E5.67782
G1 F496.1 X113.715 Y121.052 E5.69219
G1 F505 X113.259 Y120.975 E5.71138
G1 F515.3 X113.005 Y120.847 E5.72295
G1 F499 X112.735 Y120.597 E5.7384
G1 F488.4 X112.553 Y120.308 E5.75305
G1 F508.1 X112.437 Y119.855 E5.77234
M204 S1000
G1 F1500 E4.77234
;MESH:NONMESH
G0 F600 X112.437 Y119.855 Z0.8
G0 F9000 X111.577 Y119.302
G0 X111.809 Y114.214
G0 X112.667 Y113.664
;TIME_ELAPSED:22.054681
;LAYER:3
M204 S2000
;TYPE:WALL-OUTER
;MESH:PCB_Spacers.stl(1)
G1 F1500 E5.77234
G1 F498.6 X112.731 Y113.327 E5.78694
G1 F503.6 X112.831 Y113.072 E5.79849
G1 F516.8 X113.218 Y112.658 E5.82177
G1 F513.7 X113.79 Y112.45 E5.84692
G1 F507.6 X114.248 Y112.494 E5.86616
G1 F506.6 X114.653 Y112.689 E5.885
G1 F517.9 X115.018 Y113.118 E5.90809
G1 F516.8 X115.158 Y113.666 E5.93132
G1 X115.083 Y114.117 E5.9501
G1 F522.1 X114.867 Y114.501 E5.96802
G1 F514.7 X114.686 Y114.673 E5.97832
G1 F500.6 X114.412 Y114.823 E5.99156
G1 F511.6 X113.963 Y114.948 E6.0109
G1 F535.2 X113.386 Y114.814 E6.0344
G1 F527.5 X113.048 Y114.587 E6.05078
G1 F523.2 X112.864 Y114.364 E6.06251
G1 F524.2 X112.685 Y113.887 E6.08314
G1 F514.7 X112.667 Y113.664 E6.09237
M204 S1000
G1 F1500 E5.09237
;MESH:PCB_Spacers.stl(3)
G0 F9000 X115.808 Y116.876
M204 S2000
G1 F1500 E6.09237
G1 F504.6 X115.923 Y116.328 E6.11593
G1 F508.6 X116.106 Y116.034 E6.13039
G1 F511.6 X116.28 Y115.869 E6.14033
G1 F500.6 X116.554 Y115.719 E6.15358
G1 F512.7 X117.002 Y115.594 E6.17284
G1 F514.7 X117.324 Y115.644 E6.18628
G1 F497.7 X117.751 Y115.823 E6.20603
G1 F505.6 X118.002 Y116.042 E6.22002
G1 F518.9 X118.124 Y116.214 E6.22864
G1 F528.6 X118.287 Y116.696 E6.24908
G1 F527.5 X118.29 Y116.988 E6.26083
G1 X118.112 Y117.505 E6.28284
G1 F522.1 X117.748 Y117.884 E6.3042
G1 F512.7 X117.176 Y118.092 E6.32941
G1 F506.6 X116.718 Y118.048 E6.34869
G1 F507.6 X116.313 Y117.853 E6.36749
G1 F516.8 X115.948 Y117.424 E6.39063
G1 F512.7 X115.808 Y116.876 E6.41405
M204 S1000
G1 F1500 E5.41405
;MESH:PCB_Spacers.stl(2)
G0 F9000 X118.987 Y113.792
M204 S2000
G1 F1500 E6.41405
G1 F536.4 X119.121 Y113.214 E6.43753
G1 F527.5 X119.348 Y112.876 E6.45392
G1 F523.2 X119.571 Y112.692 E6.46565
G1 F524.2 X120.048 Y112.513 E6.48628
G1 F516.8 X120.271 Y112.495 E6.49547
G1 F500.6 X120.608 Y112.559 E6.51001
G1 F508.6 X120.898 Y112.682 E6.52316
G1 F514.7 X121.237 Y112.992 E6.54211
G1 F497.7 X121.44 Y113.419 E6.56228
G1 F503.6 X121.485 Y113.598 E6.57006
G1 F523.2 X121.461 Y113.999 E6.58636
G1 F529.7 X121.271 Y114.447 E6.60586
G1 F533 X121.058 Y114.674 E6.61826
G1 F530.8 X120.817 Y114.846 E6.6301
G1 F512.7 X120.269 Y114.986 E6.65352
G1 F503.6 X119.721 Y114.871 E6.67713
G1 F507.6 X119.427 Y114.688 E6.69161
G1 F511.6 X119.262 Y114.514 E6.70156
G1 F499.6 X119.112 Y114.24 E6.71483
G1 F511.6 X118.987 Y113.792 E6.73413
M204 S1000
G1 F1500 E5.73413
;MESH:PCB_Spacers.stl(4)
G0 F9000 X120.109 Y118.438
M204 S2000
G1 F1500 E6.73413
G1 F506.6 X120.153 Y117.98 E6.75341
G1 F507.6 X120.347 Y117.575 E6.7722
G1 F509.6 X120.685 Y117.262 E6.79139
G1 F500.6 X120.991 Y117.129 E6.80554
G1 F499.6 X121.325 Y117.07 E6.81995
G1 F505.6 X121.873 Y117.185 E6.84346
G1 F508.6 X122.167 Y117.368 E6.85791
G1 F516.8 X122.355 Y117.577 E6.86946
G1 F504.6 X122.482 Y117.817 E6.88089
G1 F523.2 X122.604 Y118.198 E6.89712
G1 F524.2 X122.556 Y118.586 E6.91295
G1 F495.7 X122.378 Y119.013 E6.93276
G1 F504.6 X122.159 Y119.264 E6.94678
G1 F518.9 X121.987 Y119.386 E6.9554
G1 F526.4 X121.546 Y119.543 E6.97428
G1 F515.8 X121.323 Y119.561 E6.98349
G1 F499.6 X120.986 Y119.497 E6.99807
G1 F503.6 X120.731 Y119.397 E7.00961
G1 F516.8 X120.317 Y119.01 E7.03289
G1 F512.7 X120.109 Y118.438 E7.05809
M204 S1000
G1 F1500 E6.05809
;MESH:PCB_Spacers.stl(5)
G0 F9000 X116.713 Y121.281
M204 S2000
G1 F1500 E7.05809
G1 F498.6 X116.777 Y120.944 E7.0727
G1 F503.6 X116.877 Y120.689 E7.08424
G1 F516.8 X117.264 Y120.275 E7.10752
G1 F513.7 X117.836 Y120.067 E7.13268
G1 F507.6 X118.294 Y120.111 E7.15192
G1 F506.6 X118.699 Y120.306 E7.17076
G1 F517.9 X119.064 Y120.735 E7.19385
G1 F516.8 X119.204 Y121.283 E7.21708
G1 X119.129 Y121.734 E7.23586
G1 F522.1 X118.913 Y122.118 E7.25377
G1 F514.7 X118.732 Y122.29 E7.26407
G1 F500.6 X118.458 Y122.44 E7.27732
G1 F511.6 X118.009 Y122.565 E7.29666
G1 F535.2 X117.432 Y122.431 E7.32015
G1 F527.5 X117.094 Y122.204 E7.33654
G1 F523.2 X116.91 Y121.981 E7.34827
G1 F524.2 X116.731 Y121.504 E7.3689
G1 F514.7 X116.713 Y121.281 E7.37813
M204 S1000
G1 F1500 E6.37813
;MESH:PCB_Spacers.stl
G0 F9000 X112.433 Y119.858
M204 S2000
G1 F1500 E7.37813
G1 F536.4 X112.567 Y119.28 E7.40161
G1 F527.5 X112.794 Y118.942 E7.418
G1 F523.2 X113.017 Y118.758 E7.42973
G1 F524.2 X113.494 Y118.579 E7.45036
G1 F516.8 X113.717 Y118.561 E7.45955
G1 F500.6 X114.054 Y118.625 E7.47409
G1 F508.6 X114.344 Y118.748 E7.48724
G1 F514.7 X114.683 Y119.058 E7.50619
G1 F497.7 X114.886 Y119.485 E7.52636
G1 F503.6 X114.931 Y119.664 E7.53414
G1 F523.2 X114.907 Y120.065 E7.55044
G1 F529.7 X114.717 Y120.513 E7.56994
G1 F533 X114.504 Y120.74 E7.58234
G1 F530.8 X114.263 Y120.912 E7.59418
G1 F512.7 X113.715 Y121.052 E7.6176
G1 F503.6 X113.167 Y120.937 E7.64121
G1 F507.6 X112.873 Y120.754 E7.65569
G1 F511.6 X112.708 Y120.58 E7.66564
G1 F499.6 X112.558 Y120.306 E7.67891
G1 F511.6 X112.433 Y119.858 E7.69821
M204 S1000
G1 F1500 E6.69821
;MESH:NONMESH
G0 F600 X112.433 Y119.858 Z1
G0 F9000 X111.577 Y119.302
G0 X111.809 Y114.214
G0 X112.679 Y113.844
;TIME_ELAPSED:29.076202
;LAYER:4
M204 S2000
;TYPE:WALL-OUTER
;MESH:PCB_Spacers.stl(1)
G1 F1500 E7.69821
G1 F519 X112.717 Y113.337 E7.71905
G1 F514.8 X112.856 Y113.034 E7.73283
G1 F521.1 X113.223 Y112.655 E7.75437
G1 F518 X113.588 Y112.486 E7.77089
G1 X113.867 Y112.448 E7.78246
G1 X114.249 Y112.49 E7.79824
G1 F508.7 X114.651 Y112.691 E7.81704
G1 F509.7 X114.968 Y113.026 E7.83629
G1 F522.2 X115.143 Y113.503 E7.85699
G1 F524.3 X115.152 Y113.843 E7.8708
G1 X115.072 Y114.153 E7.88379
G1 F523.3 X114.869 Y114.499 E7.9001
G1 F524.3 X114.56 Y114.755 E7.91638
G1 F543.3 X114.079 Y114.932 E7.93645
G1 F534.2 X113.632 Y114.91 E7.95428
G1 F515.9 X113.161 Y114.687 E7.97577
G1 F508.7 X112.967 Y114.498 E7.9871
G1 F496.8 X112.787 Y114.209 E8.00168
G1 F510.7 X112.679 Y113.844 E8.01754
M204 S1000
G1 F1500 E7.01754
;MESH:PCB_Spacers.stl(3)
G0 F9000 X115.814 Y116.699
M204 S2000
G1 F1500 E8.01754
G1 F509.7 X115.923 Y116.328 E8.03368
G1 F508.7 X116.107 Y116.034 E8.04818
G1 F518 X116.406 Y115.787 E8.06411
G1 F539.8 X116.887 Y115.61 E8.08431
G1 F536.4 X117.327 Y115.632 E8.10179
G1 F512.8 X117.752 Y115.821 E8.12109
G1 F518 X118.101 Y116.18 E8.14165
G1 F511.7 X118.253 Y116.54 E8.1579
G1 F510.7 X118.291 Y116.74 E8.16638
G1 F521.1 X118.249 Y117.205 E8.18544
G1 F522.2 X118.11 Y117.508 E8.19902
G1 F525.4 X117.743 Y117.887 E8.22039
G1 F518 X117.378 Y118.056 E8.23691
G1 X117.099 Y118.094 E8.24847
G1 F519 X116.717 Y118.052 E8.26423
G1 F510.7 X116.315 Y117.851 E8.28295
G1 F509.7 X116.001 Y117.519 E8.30203
G1 F519 X115.823 Y117.039 E8.32301
G1 X115.814 Y116.699 E8.33695
M204 S1000
G1 F1500 E7.33695
;MESH:PCB_Spacers.stl(2)
G0 F9000 X119.003 Y113.907
M204 S2000
G1 F1500 E8.33695
G1 F534.2 X119.025 Y113.46 E8.35478
G1 F515.9 X119.248 Y112.989 E8.37627
G1 F508.7 X119.437 Y112.795 E8.3876
G1 F496.8 X119.726 Y112.615 E8.40218
G1 F510.7 X120.091 Y112.507 E8.41804
G1 F519 X120.598 Y112.545 E8.43888
G1 X120.901 Y112.684 E8.45254
G1 F515.9 X121.237 Y112.992 E8.47134
G1 F507.7 X121.449 Y113.416 E8.49121
G1 F510.7 X121.484 Y113.618 E8.49975
G1 F516.9 X121.451 Y114.063 E8.51812
G1 F514.8 X121.244 Y114.479 E8.53732
G1 F509.7 X120.909 Y114.796 E8.55657
G1 F519 X120.432 Y114.971 E8.5774
G1 X120.092 Y114.98 E8.59134
G1 F509.7 X119.721 Y114.871 E8.60748
G1 F508.7 X119.427 Y114.687 E8.62199
G1 F518 X119.18 Y114.388 E8.63792
G1 F539.8 X119.003 Y113.907 E8.65812
M204 S1000
G1 F1500 E7.65812
;MESH:PCB_Spacers.stl(4)
G0 F9000 X118.244 Y114.593
G0 X119.015 Y115.928
G0 X119.205 Y118.28
G0 X120.107 Y118.361
M204 S2000
G1 F1500 E8.65812
G1 F519 X120.149 Y117.979 E8.67387
G1 F510.7 X120.35 Y117.577 E8.6926
G1 F509.7 X120.682 Y117.263 E8.71167
G1 F519 X121.162 Y117.085 E8.73266
G1 X121.502 Y117.076 E8.7466
G1 F509.7 X121.873 Y117.185 E8.76274
G1 F507.7 X122.167 Y117.369 E8.77727
G1 F520.1 X122.414 Y117.668 E8.79314
G1 F530.9 X122.603 Y118.265 E8.81824
G1 F524.3 X122.569 Y118.589 E8.83146
G1 F511.7 X122.38 Y119.014 E8.85079
G1 F504.7 X122.157 Y119.261 E8.86482
G1 F498.8 X121.868 Y119.441 E8.87935
G1 F510.7 X121.503 Y119.549 E8.8952
G1 F519 X120.996 Y119.511 E8.91605
G1 F514.8 X120.693 Y119.372 E8.92982
G1 F521.1 X120.314 Y119.005 E8.95136
G1 F518 X120.145 Y118.64 E8.96788
G1 X120.107 Y118.361 E8.97945
M204 S1000
G1 F1500 E7.97945
;MESH:PCB_Spacers.stl(5)
G0 F9000 X116.725 Y121.461
M204 S2000
G1 F1500 E8.97945
G1 F519 X116.763 Y120.954 E9.00029
G1 F514.8 X116.902 Y120.651 E9.01407
G1 F521.1 X117.269 Y120.272 E9.03561
G1 F518 X117.634 Y120.103 E9.05213
G1 X117.913 Y120.065 E9.06369
G1 X118.295 Y120.107 E9.07948
G1 F508.7 X118.697 Y120.308 E9.09828
G1 F509.7 X119.014 Y120.643 E9.11753
G1 F522.2 X119.189 Y121.12 E9.13823
G1 F524.3 X119.198 Y121.46 E9.15203
G1 X119.118 Y121.77 E9.16502
G1 F523.3 X118.915 Y122.116 E9.18133
G1 F524.3 X118.606 Y122.372 E9.19762
G1 F543.3 X118.125 Y122.549 E9.21769
G1 F534.2 X117.678 Y122.527 E9.23551
G1 F515.9 X117.207 Y122.304 E9.25701
G1 F508.7 X117.013 Y122.115 E9.26833
G1 F496.8 X116.833 Y121.826 E9.28291
G1 F510.7 X116.725 Y121.461 E9.29877
M204 S1000
G1 F1500 E8.29877
;MESH:PCB_Spacers.stl
G0 F9000 X112.449 Y119.973
M204 S2000
G1 F1500 E9.29877
G1 F534.2 X112.471 Y119.526 E9.3166
G1 F515.9 X112.694 Y119.055 E9.33809
G1 F508.7 X112.883 Y118.861 E9.34942
G1 F496.8 X113.172 Y118.681 E9.364
G1 F510.7 X113.537 Y118.573 E9.37985
G1 F519 X114.044 Y118.611 E9.4007
G1 X114.347 Y118.75 E9.41436
G1 F515.9 X114.683 Y119.058 E9.43316
G1 F507.7 X114.895 Y119.482 E9.45303
G1 F510.7 X114.93 Y119.684 E9.46157
G1 F516.9 X114.897 Y120.129 E9.47993
G1 F514.8 X114.69 Y120.545 E9.49913
G1 F509.7 X114.355 Y120.862 E9.51839
G1 F519 X113.878 Y121.037 E9.53921
G1 X113.538 Y121.046 E9.55316
G1 F509.7 X113.167 Y120.937 E9.5693
G1 F508.7 X112.873 Y120.753 E9.5838
G1 F518 X112.626 Y120.454 E9.59973
G1 F539.8 X112.449 Y119.973 E9.61993
M204 S1000
G1 F1500 E8.61993
;MESH:NONMESH
G0 F600 X112.449 Y119.973 Z1.2
G0 F9000 X112.679 Y113.842
;TIME_ELAPSED:36.097112
;LAYER:5
M204 S2000
;TYPE:WALL-OUTER
;MESH:PCB_Spacers.stl(1)
G1 F1500 E9.61993
G1 F523.3 X112.695 Y113.44 E9.63626
G1 F522.2 X112.922 Y112.94 E9.65859
G1 X113.225 Y112.655 E9.6755
G1 F515.9 X113.588 Y112.486 E9.69198
G1 X113.87 Y112.448 E9.70369
G1 F516.9 X114.251 Y112.491 E9.71944
G1 F501.7 X114.647 Y112.696 E9.73832
G1 F511.7 X114.914 Y112.954 E9.75372
G1 F526.5 X115.105 Y113.314 E9.77016
G1 F519 X115.152 Y113.841 E9.7918
G1 F516.9 X115.046 Y114.216 E9.80781
G1 X114.782 Y114.589 E9.82658
G1 F509.7 X114.414 Y114.828 E9.84486
G1 F516.9 X113.963 Y114.948 E9.86403
G1 F534.2 X113.387 Y114.814 E9.88753
G1 F527.6 X113.045 Y114.585 E9.9041
G1 F523.3 X112.864 Y114.362 E9.91575
G1 F525.4 X112.679 Y113.842 E9.93806
M204 S1000
G1 F1500 E8.93806
;MESH:PCB_Spacers.stl(3)
G0 F9000 X115.814 Y116.701
M204 S2000
G1 F1500 E9.93806
G1 F512.8 X115.928 Y116.306 E9.95508
G1 X116.184 Y115.953 E9.97314
G1 F506.7 X116.552 Y115.714 E9.99153
G1 F519 X117.003 Y115.594 E10.01062
G1 F513.8 X117.324 Y115.645 E10.02405
G1 F496.8 X117.751 Y115.823 E10.04382
G1 F505.7 X118.002 Y116.042 E10.05781
G1 F518 X118.124 Y116.215 E10.06649
G1 F509.7 X118.252 Y116.54 E10.08104
G1 F495.8 X118.294 Y116.878 E10.09562
G1 F511.7 X118.264 Y117.142 E10.10665
G1 F525.4 X118.019 Y117.636 E10.12893
G1 F523.3 X117.741 Y117.887 E10.14413
G1 F516.9 X117.378 Y118.056 E10.16058
G1 X117.096 Y118.094 E10.17227
G1 X116.717 Y118.052 E10.18793
G1 F502.7 X116.319 Y117.846 E10.20686
G1 F498.8 X116.002 Y117.514 E10.2264
G1 F506.7 X115.855 Y117.202 E10.24085
G1 F510.7 X115.814 Y116.701 E10.26175
M204 S1000
G1 F1500 E9.26175
;MESH:PCB_Spacers.stl(2)
G0 F9000 X118.987 Y113.791
M204 S2000
G1 F1500 E10.26175
G1 F534.2 X119.121 Y113.215 E10.28526
G1 F527.6 X119.35 Y112.873 E10.30182
G1 F523.3 X119.573 Y112.692 E10.31348
G1 F525.4 X120.093 Y112.507 E10.33578
G1 F523.3 X120.495 Y112.523 E10.35211
G1 F506.7 X120.809 Y112.641 E10.36616
G1 F508.7 X121.029 Y112.775 E10.37692
G1 F513.8 X121.237 Y112.992 E10.38934
G1 F506.7 X121.449 Y113.416 E10.4092
G1 F509.7 X121.484 Y113.618 E10.41774
G1 F515.9 X121.452 Y114.053 E10.4357
G1 F530.9 X121.328 Y114.342 E10.44828
G1 F536.5 X120.981 Y114.742 E10.46923
G1 F526.5 X120.621 Y114.933 E10.48567
G1 F515.9 X120.094 Y114.98 E10.50745
G1 F512.8 X119.699 Y114.866 E10.52447
G1 F509.7 X119.283 Y114.536 E10.54659
G1 F503.7 X119.107 Y114.242 E10.56104
G1 F516.9 X118.987 Y113.791 E10.58021
M204 S1000
G1 F1500 E9.58021
;MESH:PCB_Spacers.stl(4)
G0 F9000 X120.107 Y118.358
M204 S2000
G1 F1500 E10.58021
G1 F516.9 X120.149 Y117.979 E10.59587
G1 F502.7 X120.355 Y117.581 E10.6148
G1 F498.8 X120.687 Y117.264 E10.63434
G1 F506.7 X120.999 Y117.117 E10.6488
G1 F510.7 X121.5 Y117.076 E10.66969
G1 F512.8 X121.875 Y117.182 E10.68583
G1 F515.9 X122.248 Y117.446 E10.70464
G1 F508.7 X122.487 Y117.814 E10.72296
G1 F518 X122.607 Y118.264 E10.74205
G1 F513.8 X122.556 Y118.586 E10.75552
G1 F495.8 X122.378 Y119.013 E10.77533
G1 F504.7 X122.159 Y119.264 E10.78935
G1 F518 X121.986 Y119.386 E10.79802
G1 F526.5 X121.501 Y119.549 E10.81866
G1 F523.3 X121.099 Y119.533 E10.83498
G1 F522.2 X120.599 Y119.306 E10.85731
G1 X120.314 Y119.003 E10.87422
G1 F515.9 X120.145 Y118.64 E10.8907
G1 X120.107 Y118.358 E10.90242
M204 S1000
G1 F1500 E9.90242
;MESH:PCB_Spacers.stl(5)
G0 F9000 X116.725 Y121.459
M204 S2000
G1 F1500 E10.90242
G1 F523.3 X116.741 Y121.057 E10.91874
G1 F522.2 X116.968 Y120.557 E10.94107
G1 X117.271 Y120.272 E10.95798
G1 F515.9 X117.634 Y120.103 E10.97446
G1 X117.916 Y120.065 E10.98618
G1 F516.9 X118.297 Y120.108 E11.00192
G1 F501.7 X118.693 Y120.313 E11.0208
G1 F511.7 X118.96 Y120.571 E11.0362
G1 F526.5 X119.151 Y120.931 E11.05264
G1 F519 X119.198 Y121.458 E11.07428
G1 F516.9 X119.092 Y121.833 E11.09029
G1 X118.828 Y122.206 E11.10906
G1 F509.7 X118.46 Y122.445 E11.12734
G1 F516.9 X118.009 Y122.565 E11.14651
G1 F534.2 X117.433 Y122.431 E11.17002
G1 F527.6 X117.091 Y122.202 E11.18658
G1 F523.3 X116.91 Y121.979 E11.19823
G1 F525.4 X116.725 Y121.459 E11.22054
M204 S1000
G1 F1500 E10.22054
;MESH:PCB_Spacers.stl
G0 F9000 X112.433 Y119.857
M204 S2000
G1 F1500 E11.22054
G1 F534.2 X112.567 Y119.281 E11.24404
G1 F527.6 X112.796 Y118.939 E11.26061
G1 F523.3 X113.019 Y118.758 E11.27226
G1 F525.4 X113.539 Y118.573 E11.29457
G1 F523.3 X113.941 Y118.589 E11.31089
G1 F506.7 X114.255 Y118.707 E11.32495
G1 F508.7 X114.475 Y118.841 E11.3357
G1 F513.8 X114.683 Y119.058 E11.34812
G1 F506.7 X114.895 Y119.482 E11.36799
G1 F509.7 X114.93 Y119.684 E11.37653
G1 F515.9 X114.898 Y120.119 E11.39448
G1 F530.9 X114.774 Y120.408 E11.40706
G1 F536.5 X114.427 Y120.808 E11.42802
G1 F526.5 X114.067 Y120.999 E11.44445
G1 F515.9 X113.54 Y121.046 E11.46623
G1 F512.8 X113.145 Y120.932 E11.48325
G1 F509.7 X112.729 Y120.602 E11.50537
G1 F503.7 X112.553 Y120.308 E11.51982
G1 F516.9 X112.433 Y119.857 E11.53899
M204 S1000
G1 F1500 E10.53899
;MESH:NONMESH
G0 F600 X112.433 Y119.857 Z1.4
G0 F9000 X111.577 Y119.302
G0 X111.809 Y114.214
G0 X112.677 Y113.837
;TIME_ELAPSED:43.095141
;LAYER:6
M204 S2000
;TYPE:WALL-OUTER
;MESH:PCB_Spacers.stl(1)
G1 F1500 E11.53899
G1 F514.7 X112.724 Y113.325 E11.56019
G1 F511.6 X112.859 Y113.028 E11.57373
G1 F522 X113.228 Y112.653 E11.59512
G1 F517.8 X113.79 Y112.449 E11.61963
G1 F512.6 X114.249 Y112.49 E11.63871
G1 F507.5 X114.651 Y112.691 E11.65751
G1 F519.9 X114.858 Y112.89 E11.66924
G1 F532.9 X115.026 Y113.134 E11.68103
G1 F522 X115.162 Y113.686 E11.70415
G1 X115.086 Y114.108 E11.72158
G1 F523.1 X114.785 Y114.586 E11.74451
G1 F509.5 X114.414 Y114.828 E11.76296
G1 F511.6 X113.962 Y114.943 E11.78231
G1 F516.8 X113.631 Y114.909 E11.79598
G1 F511.6 X113.212 Y114.723 E11.815
G1 F518.9 X112.863 Y114.361 E11.83557
G1 F526.3 X112.677 Y113.837 E11.85799
M204 S1000
G1 F1500 E10.85799
;MESH:PCB_Spacers.stl(3)
G0 F9000 X115.804 Y116.856
M204 S2000
G1 F1500 E11.85799
G1 F516.8 X115.94 Y117.408 E11.88135
G1 F528.5 X116.108 Y117.652 E11.89324
G1 F518.9 X116.315 Y117.851 E11.90499
G1 F508.5 X116.717 Y118.052 E11.92375
G1 F513.6 X117.181 Y118.094 E11.943
G1 F522 X117.702 Y117.908 E11.9655
G1 F508.5 X117.952 Y117.7 E11.97907
G1 F497.6 X118.16 Y117.42 E11.99395
G1 F515.7 X118.264 Y117.143 E12.00613
G1 F527.4 X118.289 Y116.705 E12.02379
G1 F529.6 X118.103 Y116.181 E12.04607
G1 F519.9 X117.754 Y115.819 E12.0666
G1 F512.6 X117.327 Y115.633 E12.08589
G1 F521 X117.004 Y115.599 E12.09912
G1 F512.6 X116.552 Y115.714 E12.11843
G1 F503.5 X116.151 Y115.987 E12.13888
G1 F514.7 X115.88 Y116.434 E12.16044
G1 F515.7 X115.804 Y116.856 E12.17809
M204 S1000
G1 F1500 E11.17809
;MESH:PCB_Spacers.stl(2)
G0 F9000 X118.992 Y113.79
M204 S2000
G1 F1500 E12.17809
G1 F517.8 X119.026 Y113.459 E12.19173
G1 F511.6 X119.212 Y113.04 E12.21075
G1 F518.9 X119.574 Y112.691 E12.23132
G1 F526.3 X120.098 Y112.505 E12.25375
G1 F524.2 X120.496 Y112.523 E12.26988
G1 F513.6 X120.813 Y112.634 E12.28376
G1 F504.5 X121.237 Y112.992 E12.30711
G1 F497.6 X121.44 Y113.419 E12.32728
G1 F503.5 X121.487 Y113.613 E12.33569
G1 F519.9 X121.453 Y114.049 E12.35355
G1 F530.7 X121.298 Y114.401 E12.36893
G1 F537.4 X121.045 Y114.686 E12.38398
G1 F530.7 X120.801 Y114.854 E12.39583
G1 F516.8 X120.249 Y114.99 E12.41918
G1 F515.7 X119.827 Y114.914 E12.43683
G1 F514.7 X119.38 Y114.643 E12.45839
G1 F503.5 X119.107 Y114.242 E12.47884
G1 F511.6 X118.992 Y113.79 E12.49819
M204 S1000
G1 F1500 E11.49819
;MESH:PCB_Spacers.stl(4)
G0 F9000 X120.108 Y118.438
M204 S2000
G1 F1500 E12.49819
G1 F512.6 X120.149 Y117.979 E12.51727
G1 F508.5 X120.35 Y117.577 E12.53603
G1 F518.9 X120.549 Y117.37 E12.54778
G1 F528.5 X120.793 Y117.202 E12.55968
G1 F516.8 X121.345 Y117.066 E12.58303
G1 F515.7 X121.767 Y117.142 E12.60068
G1 F519.9 X122.245 Y117.443 E12.62374
G1 F508.5 X122.487 Y117.814 E12.64223
G1 F524.2 X122.597 Y118.186 E12.65794
G1 F532.9 X122.568 Y118.589 E12.67403
G1 F521 X122.406 Y118.981 E12.69131
G1 F509.5 X122.155 Y119.258 E12.70689
G1 F493.8 X121.868 Y119.442 E12.72154
G1 F510.6 X121.496 Y119.551 E12.73766
G1 F515.7 X120.984 Y119.504 E12.75882
G1 F512.6 X120.687 Y119.369 E12.77233
G1 F522 X120.312 Y119 E12.79372
G1 F517.8 X120.108 Y118.438 E12.81823
M204 S1000
G1 F1500 E11.81823
;MESH:PCB_Spacers.stl(5)
G0 F9000 X116.723 Y121.454
M204 S2000
G1 F1500 E12.81823
G1 F514.7 X116.77 Y120.942 E12.83943
G1 F511.6 X116.905 Y120.645 E12.85297
G1 F522 X117.274 Y120.27 E12.87436
G1 F517.8 X117.836 Y120.066 E12.89887
G1 F512.6 X118.295 Y120.107 E12.91795
G1 F507.5 X118.697 Y120.308 E12.93675
G1 F519.9 X118.904 Y120.507 E12.94848
G1 F532.9 X119.072 Y120.751 E12.96027
G1 F522 X119.208 Y121.303 E12.98339
G1 X119.132 Y121.725 E13.00083
G1 F523.1 X118.831 Y122.203 E13.02375
G1 F509.5 X118.46 Y122.445 E13.0422
G1 F511.6 X118.008 Y122.56 E13.06155
G1 F516.8 X117.677 Y122.526 E13.07522
G1 F511.6 X117.258 Y122.34 E13.09424
G1 F518.9 X116.909 Y121.978 E13.11481
G1 F526.3 X116.723 Y121.454 E13.13723
M204 S1000
G1 F1500 E12.13723
;MESH:PCB_Spacers.stl
G0 F9000 X112.438 Y119.856
M204 S2000
G1 F1500 E13.13723
G1 F517.8 X112.472 Y119.525 E13.15087
G1 F511.6 X112.658 Y119.106 E13.1699
G1 F518.9 X113.02 Y118.757 E13.19047
G1 F526.3 X113.544 Y118.571 E13.21289
G1 F524.2 X113.942 Y118.589 E13.22902
G1 F513.6 X114.259 Y118.7 E13.2429
G1 F504.5 X114.683 Y119.058 E13.26625
G1 F497.6 X114.886 Y119.485 E13.28642
G1 F503.5 X114.933 Y119.679 E13.29483
G1 F519.9 X114.899 Y120.115 E13.31269
G1 F530.7 X114.744 Y120.467 E13.32807
G1 F537.4 X114.491 Y120.752 E13.34312
G1 F530.7 X114.247 Y120.92 E13.35497
G1 F516.8 X113.695 Y121.056 E13.37832
G1 F515.7 X113.273 Y120.98 E13.39597
G1 F514.7 X112.826 Y120.709 E13.41753
G1 F503.5 X112.553 Y120.308 E13.43798
G1 F511.6 X112.438 Y119.856 E13.45733
M204 S1000
G1 F1500 E12.45733
;MESH:NONMESH
G0 F600 X112.438 Y119.856 Z1.6
G0 F9000 X111.577 Y119.302
G0 X111.809 Y114.214
G0 X112.678 Y113.838
;TIME_ELAPSED:50.096468
;LAYER:7
M204 S2000
;TYPE:WALL-OUTER
;MESH:PCB_Spacers.stl(1)
G1 F1500 E13.45733
G1 F519.1 X112.722 Y113.312 E13.47893
G1 F517 X112.875 Y113.004 E13.49305
G1 F523.4 X113.232 Y112.65 E13.51346
G1 F513.9 X113.589 Y112.491 E13.52961
G1 X113.883 Y112.449 E13.54188
G1 F506.8 X114.246 Y112.501 E13.55725
G1 F490.2 X114.647 Y112.697 E13.57658
G1 F495 X114.963 Y113.029 E13.59625
G1 F503.8 X115.106 Y113.329 E13.61026
G1 F517 X115.147 Y113.526 E13.61852
G1 F518.1 X115.144 Y113.886 E13.63328
G1 F511.8 X115.046 Y114.216 E13.64757
G1 F518.1 X114.877 Y114.489 E13.66073
G1 F525.5 X114.566 Y114.752 E13.67719
G1 F514.9 X114.414 Y114.828 E13.6842
G1 F511.8 X113.962 Y114.943 E13.70355
G1 F517 X113.632 Y114.909 E13.71717
G1 F511.8 X113.212 Y114.723 E13.73623
G1 F519.1 X112.862 Y114.36 E13.75686
G1 F526.6 X112.678 Y113.838 E13.77918
M204 S1000
G1 F1500 E12.77918
;MESH:PCB_Spacers.stl(3)
G0 F9000 X115.81 Y116.876
M204 S2000
G1 F1500 E13.77918
G1 F509.8 X115.829 Y116.612 E13.79021
G1 F514.9 X115.925 Y116.313 E13.80316
G1 F510.8 X116.107 Y116.034 E13.81701
G1 F517 X116.4 Y115.79 E13.83267
G1 F513.9 X116.552 Y115.714 E13.83969
G1 F514.9 X117.004 Y115.599 E13.85893
G1 F521.2 X117.327 Y115.633 E13.87216
G1 F512.9 X117.754 Y115.819 E13.89145
G1 F520.2 X118.104 Y116.182 E13.91204
G1 F511.8 X118.253 Y116.54 E13.92813
G1 F494 X118.291 Y116.878 E13.94275
G1 F502.8 X118.246 Y117.218 E13.95723
G1 F521.2 X118.091 Y117.538 E13.97172
G1 F526.6 X117.734 Y117.892 E13.992
G1 X117.464 Y118.024 E14.00412
G1 X117.083 Y118.093 E14.01973
G1 F506.8 X116.72 Y118.041 E14.0351
G1 F491.2 X116.319 Y117.845 E14.0544
G1 F496.9 X116.003 Y117.513 E14.07399
G1 F506.8 X115.86 Y117.213 E14.08792
G1 X115.81 Y116.876 E14.10219
M204 S1000
G1 F1500 E13.10219
;MESH:PCB_Spacers.stl(2)
G0 F9000 X118.992 Y113.79
M204 S2000
G1 F1500 E14.10219
G1 F518.1 X119.026 Y113.46 E14.11579
G1 F511.8 X119.212 Y113.04 E14.13485
G1 F519.1 X119.575 Y112.69 E14.15548
G1 F526.6 X120.097 Y112.506 E14.1778
G1 F520.2 X120.611 Y112.548 E14.19886
G1 F521.2 X120.931 Y112.703 E14.21334
G1 F516 X121.237 Y112.992 E14.23067
G1 X121.417 Y113.33 E14.24643
G1 X121.481 Y113.618 E14.25857
G1 F496.9 X121.434 Y114.074 E14.27816
G1 F491.2 X121.238 Y114.475 E14.29746
G1 F496.9 X120.906 Y114.791 E14.31705
G1 F505.8 X120.606 Y114.934 E14.33101
G1 F504.8 X120.269 Y114.984 E14.34534
G1 F508.8 X120.005 Y114.965 E14.35639
G1 F514.9 X119.706 Y114.869 E14.36934
G1 F510.8 X119.427 Y114.687 E14.38319
G1 F517 X119.183 Y114.394 E14.39885
G1 F513.9 X119.107 Y114.242 E14.40588
G1 X118.992 Y113.79 E14.42515
M204 S1000
G1 F1500 E13.42515
;MESH:PCB_Spacers.stl(4)
G0 F9000 X120.108 Y118.345
M204 S2000
G1 F1500 E14.42515
G1 F506.8 X120.16 Y117.982 E14.44052
G1 F491.2 X120.356 Y117.581 E14.45982
G1 F496.9 X120.688 Y117.265 E14.47941
G1 F506.8 X120.988 Y117.122 E14.49333
G1 F516 X121.185 Y117.081 E14.50162
G1 X121.545 Y117.084 E14.51643
G1 F511.8 X121.873 Y117.181 E14.53063
G1 F517 X122.148 Y117.351 E14.54391
G1 F525.5 X122.411 Y117.662 E14.56036
G1 F513.9 X122.487 Y117.814 E14.56739
G1 F512.9 X122.602 Y118.265 E14.58666
G1 F521.2 X122.568 Y118.589 E14.59993
G1 F520.2 X122.404 Y118.983 E14.61736
G1 F508.8 X122.155 Y119.258 E14.63284
G1 F494 X121.868 Y119.442 E14.6475
G1 F510.8 X121.497 Y119.55 E14.66356
G1 F519.1 X120.971 Y119.506 E14.68516
G1 F517 X120.663 Y119.353 E14.69928
G1 F523.4 X120.309 Y118.996 E14.71968
G1 F513.9 X120.15 Y118.639 E14.73583
G1 X120.108 Y118.345 E14.74811
M204 S1000
G1 F1500 E13.74811
;MESH:PCB_Spacers.stl(5)
G0 F9000 X116.724 Y121.455
M204 S2000
G1 F1500 E14.74811
G1 F519.1 X116.768 Y120.929 E14.7697
G1 F517 X116.921 Y120.621 E14.78383
G1 F523.4 X117.278 Y120.267 E14.80423
G1 F513.9 X117.635 Y120.108 E14.82038
G1 X117.929 Y120.066 E14.83265
G1 F506.8 X118.292 Y120.118 E14.84802
G1 F490.2 X118.693 Y120.314 E14.86736
G1 F495 X119.009 Y120.646 E14.88702
G1 F503.8 X119.152 Y120.946 E14.90103
G1 F517 X119.193 Y121.143 E14.9093
G1 F518.1 X119.19 Y121.503 E14.92405
G1 F511.8 X119.092 Y121.833 E14.93834
G1 F518.1 X118.923 Y122.106 E14.9515
G1 F525.5 X118.612 Y122.369 E14.96796
G1 F514.9 X118.46 Y122.445 E14.97497
G1 F511.8 X118.008 Y122.56 E14.99432
G1 F517 X117.678 Y122.526 E15.00795
G1 F511.8 X117.258 Y122.34 E15.02701
G1 F519.1 X116.908 Y121.977 E15.04763
G1 F526.6 X116.724 Y121.455 E15.06996
M204 S1000
G1 F1500 E14.06996
;MESH:PCB_Spacers.stl
G0 F9000 X112.438 Y119.856
M204 S2000
G1 F1500 E15.06996
G1 F518.1 X112.472 Y119.526 E15.08355
G1 F511.8 X112.658 Y119.106 E15.10261
G1 F519.1 X113.021 Y118.756 E15.12324
G1 F526.6 X113.543 Y118.572 E15.14556
G1 F520.2 X114.057 Y118.614 E15.16662
G1 F521.2 X114.377 Y118.769 E15.18111
G1 F516 X114.683 Y119.058 E15.19843
G1 X114.863 Y119.396 E15.21419
G1 X114.927 Y119.684 E15.22633
G1 F496.9 X114.88 Y120.14 E15.24593
G1 F491.2 X114.684 Y120.541 E15.26523
G1 F496.9 X114.352 Y120.857 E15.28481
G1 F505.8 X114.052 Y121 E15.29877
G1 F504.8 X113.715 Y121.05 E15.3131
G1 F508.8 X113.451 Y121.031 E15.32415
G1 F514.9 X113.152 Y120.935 E15.3371
G1 F510.8 X112.873 Y120.753 E15.35095
G1 F517 X112.629 Y120.46 E15.36662
G1 F513.9 X112.553 Y120.308 E15.37364
G1 X112.438 Y119.856 E15.39291
M204 S1000
G1 F1500 E14.39291
;MESH:NONMESH
G0 F600 X112.438 Y119.856 Z1.8
G0 F9000 X111.577 Y119.302
G0 X111.809 Y114.214
G0 X112.678 Y113.835
;TIME_ELAPSED:57.143736
;LAYER:8
M204 S2000
;TYPE:WALL-OUTER
;MESH:PCB_Spacers.stl(1)
G1 F1500 E15.39291
G1 F519.4 X112.723 Y113.31 E15.41447
G1 F516.2 X112.863 Y113.023 E15.42761
G1 F522.6 X113.234 Y112.649 E15.44903
G1 F518.3 X113.79 Y112.448 E15.47327
G1 F512.1 X114.249 Y112.491 E15.4924
G1 F502 X114.648 Y112.696 E15.51138
G1 F501 X114.966 Y113.027 E15.53085
G1 F508 X115.105 Y113.327 E15.54468
G1 F512.1 X115.149 Y113.871 E15.56732
G1 F523.6 X114.964 Y114.359 E15.5885
G1 F529 X114.58 Y114.742 E15.61028
G1 F541.4 X114.085 Y114.93 E15.63106
G1 F532.4 X113.631 Y114.909 E15.6492
G1 F511.1 X113.212 Y114.723 E15.66826
G1 F514.1 X112.884 Y114.39 E15.68758
G1 F505 X112.786 Y114.209 E15.69624
G1 F510 X112.678 Y113.835 E15.71245
M204 S1000
G1 F1500 E14.71245
;MESH:PCB_Spacers.stl(3)
G0 F9000 X115.821 Y116.656
M204 S2000
G1 F1500 E15.71245
G1 F513.1 X115.98 Y116.219 E15.73171
G1 F504 X116.114 Y116.04 E15.74113
G1 F507 X116.386 Y115.8 E15.75634
G1 F539.1 X116.881 Y115.612 E15.77721
G1 F534.6 X117.327 Y115.633 E15.79495
G1 F513.1 X117.754 Y115.819 E15.81424
G1 F501 X117.995 Y116.047 E15.82831
G1 F493.3 X118.18 Y116.333 E15.84298
G1 F511.1 X118.288 Y116.707 E15.85916
G1 F519.4 X118.245 Y117.218 E15.88014
G1 F510 X118.161 Y117.42 E15.88926
G1 F499.1 X117.952 Y117.7 E15.90413
G1 F506 X117.732 Y117.893 E15.91642
G1 F518.3 X117.176 Y118.094 E15.94066
G1 F512.1 X116.717 Y118.051 E15.95978
G1 F501 X116.318 Y117.846 E15.97881
G1 F512.1 X116.102 Y117.644 E15.99108
G1 F529 X115.933 Y117.393 E16.00323
G1 F522.6 X115.834 Y117.108 E16.0155
G1 F515.2 X115.821 Y116.656 E16.03415
M204 S1000
G1 F1500 E15.03415
;MESH:PCB_Spacers.stl(2)
G0 F9000 X119.005 Y113.913
M204 S2000
G1 F1500 E16.03415
G1 F532.4 X119.026 Y113.459 E16.05229
G1 F511.1 X119.212 Y113.04 E16.07135
G1 F514.1 X119.545 Y112.712 E16.09066
G1 F505 X119.726 Y112.614 E16.09932
G1 F510 X120.1 Y112.506 E16.11554
G1 F519.4 X120.611 Y112.549 E16.13652
G1 F516.2 X120.944 Y112.717 E16.15187
G1 F511.1 X121.236 Y112.993 E16.16857
G1 F497.1 X121.44 Y113.419 E16.18876
G1 F504 X121.487 Y113.618 E16.19738
G1 F521.5 X121.455 Y114.037 E16.2145
G1 F533.5 X121.338 Y114.323 E16.22681
G1 F538 X121.037 Y114.692 E16.24562
G1 F530.1 X120.786 Y114.861 E16.25774
G1 F522.6 X120.501 Y114.96 E16.27001
G1 F515.2 X120.049 Y114.973 E16.28866
G1 F513.1 X119.612 Y114.814 E16.30792
G1 F504 X119.433 Y114.68 E16.31734
G1 F507 X119.193 Y114.408 E16.33255
G1 F539.1 X119.005 Y113.913 E16.35341
M204 S1000
G1 F1500 E15.35341
;MESH:PCB_Spacers.stl(4)
G0 F9000 X118.244 Y114.593
G0 X119.015 Y115.928
G0 X119.198 Y118.357
G0 X120.107 Y118.438
M204 S2000
G1 F1500 E16.35341
G1 F513.1 X120.15 Y117.979 E16.3725
G1 F502 X120.355 Y117.58 E16.39149
G1 F512.1 X120.557 Y117.364 E16.40376
G1 F529 X120.808 Y117.195 E16.41591
G1 F522.6 X121.093 Y117.096 E16.42818
G1 F516.2 X121.545 Y117.083 E16.44679
G1 F520.4 X122.018 Y117.264 E16.46747
G1 F529 X122.401 Y117.648 E16.48925
G1 F512.1 X122.486 Y117.815 E16.49703
G1 X122.602 Y118.265 E16.51631
G1 F521.5 X122.568 Y118.589 E16.52958
G1 F520.4 X122.405 Y118.981 E16.54691
G1 F508 X122.154 Y119.257 E16.56252
G1 F493.3 X121.868 Y119.442 E16.57719
G1 F511.1 X121.494 Y119.55 E16.59337
G1 F519.4 X120.969 Y119.505 E16.61493
G1 F516.2 X120.682 Y119.365 E16.62807
G1 F522.6 X120.308 Y118.994 E16.64949
G1 F518.3 X120.107 Y118.438 E16.67373
M204 S1000
G1 F1500 E15.67373
;MESH:PCB_Spacers.stl(5)
G0 F9000 X116.724 Y121.452
M204 S2000
G1 F1500 E16.67373
G1 F519.4 X116.769 Y120.927 E16.69528
G1 F516.2 X116.909 Y120.64 E16.70843
G1 F522.6 X117.28 Y120.266 E16.72985
G1 F518.3 X117.836 Y120.065 E16.75408
G1 F512.1 X118.295 Y120.108 E16.77321
G1 F502 X118.694 Y120.313 E16.7922
G1 F501 X119.012 Y120.644 E16.81166
G1 F508 X119.151 Y120.944 E16.82549
G1 F512.1 X119.195 Y121.488 E16.84814
G1 F523.6 X119.01 Y121.976 E16.86931
G1 F529 X118.626 Y122.359 E16.8911
G1 F541.4 X118.131 Y122.547 E16.91188
G1 F532.4 X117.677 Y122.526 E16.93002
G1 F511.1 X117.258 Y122.34 E16.94908
G1 F514.1 X116.93 Y122.007 E16.96839
G1 F505 X116.832 Y121.826 E16.97705
G1 F510 X116.724 Y121.452 E16.99327
M204 S1000
G1 F1500 E15.99327
;MESH:PCB_Spacers.stl
G0 F9000 X112.451 Y119.979
M204 S2000
G1 F1500 E16.99327
G1 F532.4 X112.472 Y119.525 E17.01141
G1 F511.1 X112.658 Y119.106 E17.03047
G1 F514.1 X112.991 Y118.778 E17.04978
G1 F505 X113.172 Y118.68 E17.05844
G1 F510 X113.546 Y118.572 E17.07466
G1 F519.4 X114.057 Y118.615 E17.09564
G1 F516.2 X114.39 Y118.783 E17.11099
G1 F511.1 X114.682 Y119.059 E17.1277
G1 F497.1 X114.886 Y119.485 E17.14788
G1 F504 X114.933 Y119.684 E17.1565
G1 F521.5 X114.901 Y120.103 E17.17362
G1 F533.5 X114.784 Y120.389 E17.18593
G1 F538 X114.483 Y120.758 E17.20474
G1 F530.1 X114.232 Y120.927 E17.21687
G1 F522.6 X113.947 Y121.026 E17.22913
G1 F515.2 X113.495 Y121.039 E17.24778
G1 F513.1 X113.058 Y120.88 E17.26704
G1 F504 X112.879 Y120.746 E17.27647
G1 F507 X112.639 Y120.474 E17.29167
G1 F539.1 X112.451 Y119.979 E17.31254
M204 S1000
G1 F1500 E16.31254
;MESH:NONMESH
G0 F600 X112.451 Y119.979 Z2
G0 F9000 X112.678 Y113.833
;TIME_ELAPSED:64.166400
;LAYER:9
M204 S2000
;TYPE:WALL-OUTER
;MESH:PCB_Spacers.stl(1)
G1 F1500 E17.31254
G1 F525.1 X112.678 Y113.541 E17.32434
G1 F521.8 X112.867 Y113.016 E17.34702
G1 X113.238 Y112.647 E17.3683
G1 F517.6 X113.753 Y112.453 E17.39086
G1 F503.3 X114.246 Y112.5 E17.41174
G1 F510.4 X114.549 Y112.625 E17.42537
G1 F532.7 X114.793 Y112.82 E17.43781
G1 F513.4 X114.958 Y113.032 E17.44891
G1 F499.4 X115.107 Y113.329 E17.46303
G1 F511.4 X115.162 Y113.666 E17.47719
G1 X115.144 Y113.886 E17.48635
G1 F517.6 X114.942 Y114.392 E17.50869
G1 F510.4 X114.704 Y114.647 E17.52319
G1 F495.5 X114.413 Y114.827 E17.53784
G1 F508.3 X113.962 Y114.942 E17.55727
G1 F516.6 X113.632 Y114.91 E17.57089
G1 F512.4 X113.212 Y114.723 E17.58993
G1 F514.5 X112.884 Y114.391 E17.60917
G1 F504.3 X112.786 Y114.209 E17.61787
G1 F509.3 X112.678 Y113.833 E17.63417
M204 S1000
G1 F1500 E16.63417
;MESH:PCB_Spacers.stl(3)
G0 F9000 X115.804 Y116.876
M204 S2000
G1 F1500 E17.63417
G1 F516.6 X115.843 Y116.558 E17.64733
G1 F520.8 X116.001 Y116.185 E17.66383
G1 X116.354 Y115.82 E17.68452
G1 F508.3 X116.553 Y115.715 E17.69391
G1 F511.4 X117.004 Y115.6 E17.71322
G1 F520.8 X117.327 Y115.632 E17.72645
G1 F513.4 X117.754 Y115.819 E17.74571
G1 F518.7 X118.105 Y116.186 E17.76649
G1 F527.2 X118.288 Y116.709 E17.78879
G1 X118.288 Y117.001 E17.80054
G1 F512.4 X118.157 Y117.418 E17.81864
G1 F493.6 X117.952 Y117.7 E17.83363
G1 F505.3 X117.728 Y117.895 E17.8461
G1 F516.6 X117.176 Y118.093 E17.87019
G1 F501.3 X116.72 Y118.042 E17.88961
G1 F509.3 X116.417 Y117.917 E17.90326
G1 F530.5 X116.173 Y117.722 E17.91575
G1 F510.4 X116.008 Y117.51 E17.92692
G1 F498.4 X115.859 Y117.213 E17.94107
G1 F511.4 X115.804 Y116.876 E17.95523
M204 S1000
G1 F1500 E16.95523
;MESH:PCB_Spacers.stl(2)
G0 F9000 X118.993 Y113.79
M204 S2000
G1 F1500 E17.95523
G1 F517.6 X119.025 Y113.46 E17.96883
G1 F512.4 X119.212 Y113.04 E17.98786
G1 F514.5 X119.544 Y112.712 E18.00711
G1 F504.3 X119.726 Y112.614 E18.01581
G1 F509.3 X120.102 Y112.506 E18.03211
G1 F525.1 X120.394 Y112.506 E18.04391
G1 F510.4 X120.811 Y112.637 E18.06208
G1 F499.4 X121.236 Y112.993 E18.08563
G1 F495.5 X121.439 Y113.419 E18.10584
G1 F501.3 X121.486 Y113.618 E18.1145
G1 F502.3 X121.435 Y114.074 E18.13388
G1 F513.4 X121.31 Y114.377 E18.14742
G1 F537.2 X121.115 Y114.621 E18.15976
G1 F512.4 X120.903 Y114.786 E18.17088
G1 F499.4 X120.606 Y114.935 E18.185
G1 F511.4 X120.269 Y114.99 E18.19917
G1 F515.5 X119.951 Y114.951 E18.21236
G1 F520.8 X119.578 Y114.793 E18.22886
G1 X119.213 Y114.44 E18.24955
G1 F508.3 X119.108 Y114.241 E18.25894
G1 F510.4 X118.993 Y113.79 E18.27829
M204 S1000
G1 F1500 E17.27829
;MESH:PCB_Spacers.stl(4)
G0 F9000 X120.112 Y118.475
M204 S2000
G1 F1500 E18.27829
G1 F502.3 X120.159 Y117.982 E18.29921
G1 F509.3 X120.284 Y117.679 E18.31287
G1 F530.5 X120.479 Y117.435 E18.32536
G1 F510.4 X120.691 Y117.27 E18.33653
G1 F498.4 X120.988 Y117.121 E18.35067
G1 F511.4 X121.325 Y117.066 E18.36484
G1 F512.4 X121.545 Y117.084 E18.37398
G1 F518.7 X122.051 Y117.286 E18.39627
G1 F509.3 X122.306 Y117.524 E18.4108
G1 F494.5 X122.486 Y117.815 E18.42548
G1 F510.4 X122.601 Y118.265 E18.44479
G1 F520.8 X122.569 Y118.589 E18.45806
G1 F521.8 X122.405 Y118.982 E18.47537
G1 F509.3 X122.154 Y119.258 E18.49091
G1 F493.6 X121.868 Y119.442 E18.50553
G1 F510.4 X121.492 Y119.55 E18.5218
G1 F525.1 X121.2 Y119.55 E18.5336
G1 F521.8 X120.675 Y119.361 E18.55629
G1 X120.306 Y118.99 E18.57756
G1 F517.6 X120.112 Y118.475 E18.60012
M204 S1000
G1 F1500 E17.60012
;MESH:PCB_Spacers.stl(5)
G0 F9000 X116.724 Y121.158
M204 S2000
G1 F1500 E18.60012
G1 F521.8 X116.913 Y120.633 E18.62281
G1 X117.284 Y120.264 E18.64409
G1 F517.6 X117.799 Y120.07 E18.66665
G1 F503.3 X118.292 Y120.117 E18.68752
G1 F510.4 X118.595 Y120.242 E18.70115
G1 F532.7 X118.839 Y120.437 E18.71359
G1 F513.4 X119.004 Y120.649 E18.72469
G1 F499.4 X119.153 Y120.946 E18.73881
G1 F511.4 X119.208 Y121.283 E18.75298
G1 X119.19 Y121.503 E18.76214
G1 F517.6 X118.988 Y122.009 E18.78447
G1 F510.4 X118.75 Y122.264 E18.79897
G1 F495.5 X118.459 Y122.444 E18.81363
G1 F508.3 X118.008 Y122.559 E18.83305
G1 F516.6 X117.678 Y122.527 E18.84667
G1 F512.4 X117.258 Y122.34 E18.86571
G1 F514.5 X116.93 Y122.008 E18.88496
G1 F504.3 X116.832 Y121.826 E18.89366
G1 F509.3 X116.724 Y121.45 E18.90995
G1 F525.1 X116.724 Y121.158 E18.92175
M204 S1000
G1 F1500 E17.92175
;MESH:PCB_Spacers.stl
G0 F9000 X112.439 Y119.856
M204 S2000
G1 F1500 E18.92175
G1 F517.6 X112.471 Y119.526 E18.93534
G1 F512.4 X112.658 Y119.106 E18.95438
G1 F514.5 X112.99 Y118.778 E18.97363
G1 F504.3 X113.172 Y118.68 E18.98233
G1 F509.3 X113.548 Y118.572 E18.99862
G1 F525.1 X113.84 Y118.572 E19.01042
G1 F510.4 X114.257 Y118.703 E19.0286
G1 F499.4 X114.682 Y119.059 E19.05215
G1 F495.5 X114.885 Y119.485 E19.07236
G1 F501.3 X114.932 Y119.684 E19.08101
G1 F502.3 X114.881 Y120.14 E19.10039
G1 F513.4 X114.756 Y120.443 E19.11394
G1 F537.2 X114.561 Y120.687 E19.12628
G1 F512.4 X114.349 Y120.852 E19.1374
G1 F499.4 X114.052 Y121.001 E19.15152
G1 F511.4 X113.715 Y121.056 E19.16569
G1 F515.5 X113.397 Y121.017 E19.17887
G1 F520.8 X113.024 Y120.859 E19.19538
G1 X112.659 Y120.506 E19.21607
G1 F508.3 X112.554 Y120.307 E19.22546
G1 F510.4 X112.439 Y119.856 E19.24481
M204 S1000
G1 F1500 E18.24481
;MESH:NONMESH
G0 F600 X112.439 Y119.856 Z2.2
G0 F9000 X111.577 Y119.302
G0 X111.809 Y114.214
G0 X112.671 Y113.589
;TIME_ELAPSED:71.206608
;LAYER:10
M204 S2000
;TYPE:WALL-OUTER
;MESH:PCB_Spacers.stl(1)
G1 F1500 E19.24481
G1 F502.8 X112.731 Y113.326 E19.2562
G1 F505.8 X112.866 Y113.018 E19.27033
G1 F522.3 X113.231 Y112.651 E19.29137
G1 F516 X113.597 Y112.483 E19.30795
G1 F502.8 X113.79 Y112.458 E19.31617
G1 F501.8 X114.248 Y112.492 E19.3356
G1 F508.8 X114.653 Y112.689 E19.3544
G1 F518.1 X115.034 Y113.152 E19.37898
G1 F526.6 X115.129 Y113.423 E19.39056
G1 F516 X115.142 Y113.886 E19.40963
G1 F518.1 X114.967 Y114.354 E19.43011
G1 F511.9 X114.704 Y114.647 E19.44645
G1 F496 X114.413 Y114.827 E19.4611
G1 F511.9 X113.962 Y114.944 E19.48043
G1 F519.1 X113.634 Y114.91 E19.49392
G1 F511.9 X113.212 Y114.724 E19.51306
G1 F508.8 X112.966 Y114.499 E19.52697
G1 F509.8 X112.778 Y114.213 E19.54123
G1 F513.9 X112.7 Y113.989 E19.55103
G1 F514.9 X112.671 Y113.589 E19.56757
M204 S1000
G1 F1500 E18.56757
;MESH:PCB_Spacers.stl(3)
G0 F9000 X115.831 Y116.601
M204 S2000
G1 F1500 E19.56757
G1 F520.2 X115.999 Y116.188 E19.58578
G1 F506.8 X116.262 Y115.895 E19.60228
G1 F494 X116.553 Y115.715 E19.61699
G1 F512.9 X117.004 Y115.598 E19.63628
G1 F522.3 X117.327 Y115.633 E19.64949
G1 F512.9 X117.754 Y115.818 E19.66876
G1 F519.1 X117.951 Y115.985 E19.67933
G1 F523.4 X118.183 Y116.315 E19.69569
G1 F516 X118.262 Y116.541 E19.70555
G1 F520.2 X118.289 Y116.995 E19.72412
G1 F514.9 X118.158 Y117.419 E19.74242
G1 F496 X117.953 Y117.7 E19.75731
G1 F504.8 X117.735 Y117.891 E19.76951
G1 F516 X117.369 Y118.059 E19.78608
G1 F501.8 X117.176 Y118.084 E19.79432
G1 F500.8 X116.718 Y118.05 E19.8138
G1 F508.8 X116.313 Y117.853 E19.8326
G1 F517 X115.932 Y117.39 E19.85722
G1 F523.4 X115.837 Y117.119 E19.86888
G1 F519.1 X115.831 Y116.601 E19.89007
M204 S1000
G1 F1500 E18.89007
;MESH:PCB_Spacers.stl(2)
G0 F9000 X118.991 Y113.79
M204 S2000
G1 F1500 E19.89007
G1 F519.1 X119.025 Y113.462 E19.90356
G1 F511.9 X119.211 Y113.04 E19.9227
G1 F508.8 X119.436 Y112.794 E19.93661
G1 F509.8 X119.722 Y112.606 E19.95087
G1 F513.9 X119.946 Y112.528 E19.96067
G1 F514.9 X120.346 Y112.499 E19.97721
G1 F509.8 X120.812 Y112.636 E19.99745
G1 F501.8 X121.236 Y112.993 E20.02091
G1 F504.8 X121.448 Y113.416 E20.04081
G1 F501.8 X121.477 Y113.618 E20.04945
G1 F510.8 X121.457 Y114.023 E20.06631
G1 F531 X121.291 Y114.413 E20.08326
G1 F536.6 X121.117 Y114.62 E20.09396
G1 F533.2 X120.783 Y114.862 E20.11039
G1 F524.5 X120.512 Y114.957 E20.12202
G1 F519.1 X119.994 Y114.963 E20.14321
G1 F520.2 X119.581 Y114.795 E20.16142
G1 F506.8 X119.288 Y114.532 E20.17792
G1 F494 X119.108 Y114.241 E20.19263
G1 F511.9 X118.991 Y113.79 E20.21196
M204 S1000
G1 F1500 E19.21196
;MESH:PCB_Spacers.stl(4)
G0 F9000 X120.117 Y118.438
M204 S2000
G1 F1500 E20.21196
G1 F499.8 X120.151 Y117.98 E20.23147
G1 F508.8 X120.348 Y117.575 E20.25027
G1 F517 X120.811 Y117.194 E20.2749
G1 F523.4 X121.082 Y117.099 E20.28655
G1 F513.9 X121.545 Y117.086 E20.30569
G1 F518.1 X122.013 Y117.261 E20.32618
G1 F510.8 X122.306 Y117.524 E20.34255
G1 F495 X122.486 Y117.815 E20.35723
G1 F524.5 X122.598 Y118.186 E20.37292
G1 F534.3 X122.568 Y118.589 E20.38898
G1 F523.4 X122.407 Y118.98 E20.40614
G1 F529.9 X122.216 Y119.213 E20.41821
G1 F523.4 X121.886 Y119.445 E20.43458
G1 F516 X121.648 Y119.528 E20.44496
G1 F514.9 X121.248 Y119.557 E20.4615
G1 F503.8 X120.986 Y119.497 E20.47283
G1 F506.8 X120.677 Y119.362 E20.48696
G1 F522.3 X120.31 Y118.997 E20.50801
G1 F516 X120.142 Y118.631 E20.52458
G1 F500.8 X120.117 Y118.438 E20.53283
M204 S1000
G1 F1500 E19.53283
;MESH:PCB_Spacers.stl(5)
G0 F9000 X116.717 Y121.206
M204 S2000
G1 F1500 E20.53283
G1 F502.8 X116.777 Y120.943 E20.54423
G1 F505.8 X116.912 Y120.635 E20.55835
G1 F522.3 X117.277 Y120.268 E20.5794
G1 F516 X117.643 Y120.1 E20.59597
G1 F502.8 X117.836 Y120.075 E20.60419
G1 F501.8 X118.294 Y120.109 E20.62363
G1 F508.8 X118.699 Y120.306 E20.64243
G1 F518.1 X119.08 Y120.769 E20.66701
G1 F526.6 X119.175 Y121.04 E20.67859
G1 F516 X119.188 Y121.503 E20.69765
G1 F518.1 X119.013 Y121.971 E20.71814
G1 F511.9 X118.75 Y122.264 E20.73447
G1 F496 X118.459 Y122.444 E20.74913
G1 F511.9 X118.008 Y122.561 E20.76846
G1 F519.1 X117.68 Y122.527 E20.78195
G1 F511.9 X117.258 Y122.341 E20.80108
G1 F508.8 X117.012 Y122.116 E20.815
G1 F509.8 X116.824 Y121.83 E20.82926
G1 F513.9 X116.746 Y121.606 E20.83906
G1 F514.9 X116.717 Y121.206 E20.8556
M204 S1000
G1 F1500 E19.8556
;MESH:PCB_Spacers.stl
G0 F9000 X112.437 Y119.856
M204 S2000
G1 F1500 E20.8556
G1 F519.1 X112.471 Y119.528 E20.86909
G1 F511.9 X112.657 Y119.106 E20.88822
G1 F508.8 X112.882 Y118.86 E20.90214
G1 F509.8 X113.168 Y118.672 E20.9164
G1 F513.9 X113.392 Y118.594 E20.9262
G1 F514.9 X113.792 Y118.565 E20.94274
G1 F509.8 X114.258 Y118.702 E20.96297
G1 F501.8 X114.682 Y119.059 E20.98643
G1 F504.8 X114.894 Y119.482 E21.00634
G1 F501.8 X114.923 Y119.684 E21.01498
G1 F510.8 X114.903 Y120.089 E21.03184
G1 F531 X114.737 Y120.479 E21.04879
G1 F536.6 X114.563 Y120.686 E21.05949
G1 F533.2 X114.229 Y120.928 E21.07592
G1 F524.5 X113.958 Y121.023 E21.08755
G1 F519.1 X113.44 Y121.029 E21.10874
G1 F520.2 X113.027 Y120.861 E21.12694
G1 F506.8 X112.734 Y120.598 E21.14344
G1 F494 X112.554 Y120.307 E21.15815
G1 F511.9 X112.437 Y119.856 E21.17749
M204 S1000
G1 F1500 E20.17749
;MESH:NONMESH
G0 F600 X112.437 Y119.856 Z2.4
G0 F9000 X111.577 Y119.302
G0 X111.809 Y114.214
G0 X112.678 Y113.833
;TIME_ELAPSED:78.239104
;LAYER:11
M204 S2000
;TYPE:WALL-OUTER
;MESH:PCB_Spacers.stl(1)
G1 F1500 E21.17749
G1 F525.2 X112.678 Y113.54 E21.18933
G1 F522 X112.865 Y113.019 E21.21183
G1 X113.238 Y112.647 E21.23325
G1 F517.8 X113.754 Y112.453 E21.25585
G1 F503.5 X114.246 Y112.5 E21.27669
G1 F498.6 X114.651 Y112.692 E21.29577
G1 F508.5 X114.968 Y113.025 E21.31496
G1 F517.8 X115.097 Y113.295 E21.32723
G1 F519.9 X115.15 Y113.865 E21.3506
G1 F524.2 X114.967 Y114.354 E21.37174
G1 F528.5 X114.572 Y114.747 E21.39412
G1 F540.8 X114.086 Y114.93 E21.4145
G1 F531.8 X113.631 Y114.909 E21.43268
G1 F511.5 X113.212 Y114.723 E21.4517
G1 F514.6 X112.884 Y114.391 E21.47095
G1 F504.5 X112.786 Y114.209 E21.47965
G1 F509.5 X112.678 Y113.833 E21.49594
M204 S1000
G1 F1500 E20.49594
;MESH:PCB_Spacers.stl(3)
G0 F9000 X115.821 Y116.656
M204 S2000
G1 F1500 E21.49594
G1 F515.7 X115.999 Y116.188 E21.51655
G1 F520.9 X116.359 Y115.818 E21.53759
G1 F536.3 X116.88 Y115.612 E21.55976
G1 F534 X117.327 Y115.633 E21.57755
G1 F512.6 X117.754 Y115.819 E21.59683
G1 F518.8 X118.105 Y116.186 E21.61761
G1 F527.4 X118.288 Y116.709 E21.63991
G1 X118.288 Y117.002 E21.6517
G1 F528.5 X118.101 Y117.523 E21.67393
G1 F526.3 X117.728 Y117.895 E21.69517
G1 F519.9 X117.212 Y118.089 E21.71768
G1 F504.5 X116.72 Y118.042 E21.73847
G1 F498.6 X116.315 Y117.85 E21.75756
G1 F509.5 X115.998 Y117.517 E21.77671
G1 F511.5 X115.86 Y117.213 E21.79056
G1 F508.5 X115.821 Y116.656 E21.81387
M204 S1000
G1 F1500 E20.81387
;MESH:PCB_Spacers.stl(2)
G0 F9000 X119.005 Y113.914
M204 S2000
G1 F1500 E21.81387
G1 F531.8 X119.026 Y113.459 E21.83205
G1 F511.5 X119.212 Y113.04 E21.85107
G1 F514.6 X119.544 Y112.712 E21.87032
G1 F504.5 X119.726 Y112.614 E21.87901
G1 F509.5 X120.102 Y112.506 E21.89531
G1 F525.2 X120.395 Y112.506 E21.90715
G1 F526.3 X120.916 Y112.693 E21.92947
G1 F514.6 X121.236 Y112.993 E21.94756
G1 F495.7 X121.439 Y113.419 E21.96777
G1 F501.5 X121.486 Y113.618 E21.97643
G1 F502.5 X121.435 Y114.074 E21.99581
G1 F511.5 X121.289 Y114.417 E22.01128
G1 F523.1 X120.91 Y114.796 E22.03302
G1 F517.8 X120.64 Y114.925 E22.04529
G1 F514.6 X120.049 Y114.973 E22.06975
G1 F515.7 X119.581 Y114.795 E22.09035
G1 F520.9 X119.211 Y114.435 E22.11139
G1 F536.3 X119.005 Y113.914 E22.13356
M204 S1000
G1 F1500 E21.13356
;MESH:PCB_Spacers.stl(4)
G0 F9000 X118.244 Y114.593
G0 X119.015 Y115.928
G0 X119.195 Y118.392
G0 X120.112 Y118.474
M204 S2000
G1 F1500 E22.13356
G1 F502.5 X120.159 Y117.982 E22.15444
G1 F498.6 X120.351 Y117.577 E22.17352
G1 F509.5 X120.684 Y117.26 E22.19267
G1 F511.5 X120.988 Y117.122 E22.20653
G1 F509.5 X121.547 Y117.084 E22.22987
G1 F519.9 X122.013 Y117.261 E22.25022
G1 F528.5 X122.406 Y117.656 E22.2726
G1 F512.6 X122.487 Y117.815 E22.27999
G1 X122.602 Y118.265 E22.29922
G1 F520.9 X122.568 Y118.589 E22.31249
G1 X122.405 Y118.982 E22.32983
G1 F509.5 X122.154 Y119.258 E22.34537
G1 F493.7 X121.868 Y119.442 E22.35999
G1 F510.5 X121.492 Y119.55 E22.37625
G1 F525.2 X121.199 Y119.55 E22.38809
G1 F522 X120.678 Y119.363 E22.4106
G1 X120.306 Y118.99 E22.43202
G1 F517.8 X120.112 Y118.474 E22.45462
M204 S1000
G1 F1500 E21.45462
;MESH:PCB_Spacers.stl(5)
G0 F9000 X116.724 Y121.157
M204 S2000
G1 F1500 E22.45462
G1 F522 X116.911 Y120.636 E22.47712
G1 X117.284 Y120.264 E22.49854
G1 F517.8 X117.8 Y120.07 E22.52114
G1 F503.5 X118.292 Y120.117 E22.54198
G1 F498.6 X118.697 Y120.309 E22.56106
G1 F508.5 X119.014 Y120.642 E22.58025
G1 F517.8 X119.143 Y120.912 E22.59252
G1 F519.9 X119.196 Y121.482 E22.61589
G1 F524.2 X119.013 Y121.971 E22.63703
G1 F528.5 X118.618 Y122.364 E22.65941
G1 F540.8 X118.132 Y122.547 E22.67979
G1 F531.8 X117.677 Y122.526 E22.69797
G1 F511.5 X117.258 Y122.34 E22.71699
G1 F514.6 X116.93 Y122.008 E22.73624
G1 F504.5 X116.832 Y121.826 E22.74494
G1 F509.5 X116.724 Y121.45 E22.76123
G1 F525.2 X116.724 Y121.157 E22.77307
M204 S1000
G1 F1500 E21.77307
;MESH:PCB_Spacers.stl
G0 F9000 X112.451 Y119.98
M204 S2000
G1 F1500 E22.77307
G1 F531.8 X112.472 Y119.525 E22.79125
G1 F511.5 X112.658 Y119.106 E22.81027
G1 F514.6 X112.99 Y118.778 E22.82952
G1 F504.5 X113.172 Y118.68 E22.83822
G1 F509.5 X113.548 Y118.572 E22.85452
G1 F525.2 X113.841 Y118.572 E22.86636
G1 F526.3 X114.362 Y118.759 E22.88868
G1 F514.6 X114.682 Y119.059 E22.90677
G1 F495.7 X114.885 Y119.485 E22.92698
G1 F501.5 X114.932 Y119.684 E22.93563
G1 F502.5 X114.881 Y120.14 E22.95501
G1 F511.5 X114.735 Y120.483 E22.97048
G1 F523.1 X114.356 Y120.862 E22.99223
G1 F517.8 X114.086 Y120.991 E23.0045
G1 F514.6 X113.495 Y121.039 E23.02895
G1 F515.7 X113.027 Y120.861 E23.04956
G1 F520.9 X112.657 Y120.501 E23.07059
G1 F536.3 X112.451 Y119.98 E23.09277
M204 S1000
G1 F1500 E22.09277
;MESH:NONMESH
G0 F600 X112.451 Y119.98 Z2.6
G0 F9000 X112.678 Y113.833
;TIME_ELAPSED:85.251749
;LAYER:12
M204 S2000
;TYPE:WALL-OUTER
;MESH:PCB_Spacers.stl(1)
G1 F1500 E23.09277
G1 F525.3 X112.678 Y113.54 E23.10461
G1 F522.1 X112.865 Y113.019 E23.12712
G1 X113.238 Y112.647 E23.14853
G1 F517.9 X113.754 Y112.453 E23.17113
G1 F503.6 X114.246 Y112.5 E23.19197
G1 F498.6 X114.651 Y112.692 E23.21105
G1 F508.6 X114.968 Y113.025 E23.23024
G1 F517.9 X115.097 Y113.295 E23.24251
G1 F520 X115.15 Y113.865 E23.26588
G1 F524.2 X114.967 Y114.354 E23.28702
G1 F528.6 X114.572 Y114.747 E23.3094
G1 F540.9 X114.086 Y114.93 E23.32978
G1 F531.9 X113.631 Y114.909 E23.34796
G1 F511.6 X113.212 Y114.723 E23.36698
G1 F514.7 X112.884 Y114.391 E23.38623
G1 F504.6 X112.786 Y114.209 E23.39493
G1 F509.6 X112.678 Y113.833 E23.41122
M204 S1000
G1 F1500 E22.41122
;MESH:PCB_Spacers.stl(3)
G0 F9000 X115.821 Y116.656
M204 S2000
G1 F1500 E23.41122
G1 F515.8 X115.999 Y116.188 E23.43183
G1 F521 X116.359 Y115.818 E23.45287
G1 F536.4 X116.88 Y115.612 E23.47504
G1 F534.1 X117.327 Y115.633 E23.49283
G1 F512.7 X117.754 Y115.819 E23.51211
G1 F518.9 X118.105 Y116.186 E23.53289
G1 F527.5 X118.288 Y116.709 E23.55519
G1 X118.288 Y117.002 E23.56698
G1 F528.6 X118.101 Y117.523 E23.58921
G1 F526.4 X117.728 Y117.895 E23.61045
G1 F520 X117.212 Y118.089 E23.63296
G1 F504.6 X116.72 Y118.042 E23.65376
G1 F498.6 X116.315 Y117.85 E23.67284
G1 F509.6 X115.998 Y117.517 E23.69199
G1 F511.6 X115.86 Y117.213 E23.70584
G1 F508.6 X115.821 Y116.656 E23.72915
M204 S1000
G1 F1500 E22.72915
;MESH:PCB_Spacers.stl(2)
G0 F9000 X119.005 Y113.914
M204 S2000
G1 F1500 E23.72915
G1 F531.9 X119.026 Y113.459 E23.74733
G1 F511.6 X119.212 Y113.04 E23.76635
G1 F514.7 X119.544 Y112.712 E23.7856
G1 F504.6 X119.726 Y112.614 E23.79429
G1 F509.6 X120.102 Y112.506 E23.81059
G1 F525.3 X120.395 Y112.506 E23.82243
G1 F526.4 X120.916 Y112.693 E23.84476
G1 F514.7 X121.236 Y112.993 E23.86285
G1 F495.7 X121.439 Y113.419 E23.88305
G1 F501.6 X121.486 Y113.618 E23.89171
G1 F502.6 X121.435 Y114.074 E23.91109
G1 F511.6 X121.289 Y114.417 E23.92656
G1 F523.2 X120.91 Y114.796 E23.94831
G1 F517.9 X120.64 Y114.925 E23.96057
G1 F514.7 X120.049 Y114.973 E23.98503
G1 F515.8 X119.581 Y114.795 E24.00564
G1 F521 X119.211 Y114.435 E24.02667
G1 F536.4 X119.005 Y113.914 E24.04884
M204 S1000
G1 F1500 E23.04884
;MESH:PCB_Spacers.stl(4)
G0 F9000 X118.244 Y114.593
G0 X119.015 Y115.928
G0 X119.195 Y118.392
G0 X120.112 Y118.474
M204 S2000
G1 F1500 E24.04884
G1 F502.6 X120.159 Y117.982 E24.06972
G1 F498.6 X120.351 Y117.577 E24.0888
G1 F509.6 X120.684 Y117.26 E24.10795
G1 F511.6 X120.988 Y117.122 E24.12181
G1 F509.6 X121.547 Y117.084 E24.14515
G1 F520 X122.013 Y117.261 E24.1655
G1 F528.6 X122.406 Y117.656 E24.18788
G1 F512.7 X122.487 Y117.815 E24.19527
G1 X122.602 Y118.265 E24.2145
G1 F521 X122.568 Y118.589 E24.22777
G1 X122.405 Y118.982 E24.24511
G1 F509.6 X122.154 Y119.258 E24.26065
G1 F493.8 X121.868 Y119.442 E24.27527
G1 F510.6 X121.492 Y119.55 E24.29153
G1 F525.3 X121.199 Y119.55 E24.30337
G1 F522.1 X120.678 Y119.363 E24.32588
G1 X120.306 Y118.99 E24.3473
G1 F517.9 X120.112 Y118.474 E24.3699
M204 S1000
G1 F1500 E23.3699
;MESH:PCB_Spacers.stl(5)
G0 F9000 X116.724 Y121.157
M204 S2000
G1 F1500 E24.3699
G1 F522.1 X116.911 Y120.636 E24.39241
G1 X117.284 Y120.264 E24.41383
G1 F517.9 X117.8 Y120.07 E24.43642
G1 F503.6 X118.292 Y120.117 E24.45726
G1 F498.6 X118.697 Y120.309 E24.47634
G1 F508.6 X119.014 Y120.642 E24.49553
G1 F517.9 X119.143 Y120.912 E24.5078
G1 F520 X119.196 Y121.482 E24.53117
G1 F524.2 X119.013 Y121.971 E24.55231
G1 F528.6 X118.618 Y122.364 E24.57469
G1 F540.9 X118.132 Y122.547 E24.59507
G1 F531.9 X117.677 Y122.526 E24.61325
G1 F511.6 X117.258 Y122.34 E24.63227
G1 F514.7 X116.93 Y122.008 E24.65152
G1 F504.6 X116.832 Y121.826 E24.66022
G1 F509.6 X116.724 Y121.45 E24.67651
G1 F525.3 X116.724 Y121.157 E24.68835
M204 S1000
G1 F1500 E23.68835
;MESH:PCB_Spacers.stl
G0 F9000 X112.451 Y119.98
M204 S2000
G1 F1500 E24.68835
G1 F531.9 X112.472 Y119.525 E24.70653
G1 F511.6 X112.658 Y119.106 E24.72556
G1 F514.7 X112.99 Y118.778 E24.7448
G1 F504.6 X113.172 Y118.68 E24.7535
G1 F509.6 X113.548 Y118.572 E24.7698
G1 F525.3 X113.841 Y118.572 E24.78164
G1 F526.4 X114.362 Y118.759 E24.80396
G1 F514.7 X114.682 Y119.059 E24.82205
G1 F495.7 X114.885 Y119.485 E24.84226
G1 F501.6 X114.932 Y119.684 E24.85091
G1 F502.6 X114.881 Y120.14 E24.87029
G1 F511.6 X114.735 Y120.483 E24.88576
G1 F523.2 X114.356 Y120.862 E24.90751
G1 F517.9 X114.086 Y120.991 E24.91978
G1 F514.7 X113.495 Y121.039 E24.94423
G1 F515.8 X113.027 Y120.861 E24.96484
G1 F521 X112.657 Y120.501 E24.98587
G1 F536.4 X112.451 Y119.98 E25.00805
M204 S1000
G1 F1500 E24.00805
;MESH:NONMESH
G0 F600 X112.451 Y119.98 Z2.8
G0 F9000 X112.678 Y113.833
;TIME_ELAPSED:92.263433
;LAYER:13
M204 S2000
;TYPE:WALL-OUTER
;MESH:PCB_Spacers.stl(1)
G1 F1500 E25.00805
G1 F525.3 X112.678 Y113.54 E25.01989
G1 F522.1 X112.865 Y113.019 E25.0424
G1 X113.238 Y112.647 E25.06382
G1 F517.9 X113.754 Y112.453 E25.08641
G1 F503.6 X114.246 Y112.5 E25.10725
G1 F498.6 X114.651 Y112.692 E25.12633
G1 F508.6 X114.968 Y113.025 E25.14552
G1 F517.9 X115.097 Y113.295 E25.15779
G1 F520 X115.15 Y113.865 E25.18116
G1 F524.2 X114.967 Y114.354 E25.2023
G1 F528.6 X114.572 Y114.747 E25.22468
G1 F540.9 X114.086 Y114.93 E25.24506
G1 F531.9 X113.631 Y114.909 E25.26324
G1 F511.6 X113.212 Y114.723 E25.28226
G1 F514.7 X112.884 Y114.391 E25.30151
G1 F504.6 X112.786 Y114.209 E25.31021
G1 F509.6 X112.678 Y113.833 E25.32651
M204 S1000
G1 F1500 E24.32651
;MESH:PCB_Spacers.stl(3)
G0 F9000 X115.821 Y116.656
M204 S2000
G1 F1500 E25.32651
G1 F515.8 X115.999 Y116.188 E25.34711
G1 F521 X116.359 Y115.818 E25.36815
G1 F536.4 X116.88 Y115.612 E25.39032
G1 F534.1 X117.327 Y115.633 E25.40811
G1 F512.7 X117.754 Y115.819 E25.42739
G1 F518.9 X118.105 Y116.186 E25.44817
G1 F527.5 X118.288 Y116.709 E25.47047
G1 X118.288 Y117.002 E25.48226
G1 F528.6 X118.101 Y117.523 E25.50449
G1 F526.4 X117.728 Y117.895 E25.52574
G1 F520 X117.212 Y118.089 E25.54824
G1 F504.6 X116.72 Y118.042 E25.56904
G1 F498.6 X116.315 Y117.85 E25.58812
G1 F509.6 X115.998 Y117.517 E25.60727
G1 F511.6 X115.86 Y117.213 E25.62112
G1 F508.6 X115.821 Y116.656 E25.64443
M204 S1000
G1 F1500 E24.64443
;MESH:PCB_Spacers.stl(2)
G0 F9000 X119.005 Y113.914
M204 S2000
G1 F1500 E25.64443
G1 F531.9 X119.026 Y113.459 E25.66261
G1 F511.6 X119.212 Y113.04 E25.68163
G1 F514.7 X119.544 Y112.712 E25.70088
G1 F504.6 X119.726 Y112.614 E25.70958
G1 F509.6 X120.102 Y112.506 E25.72587
G1 F525.3 X120.395 Y112.506 E25.73771
G1 F526.4 X120.916 Y112.693 E25.76004
G1 F514.7 X121.236 Y112.993 E25.77813
G1 F495.7 X121.439 Y113.419 E25.79833
G1 F501.6 X121.486 Y113.618 E25.80699
G1 F502.6 X121.435 Y114.074 E25.82637
G1 F511.6 X121.289 Y114.417 E25.84184
G1 F523.2 X120.91 Y114.796 E25.86359
G1 F517.9 X120.64 Y114.925 E25.87585
G1 F514.7 X120.049 Y114.973 E25.90031
G1 F515.8 X119.581 Y114.795 E25.92092
G1 F521 X119.211 Y114.435 E25.94195
G1 F536.4 X119.005 Y113.914 E25.96412
M204 S1000
G1 F1500 E24.96412
;MESH:PCB_Spacers.stl(4)
G0 F9000 X118.244 Y114.593
G0 X119.015 Y115.928
G0 X119.195 Y118.392
G0 X120.112 Y118.474
M204 S2000
G1 F1500 E25.96412
G1 F502.6 X120.159 Y117.982 E25.985
G1 F498.6 X120.351 Y117.577 E26.00408
G1 F509.6 X120.684 Y117.26 E26.02324
G1 F511.6 X120.988 Y117.122 E26.03709
G1 F509.6 X121.547 Y117.084 E26.06043
G1 F520 X122.013 Y117.261 E26.08078
G1 F528.6 X122.406 Y117.656 E26.10316
G1 F512.7 X122.487 Y117.815 E26.11055
G1 X122.602 Y118.265 E26.12978
G1 F521 X122.568 Y118.589 E26.14305
G1 X122.405 Y118.982 E26.16039
G1 F509.6 X122.154 Y119.258 E26.17593
G1 F493.8 X121.868 Y119.442 E26.19055
G1 F510.6 X121.492 Y119.55 E26.20681
G1 F525.3 X121.199 Y119.55 E26.21865
G1 F522.1 X120.678 Y119.363 E26.24116
G1 X120.306 Y118.99 E26.26258
G1 F517.9 X120.112 Y118.474 E26.28518
M204 S1000
G1 F1500 E25.28518
;MESH:PCB_Spacers.stl(5)
G0 F9000 X116.724 Y121.157
M204 S2000
G1 F1500 E26.28518
G1 F522.1 X116.911 Y120.636 E26.30769
G1 X117.284 Y120.264 E26.32911
G1 F517.9 X117.8 Y120.07 E26.3517
G1 F503.6 X118.292 Y120.117 E26.37254
G1 F498.6 X118.697 Y120.309 E26.39162
G1 F508.6 X119.014 Y120.642 E26.41081
G1 F517.9 X119.143 Y120.912 E26.42308
G1 F520 X119.196 Y121.482 E26.44645
G1 F524.2 X119.013 Y121.971 E26.46759
G1 F528.6 X118.618 Y122.364 E26.48997
G1 F540.9 X118.132 Y122.547 E26.51035
G1 F531.9 X117.677 Y122.526 E26.52853
G1 F511.6 X117.258 Y122.34 E26.54755
G1 F514.7 X116.93 Y122.008 E26.5668
G1 F504.6 X116.832 Y121.826 E26.5755
G1 F509.6 X116.724 Y121.45 E26.5918
G1 F525.3 X116.724 Y121.157 E26.60364
M204 S1000
G1 F1500 E25.60364
;MESH:PCB_Spacers.stl
G0 F9000 X112.451 Y119.98
M204 S2000
G1 F1500 E26.60364
G1 F531.9 X112.472 Y119.525 E26.62182
G1 F511.6 X112.658 Y119.106 E26.64084
G1 F514.7 X112.99 Y118.778 E26.66008
G1 F504.6 X113.172 Y118.68 E26.66878
G1 F509.6 X113.548 Y118.572 E26.68508
G1 F525.3 X113.841 Y118.572 E26.69692
G1 F526.4 X114.362 Y118.759 E26.71924
G1 F514.7 X114.682 Y119.059 E26.73733
G1 F495.7 X114.885 Y119.485 E26.75754
G1 F501.6 X114.932 Y119.684 E26.76619
G1 F502.6 X114.881 Y120.14 E26.78558
G1 F511.6 X114.735 Y120.483 E26.80104
G1 F523.2 X114.356 Y120.862 E26.82279
G1 F517.9 X114.086 Y120.991 E26.83506
G1 F514.7 X113.495 Y121.039 E26.85951
G1 F515.8 X113.027 Y120.861 E26.88012
G1 F521 X112.657 Y120.501 E26.90116
G1 F536.4 X112.451 Y119.98 E26.92333
M204 S1000
G1 F1500 E25.92333
;MESH:NONMESH
G0 F600 X112.451 Y119.98 Z3
G0 F9000 X112.678 Y113.833
;TIME_ELAPSED:99.275118
;LAYER:14
M204 S2000
;TYPE:WALL-OUTER
;MESH:PCB_Spacers.stl(1)
G1 F1500 E26.92333
G1 F525 X112.678 Y113.54 E26.93517
G1 F521.8 X112.865 Y113.019 E26.95768
G1 X113.238 Y112.647 E26.9791
G1 F506.2 X113.58 Y112.5 E26.9947
G1 F501.3 X114.026 Y112.449 E27.0137
G1 X114.235 Y112.496 E27.02276
G1 F496.4 X114.651 Y112.692 E27.04242
G1 F508.3 X114.968 Y113.025 E27.06161
G1 F517.5 X115.097 Y113.295 E27.07388
G1 F519.7 X115.15 Y113.865 E27.09725
G1 F523.9 X114.967 Y114.354 E27.11839
G1 F528.3 X114.572 Y114.747 E27.14077
G1 F540.6 X114.086 Y114.93 E27.16115
G1 F531.6 X113.631 Y114.909 E27.17933
G1 F511.3 X113.212 Y114.723 E27.19835
G1 F514.4 X112.884 Y114.391 E27.2176
G1 F504.2 X112.786 Y114.209 E27.22629
G1 F509.3 X112.678 Y113.833 E27.24259
M204 S1000
G1 F1500 E26.24259
;MESH:PCB_Spacers.stl(3)
G0 F9000 X115.821 Y116.656
M204 S2000
G1 F1500 E27.24259
G1 F515.5 X115.999 Y116.188 E27.2632
G1 F520.7 X116.359 Y115.818 E27.28423
G1 F536 X116.88 Y115.612 E27.30641
G1 F533.8 X117.327 Y115.633 E27.32419
G1 F512.3 X117.754 Y115.819 E27.34348
G1 F518.6 X118.105 Y116.186 E27.36426
G1 F527.2 X118.288 Y116.709 E27.38656
G1 X118.288 Y117.002 E27.39835
G1 F528.3 X118.101 Y117.523 E27.42058
G1 F526.1 X117.728 Y117.895 E27.44182
G1 F507.3 X117.386 Y118.042 E27.45739
G1 F502.3 X116.94 Y118.093 E27.47635
G1 F501.3 X116.731 Y118.046 E27.48542
G1 F497.4 X116.315 Y117.85 E27.50504
G1 F509.3 X115.998 Y117.517 E27.52419
G1 F511.3 X115.86 Y117.213 E27.53804
G1 F508.3 X115.821 Y116.656 E27.56135
M204 S1000
G1 F1500 E26.56135
;MESH:PCB_Spacers.stl(2)
G0 F9000 X119.005 Y113.914
M204 S2000
G1 F1500 E27.56135
G1 F531.6 X119.026 Y113.459 E27.57953
G1 F511.3 X119.212 Y113.04 E27.59855
G1 F514.4 X119.544 Y112.712 E27.6178
G1 F504.2 X119.726 Y112.614 E27.62649
G1 F509.3 X120.102 Y112.506 E27.64279
G1 F525 X120.395 Y112.506 E27.65463
G1 F526.1 X120.916 Y112.693 E27.67695
G1 F514.4 X121.235 Y112.992 E27.69499
G1 F495.4 X121.435 Y113.408 E27.71475
G1 F501.3 X121.486 Y113.854 E27.73375
G1 F521.8 X121.289 Y114.417 E27.758
G1 F522.8 X120.91 Y114.796 E27.77975
G1 F517.5 X120.64 Y114.925 E27.79202
G1 F514.4 X120.049 Y114.973 E27.81647
G1 F515.5 X119.581 Y114.795 E27.83708
G1 F520.7 X119.211 Y114.435 E27.85812
G1 F536 X119.005 Y113.914 E27.88029
M204 S1000
G1 F1500 E26.88029
;MESH:PCB_Spacers.stl(4)
G0 F9000 X118.244 Y114.593
G0 X119.015 Y115.928
G0 X119.268 Y117.702
G0 X120.108 Y118.202
M204 S2000
G1 F1500 E27.88029
G1 F502.3 X120.155 Y117.993 E27.88934
G1 F498.3 X120.351 Y117.577 E27.90892
G1 F509.3 X120.684 Y117.26 E27.92807
G1 F511.3 X120.988 Y117.122 E27.94192
G1 F509.3 X121.547 Y117.084 E27.96526
G1 F519.7 X122.013 Y117.261 E27.98561
G1 F528.3 X122.406 Y117.656 E28.00799
G1 F512.3 X122.487 Y117.815 E28.01538
G1 X122.602 Y118.265 E28.03461
G1 F520.7 X122.568 Y118.589 E28.04789
G1 X122.405 Y118.982 E28.06522
G1 F509.3 X122.154 Y119.258 E28.08076
G1 F493.5 X121.868 Y119.442 E28.09538
G1 F510.3 X121.492 Y119.55 E28.11165
G1 F525 X121.199 Y119.55 E28.12349
G1 F521.8 X120.678 Y119.363 E28.146
G1 X120.306 Y118.99 E28.16742
G1 F506.2 X120.159 Y118.648 E28.18302
G1 F501.3 X120.108 Y118.202 E28.20202
M204 S1000
G1 F1500 E27.20202
;MESH:PCB_Spacers.stl(5)
G0 F9000 X116.724 Y121.157
M204 S2000
G1 F1500 E28.20202
G1 F521.8 X116.911 Y120.636 E28.22452
G1 X117.284 Y120.264 E28.24594
G1 F506.2 X117.626 Y120.117 E28.26154
G1 F501.3 X118.072 Y120.066 E28.28054
G1 X118.281 Y120.113 E28.28961
G1 F496.4 X118.697 Y120.309 E28.30926
G1 F508.3 X119.014 Y120.642 E28.32845
G1 F517.5 X119.143 Y120.912 E28.34072
G1 F519.7 X119.196 Y121.482 E28.36409
G1 F523.9 X119.013 Y121.971 E28.38523
G1 F528.3 X118.618 Y122.364 E28.40761
G1 F540.6 X118.132 Y122.547 E28.42799
G1 F531.6 X117.677 Y122.526 E28.44617
G1 F511.3 X117.258 Y122.34 E28.46519
G1 F514.4 X116.93 Y122.008 E28.48444
G1 F504.2 X116.832 Y121.826 E28.49314
G1 F509.3 X116.724 Y121.45 E28.50944
G1 F525 X116.724 Y121.157 E28.52128
M204 S1000
G1 F1500 E27.52128
;MESH:PCB_Spacers.stl
G0 F9000 X112.451 Y119.98
M204 S2000
G1 F1500 E28.52128
G1 F531.6 X112.472 Y119.525 E28.53946
G1 F511.3 X112.658 Y119.106 E28.55848
G1 F514.4 X112.99 Y118.778 E28.57773
G1 F504.2 X113.172 Y118.68 E28.58642
G1 F509.3 X113.548 Y118.572 E28.60272
G1 F525 X113.841 Y118.572 E28.61456
G1 F526.1 X114.362 Y118.759 E28.63688
G1 F514.4 X114.681 Y119.058 E28.65492
G1 F495.4 X114.881 Y119.474 E28.67468
G1 F501.3 X114.932 Y119.927 E28.69397
G1 F521.8 X114.735 Y120.483 E28.71796
G1 F522.8 X114.356 Y120.862 E28.73971
G1 F517.5 X114.086 Y120.991 E28.75197
G1 F514.4 X113.495 Y121.039 E28.77643
G1 F515.5 X113.027 Y120.861 E28.79704
G1 F520.7 X112.657 Y120.501 E28.81807
G1 F536 X112.451 Y119.98 E28.84025
M204 S1000
G1 F1500 E27.84025
;MESH:NONMESH
G0 F600 X112.451 Y119.98 Z3.2
G0 F9000 X112.67 Y113.773
;TIME_ELAPSED:106.277285
;LAYER:15
M204 S2000
;TYPE:WALL-OUTER
;MESH:PCB_Spacers.stl(1)
G1 F1500 E28.84025
G1 F517.9 X112.86 Y114.355 E28.86534
G1 F516.9 X113.215 Y114.726 E28.88643
G1 F507.6 X113.523 Y114.873 E28.90071
G1 F506.6 X113.729 Y114.924 E28.9096
G1 F512.7 X114.165 Y114.92 E28.92766
G1 F528.7 X114.577 Y114.738 E28.94575
G1 F514.8 X114.778 Y114.574 E28.95645
G1 F500.7 X114.991 Y114.318 E28.97057
G1 F511.7 X115.157 Y113.79 E28.99353
G1 F514.8 X115.102 Y113.307 E29.01358
G1 F522.2 X114.958 Y113.017 E29.02675
G1 F528.7 X114.552 Y112.629 E29.0493
G1 F524.3 X114.073 Y112.452 E29.06998
G1 F504.6 X113.583 Y112.499 E29.09069
G1 F497.7 X113.178 Y112.69 E29.10979
G1 F509.7 X112.862 Y113.018 E29.12877
G1 F503.6 X112.733 Y113.325 E29.1428
G1 F502.6 X112.67 Y113.773 E29.16191
M204 S1000
G1 F1500 E28.16191
;MESH:PCB_Spacers.stl(3)
G0 F9000 X115.808 Y116.739
M204 S2000
G1 F1500 E29.16191
G1 F510.7 X115.986 Y116.201 E29.18547
G1 F523.2 X116.389 Y115.804 E29.20843
G1 F525.4 X116.801 Y115.622 E29.22663
G1 F513.8 X117.237 Y115.618 E29.24465
G1 F506.6 X117.443 Y115.669 E29.25354
G1 F507.6 X117.751 Y115.816 E29.26782
G1 F502.6 X118 Y116.052 E29.28231
G1 F493.9 X118.175 Y116.324 E29.29621
G1 F504.6 X118.296 Y116.769 E29.31561
G1 F503.6 X118.233 Y117.217 E29.33469
G1 F504.6 X118.104 Y117.524 E29.3487
G1 F520 X117.728 Y117.895 E29.37026
G1 F507.6 X117.383 Y118.043 E29.38596
G1 F501.6 X116.893 Y118.09 E29.4068
G1 F520 X116.414 Y117.913 E29.42765
G1 F526.5 X116.008 Y117.525 E29.45029
G1 F516.9 X115.862 Y117.222 E29.46411
G1 F509.7 X115.808 Y116.739 E29.48436
M204 S1000
G1 F1500 E28.48436
;MESH:PCB_Spacers.stl(2)
G0 F9000 X119.015 Y113.993
M204 S2000
G1 F1500 E29.48436
G1 F511.7 X119.011 Y113.557 E29.50245
G1 F505.6 X119.062 Y113.351 E29.51136
G1 F506.6 X119.209 Y113.043 E29.52566
G1 F502.6 X119.445 Y112.794 E29.54015
G1 F494.8 X119.717 Y112.619 E29.55403
G1 F504.6 X120.162 Y112.498 E29.57343
G1 F502.6 X120.61 Y112.561 E29.59254
G1 F503.6 X120.917 Y112.69 E29.60658
G1 F509.7 X121.245 Y113.006 E29.62555
G1 F496.8 X121.436 Y113.411 E29.64469
G1 F504.6 X121.483 Y113.901 E29.6654
G1 F525.4 X121.287 Y114.416 E29.68767
G1 F529.7 X120.918 Y114.786 E29.70861
G1 F522.2 X120.628 Y114.93 E29.72178
G1 F512.7 X120.132 Y114.986 E29.74245
G1 F510.7 X119.594 Y114.808 E29.76601
G1 F523.2 X119.197 Y114.405 E29.78896
G1 F524.3 X119.015 Y113.993 E29.8072
M204 S1000
G1 F1500 E28.8072
;MESH:PCB_Spacers.stl(4)
G0 F9000 X118.264 Y114.628
G0 X119.033 Y115.96
G0 X119.271 Y117.695
G0 X120.111 Y118.155
M204 S2000
G1 F1500 E29.8072
G1 F520 X120.288 Y117.676 E29.82805
G1 F526.5 X120.676 Y117.27 E29.8507
G1 F516.9 X120.979 Y117.124 E29.86451
G1 F509.7 X121.462 Y117.07 E29.88476
G1 X121.977 Y117.237 E29.90731
G1 F499.7 X122.233 Y117.45 E29.92146
G1 F513.8 X122.397 Y117.651 E29.93218
G1 F528.7 X122.579 Y118.063 E29.95027
G1 F512.7 X122.583 Y118.499 E29.96833
G1 F515.8 X122.4 Y118.994 E29.99005
G1 F507.6 X122.149 Y119.262 E30.00541
G1 F494.8 X121.877 Y119.437 E30.01928
G1 F504.6 X121.432 Y119.558 E30.03869
G1 F502.6 X120.984 Y119.495 E30.0578
G1 F503.6 X120.677 Y119.366 E30.07184
G1 F519 X120.306 Y118.99 E30.09344
G1 F506.6 X120.158 Y118.645 E30.10918
G1 F500.7 X120.111 Y118.155 E30.13005
M204 S1000
G1 F1500 E29.13005
;MESH:PCB_Spacers.stl(5)
G0 F9000 X116.716 Y121.39
M204 S2000
G1 F1500 E30.13005
G1 F502.6 X116.779 Y120.942 E30.14916
G1 F503.6 X116.908 Y120.635 E30.1632
G1 F519 X117.284 Y120.264 E30.18481
G1 F506.6 X117.629 Y120.116 E30.20054
G1 F504.6 X118.119 Y120.069 E30.22125
G1 F524.3 X118.598 Y120.246 E30.24193
G1 F528.7 X119.004 Y120.634 E30.26449
G1 F522.2 X119.148 Y120.924 E30.27765
G1 F514.8 X119.203 Y121.407 E30.2977
G1 F511.7 X119.037 Y121.935 E30.32066
G1 F500.7 X118.824 Y122.191 E30.33479
G1 F514.8 X118.623 Y122.355 E30.34549
G1 F528.7 X118.211 Y122.537 E30.36358
G1 F512.7 X117.775 Y122.541 E30.38163
G1 F506.6 X117.569 Y122.49 E30.39052
G1 F507.6 X117.261 Y122.343 E30.4048
G1 F502.6 X117.012 Y122.107 E30.41929
G1 F494.8 X116.837 Y121.835 E30.43317
G1 F503.6 X116.716 Y121.39 E30.45261
M204 S1000
G1 F1500 E29.45261
;MESH:PCB_Spacers.stl
G0 F9000 X112.457 Y119.623
M204 S2000
G1 F1500 E30.45261
G1 F505.6 X112.508 Y119.417 E30.46152
G1 F506.6 X112.655 Y119.109 E30.47582
G1 F502.6 X112.891 Y118.86 E30.49031
G1 F494.8 X113.163 Y118.685 E30.50419
G1 F504.6 X113.608 Y118.564 E30.52359
G1 F502.6 X114.056 Y118.627 E30.5427
G1 F503.6 X114.363 Y118.756 E30.55674
G1 F509.7 X114.691 Y119.072 E30.57571
G1 F496.8 X114.882 Y119.477 E30.59485
G1 F504.6 X114.929 Y119.967 E30.61556
G1 F525.4 X114.733 Y120.482 E30.63783
G1 F529.7 X114.364 Y120.852 E30.65877
G1 F522.2 X114.074 Y120.996 E30.67194
G1 F512.7 X113.578 Y121.052 E30.69261
G1 F510.7 X113.04 Y120.874 E30.71617
G1 F523.2 X112.643 Y120.471 E30.73912
G1 F524.3 X112.461 Y120.059 E30.75736
G1 F511.7 X112.457 Y119.623 E30.77545
M204 S1000
G1 F1500 E29.77545
;MESH:NONMESH
G0 F600 X112.457 Y119.623 Z3.4
G0 F9000 X111.637 Y119.108
G0 X111.743 Y113.834
G0 X112.678 Y113.538
;TIME_ELAPSED:113.417564
;LAYER:16
M204 S2000
;TYPE:WALL-OUTER
;MESH:PCB_Spacers.stl(1)
G1 F1500 E30.77545
G1 F507.6 X112.733 Y113.323 E30.78474
G1 F496.7 X112.931 Y112.933 E30.80343
G1 F505.6 X113.28 Y112.616 E30.82323
G1 F511.7 X113.755 Y112.453 E30.84406
G1 F507.6 X114.143 Y112.47 E30.86031
G1 F514.8 X114.583 Y112.642 E30.87979
G1 F517.9 X114.963 Y113.015 E30.90162
G1 F515.8 X115.098 Y113.296 E30.91445
G1 F527.5 X115.149 Y113.835 E30.93624
G1 F513.7 X115.04 Y114.207 E30.95226
G1 F493.8 X114.846 Y114.504 E30.96751
G1 F503.6 X114.579 Y114.746 E30.9827
G1 F516.8 X114.167 Y114.919 E31.00105
G1 F520 X113.652 Y114.908 E31.02208
G1 F523.2 X113.261 Y114.752 E31.03917
G1 F526.4 X112.881 Y114.379 E31.06064
G1 F509.6 X112.749 Y114.105 E31.07331
G1 F511.7 X112.683 Y113.845 E31.08444
G1 F528.6 X112.678 Y113.538 E31.09677
M204 S1000
G1 F1500 E30.09677
;MESH:PCB_Spacers.stl(3)
G0 F9000 X115.817 Y116.707
M204 S2000
G1 F1500 E31.09677
G1 F509.6 X115.926 Y116.335 E31.11292
G1 F493.8 X116.12 Y116.038 E31.12817
G1 F504.6 X116.387 Y115.796 E31.14333
G1 F516.8 X116.799 Y115.623 E31.16169
G1 F520 X117.314 Y115.634 E31.18272
G1 F516.8 X117.65 Y115.758 E31.19743
G1 F502.6 X117.993 Y116.046 E31.21635
G1 F492.9 X118.217 Y116.437 E31.23576
G1 F514.8 X118.283 Y116.697 E31.24682
G1 F535.3 X118.288 Y117.004 E31.259
G1 F531.9 X118.095 Y117.529 E31.28132
G1 F528.6 X117.716 Y117.908 E31.30285
G1 F520 X117.211 Y118.089 E31.32475
G1 F509.6 X116.823 Y118.072 E31.34093
G1 F511.7 X116.383 Y117.9 E31.36053
G1 F516.8 X116.003 Y117.527 E31.3824
G1 F510.6 X115.86 Y117.213 E31.39675
G1 F516.8 X115.817 Y116.707 E31.41761
M204 S1000
G1 F1500 E30.41761
;MESH:PCB_Spacers.stl(2)
G0 F9000 X119.016 Y113.995
M204 S2000
G1 F1500 E31.41761
G1 F517.9 X119.027 Y113.48 E31.43872
G1 F523.2 X119.183 Y113.089 E31.45581
G1 F526.4 X119.556 Y112.709 E31.47728
G1 F509.6 X119.83 Y112.577 E31.48995
G1 F511.7 X120.09 Y112.511 E31.50108
G1 F528.6 X120.397 Y112.506 E31.51341
G1 F506.6 X120.612 Y112.561 E31.52271
G1 F495.8 X121.002 Y112.759 E31.54144
G1 F511.7 X121.301 Y113.078 E31.55958
G1 F518.9 X121.486 Y113.618 E31.58293
G1 F520 X121.479 Y113.906 E31.59469
G1 F510.6 X121.355 Y114.293 E31.61159
G1 F493.8 X121.163 Y114.569 E31.62604
G1 F500.6 X120.92 Y114.791 E31.64
G1 F516.8 X120.639 Y114.926 E31.65281
G1 F524.3 X120.1 Y114.977 E31.67473
G1 F509.6 X119.728 Y114.868 E31.69088
G1 F493.8 X119.431 Y114.674 E31.70613
G1 F504.6 X119.189 Y114.407 E31.72129
G1 F514.8 X119.016 Y113.995 E31.73972
M204 S1000
G1 F1500 E30.73972
;MESH:PCB_Spacers.stl(4)
G0 F9000 X118.178 Y114.356
G0 X118.709 Y115.44
G0 X119.203 Y116.74
G0 X119.217 Y117.92
G0 X120.112 Y118.473
M204 S2000
G1 F1500 E31.73972
G1 F508.6 X120.129 Y118.085 E31.75593
G1 F512.7 X120.301 Y117.645 E31.77549
G1 F516.8 X120.674 Y117.265 E31.79737
G1 F510.6 X120.988 Y117.122 E31.81171
G1 F516.8 X121.494 Y117.079 E31.83257
G1 F528.6 X122.014 Y117.263 E31.85472
G1 F521.1 X122.388 Y117.623 E31.87587
G1 F513.7 X122.578 Y118.061 E31.8956
G1 F511.7 X122.582 Y118.497 E31.91369
G1 F507.6 X122.443 Y118.912 E31.932
G1 F502.6 X122.155 Y119.255 E31.95092
G1 F493.8 X121.764 Y119.479 E31.97029
G1 F511.7 X121.504 Y119.545 E31.98142
G1 F528.6 X121.197 Y119.55 E31.99375
G1 F507.6 X120.982 Y119.495 E32.00303
G1 F496.7 X120.592 Y119.297 E32.02173
G1 F505.6 X120.275 Y118.948 E32.04152
G1 F511.7 X120.112 Y118.473 E32.06236
M204 S1000
G1 F1500 E31.06236
;MESH:PCB_Spacers.stl(5)
G0 F9000 X116.724 Y121.155
M204 S2000
G1 F1500 E32.06236
G1 F507.6 X116.779 Y120.94 E32.07164
G1 F496.7 X116.977 Y120.55 E32.09034
G1 F505.6 X117.326 Y120.233 E32.11013
G1 F511.7 X117.801 Y120.07 E32.13097
G1 F507.6 X118.189 Y120.087 E32.14721
G1 F514.8 X118.629 Y120.259 E32.1667
G1 F517.9 X119.009 Y120.632 E32.18853
G1 F515.8 X119.144 Y120.913 E32.20136
G1 F527.5 X119.195 Y121.452 E32.22315
G1 F513.7 X119.086 Y121.824 E32.23917
G1 F493.8 X118.892 Y122.121 E32.25442
G1 F503.6 X118.625 Y122.363 E32.26961
G1 F516.8 X118.213 Y122.536 E32.28796
G1 F520 X117.698 Y122.525 E32.30899
G1 F523.2 X117.307 Y122.369 E32.32607
G1 F526.4 X116.927 Y121.996 E32.34755
G1 F509.6 X116.795 Y121.722 E32.36022
G1 F511.7 X116.729 Y121.462 E32.37135
G1 F528.6 X116.724 Y121.155 E32.38368
M204 S1000
G1 F1500 E31.38368
;MESH:PCB_Spacers.stl
G0 F9000 X112.462 Y120.061
M204 S2000
G1 F1500 E32.38368
G1 F517.9 X112.473 Y119.546 E32.4048
G1 F523.2 X112.629 Y119.155 E32.42188
G1 F526.4 X113.002 Y118.775 E32.44335
G1 F509.6 X113.276 Y118.643 E32.45602
G1 F511.7 X113.536 Y118.577 E32.46715
G1 F528.6 X113.843 Y118.572 E32.47948
G1 F506.6 X114.058 Y118.627 E32.48878
G1 F495.8 X114.448 Y118.825 E32.50751
G1 F511.7 X114.747 Y119.144 E32.52565
G1 F518.9 X114.932 Y119.684 E32.54901
G1 F520 X114.925 Y119.972 E32.56077
G1 F510.6 X114.801 Y120.359 E32.57766
G1 F493.8 X114.609 Y120.635 E32.59212
G1 F500.6 X114.366 Y120.857 E32.60607
G1 F516.8 X114.085 Y120.992 E32.61888
G1 F524.3 X113.546 Y121.043 E32.6408
G1 F509.6 X113.174 Y120.934 E32.65695
G1 F493.8 X112.877 Y120.74 E32.6722
G1 F504.6 X112.635 Y120.473 E32.68736
G1 F514.8 X112.462 Y120.061 E32.70579
M204 S1000
G1 F1500 E31.70579
;MESH:NONMESH
G0 F600 X112.462 Y120.061 Z3.6
G0 F9000 X112.678 Y113.833
;TIME_ELAPSED:120.461931
;LAYER:17
M204 S2000
;TYPE:WALL-OUTER
;MESH:PCB_Spacers.stl(1)
G1 F1500 E32.70579
G1 F525.4 X112.678 Y113.54 E32.71763
G1 F522.2 X112.865 Y113.019 E32.74014
G1 X113.238 Y112.647 E32.76156
G1 F517.9 X113.754 Y112.453 E32.78416
G1 F503.6 X114.246 Y112.5 E32.80499
G1 F498.7 X114.651 Y112.692 E32.82407
G1 F508.6 X114.968 Y113.025 E32.84327
G1 F517.9 X115.097 Y113.295 E32.85553
G1 F520 X115.15 Y113.865 E32.8789
G1 F524.3 X114.967 Y114.354 E32.90005
G1 F528.6 X114.572 Y114.747 E32.92242
G1 F541 X114.086 Y114.93 E32.94281
G1 F532 X113.631 Y114.909 E32.96099
G1 F511.7 X113.212 Y114.723 E32.98001
G1 F514.8 X112.884 Y114.391 E32.99925
G1 F504.6 X112.786 Y114.209 E33.00795
G1 F509.7 X112.678 Y113.833 E33.02425
M204 S1000
G1 F1500 E32.02425
;MESH:PCB_Spacers.stl(3)
G0 F9000 X115.821 Y116.656
M204 S2000
G1 F1500 E33.02425
G1 F515.8 X115.999 Y116.188 E33.04486
G1 F521.1 X116.359 Y115.818 E33.06589
G1 F536.4 X116.88 Y115.612 E33.08806
G1 F534.2 X117.327 Y115.633 E33.10585
G1 F512.7 X117.754 Y115.819 E33.12514
G1 F519 X118.105 Y116.186 E33.14591
G1 F527.6 X118.288 Y116.709 E33.16821
G1 X118.288 Y117.002 E33.18
G1 F528.6 X118.101 Y117.523 E33.20223
G1 F526.5 X117.728 Y117.895 E33.22348
G1 F520 X117.212 Y118.089 E33.24599
G1 F504.6 X116.72 Y118.042 E33.26678
G1 F498.7 X116.315 Y117.85 E33.28586
G1 F509.7 X115.998 Y117.517 E33.30501
G1 F511.7 X115.86 Y117.213 E33.31887
G1 F508.6 X115.821 Y116.656 E33.34217
M204 S1000
G1 F1500 E32.34217
;MESH:PCB_Spacers.stl(2)
G0 F9000 X119.005 Y113.914
M204 S2000
G1 F1500 E33.34217
G1 F532 X119.026 Y113.459 E33.36035
G1 F511.7 X119.212 Y113.04 E33.37937
G1 F514.8 X119.544 Y112.712 E33.39862
G1 F504.6 X119.726 Y112.614 E33.40732
G1 F509.7 X120.102 Y112.506 E33.42362
G1 F525.4 X120.395 Y112.506 E33.43546
G1 F526.5 X120.916 Y112.693 E33.45778
G1 F514.8 X121.236 Y112.993 E33.47587
G1 F495.8 X121.439 Y113.419 E33.49608
G1 F501.6 X121.486 Y113.618 E33.50473
G1 F502.6 X121.435 Y114.074 E33.52411
G1 F511.7 X121.289 Y114.417 E33.53958
G1 F523.2 X120.91 Y114.796 E33.56133
G1 F517.9 X120.64 Y114.925 E33.5736
G1 F514.8 X120.049 Y114.973 E33.59805
G1 F515.8 X119.581 Y114.795 E33.61866
G1 F521.1 X119.211 Y114.435 E33.63969
G1 F536.4 X119.005 Y113.914 E33.66187
M204 S1000
G1 F1500 E32.66187
;MESH:PCB_Spacers.stl(4)
G0 F9000 X118.244 Y114.593
G0 X119.015 Y115.928
G0 X119.195 Y118.392
G0 X120.112 Y118.474
M204 S2000
G1 F1500 E33.66187
G1 F502.6 X120.159 Y117.982 E33.68274
G1 F498.7 X120.351 Y117.577 E33.70183
G1 F509.7 X120.684 Y117.26 E33.72098
G1 F511.7 X120.988 Y117.122 E33.73483
G1 F509.7 X121.547 Y117.084 E33.75817
G1 F520 X122.013 Y117.261 E33.77852
G1 F528.6 X122.406 Y117.656 E33.8009
G1 F512.7 X122.487 Y117.815 E33.80829
G1 X122.602 Y118.265 E33.82752
G1 F521.1 X122.568 Y118.589 E33.8408
G1 X122.405 Y118.982 E33.85813
G1 F509.7 X122.154 Y119.258 E33.87367
G1 F493.9 X121.868 Y119.442 E33.88829
G1 F510.7 X121.492 Y119.55 E33.90456
G1 F525.4 X121.199 Y119.55 E33.9164
G1 F522.2 X120.678 Y119.363 E33.9389
G1 X120.306 Y118.99 E33.96032
G1 F517.9 X120.112 Y118.474 E33.98292
M204 S1000
G1 F1500 E32.98292
;MESH:PCB_Spacers.stl(5)
G0 F9000 X116.724 Y121.157
M204 S2000
G1 F1500 E33.98292
G1 F522.2 X116.911 Y120.636 E34.00543
G1 X117.284 Y120.264 E34.02685
G1 F517.9 X117.8 Y120.07 E34.04945
G1 F503.6 X118.292 Y120.117 E34.07028
G1 F498.7 X118.697 Y120.309 E34.08936
G1 F508.6 X119.014 Y120.642 E34.10856
G1 F517.9 X119.143 Y120.912 E34.12082
G1 F520 X119.196 Y121.482 E34.14419
G1 F524.3 X119.013 Y121.971 E34.16534
G1 F528.6 X118.618 Y122.364 E34.18772
G1 F541 X118.132 Y122.547 E34.2081
G1 F532 X117.677 Y122.526 E34.22628
G1 F511.7 X117.258 Y122.34 E34.2453
G1 F514.8 X116.93 Y122.008 E34.26454
G1 F504.6 X116.832 Y121.826 E34.27324
G1 F509.7 X116.724 Y121.45 E34.28954
G1 F525.4 X116.724 Y121.157 E34.30138
M204 S1000
G1 F1500 E33.30138
;MESH:PCB_Spacers.stl
G0 F9000 X112.451 Y119.98
M204 S2000
G1 F1500 E34.30138
G1 F532 X112.472 Y119.525 E34.31956
G1 F511.7 X112.658 Y119.106 E34.33858
G1 F514.8 X112.99 Y118.778 E34.35783
G1 F504.6 X113.172 Y118.68 E34.36652
G1 F509.7 X113.548 Y118.572 E34.38282
G1 F525.4 X113.841 Y118.572 E34.39466
G1 F526.5 X114.362 Y118.759 E34.41699
G1 F514.8 X114.682 Y119.059 E34.43508
G1 F495.8 X114.885 Y119.485 E34.45528
G1 F501.6 X114.932 Y119.684 E34.46394
G1 F502.6 X114.881 Y120.14 E34.48332
G1 F511.7 X114.735 Y120.483 E34.49879
G1 F523.2 X114.356 Y120.862 E34.52054
G1 F517.9 X114.086 Y120.991 E34.5328
G1 F514.8 X113.495 Y121.039 E34.55726
G1 F515.8 X113.027 Y120.861 E34.57787
G1 F521.1 X112.657 Y120.501 E34.5989
G1 F536.4 X112.451 Y119.98 E34.62107
M204 S1000
G1 F1500 E33.62107
;MESH:NONMESH
G0 F600 X112.451 Y119.98 Z3.8
G0 F9000 X112.678 Y113.833
;TIME_ELAPSED:127.472987
;LAYER:18
M204 S2000
;TYPE:WALL-OUTER
;MESH:PCB_Spacers.stl(1)
G1 F1500 E34.62107
G1 F525.3 X112.678 Y113.54 E34.63291
G1 F522.1 X112.865 Y113.019 E34.65542
G1 X113.238 Y112.647 E34.67684
G1 F517.9 X113.754 Y112.453 E34.69944
G1 F503.6 X114.246 Y112.5 E34.72027
G1 F498.6 X114.651 Y112.692 E34.73936
G1 F508.6 X114.968 Y113.025 E34.75855
G1 F517.9 X115.097 Y113.295 E34.77081
G1 F520 X115.15 Y113.865 E34.79419
G1 F524.2 X114.967 Y114.354 E34.81533
G1 F528.6 X114.572 Y114.747 E34.83771
G1 F540.9 X114.086 Y114.93 E34.85809
G1 F531.9 X113.631 Y114.909 E34.87627
G1 F511.6 X113.212 Y114.723 E34.89529
G1 F514.7 X112.884 Y114.391 E34.91454
G1 F504.6 X112.786 Y114.209 E34.92323
G1 F509.6 X112.678 Y113.833 E34.93953
M204 S1000
G1 F1500 E33.93953
;MESH:PCB_Spacers.stl(3)
G0 F9000 X115.821 Y116.656
M204 S2000
G1 F1500 E34.93953
G1 F515.8 X115.999 Y116.188 E34.96014
G1 F521 X116.359 Y115.818 E34.98117
G1 F536.4 X116.88 Y115.612 E35.00335
G1 F534.1 X117.327 Y115.633 E35.02113
G1 F512.7 X117.754 Y115.819 E35.04042
G1 F518.9 X118.105 Y116.186 E35.06119
G1 F527.5 X118.288 Y116.709 E35.08349
G1 X118.288 Y117.002 E35.09528
G1 F528.6 X118.101 Y117.523 E35.11752
G1 F526.4 X117.728 Y117.895 E35.13876
G1 F520 X117.212 Y118.089 E35.16127
G1 F504.6 X116.72 Y118.042 E35.18206
G1 F498.6 X116.315 Y117.85 E35.20114
G1 F509.6 X115.998 Y117.517 E35.2203
G1 F511.6 X115.86 Y117.213 E35.23415
G1 F508.6 X115.821 Y116.656 E35.25746
M204 S1000
G1 F1500 E34.25746
;MESH:PCB_Spacers.stl(2)
G0 F9000 X119.005 Y113.914
M204 S2000
G1 F1500 E35.25746
G1 F531.9 X119.026 Y113.459 E35.27563
G1 F511.6 X119.212 Y113.04 E35.29466
G1 F514.7 X119.544 Y112.712 E35.3139
G1 F504.6 X119.726 Y112.614 E35.3226
G1 F509.6 X120.102 Y112.506 E35.3389
G1 F525.3 X120.395 Y112.506 E35.35074
G1 F526.4 X120.916 Y112.693 E35.37306
G1 F514.7 X121.236 Y112.993 E35.39115
G1 F495.7 X121.439 Y113.419 E35.41136
G1 F501.6 X121.486 Y113.618 E35.42001
G1 F502.6 X121.435 Y114.074 E35.43939
G1 F511.6 X121.289 Y114.417 E35.45486
G1 F523.2 X120.91 Y114.796 E35.47661
G1 F517.9 X120.64 Y114.925 E35.48888
G1 F514.7 X120.049 Y114.973 E35.51333
G1 F515.8 X119.581 Y114.795 E35.53394
G1 F521 X119.211 Y114.435 E35.55497
G1 F536.4 X119.005 Y113.914 E35.57715
M204 S1000
G1 F1500 E34.57715
;MESH:PCB_Spacers.stl(4)
G0 F9000 X118.244 Y114.593
G0 X119.015 Y115.928
G0 X119.195 Y118.392
G0 X120.112 Y118.474
M204 S2000
G1 F1500 E35.57715
G1 F502.6 X120.159 Y117.982 E35.59803
G1 F498.6 X120.351 Y117.577 E35.61711
G1 F509.6 X120.684 Y117.26 E35.63626
G1 F511.6 X120.988 Y117.122 E35.65011
G1 F509.6 X121.547 Y117.084 E35.67345
G1 F520 X122.013 Y117.261 E35.6938
G1 F528.6 X122.406 Y117.656 E35.71618
G1 F512.7 X122.487 Y117.815 E35.72357
G1 X122.602 Y118.265 E35.7428
G1 F521 X122.568 Y118.589 E35.75608
G1 X122.405 Y118.982 E35.77341
G1 F509.6 X122.154 Y119.258 E35.78895
G1 F493.8 X121.868 Y119.442 E35.80357
G1 F510.6 X121.492 Y119.55 E35.81984
G1 F525.3 X121.199 Y119.55 E35.83168
G1 F522.1 X120.678 Y119.363 E35.85419
G1 X120.306 Y118.99 E35.87561
G1 F517.9 X120.112 Y118.474 E35.8982
M204 S1000
G1 F1500 E34.8982
;MESH:PCB_Spacers.stl(5)
G0 F9000 X116.724 Y121.157
M204 S2000
G1 F1500 E35.8982
G1 F522.1 X116.911 Y120.636 E35.92071
G1 X117.284 Y120.264 E35.94213
G1 F517.9 X117.8 Y120.07 E35.96473
G1 F503.6 X118.292 Y120.117 E35.98556
G1 F498.6 X118.697 Y120.309 E36.00465
G1 F508.6 X119.014 Y120.642 E36.02384
G1 F517.9 X119.143 Y120.912 E36.0361
G1 F520 X119.196 Y121.482 E36.05948
G1 F524.2 X119.013 Y121.971 E36.08062
G1 F528.6 X118.618 Y122.364 E36.103
G1 F540.9 X118.132 Y122.547 E36.12338
G1 F531.9 X117.677 Y122.526 E36.14156
G1 F511.6 X117.258 Y122.34 E36.16058
G1 F514.7 X116.93 Y122.008 E36.17983
G1 F504.6 X116.832 Y121.826 E36.18852
G1 F509.6 X116.724 Y121.45 E36.20482
G1 F525.3 X116.724 Y121.157 E36.21666
M204 S1000
G1 F1500 E35.21666
;MESH:PCB_Spacers.stl
G0 F9000 X112.451 Y119.98
M204 S2000
G1 F1500 E36.21666
G1 F531.9 X112.472 Y119.525 E36.23484
G1 F511.6 X112.658 Y119.106 E36.25386
G1 F514.7 X112.99 Y118.778 E36.27311
G1 F504.6 X113.172 Y118.68 E36.28181
G1 F509.6 X113.548 Y118.572 E36.2981
G1 F525.3 X113.841 Y118.572 E36.30994
G1 F526.4 X114.362 Y118.759 E36.33227
G1 F514.7 X114.682 Y119.059 E36.35036
G1 F495.7 X114.885 Y119.485 E36.37056
G1 F501.6 X114.932 Y119.684 E36.37922
G1 F502.6 X114.881 Y120.14 E36.3986
G1 F511.6 X114.735 Y120.483 E36.41407
G1 F523.2 X114.356 Y120.862 E36.43582
G1 F517.9 X114.086 Y120.991 E36.44808
G1 F514.7 X113.495 Y121.039 E36.47254
G1 F515.8 X113.027 Y120.861 E36.49315
G1 F521 X112.657 Y120.501 E36.51418
G1 F536.4 X112.451 Y119.98 E36.53635
M204 S1000
G1 F1500 E35.53635
;MESH:NONMESH
G0 F600 X112.451 Y119.98 Z4
G0 F9000 X112.678 Y113.833
;TIME_ELAPSED:134.484671
;LAYER:19
M204 S2000
;TYPE:WALL-OUTER
;MESH:PCB_Spacers.stl(1)
G1 F1500 E36.53635
G1 F525.3 X112.678 Y113.54 E36.54819
G1 F522.1 X112.865 Y113.019 E36.5707
G1 X113.238 Y112.647 E36.59212
G1 F517.9 X113.754 Y112.453 E36.61472
G1 F503.6 X114.246 Y112.5 E36.63556
G1 F498.6 X114.651 Y112.692 E36.65464
G1 F508.6 X114.968 Y113.025 E36.67383
G1 F517.9 X115.097 Y113.295 E36.68609
G1 F520 X115.15 Y113.865 E36.70947
G1 F524.2 X114.967 Y114.354 E36.73061
G1 F528.6 X114.572 Y114.747 E36.75299
G1 F540.9 X114.086 Y114.93 E36.77337
G1 F531.9 X113.631 Y114.909 E36.79155
G1 F511.6 X113.212 Y114.723 E36.81057
G1 F514.7 X112.884 Y114.391 E36.82982
G1 F504.6 X112.786 Y114.209 E36.83851
G1 F509.6 X112.678 Y113.833 E36.85481
M204 S1000
G1 F1500 E35.85481
;MESH:PCB_Spacers.stl(3)
G0 F9000 X115.821 Y116.656
M204 S2000
G1 F1500 E36.85481
G1 F515.8 X115.999 Y116.188 E36.87542
G1 F521 X116.359 Y115.818 E36.89645
G1 F536.4 X116.88 Y115.612 E36.91863
G1 F534.1 X117.327 Y115.633 E36.93641
G1 F512.7 X117.754 Y115.819 E36.9557
G1 F518.9 X118.105 Y116.186 E36.97648
G1 F527.5 X118.288 Y116.709 E36.99877
G1 X118.288 Y117.002 E37.01057
G1 F528.6 X118.101 Y117.523 E37.0328
G1 F526.4 X117.728 Y117.895 E37.05404
G1 F520 X117.212 Y118.089 E37.07655
G1 F504.6 X116.72 Y118.042 E37.09734
G1 F498.6 X116.315 Y117.85 E37.11642
G1 F509.6 X115.998 Y117.517 E37.13558
G1 F511.6 X115.86 Y117.213 E37.14943
G1 F508.6 X115.821 Y116.656 E37.17274
M204 S1000
G1 F1500 E36.17274
;MESH:PCB_Spacers.stl(2)
G0 F9000 X119.005 Y113.914
M204 S2000
G1 F1500 E37.17274
G1 F531.9 X119.026 Y113.459 E37.19092
G1 F511.6 X119.212 Y113.04 E37.20994
G1 F514.7 X119.544 Y112.712 E37.22918
G1 F504.6 X119.726 Y112.614 E37.23788
G1 F509.6 X120.102 Y112.506 E37.25418
G1 F525.3 X120.395 Y112.506 E37.26602
G1 F526.4 X120.916 Y112.693 E37.28834
G1 F514.7 X121.236 Y112.993 E37.30643
G1 F495.7 X121.439 Y113.419 E37.32664
G1 F501.6 X121.486 Y113.618 E37.33529
G1 F502.6 X121.435 Y114.074 E37.35468
G1 F511.6 X121.289 Y114.417 E37.37014
G1 F523.2 X120.91 Y114.796 E37.39189
G1 F517.9 X120.64 Y114.925 E37.40416
G1 F514.7 X120.049 Y114.973 E37.42861
G1 F515.8 X119.581 Y114.795 E37.44922
G1 F521 X119.211 Y114.435 E37.47026
G1 F536.4 X119.005 Y113.914 E37.49243
M204 S1000
G1 F1500 E36.49243
;MESH:PCB_Spacers.stl(4)
G0 F9000 X118.244 Y114.593
G0 X119.015 Y115.928
G0 X119.195 Y118.392
G0 X120.112 Y118.474
M204 S2000
G1 F1500 E37.49243
G1 F502.6 X120.159 Y117.982 E37.51331
G1 F498.6 X120.351 Y117.577 E37.53239
G1 F509.6 X120.684 Y117.26 E37.55154
G1 F511.6 X120.988 Y117.122 E37.56539
G1 F509.6 X121.547 Y117.084 E37.58873
G1 F520 X122.013 Y117.261 E37.60909
G1 F528.6 X122.406 Y117.656 E37.63146
G1 F512.7 X122.487 Y117.815 E37.63885
G1 X122.602 Y118.265 E37.65809
G1 F521 X122.568 Y118.589 E37.67136
G1 X122.405 Y118.982 E37.68869
G1 F509.6 X122.154 Y119.258 E37.70424
G1 F493.8 X121.868 Y119.442 E37.71886
G1 F510.6 X121.492 Y119.55 E37.73512
G1 F525.3 X121.199 Y119.55 E37.74696
G1 F522.1 X120.678 Y119.363 E37.76947
G1 X120.306 Y118.99 E37.79089
G1 F517.9 X120.112 Y118.474 E37.81348
M204 S1000
G1 F1500 E36.81348
;MESH:PCB_Spacers.stl(5)
G0 F9000 X116.724 Y121.157
M204 S2000
G1 F1500 E37.81348
G1 F522.1 X116.911 Y120.636 E37.83599
G1 X117.284 Y120.264 E37.85741
G1 F517.9 X117.8 Y120.07 E37.88001
G1 F503.6 X118.292 Y120.117 E37.90085
G1 F498.6 X118.697 Y120.309 E37.91993
G1 F508.6 X119.014 Y120.642 E37.93912
G1 F517.9 X119.143 Y120.912 E37.95138
G1 F520 X119.196 Y121.482 E37.97476
G1 F524.2 X119.013 Y121.971 E37.9959
G1 F528.6 X118.618 Y122.364 E38.01828
G1 F540.9 X118.132 Y122.547 E38.03866
G1 F531.9 X117.677 Y122.526 E38.05684
G1 F511.6 X117.258 Y122.34 E38.07586
G1 F514.7 X116.93 Y122.008 E38.09511
G1 F504.6 X116.832 Y121.826 E38.1038
G1 F509.6 X116.724 Y121.45 E38.1201
G1 F525.3 X116.724 Y121.157 E38.13194
M204 S1000
G1 F1500 E37.13194
;MESH:PCB_Spacers.stl
G0 F9000 X112.451 Y119.98
M204 S2000
G1 F1500 E38.13194
G1 F531.9 X112.472 Y119.525 E38.15012
G1 F511.6 X112.658 Y119.106 E38.16914
G1 F514.7 X112.99 Y118.778 E38.18839
G1 F504.6 X113.172 Y118.68 E38.19709
G1 F509.6 X113.548 Y118.572 E38.21338
G1 F525.3 X113.841 Y118.572 E38.22522
G1 F526.4 X114.362 Y118.759 E38.24755
G1 F514.7 X114.682 Y119.059 E38.26564
G1 F495.7 X114.885 Y119.485 E38.28585
G1 F501.6 X114.932 Y119.684 E38.2945
G1 F502.6 X114.881 Y120.14 E38.31388
G1 F511.6 X114.735 Y120.483 E38.32935
G1 F523.2 X114.356 Y120.862 E38.3511
G1 F517.9 X114.086 Y120.991 E38.36336
G1 F514.7 X113.495 Y121.039 E38.38782
G1 F515.8 X113.027 Y120.861 E38.40843
G1 F521 X112.657 Y120.501 E38.42946
G1 F536.4 X112.451 Y119.98 E38.45164
M204 S1000
G1 F1500 E37.45164
;MESH:NONMESH
G0 F600 X112.451 Y119.98 Z4.2
G0 F9000 X112.678 Y113.834
;TIME_ELAPSED:141.496342
;LAYER:20
M204 S2000
;TYPE:WALL-OUTER
;MESH:PCB_Spacers.stl(1)
G1 F1500 E38.45164
G1 F526 X112.678 Y113.543 E38.4634
G1 F522.8 X112.865 Y113.02 E38.48598
G1 X113.241 Y112.645 E38.50757
G1 F518.6 X113.79 Y112.449 E38.53147
G1 F510.3 X114.248 Y112.493 E38.55064
G1 F505.3 X114.651 Y112.692 E38.56955
G1 F509.3 X114.968 Y113.025 E38.58874
G1 F521.8 X115.149 Y113.537 E38.61086
G1 F523.9 X115.15 Y113.861 E38.62401
G1 X114.968 Y114.352 E38.64526
G1 F519.6 X114.705 Y114.66 E38.66183
G1 F499.3 X114.411 Y114.822 E38.67612
G1 F520.7 X114.093 Y114.929 E38.68982
G1 F533.7 X113.631 Y114.909 E38.70823
G1 F512.3 X113.212 Y114.723 E38.72726
G1 F515.4 X112.884 Y114.391 E38.7465
G1 F505.3 X112.786 Y114.209 E38.7552
G1 F510.3 X112.678 Y113.834 E38.77146
M204 S1000
G1 F1500 E37.77146
;MESH:PCB_Spacers.stl(3)
G0 F9000 X115.817 Y117.005
M204 S2000
G1 F1500 E38.77146
G1 F515.4 X115.822 Y116.658 E38.78577
G1 F516.5 X115.998 Y116.19 E38.80635
G1 F517.5 X116.261 Y115.882 E38.82299
G1 F499.3 X116.555 Y115.72 E38.83728
G1 F520.7 X116.873 Y115.613 E38.85097
G1 F536 X117.327 Y115.633 E38.869
G1 F513.4 X117.754 Y115.819 E38.88829
G1 F502.3 X117.996 Y116.047 E38.90236
G1 F494.5 X118.18 Y116.333 E38.91698
G1 F511.3 X118.288 Y116.708 E38.9332
G1 F528.2 X118.288 Y116.999 E38.94491
G1 F514.4 X118.157 Y117.419 E38.96309
G1 F495.5 X117.952 Y117.7 E38.97802
G1 F506.3 X117.725 Y117.897 E38.99064
G1 F517.5 X117.176 Y118.093 E39.01458
G1 F509.3 X116.718 Y118.049 E39.03379
G1 F506.3 X116.315 Y117.85 E39.05266
G1 F510.3 X115.998 Y117.517 E39.07181
G1 F518.6 X115.817 Y117.005 E39.09408
M204 S1000
G1 F1500 E38.09408
;MESH:PCB_Spacers.stl(2)
G0 F9000 X119.006 Y113.921
M204 S2000
G1 F1500 E39.09408
G1 F533.7 X119.026 Y113.459 E39.11249
G1 F512.3 X119.212 Y113.04 E39.13152
G1 F515.4 X119.544 Y112.712 E39.15076
G1 F505.3 X119.726 Y112.614 E39.15946
G1 F510.3 X120.101 Y112.506 E39.17572
G1 F526 X120.392 Y112.506 E39.18748
G1 F513.4 X120.812 Y112.637 E39.2057
G1 F501.3 X121.235 Y112.993 E39.22914
G1 F495.5 X121.439 Y113.419 E39.24941
G1 F502.3 X121.486 Y113.618 E39.25806
G1 F510.3 X121.442 Y114.076 E39.27723
G1 F520.7 X121.291 Y114.413 E39.2923
G1 F525 X120.91 Y114.796 E39.31418
G1 F518.6 X120.398 Y114.977 E39.33644
G1 F515.4 X120.049 Y114.972 E39.35084
G1 F516.5 X119.583 Y114.796 E39.37134
G1 F517.5 X119.275 Y114.533 E39.38798
G1 F499.3 X119.113 Y114.239 E39.40227
G1 F520.7 X119.006 Y113.921 E39.41596
M204 S1000
G1 F1500 E38.41596
;MESH:PCB_Spacers.stl(4)
G0 F9000 X118.244 Y114.593
G0 X119.015 Y115.928
G0 X119.198 Y118.357
G0 X120.108 Y118.438
M204 S2000
G1 F1500 E39.41596
G1 F510.3 X120.152 Y117.98 E39.43513
G1 F506.3 X120.351 Y117.577 E39.45401
G1 F510.3 X120.684 Y117.26 E39.47316
G1 F518.6 X121.196 Y117.079 E39.49542
G1 F515.4 X121.543 Y117.084 E39.50973
G1 F518.6 X122.011 Y117.26 E39.53023
G1 F519.6 X122.313 Y117.518 E39.54648
G1 F499.3 X122.481 Y117.817 E39.56108
G1 F521.8 X122.588 Y118.134 E39.57471
G1 F537.1 X122.568 Y118.589 E39.59274
G1 F521.8 X122.405 Y118.982 E39.61007
G1 F510.3 X122.154 Y119.258 E39.62561
G1 F494.5 X121.868 Y119.442 E39.64023
G1 F511.3 X121.493 Y119.55 E39.65646
G1 F526 X121.202 Y119.55 E39.66822
G1 F522.8 X120.679 Y119.363 E39.6908
G1 X120.304 Y118.987 E39.71239
G1 F518.6 X120.108 Y118.438 E39.73629
M204 S1000
G1 F1500 E38.73629
;MESH:PCB_Spacers.stl(5)
G0 F9000 X116.724 Y121.16
M204 S2000
G1 F1500 E39.73629
G1 F522.8 X116.911 Y120.637 E39.75887
G1 X117.287 Y120.262 E39.78046
G1 F518.6 X117.836 Y120.066 E39.80436
G1 F510.3 X118.294 Y120.11 E39.82353
G1 F505.3 X118.697 Y120.309 E39.84244
G1 F509.3 X119.014 Y120.642 E39.86163
G1 F521.8 X119.195 Y121.154 E39.88376
G1 F523.9 X119.196 Y121.478 E39.8969
G1 X119.014 Y121.969 E39.91815
G1 F519.6 X118.751 Y122.277 E39.93472
G1 F499.3 X118.457 Y122.439 E39.94901
G1 F520.7 X118.139 Y122.546 E39.96271
G1 F533.7 X117.677 Y122.526 E39.98113
G1 F512.3 X117.258 Y122.34 E40.00015
G1 F515.4 X116.93 Y122.008 E40.0194
G1 F505.3 X116.832 Y121.826 E40.02809
G1 F510.3 X116.724 Y121.451 E40.04435
G1 F526 X116.724 Y121.16 E40.05611
M204 S1000
G1 F1500 E39.05611
;MESH:PCB_Spacers.stl
G0 F9000 X112.439 Y119.856
M204 S2000
G1 F1500 E40.05611
G1 F506.3 X112.559 Y120.305 E40.07563
G1 F499.3 X112.721 Y120.599 E40.08992
G1 F517.5 X113.029 Y120.862 E40.10655
G1 F516.5 X113.495 Y121.038 E40.12706
G1 F515.4 X113.844 Y121.043 E40.14145
G1 F518.6 X114.356 Y120.862 E40.16371
G1 F525 X114.737 Y120.479 E40.18559
G1 F520.7 X114.888 Y120.142 E40.20066
G1 F510.3 X114.932 Y119.684 E40.21983
G1 F502.3 X114.885 Y119.485 E40.22849
G1 F495.5 X114.681 Y119.059 E40.24875
G1 F501.3 X114.258 Y118.703 E40.2722
G1 F513.4 X113.838 Y118.572 E40.29042
G1 F526 X113.547 Y118.572 E40.30217
G1 F510.3 X113.172 Y118.68 E40.31843
G1 F493.6 X112.886 Y118.864 E40.33308
G1 F503.3 X112.658 Y119.106 E40.34712
G1 F512.3 X112.472 Y119.525 E40.36615
G1 F518.6 X112.439 Y119.856 E40.37978
M204 S1000
G1 F1500 E39.37978
;MESH:NONMESH
G0 F600 X112.439 Y119.856 Z4.4
G0 F9000 X111.577 Y119.302
G0 X111.809 Y114.214
G0 X112.67 Y113.664
;TIME_ELAPSED:148.627698
;LAYER:21
M204 S2000
;TYPE:WALL-OUTER
;MESH:PCB_Spacers.stl(1)
G1 F1500 E40.37978
G1 F510.4 X112.778 Y113.17 E40.40085
G1 F509.4 X113.008 Y112.837 E40.41774
G1 F519.7 X113.366 Y112.579 E40.43579
G1 F522.9 X113.588 Y112.487 E40.44556
G1 F503.4 X113.79 Y112.457 E40.45419
G1 F502.4 X114.248 Y112.493 E40.47363
G1 F510.4 X114.653 Y112.688 E40.49236
G1 F511.4 X114.966 Y113.027 E40.51154
G1 F508.4 X115.106 Y113.329 E40.52546
G1 F513.5 X115.151 Y113.853 E40.54724
G1 F517.6 X115.046 Y114.216 E40.56276
G1 X114.802 Y114.57 E40.58042
G1 F510.4 X114.414 Y114.828 E40.59983
G1 F512.5 X113.962 Y114.943 E40.61919
G1 F517.6 X113.632 Y114.909 E40.63281
G1 F512.5 X113.212 Y114.723 E40.65187
G1 F515.6 X112.886 Y114.395 E40.67095
G1 F513.5 X112.707 Y114.003 E40.68879
G1 F507.4 X112.67 Y113.664 E40.70308
M204 S1000
G1 F1500 E39.70308
;MESH:PCB_Spacers.stl(3)
G0 F9000 X115.81 Y116.876
M204 S2000
G1 F1500 E40.70308
G1 F505.4 X115.822 Y116.656 E40.71235
G1 F511.4 X115.924 Y116.314 E40.72719
G1 F513.5 X116.164 Y115.972 E40.74449
G1 F506.4 X116.552 Y115.714 E40.76406
G1 F513.5 X117.004 Y115.599 E40.78337
G1 F521.9 X117.327 Y115.633 E40.7966
G1 F513.5 X117.754 Y115.819 E40.81589
G1 F502.4 X117.996 Y116.047 E40.82996
G1 F499.4 X118.185 Y116.33 E40.84445
G1 F506.4 X118.259 Y116.539 E40.85376
G1 F505.4 X118.296 Y116.878 E40.86811
G1 F513.5 X118.188 Y117.372 E40.88904
G1 F525.1 X118.001 Y117.661 E40.90298
G1 F509.4 X117.799 Y117.839 E40.91422
G1 F502.4 X117.378 Y118.055 E40.93425
G1 F503.4 X117.176 Y118.085 E40.94287
G1 F501.4 X116.718 Y118.049 E40.96236
G1 F509.4 X116.313 Y117.854 E40.98112
G1 X116 Y117.515 E41.00038
G1 F507.4 X115.86 Y117.213 E41.01433
G1 F504.4 X115.81 Y116.876 E41.02869
M204 S1000
G1 F1500 E40.02869
;MESH:PCB_Spacers.stl(2)
G0 F9000 X118.992 Y113.79
M204 S2000
G1 F1500 E41.02869
G1 F518.7 X119.026 Y113.46 E41.04229
G1 F512.5 X119.212 Y113.04 E41.06135
G1 F515.6 X119.54 Y112.714 E41.08042
G1 F513.5 X119.932 Y112.535 E41.09827
G1 F507.4 X120.271 Y112.498 E41.11256
G1 F514.5 X120.765 Y112.606 E41.13346
G1 F525.1 X121.054 Y112.793 E41.14739
G1 F509.4 X121.232 Y112.995 E41.15863
G1 F501.4 X121.448 Y113.416 E41.1787
G1 F503.4 X121.478 Y113.618 E41.18732
G1 F513.5 X121.458 Y114.02 E41.20399
G1 F521.9 X121.247 Y114.481 E41.22465
G1 F511.4 X120.908 Y114.794 E41.24383
G1 F509.4 X120.606 Y114.934 E41.25773
G1 F505.4 X120.269 Y114.984 E41.27206
G1 X120.049 Y114.972 E41.28133
G1 F511.4 X119.707 Y114.87 E41.29617
G1 F513.5 X119.365 Y114.63 E41.31347
G1 F506.4 X119.107 Y114.242 E41.33303
G1 F512.5 X118.992 Y113.79 E41.35239
M204 S1000
G1 F1500 E40.35239
;MESH:PCB_Spacers.stl(4)
G0 F9000 X120.116 Y118.438
M204 S2000
G1 F1500 E41.35239
G1 F502.4 X120.152 Y117.98 E41.37183
G1 F509.4 X120.347 Y117.575 E41.39059
G1 X120.686 Y117.262 E41.40985
G1 F507.4 X120.988 Y117.122 E41.4238
G1 F505.4 X121.325 Y117.072 E41.43814
G1 F507.4 X121.545 Y117.084 E41.44737
G1 F512.5 X121.875 Y117.182 E41.46165
G1 F516.6 X122.229 Y117.426 E41.47935
G1 F509.4 X122.487 Y117.814 E41.4988
G1 F513.5 X122.602 Y118.265 E41.51807
G1 F521.9 X122.568 Y118.589 E41.53135
G1 F520.8 X122.404 Y118.983 E41.54877
G1 F509.4 X122.154 Y119.258 E41.56428
G1 F500.4 X121.871 Y119.447 E41.57874
G1 F507.4 X121.662 Y119.521 E41.58803
G1 F505.4 X121.323 Y119.558 E41.60238
G1 F509.4 X120.829 Y119.45 E41.62349
G1 X120.496 Y119.22 E41.64038
G1 F519.7 X120.238 Y118.862 E41.65843
G1 F522.9 X120.146 Y118.64 E41.66821
G1 F503.4 X120.116 Y118.438 E41.67683
M204 S1000
G1 F1500 E40.67683
;MESH:PCB_Spacers.stl(5)
G0 F9000 X116.716 Y121.281
M204 S2000
G1 F1500 E41.67683
G1 F510.4 X116.824 Y120.787 E41.6979
G1 F509.4 X117.054 Y120.454 E41.71479
G1 F519.7 X117.412 Y120.196 E41.73284
G1 F522.9 X117.634 Y120.104 E41.74261
G1 F503.4 X117.836 Y120.074 E41.75124
G1 F502.4 X118.294 Y120.11 E41.77068
G1 F510.4 X118.699 Y120.305 E41.78941
G1 F511.4 X119.012 Y120.644 E41.80859
G1 F508.4 X119.152 Y120.946 E41.82251
G1 F513.5 X119.197 Y121.47 E41.84429
G1 F517.6 X119.092 Y121.833 E41.85981
G1 X118.848 Y122.187 E41.87747
G1 F510.4 X118.46 Y122.445 E41.89689
G1 F512.5 X118.008 Y122.56 E41.91624
G1 F517.6 X117.678 Y122.526 E41.92986
G1 F512.5 X117.258 Y122.34 E41.94892
G1 F515.6 X116.932 Y122.012 E41.968
G1 F513.5 X116.753 Y121.62 E41.98584
G1 F507.4 X116.716 Y121.281 E42.00013
M204 S1000
G1 F1500 E41.00013
;MESH:PCB_Spacers.stl
G0 F9000 X112.438 Y119.856
M204 S2000
G1 F1500 E42.00013
G1 F518.7 X112.472 Y119.526 E42.01373
G1 F512.5 X112.658 Y119.106 E42.03279
G1 F515.6 X112.986 Y118.78 E42.05186
G1 F513.5 X113.378 Y118.601 E42.06971
G1 F507.4 X113.717 Y118.564 E42.084
G1 F514.5 X114.211 Y118.672 E42.1049
G1 F525.1 X114.5 Y118.859 E42.11883
G1 F509.4 X114.678 Y119.061 E42.13007
G1 F501.4 X114.894 Y119.482 E42.15014
G1 F503.4 X114.924 Y119.684 E42.15876
G1 F513.5 X114.904 Y120.086 E42.17543
G1 F521.9 X114.693 Y120.547 E42.19609
G1 F511.4 X114.354 Y120.86 E42.21527
G1 F509.4 X114.052 Y121 E42.22917
G1 F505.4 X113.715 Y121.05 E42.2435
G1 X113.495 Y121.038 E42.25277
G1 F511.4 X113.153 Y120.936 E42.26761
G1 F513.5 X112.811 Y120.696 E42.28491
G1 F506.4 X112.553 Y120.308 E42.30447
G1 F512.5 X112.438 Y119.856 E42.32383
M204 S1000
G1 F1500 E41.32383
;MESH:NONMESH
G0 F600 X112.438 Y119.856 Z4.6
G0 F9000 X111.577 Y119.302
G0 X111.809 Y114.214
G0 X112.665 Y113.669
;TIME_ELAPSED:155.691928
;LAYER:22
M204 S2000
;TYPE:WALL-OUTER
;MESH:PCB_Spacers.stl(1)
G1 F1500 E42.32383
G1 F510.8 X112.724 Y113.325 E42.33834
G1 F511.8 X112.838 Y113.06 E42.35031
G1 F520.1 X113.229 Y112.652 E42.37338
G1 F518 X113.588 Y112.486 E42.38959
G1 F523.3 X114.035 Y112.458 E42.40777
G1 F513.8 X114.246 Y112.5 E42.41666
G1 F501.7 X114.653 Y112.689 E42.43565
G1 F511.8 X114.968 Y113.025 E42.45476
G1 F521.2 X115.151 Y113.553 E42.47753
G1 F528.7 X115.097 Y114.075 E42.4986
G1 X114.939 Y114.398 E42.51304
G1 F509.7 X114.704 Y114.646 E42.52728
G1 F495.9 X114.413 Y114.828 E42.54197
G1 F515.9 X113.963 Y114.948 E42.56114
G1 F511.8 X113.642 Y114.897 E42.57463
G1 F495.9 X113.215 Y114.719 E42.59444
G1 F499.8 X112.967 Y114.498 E42.60855
G1 F505.7 X112.752 Y114.148 E42.6258
G1 F513.8 X112.665 Y113.669 E42.64592
M204 S1000
G1 F1500 E41.64592
;MESH:PCB_Spacers.stl(3)
G0 F9000 X115.815 Y116.989
M204 S2000
G1 F1500 E42.64592
G1 F521.2 X115.869 Y116.467 E42.6673
G1 F522.2 X116.004 Y116.179 E42.68024
G1 X116.4 Y115.791 E42.70278
G1 F529.8 X117.003 Y115.594 E42.7282
G1 F537.6 X117.581 Y115.729 E42.75165
G1 F532 X117.951 Y115.985 E42.7696
G1 F512.8 X118.182 Y116.332 E42.78686
G1 F500.7 X118.257 Y116.539 E42.7962
G1 F511.8 X118.302 Y116.859 E42.80961
G1 F523.3 X118.264 Y117.145 E42.82132
G1 F515.9 X118.16 Y117.42 E42.83342
G1 F497.8 X117.953 Y117.7 E42.84827
G1 F505.7 X117.737 Y117.89 E42.86035
G1 F518 X117.378 Y118.056 E42.87656
G1 F523.3 X116.931 Y118.084 E42.89474
G1 F512.8 X116.72 Y118.042 E42.90365
G1 F500.7 X116.313 Y117.853 E42.92268
G1 F510.8 X115.998 Y117.517 E42.94182
G1 F517 X115.815 Y116.989 E42.96478
M204 S1000
G1 F1500 E41.96478
;MESH:PCB_Spacers.stl(2)
G0 F9000 X118.987 Y113.791
M204 S2000
G1 F1500 E42.96478
G1 F512.8 X119.038 Y113.47 E42.97824
G1 F496.8 X119.216 Y113.043 E42.99801
G1 F499.8 X119.437 Y112.795 E43.01212
G1 F505.7 X119.787 Y112.58 E43.02937
G1 F513.8 X120.266 Y112.493 E43.04949
G1 F520.1 X120.498 Y112.523 E43.05904
G1 F515.9 X120.813 Y112.634 E43.07279
G1 F504.7 X121.237 Y112.992 E43.09614
G1 F506.7 X121.449 Y113.416 E43.116
G1 F525.5 X121.477 Y113.863 E43.1341
G1 F515.9 X121.435 Y114.074 E43.14296
G1 F501.7 X121.246 Y114.481 E43.16195
G1 F512.8 X120.91 Y114.796 E43.18102
G1 F518 X120.382 Y114.979 E43.20393
G1 F521.2 X119.86 Y114.925 E43.22531
G1 F522.2 X119.572 Y114.79 E43.23824
G1 F520.1 X119.207 Y114.43 E43.25917
G1 F506.7 X119.107 Y114.241 E43.26813
G1 F514.9 X118.987 Y113.791 E43.28734
M204 S1000
G1 F1500 E42.28734
;MESH:PCB_Spacers.stl(4)
G0 F9000 X120.117 Y118.193
M204 S2000
G1 F1500 E43.28734
G1 F512.8 X120.159 Y117.982 E43.29625
G1 F500.7 X120.348 Y117.575 E43.31528
G1 F510.8 X120.684 Y117.26 E43.33443
G1 F517 X121.212 Y117.077 E43.35738
G1 F521.2 X121.734 Y117.131 E43.37876
G1 F524.4 X122.057 Y117.289 E43.39332
G1 F508.7 X122.305 Y117.524 E43.40759
G1 F494.9 X122.487 Y117.815 E43.42231
G1 F518 X122.607 Y118.264 E43.44136
G1 F513.8 X122.556 Y118.586 E43.45484
G1 F514.9 X122.455 Y118.88 E43.46766
G1 F534.3 X122.216 Y119.213 E43.48395
G1 F512.8 X121.869 Y119.444 E43.50121
G1 F501.7 X121.662 Y119.519 E43.51053
G1 F508.7 X121.323 Y119.563 E43.5248
G1 X120.984 Y119.504 E43.53916
G1 F510.8 X120.719 Y119.39 E43.55115
G1 F520.1 X120.311 Y118.999 E43.57423
G1 F518 X120.145 Y118.64 E43.59044
G1 F523.3 X120.117 Y118.193 E43.60861
M204 S1000
G1 F1500 E42.60861
;MESH:PCB_Spacers.stl(5)
G0 F9000 X116.711 Y121.286
M204 S2000
G1 F1500 E43.60861
G1 F510.8 X116.77 Y120.942 E43.62312
G1 F511.8 X116.884 Y120.677 E43.63509
G1 F520.1 X117.275 Y120.269 E43.65816
G1 F518 X117.634 Y120.103 E43.67438
G1 F523.3 X118.081 Y120.075 E43.69255
G1 F513.8 X118.292 Y120.117 E43.70144
G1 F501.7 X118.699 Y120.306 E43.72044
G1 F511.8 X119.014 Y120.642 E43.73955
G1 F521.2 X119.197 Y121.17 E43.76231
G1 F528.7 X119.143 Y121.692 E43.78339
G1 X118.985 Y122.015 E43.79783
G1 F509.7 X118.75 Y122.263 E43.81206
G1 F495.9 X118.459 Y122.445 E43.82676
G1 F515.9 X118.009 Y122.565 E43.84593
G1 F511.8 X117.688 Y122.514 E43.85942
G1 F495.9 X117.261 Y122.336 E43.87923
G1 F499.8 X117.013 Y122.115 E43.89334
G1 F505.7 X116.798 Y121.765 E43.91059
G1 F513.8 X116.711 Y121.286 E43.93071
M204 S1000
G1 F1500 E42.93071
;MESH:PCB_Spacers.stl
G0 F9000 X112.433 Y119.857
M204 S2000
G1 F1500 E43.93071
G1 F512.8 X112.484 Y119.536 E43.94417
G1 F496.8 X112.662 Y119.109 E43.96394
G1 F499.8 X112.883 Y118.861 E43.97805
G1 F505.7 X113.233 Y118.646 E43.9953
G1 F513.8 X113.712 Y118.559 E44.01542
G1 F520.1 X113.944 Y118.589 E44.02497
G1 F515.9 X114.259 Y118.7 E44.03872
G1 F504.7 X114.683 Y119.058 E44.06207
G1 F506.7 X114.895 Y119.482 E44.08193
G1 F525.5 X114.923 Y119.929 E44.10003
G1 F515.9 X114.881 Y120.14 E44.10889
G1 F501.7 X114.692 Y120.547 E44.12788
G1 F512.8 X114.356 Y120.862 E44.14695
G1 F518 X113.828 Y121.045 E44.16986
G1 F521.2 X113.306 Y120.991 E44.19124
G1 F522.2 X113.018 Y120.856 E44.20417
G1 F520.1 X112.653 Y120.496 E44.2251
G1 F506.7 X112.553 Y120.307 E44.23406
G1 F514.9 X112.433 Y119.857 E44.25327
M204 S1000
G1 F1500 E43.25327
;MESH:NONMESH
G0 F600 X112.433 Y119.857 Z4.8
G0 F9000 X111.577 Y119.302
G0 X111.809 Y114.214
G0 X112.678 Y113.84
;TIME_ELAPSED:162.723574
;LAYER:23
M204 S2000
;TYPE:WALL-OUTER
;MESH:PCB_Spacers.stl(1)
G1 F1500 E44.25327
G1 F522.6 X112.695 Y113.438 E44.2696
G1 F521.5 X112.925 Y112.936 E44.29205
G1 F515.2 X113.163 Y112.696 E44.30596
G1 F509 X113.588 Y112.486 E44.32571
G1 F520.5 X114.031 Y112.458 E44.3438
G1 F510.1 X114.246 Y112.501 E44.35291
G1 F497.1 X114.652 Y112.691 E44.37203
G1 X114.958 Y113.032 E44.39158
G1 F505 X115.104 Y113.309 E44.40472
G1 F510.1 X115.155 Y113.666 E44.41972
G1 F504 X115.144 Y113.886 E44.42898
G1 F508 X115.044 Y114.215 E44.44334
G1 F517.3 X114.938 Y114.399 E44.45204
G1 F508 X114.703 Y114.646 E44.46627
G1 F495.2 X114.414 Y114.828 E44.4809
G1 F516.2 X113.963 Y114.948 E44.50007
G1 F511.1 X113.642 Y114.897 E44.51356
G1 F494.2 X113.215 Y114.719 E44.5334
G1 F498.1 X112.967 Y114.498 E44.54755
G1 F504 X112.752 Y114.147 E44.56486
G1 F517.3 X112.678 Y113.84 E44.57781
M204 S1000
G1 F1500 E43.57781
;MESH:PCB_Spacers.stl(3)
G0 F9000 X115.81 Y116.742
M204 S2000
G1 F1500 E44.57781
G1 F518.3 X115.879 Y116.436 E44.59064
G1 F521.5 X116.005 Y116.178 E44.60232
G1 F522.6 X116.404 Y115.789 E44.62493
G1 F530.2 X117.003 Y115.594 E44.65012
G1 F535.8 X117.579 Y115.728 E44.67353
G1 F530.2 X117.951 Y115.985 E44.69161
G1 F512.1 X118.182 Y116.332 E44.70887
G1 F502 X118.259 Y116.539 E44.7182
G1 X118.294 Y116.878 E44.7326
G1 F511.1 X118.264 Y117.144 E44.74371
G1 F524.7 X118.041 Y117.606 E44.76444
G1 F520.5 X117.818 Y117.838 E44.77755
G1 F514.2 X117.378 Y118.056 E44.7978
G1 F521.5 X116.935 Y118.084 E44.81585
G1 F510.1 X116.72 Y118.041 E44.82496
G1 F498.1 X116.314 Y117.851 E44.84405
G1 F499.1 X116.008 Y117.51 E44.86352
G1 F502 X115.858 Y117.213 E44.87757
G1 F514.2 X115.81 Y116.742 E44.8971
M204 S1000
G1 F1500 E43.8971
;MESH:PCB_Spacers.stl(2)
G0 F9000 X118.987 Y113.791
M204 S2000
G1 F1500 E44.8971
G1 F512.1 X119.038 Y113.47 E44.91056
G1 F495.2 X119.216 Y113.043 E44.93037
G1 F498.1 X119.437 Y112.795 E44.94451
G1 F504 X119.788 Y112.58 E44.96183
G1 F517.3 X120.095 Y112.506 E44.97477
G1 F522.6 X120.497 Y112.523 E44.9911
G1 X120.999 Y112.753 E45.0135
G1 F520.5 X121.231 Y112.976 E45.02662
G1 F513.1 X121.449 Y113.416 E45.04691
G1 F523.7 X121.477 Y113.859 E45.06488
G1 F513.1 X121.434 Y114.074 E45.07394
G1 F497.1 X121.244 Y114.48 E45.09306
G1 F496.2 X120.903 Y114.786 E45.11265
G1 F504 X120.626 Y114.932 E45.12582
G1 F518.3 X120.135 Y114.984 E45.14602
G1 X119.829 Y114.915 E45.15885
G1 F521.5 X119.571 Y114.789 E45.17053
G1 F522.6 X119.182 Y114.39 E45.19314
G1 F528 X118.987 Y113.791 E45.21844
M204 S1000
G1 F1500 E44.21844
;MESH:PCB_Spacers.stl(4)
G0 F9000 X120.117 Y118.197
M204 S2000
G1 F1500 E45.21844
G1 F510.1 X120.16 Y117.982 E45.22755
G1 F498.1 X120.35 Y117.576 E45.24664
G1 F499.1 X120.691 Y117.27 E45.2661
G1 F502 X120.988 Y117.12 E45.28016
G1 F514.2 X121.459 Y117.072 E45.29969
G1 F518.3 X121.765 Y117.141 E45.31252
G1 F523.7 X122.058 Y117.29 E45.32583
G1 F508 X122.305 Y117.525 E45.34006
G1 F494.2 X122.487 Y117.814 E45.35471
G1 F517.3 X122.607 Y118.264 E45.37381
G1 F540.3 X122.473 Y118.841 E45.39705
G1 F534.6 X122.216 Y119.213 E45.41499
G1 F522.6 X121.767 Y119.49 E45.43639
G1 F521.5 X121.499 Y119.55 E45.44756
G1 F522.6 X121.097 Y119.533 E45.46389
G1 F521.5 X120.595 Y119.303 E45.48634
G1 F515.2 X120.355 Y119.065 E45.50025
G1 F509 X120.145 Y118.64 E45.52
G1 F520.5 X120.117 Y118.197 E45.53808
M204 S1000
G1 F1500 E44.53808
;MESH:PCB_Spacers.stl(5)
G0 F9000 X116.741 Y121.055
M204 S2000
G1 F1500 E45.53808
G1 F521.5 X116.971 Y120.553 E45.56054
G1 F515.2 X117.209 Y120.313 E45.57445
G1 F509 X117.634 Y120.103 E45.5942
G1 F520.5 X118.077 Y120.075 E45.61228
G1 F510.1 X118.292 Y120.118 E45.6214
G1 F497.1 X118.698 Y120.308 E45.64052
G1 X119.004 Y120.649 E45.66006
G1 F505 X119.15 Y120.926 E45.67321
G1 F510.1 X119.201 Y121.283 E45.6882
G1 F504 X119.19 Y121.503 E45.69747
G1 F508 X119.09 Y121.832 E45.71183
G1 F517.3 X118.984 Y122.016 E45.72053
G1 F508 X118.749 Y122.263 E45.73476
G1 F495.2 X118.46 Y122.445 E45.74939
G1 F516.2 X118.009 Y122.565 E45.76856
G1 F511.1 X117.688 Y122.514 E45.78204
G1 F494.2 X117.261 Y122.336 E45.80189
G1 F498.1 X117.013 Y122.115 E45.81603
G1 F504 X116.798 Y121.764 E45.83335
G1 F517.3 X116.724 Y121.457 E45.8463
G1 F522.6 X116.741 Y121.055 E45.86262
M204 S1000
G1 F1500 E44.86262
;MESH:PCB_Spacers.stl
G0 F9000 X112.433 Y119.857
M204 S2000
G1 F1500 E45.86262
G1 F512.1 X112.484 Y119.536 E45.87608
G1 F495.2 X112.662 Y119.109 E45.89589
G1 F498.1 X112.883 Y118.861 E45.91003
G1 F504 X113.234 Y118.646 E45.92735
G1 F517.3 X113.541 Y118.572 E45.9403
G1 F522.6 X113.943 Y118.589 E45.95662
G1 X114.445 Y118.819 E45.97903
G1 F520.5 X114.677 Y119.042 E45.99214
G1 F513.1 X114.895 Y119.482 E46.01243
G1 F523.7 X114.923 Y119.925 E46.03041
G1 F513.1 X114.88 Y120.14 E46.03947
G1 F497.1 X114.69 Y120.546 E46.05859
G1 F496.2 X114.349 Y120.852 E46.07817
G1 F504 X114.072 Y120.998 E46.09135
G1 F518.3 X113.581 Y121.05 E46.11155
G1 X113.275 Y120.981 E46.12438
G1 F521.5 X113.017 Y120.855 E46.13605
G1 F522.6 X112.628 Y120.456 E46.15867
G1 F528 X112.433 Y119.857 E46.18396
M204 S1000
G1 F1500 E45.18396
;MESH:NONMESH
G0 F600 X112.433 Y119.857 Z5
G0 F9000 X111.577 Y119.302
G0 X111.809 Y114.214
G0 X112.671 Y113.594
;TIME_ELAPSED:169.757106
;LAYER:24
M204 S2000
;TYPE:WALL-OUTER
;MESH:PCB_Spacers.stl(1)
G1 F1500 E46.18396
G1 F516 X112.835 Y113.065 E46.20676
G1 F519.2 X113.222 Y112.656 E46.2298
G1 F516 X113.588 Y112.487 E46.24639
G1 F522.3 X114.026 Y112.458 E46.26424
G1 F511.9 X114.246 Y112.501 E46.27354
G1 F498.9 X114.652 Y112.69 E46.2926
G1 F510.9 X114.969 Y113.027 E46.31184
G1 F521.3 X115.152 Y113.562 E46.33488
G1 F522.3 X115.148 Y113.881 E46.34785
G1 F513.9 X115.045 Y114.216 E46.36233
G1 F515 X114.784 Y114.588 E46.38107
G1 F519.2 X114.429 Y114.83 E46.39865
G1 F526.7 X113.963 Y114.947 E46.41803
G1 F511.9 X113.642 Y114.897 E46.43151
G1 F496 X113.215 Y114.719 E46.45132
G1 F501.8 X112.967 Y114.498 E46.46538
G1 F506.8 X112.753 Y114.152 E46.48242
G1 F512.9 X112.671 Y113.594 E46.50578
M204 S1000
G1 F1500 E45.50578
;MESH:PCB_Spacers.stl(3)
G0 F9000 X115.814 Y116.98
M204 S2000
G1 F1500 E46.50578
G1 F516 X115.821 Y116.656 E46.51912
G1 F511.9 X115.93 Y116.303 E46.53445
G1 F507.8 X116.259 Y115.891 E46.5565
G1 X116.55 Y115.708 E46.57088
G1 F524.5 X117.003 Y115.595 E46.58978
G1 F535.5 X117.579 Y115.728 E46.61323
G1 F529.9 X117.953 Y115.987 E46.63146
G1 F512.9 X118.183 Y116.332 E46.64863
G1 F499.9 X118.255 Y116.54 E46.65798
G1 X118.295 Y116.877 E46.6724
G1 F495 X118.234 Y117.216 E46.68718
G1 F507.8 X118.108 Y117.511 E46.7006
G1 F524.5 X117.744 Y117.886 E46.72176
G1 F516 X117.378 Y118.055 E46.73835
G1 F522.3 X116.94 Y118.084 E46.7562
G1 F511.9 X116.72 Y118.041 E46.7655
G1 F498.9 X116.314 Y117.852 E46.78457
G1 F509.8 X115.99 Y117.506 E46.80432
G1 F517.1 X115.814 Y116.98 E46.8271
M204 S1000
G1 F1500 E45.8271
;MESH:PCB_Spacers.stl(2)
G0 F9000 X118.988 Y113.791
M204 S2000
G1 F1500 E46.8271
G1 F512.9 X119.038 Y113.47 E46.84055
G1 F496.9 X119.216 Y113.043 E46.86032
G1 F501.8 X119.437 Y112.795 E46.87438
G1 F506.8 X119.783 Y112.581 E46.89143
G1 F512.9 X120.341 Y112.499 E46.91479
G1 F508.8 X120.812 Y112.635 E46.93525
G1 F502.8 X121.237 Y112.992 E46.9587
G1 F505.8 X121.448 Y113.416 E46.97858
G1 F523.4 X121.477 Y113.854 E46.99639
G1 F513.9 X121.434 Y114.074 E47.00566
G1 F499.9 X121.245 Y114.48 E47.02469
G1 F510.9 X120.899 Y114.804 E47.04439
G1 F517.1 X120.373 Y114.98 E47.06718
G1 F516 X120.049 Y114.973 E47.08052
G1 F511.9 X119.696 Y114.864 E47.09584
G1 F507.8 X119.284 Y114.535 E47.1179
G1 X119.101 Y114.244 E47.13227
G1 F523.4 X118.988 Y113.791 E47.15122
M204 S1000
G1 F1500 E46.15122
;MESH:PCB_Spacers.stl(4)
G0 F9000 X120.117 Y118.202
M204 S2000
G1 F1500 E47.15122
G1 F522.3 X120.146 Y118.64 E47.16907
G1 F516 X120.315 Y119.006 E47.18566
G1 F521.3 X120.689 Y119.37 E47.20692
G1 F505.8 X120.986 Y119.497 E47.22049
G1 F496 X121.323 Y119.557 E47.23515
G1 F499.9 X121.662 Y119.517 E47.24965
G1 X121.869 Y119.445 E47.25896
G1 F512.9 X122.214 Y119.215 E47.27613
G1 F534.4 X122.473 Y118.841 E47.29421
G1 F516 X122.556 Y118.586 E47.30525
G1 F520.2 X122.604 Y118.22 E47.32032
G1 F535.5 X122.489 Y117.799 E47.33763
G1 F509.8 X122.164 Y117.372 E47.35999
G1 F505.8 X121.874 Y117.182 E47.37454
G1 F510.9 X121.545 Y117.083 E47.38883
G1 F516 X121.221 Y117.076 E47.40217
G1 F517.1 X120.695 Y117.252 E47.42495
G1 F509.8 X120.349 Y117.576 E47.4447
G1 F499.9 X120.16 Y117.982 E47.46372
G1 F512.9 X120.117 Y118.202 E47.47301
M204 S1000
G1 F1500 E46.47301
;MESH:PCB_Spacers.stl(5)
G0 F9000 X116.717 Y121.211
M204 S2000
G1 F1500 E47.47301
G1 F516 X116.881 Y120.682 E47.4958
G1 F519.2 X117.268 Y120.273 E47.51884
G1 F516 X117.634 Y120.104 E47.53543
G1 F522.3 X118.072 Y120.075 E47.55328
G1 F511.9 X118.292 Y120.118 E47.56258
G1 F498.9 X118.698 Y120.307 E47.58165
G1 F510.9 X119.015 Y120.644 E47.60088
G1 F521.3 X119.198 Y121.179 E47.62392
G1 F522.3 X119.194 Y121.498 E47.63689
G1 F513.9 X119.091 Y121.833 E47.65137
G1 F515 X118.83 Y122.205 E47.67012
G1 F519.2 X118.475 Y122.447 E47.68769
G1 F526.7 X118.009 Y122.564 E47.70707
G1 F511.9 X117.688 Y122.514 E47.72055
G1 F496 X117.261 Y122.336 E47.74036
G1 F501.8 X117.013 Y122.115 E47.75442
G1 F506.8 X116.799 Y121.769 E47.77147
G1 F512.9 X116.717 Y121.211 E47.79482
M204 S1000
G1 F1500 E46.79482
;MESH:PCB_Spacers.stl
G0 F9000 X112.434 Y119.857
M204 S2000
G1 F1500 E47.79482
G1 F512.9 X112.484 Y119.536 E47.80827
G1 F496.9 X112.662 Y119.109 E47.82805
G1 F501.8 X112.883 Y118.861 E47.8421
G1 F506.8 X113.229 Y118.647 E47.85915
G1 F512.9 X113.787 Y118.565 E47.88251
G1 F508.8 X114.258 Y118.701 E47.90297
G1 F502.8 X114.683 Y119.058 E47.92642
G1 F505.8 X114.894 Y119.482 E47.9463
G1 F523.4 X114.923 Y119.92 E47.96412
G1 F513.9 X114.88 Y120.14 E47.97338
G1 F499.9 X114.691 Y120.546 E47.99241
G1 F510.9 X114.345 Y120.87 E48.01212
G1 F517.1 X113.819 Y121.046 E48.0349
G1 F516 X113.495 Y121.039 E48.04824
G1 F511.9 X113.142 Y120.93 E48.06357
G1 F507.8 X112.73 Y120.601 E48.08562
G1 X112.547 Y120.31 E48.1
G1 F523.4 X112.434 Y119.857 E48.11894
M204 S1000
G1 F1500 E47.11894
;MESH:NONMESH
G0 F600 X112.434 Y119.857 Z5.2
G0 F9000 X111.577 Y119.302
G0 X111.809 Y114.214
G0 X112.667 Y113.664
;TIME_ELAPSED:176.803295
;LAYER:25
M204 S2000
;TYPE:WALL-OUTER
;MESH:PCB_Spacers.stl(1)
G1 F1500 E48.11894
G1 F498.9 X112.731 Y113.327 E48.13354
G1 F503.8 X112.833 Y113.069 E48.14524
G1 F515 X113.109 Y112.736 E48.16308
G1 F523.4 X113.355 Y112.585 E48.17479
G1 F527.8 X113.867 Y112.447 E48.19613
G1 F516 X114.249 Y112.491 E48.21196
G1 F504.8 X114.65 Y112.693 E48.23085
G1 F515 X114.917 Y112.959 E48.24639
G1 X115.102 Y113.331 E48.26353
G1 F502.8 X115.158 Y113.666 E48.27787
G1 F507.8 X115.143 Y113.886 E48.2871
G1 F508.8 X115.044 Y114.215 E48.30144
G1 F518.1 X114.932 Y114.409 E48.31062
G1 X114.709 Y114.653 E48.32417
G1 F498.9 X114.411 Y114.823 E48.33878
G1 F511.9 X113.963 Y114.948 E48.35808
G1 F535.5 X113.386 Y114.814 E48.38157
G1 F527.8 X113.047 Y114.588 E48.39797
G1 F523.4 X112.864 Y114.361 E48.4098
G1 F524.5 X112.685 Y113.886 E48.43035
G1 F515 X112.667 Y113.664 E48.43954
M204 S1000
G1 F1500 E47.43954
;MESH:PCB_Spacers.stl(3)
G0 F9000 X115.808 Y116.876
M204 S2000
G1 F1500 E48.43954
G1 F512.9 X115.881 Y116.431 E48.45821
G1 F522.4 X116.011 Y116.168 E48.47014
G1 F516 X116.257 Y115.889 E48.48545
G1 F498.9 X116.555 Y115.719 E48.50006
G1 F512.9 X117.002 Y115.594 E48.51928
G1 F515 X117.324 Y115.644 E48.53272
G1 F497.9 X117.751 Y115.823 E48.55247
G1 F505.8 X118.002 Y116.042 E48.56645
G1 F517.1 X118.124 Y116.217 E48.57522
G1 F526.7 X118.287 Y116.697 E48.59566
G1 F527.8 X118.29 Y116.988 E48.60737
G1 X118.11 Y117.508 E48.62952
G1 F524.5 X117.857 Y117.806 E48.64535
G1 F527.8 X117.611 Y117.957 E48.65696
G1 X117.099 Y118.095 E48.6783
G1 F516 X116.717 Y118.051 E48.69413
G1 F505.8 X116.316 Y117.849 E48.71299
G1 F501.8 X116.003 Y117.513 E48.73242
G1 F500.9 X115.864 Y117.211 E48.74652
G1 F501.8 X115.808 Y116.876 E48.76089
M204 S1000
G1 F1500 E47.76089
;MESH:PCB_Spacers.stl(2)
G0 F9000 X118.987 Y113.792
M204 S2000
G1 F1500 E48.76089
G1 F536.6 X119.121 Y113.214 E48.78438
G1 F527.8 X119.347 Y112.875 E48.80077
G1 F523.4 X119.574 Y112.692 E48.81261
G1 F524.5 X120.049 Y112.513 E48.83316
G1 F517.1 X120.271 Y112.495 E48.84231
G1 F500.9 X120.608 Y112.559 E48.85686
G1 F508.8 X120.901 Y112.684 E48.87015
G1 F524.5 X121.199 Y112.937 E48.88598
G1 F531 X121.35 Y113.183 E48.89753
G1 F521.3 X121.481 Y113.618 E48.91604
G1 F506.8 X121.444 Y114.077 E48.93534
G1 F523.4 X121.303 Y114.391 E48.9493
G1 F534.4 X120.976 Y114.745 E48.96846
G1 F515 X120.604 Y114.93 E48.98559
G1 F500.9 X120.269 Y114.986 E48.99999
G1 F511.9 X119.824 Y114.913 E49.01871
G1 F522.4 X119.561 Y114.783 E49.03063
G1 F516 X119.282 Y114.537 E49.04594
G1 F498.9 X119.112 Y114.239 E49.06055
G1 F512.9 X118.987 Y113.792 E49.07977
M204 S1000
G1 F1500 E48.07977
;MESH:PCB_Spacers.stl(4)
G0 F9000 X120.106 Y118.361
M204 S2000
G1 F1500 E49.07977
G1 F516 X120.15 Y117.979 E49.0956
G1 F505.8 X120.352 Y117.578 E49.11445
G1 F501.8 X120.688 Y117.265 E49.13389
G1 F500.9 X120.99 Y117.126 E49.14798
G1 F502.8 X121.325 Y117.07 E49.16233
G1 F507.8 X121.545 Y117.085 E49.17155
G1 F508.8 X121.874 Y117.184 E49.18589
G1 F518.1 X122.068 Y117.296 E49.19508
G1 F524.5 X122.354 Y117.576 E49.21129
G1 F504.8 X122.482 Y117.817 E49.22277
G1 F523.4 X122.604 Y118.198 E49.239
G1 F524.5 X122.556 Y118.586 E49.25483
G1 F496 X122.378 Y119.013 E49.27464
G1 F504.8 X122.159 Y119.264 E49.28866
G1 F501.8 X121.868 Y119.442 E49.30309
G1 F508.8 X121.545 Y119.543 E49.31722
G1 F516 X121.323 Y119.561 E49.32639
G1 F499.9 X120.986 Y119.497 E49.34096
G1 F503.8 X120.728 Y119.395 E49.35266
G1 F515 X120.395 Y119.119 E49.3705
G1 F523.4 X120.244 Y118.873 E49.38221
G1 F527.8 X120.106 Y118.361 E49.40355
M204 S1000
G1 F1500 E48.40355
;MESH:PCB_Spacers.stl(5)
G0 F9000 X116.713 Y121.281
M204 S2000
G1 F1500 E49.40355
G1 F498.9 X116.777 Y120.944 E49.41815
G1 F503.8 X116.879 Y120.686 E49.42985
G1 F515 X117.155 Y120.353 E49.44769
G1 F523.4 X117.401 Y120.202 E49.4594
G1 F527.8 X117.913 Y120.064 E49.48074
G1 F516 X118.295 Y120.108 E49.49657
G1 F504.8 X118.696 Y120.31 E49.51546
G1 F515 X118.963 Y120.576 E49.531
G1 X119.148 Y120.948 E49.54814
G1 F502.8 X119.204 Y121.283 E49.56248
G1 F507.8 X119.189 Y121.503 E49.57171
G1 F508.8 X119.09 Y121.832 E49.58605
G1 F518.1 X118.978 Y122.026 E49.59523
G1 X118.755 Y122.27 E49.60878
G1 F498.9 X118.457 Y122.44 E49.62339
G1 F511.9 X118.009 Y122.565 E49.64269
G1 F535.5 X117.432 Y122.431 E49.66618
G1 F527.8 X117.093 Y122.205 E49.68258
G1 F523.4 X116.91 Y121.978 E49.69441
G1 F524.5 X116.731 Y121.503 E49.71496
G1 F515 X116.713 Y121.281 E49.72415
M204 S1000
G1 F1500 E48.72415
;MESH:PCB_Spacers.stl
G0 F9000 X112.433 Y119.858
M204 S2000
G1 F1500 E49.72415
G1 F536.6 X112.567 Y119.28 E49.74763
G1 F527.8 X112.793 Y118.941 E49.76403
G1 F523.4 X113.02 Y118.758 E49.77586
G1 F524.5 X113.495 Y118.579 E49.79642
G1 F517.1 X113.717 Y118.561 E49.80557
G1 F500.9 X114.054 Y118.625 E49.82011
G1 F508.8 X114.347 Y118.75 E49.83341
G1 F524.5 X114.645 Y119.003 E49.84924
G1 F531 X114.796 Y119.249 E49.86078
G1 F521.3 X114.927 Y119.684 E49.87929
G1 F506.8 X114.89 Y120.143 E49.89859
G1 F523.4 X114.749 Y120.457 E49.91256
G1 F534.4 X114.422 Y120.811 E49.93171
G1 F515 X114.05 Y120.996 E49.94885
G1 F500.9 X113.715 Y121.052 E49.96325
G1 F511.9 X113.27 Y120.979 E49.98196
G1 F522.4 X113.007 Y120.849 E49.99389
G1 F516 X112.728 Y120.603 E50.0092
G1 F498.9 X112.558 Y120.305 E50.02381
G1 F512.9 X112.433 Y119.858 E50.04303
M204 S1000
G1 F1500 E49.04303
;MESH:NONMESH
G0 F600 X112.433 Y119.858 Z5.4
G0 F9000 X111.577 Y119.302
G0 X111.809 Y114.214
G0 X112.679 Y113.845
;TIME_ELAPSED:183.816763
;LAYER:26
M204 S2000
;TYPE:WALL-OUTER
;MESH:PCB_Spacers.stl(1)
G1 F1500 E50.04303
G1 F519.4 X112.716 Y113.341 E50.0637
G1 F517.3 X112.918 Y112.943 E50.08203
G1 F518.4 X113.183 Y112.679 E50.09737
G1 F506.1 X113.59 Y112.493 E50.11616
G1 F510.1 X113.862 Y112.447 E50.12765
G1 F519.4 X114.249 Y112.489 E50.14357
G1 F515.3 X114.654 Y112.688 E50.16218
G1 F522.6 X114.92 Y112.962 E50.17771
G1 F514.2 X115.101 Y113.331 E50.1947
G1 F504.1 X115.16 Y113.666 E50.20904
G1 F510.1 X115.044 Y114.215 E50.23241
G1 F518.4 X114.93 Y114.411 E50.24171
G1 F510.1 X114.704 Y114.646 E50.25529
G1 F498.2 X114.414 Y114.829 E50.26992
G1 F515.3 X113.963 Y114.944 E50.28911
G1 F519.4 X113.633 Y114.91 E50.30268
G1 F514.2 X113.163 Y114.688 E50.32416
G1 F509.1 X112.967 Y114.498 E50.33556
G1 F497.2 X112.787 Y114.209 E50.35011
G1 F510.1 X112.679 Y113.845 E50.36593
M204 S1000
G1 F1500 E49.36593
;MESH:PCB_Spacers.stl(3)
G0 F9000 X115.806 Y116.876
M204 S2000
G1 F1500 E50.36593
G1 F514.2 X115.885 Y116.423 E50.38493
G1 F522.6 X116.013 Y116.166 E50.39661
G1 F521.6 X116.374 Y115.807 E50.41735
G1 F510.1 X116.552 Y115.713 E50.42573
G1 F515.3 X117.003 Y115.598 E50.44493
G1 F522.6 X117.327 Y115.633 E50.45818
G1 F511.1 X117.752 Y115.821 E50.4775
G1 F505.1 X117.999 Y116.044 E50.4915
G1 F515.3 X118.122 Y116.213 E50.50012
G1 F526.9 X118.291 Y116.739 E50.5224
G1 F520.5 X118.25 Y117.201 E50.54134
G1 F522.6 X118.048 Y117.599 E50.55949
G1 F521.6 X117.783 Y117.863 E50.57473
G1 F525.9 X117.509 Y118.005 E50.5872
G1 F530.2 X117.104 Y118.095 E50.60383
G1 F518.4 X116.717 Y118.053 E50.61978
G1 F512.2 X116.306 Y117.852 E50.63877
G1 F507.1 X116.003 Y117.513 E50.65782
G1 F512.2 X115.837 Y117.122 E50.67545
G1 F513.2 X115.806 Y116.876 E50.68571
M204 S1000
G1 F1500 E49.68571
;MESH:PCB_Spacers.stl(2)
G0 F9000 X118.991 Y113.791
M204 S2000
G1 F1500 E50.68571
G1 F520.5 X119.025 Y113.461 E50.69926
G1 F514.2 X119.247 Y112.991 E50.72074
G1 F509.1 X119.437 Y112.795 E50.73213
G1 F497.2 X119.726 Y112.615 E50.74669
G1 F510.1 X120.09 Y112.507 E50.7625
G1 F519.4 X120.594 Y112.544 E50.78318
G1 F520.5 X120.992 Y112.746 E50.8014
G1 X121.24 Y112.99 E50.8156
G1 F524.8 X121.398 Y113.285 E50.82915
G1 F521.6 X121.482 Y113.618 E50.84315
G1 F513.2 X121.45 Y114.065 E50.8617
G1 F517.3 X121.247 Y114.482 E50.88075
G1 F522.6 X120.973 Y114.748 E50.89628
G1 F525.9 X120.515 Y114.957 E50.91663
G1 F513.2 X120.269 Y114.988 E50.92689
G1 F514.2 X119.816 Y114.909 E50.9459
G1 F522.6 X119.559 Y114.781 E50.95757
G1 F521.6 X119.2 Y114.42 E50.97831
G1 F510.1 X119.106 Y114.242 E50.9867
G1 F515.3 X118.991 Y113.791 E51.00589
M204 S1000
G1 F1500 E50.00589
;MESH:PCB_Spacers.stl(4)
G0 F9000 X120.106 Y118.366
M204 S2000
G1 F1500 E51.00589
G1 F518.4 X120.148 Y117.979 E51.02185
G1 F512.2 X120.349 Y117.568 E51.04084
G1 F507.1 X120.688 Y117.265 E51.05989
G1 F512.2 X121.079 Y117.099 E51.07751
G1 F515.3 X121.325 Y117.068 E51.08774
G1 F510.1 X121.874 Y117.184 E51.11112
G1 F518.4 X122.07 Y117.298 E51.12041
G1 F509.1 X122.305 Y117.524 E51.13402
G1 F496.2 X122.488 Y117.814 E51.1487
G1 F515.3 X122.603 Y118.265 E51.1679
G1 F522.6 X122.568 Y118.589 E51.18115
G1 F510.1 X122.38 Y119.014 E51.20051
G1 F504.1 X122.157 Y119.261 E51.21454
G1 F515.3 X121.988 Y119.384 E51.22316
G1 F511.1 X121.661 Y119.515 E51.23781
G1 F494.3 X121.323 Y119.553 E51.25243
G1 F502.1 X121 Y119.512 E51.26621
G1 F517.3 X120.602 Y119.31 E51.28454
G1 F518.4 X120.338 Y119.045 E51.29987
G1 F506.1 X120.152 Y118.638 E51.31867
G1 F510.1 X120.106 Y118.366 E51.33016
M204 S1000
G1 F1500 E50.33016
;MESH:PCB_Spacers.stl(5)
G0 F9000 X116.725 Y121.462
M204 S2000
G1 F1500 E51.33016
G1 F519.4 X116.762 Y120.958 E51.35083
G1 F517.3 X116.964 Y120.56 E51.36916
G1 F518.4 X117.229 Y120.296 E51.3845
G1 F506.1 X117.636 Y120.11 E51.40329
G1 F510.1 X117.908 Y120.064 E51.41478
G1 F519.4 X118.295 Y120.106 E51.43071
G1 F515.3 X118.7 Y120.305 E51.44932
G1 F522.6 X118.966 Y120.579 E51.46484
G1 F514.2 X119.147 Y120.948 E51.48183
G1 F504.1 X119.206 Y121.283 E51.49617
G1 F510.1 X119.09 Y121.832 E51.51954
G1 F518.4 X118.976 Y122.028 E51.52884
G1 F510.1 X118.75 Y122.263 E51.54242
G1 F498.2 X118.46 Y122.446 E51.55705
G1 F515.3 X118.009 Y122.561 E51.57624
G1 F519.4 X117.679 Y122.527 E51.58982
G1 F514.2 X117.209 Y122.305 E51.6113
G1 F509.1 X117.013 Y122.115 E51.62269
G1 F497.2 X116.833 Y121.826 E51.63724
G1 F510.1 X116.725 Y121.462 E51.65306
M204 S1000
G1 F1500 E50.65306
;MESH:PCB_Spacers.stl
G0 F9000 X112.437 Y119.857
M204 S2000
G1 F1500 E51.65306
G1 F520.5 X112.471 Y119.527 E51.6666
G1 F514.2 X112.693 Y119.057 E51.68808
G1 F509.1 X112.883 Y118.861 E51.69948
G1 F497.2 X113.172 Y118.681 E51.71403
G1 F510.1 X113.536 Y118.573 E51.72985
G1 F519.4 X114.04 Y118.61 E51.75052
G1 F520.5 X114.438 Y118.812 E51.76874
G1 X114.686 Y119.056 E51.78295
G1 F524.8 X114.844 Y119.351 E51.7965
G1 F521.6 X114.928 Y119.684 E51.81049
G1 F513.2 X114.896 Y120.131 E51.82905
G1 F517.3 X114.693 Y120.548 E51.8481
G1 F522.6 X114.419 Y120.814 E51.86363
G1 F525.9 X113.961 Y121.023 E51.88397
G1 F513.2 X113.715 Y121.054 E51.89424
G1 F514.2 X113.262 Y120.975 E51.91324
G1 F522.6 X113.005 Y120.847 E51.92492
G1 F521.6 X112.646 Y120.486 E51.94566
G1 F510.1 X112.552 Y120.308 E51.95404
G1 F515.3 X112.437 Y119.857 E51.97324
M204 S1000
G1 F1500 E50.97324
;MESH:NONMESH
G0 F600 X112.437 Y119.857 Z5.6
G0 F9000 X111.577 Y119.302
G0 X111.809 Y114.214
G0 X112.668 Y113.664
;TIME_ELAPSED:190.845872
;LAYER:27
M204 S2000
;TYPE:WALL-OUTER
;MESH:PCB_Spacers.stl(1)
G1 F1500 E51.97324
G1 F499.2 X112.731 Y113.327 E51.98784
G1 F504.1 X112.83 Y113.072 E51.99937
G1 F512.2 X113.163 Y112.696 E52.02021
G1 F511.1 X113.588 Y112.485 E52.03993
G1 F524.8 X114.014 Y112.457 E52.05722
G1 F512.2 X114.246 Y112.501 E52.06702
G1 F497.2 X114.651 Y112.692 E52.08616
G1 F520.5 X114.87 Y112.903 E52.09857
G1 F524.8 X115.108 Y113.329 E52.11833
G1 F516.3 X115.158 Y113.615 E52.13028
G1 F517.4 X115.146 Y113.886 E52.14143
G1 F512.2 X115.045 Y114.215 E52.15571
G1 F513.2 X114.854 Y114.516 E52.17047
G1 F517.4 X114.423 Y114.834 E52.19247
G1 F525.9 X113.963 Y114.946 E52.2116
G1 F530.2 X113.531 Y114.874 E52.22915
G1 F519.5 X113.213 Y114.723 E52.24356
G1 F514.2 X112.89 Y114.399 E52.26246
G1 F519.5 X112.689 Y113.916 E52.28386
G1 F514.2 X112.668 Y113.664 E52.29431
M204 S1000
G1 F1500 E51.29431
;MESH:PCB_Spacers.stl(3)
G0 F9000 X115.806 Y116.876
M204 S2000
G1 F1500 E52.29431
G1 F510.1 X115.819 Y116.648 E52.30383
G1 F512.2 X115.934 Y116.296 E52.31919
G1 F511.1 X116.112 Y116.026 E52.33264
G1 F512.2 X116.55 Y115.708 E52.3551
G1 F523.7 X117.001 Y115.596 E52.37395
G1 F518.4 X117.326 Y115.638 E52.38739
G1 F508.1 X117.756 Y115.822 E52.40695
G1 F502.1 X117.996 Y116.047 E52.42087
G1 F494.3 X118.18 Y116.333 E52.43549
G1 F511.1 X118.283 Y116.667 E52.45002
G1 F527 X118.29 Y116.983 E52.46277
G1 F516.3 X118.16 Y117.42 E52.48153
G1 F514.2 X117.832 Y117.828 E52.50317
G1 F518.4 X117.378 Y118.057 E52.52401
G1 F524.8 X116.952 Y118.085 E52.5413
G1 F532.4 X116.448 Y117.934 E52.5623
G1 F533.6 X116.123 Y117.669 E52.579
G1 F525.9 X115.858 Y117.213 E52.60031
G1 F512.2 X115.806 Y116.876 E52.61446
M204 S1000
G1 F1500 E51.61446
;MESH:PCB_Spacers.stl(2)
G0 F9000 X118.989 Y113.793
M204 S2000
G1 F1500 E52.61446
G1 F530.2 X119.061 Y113.359 E52.6321
G1 F519.5 X119.212 Y113.041 E52.6465
G1 F514.2 X119.536 Y112.718 E52.6654
G1 F519.5 X120.019 Y112.517 E52.68681
G1 F515.3 X120.271 Y112.496 E52.69723
G1 F508.1 X120.813 Y112.634 E52.72063
G1 F514.2 X121.221 Y112.962 E52.74226
G1 F517.4 X121.45 Y113.416 E52.76315
G1 F525.9 X121.478 Y113.842 E52.7804
G1 F514.2 X121.434 Y114.074 E52.79016
G1 F497.2 X121.243 Y114.479 E52.8093
G1 F520.5 X121.032 Y114.698 E52.82171
G1 F525.9 X120.606 Y114.936 E52.84143
G1 F510.1 X120.269 Y114.988 E52.85564
G1 F509.1 X120.041 Y114.975 E52.86517
G1 F512.2 X119.689 Y114.86 E52.88053
G1 F511.1 X119.419 Y114.682 E52.89398
G1 F512.2 X119.101 Y114.244 E52.91644
G1 F523.7 X118.989 Y113.793 E52.93529
M204 S1000
G1 F1500 E51.93529
;MESH:PCB_Spacers.stl(4)
G0 F9000 X120.116 Y118.214
M204 S2000
G1 F1500 E52.93529
G1 F532.4 X120.267 Y117.71 E52.95629
G1 F533.6 X120.532 Y117.385 E52.97299
G1 F525.9 X120.988 Y117.12 E52.99431
G1 F513.2 X121.325 Y117.068 E53.00843
G1 F512.2 X121.545 Y117.082 E53.01757
G1 X121.874 Y117.183 E53.03185
G1 F513.2 X122.175 Y117.374 E53.04662
G1 F517.4 X122.493 Y117.805 E53.06862
G1 F535.8 X122.602 Y118.211 E53.08529
G1 F528 X122.563 Y118.588 E53.10054
G1 F517.4 X122.408 Y118.977 E53.11774
G1 F511.1 X122.154 Y119.258 E53.13349
G1 F494.3 X121.868 Y119.442 E53.14811
G1 F508.1 X121.575 Y119.539 E53.16102
G1 F514.2 X121.323 Y119.56 E53.17147
G1 F499.2 X120.986 Y119.497 E53.18607
G1 F504.1 X120.731 Y119.398 E53.1976
G1 F512.2 X120.355 Y119.065 E53.21844
G1 F511.1 X120.144 Y118.64 E53.23816
G1 F524.8 X120.116 Y118.214 E53.25545
M204 S1000
G1 F1500 E52.25545
;MESH:PCB_Spacers.stl(5)
G0 F9000 X116.714 Y121.281
M204 S2000
G1 F1500 E53.25545
G1 F499.2 X116.777 Y120.944 E53.27005
G1 F504.1 X116.876 Y120.689 E53.28158
G1 F512.2 X117.209 Y120.313 E53.30242
G1 F511.1 X117.634 Y120.102 E53.32215
G1 F524.8 X118.06 Y120.074 E53.33943
G1 F512.2 X118.292 Y120.118 E53.34923
G1 F497.2 X118.697 Y120.309 E53.36837
G1 F520.5 X118.916 Y120.52 E53.38079
G1 F524.8 X119.154 Y120.946 E53.40055
G1 F516.3 X119.204 Y121.232 E53.4125
G1 F517.4 X119.192 Y121.503 E53.42364
G1 F512.2 X119.091 Y121.832 E53.43792
G1 F513.2 X118.9 Y122.133 E53.45268
G1 F517.4 X118.469 Y122.451 E53.47468
G1 F525.9 X118.009 Y122.563 E53.49381
G1 F530.2 X117.577 Y122.491 E53.51137
G1 F519.5 X117.259 Y122.34 E53.52577
G1 F514.2 X116.936 Y122.016 E53.54467
G1 F519.5 X116.735 Y121.533 E53.56608
G1 F514.2 X116.714 Y121.281 E53.57653
M204 S1000
G1 F1500 E52.57653
;MESH:PCB_Spacers.stl
G0 F9000 X112.435 Y119.859
M204 S2000
G1 F1500 E53.57653
G1 F530.2 X112.507 Y119.425 E53.59416
G1 F519.5 X112.658 Y119.107 E53.60856
G1 F514.2 X112.982 Y118.784 E53.62747
G1 F519.5 X113.465 Y118.583 E53.64887
G1 F515.3 X113.717 Y118.562 E53.6593
G1 F508.1 X114.259 Y118.7 E53.68269
G1 F514.2 X114.667 Y119.028 E53.70432
G1 F517.4 X114.896 Y119.482 E53.72521
G1 F525.9 X114.924 Y119.908 E53.74246
G1 F514.2 X114.88 Y120.14 E53.75222
G1 F497.2 X114.689 Y120.545 E53.77136
G1 F520.5 X114.478 Y120.764 E53.78377
G1 F525.9 X114.052 Y121.002 E53.80349
G1 F510.1 X113.715 Y121.054 E53.8177
G1 F509.1 X113.487 Y121.041 E53.82723
G1 F512.2 X113.135 Y120.926 E53.8426
G1 F511.1 X112.865 Y120.748 E53.85604
G1 F512.2 X112.547 Y120.31 E53.8785
G1 F523.7 X112.435 Y119.859 E53.89736
M204 S1000
G1 F1500 E52.89736
;MESH:NONMESH
G0 F600 X112.435 Y119.859 Z5.8
G0 F9000 X111.577 Y119.302
G0 X111.809 Y114.214
G0 X112.675 Y113.664
;TIME_ELAPSED:197.856744
;LAYER:28
M204 S2000
;TYPE:WALL-OUTER
;MESH:PCB_Spacers.stl(1)
G1 F1500 E53.89736
G1 F503.1 X112.725 Y113.304 E53.91271
G1 F517.4 X112.914 Y112.949 E53.92923
G1 F506.1 X113.167 Y112.703 E53.94405
G1 F511.1 X113.344 Y112.591 E53.95275
G1 F527 X113.838 Y112.446 E53.97352
G1 F516.3 X114.249 Y112.49 E53.99053
G1 F506.1 X114.65 Y112.693 E54.0094
G1 F504.1 X114.966 Y113.027 E54.02879
G1 F517.4 X115.154 Y113.58 E54.05278
G1 F514.2 X115.141 Y113.885 E54.06539
G1 F507.1 X115.045 Y114.215 E54.0798
G1 F515.3 X114.774 Y114.597 E54.09911
G1 F511.1 X114.414 Y114.829 E54.11692
G1 F517.4 X113.963 Y114.946 E54.13606
G1 F530.2 X113.53 Y114.874 E54.15365
G1 F518.4 X113.213 Y114.721 E54.16808
G1 F501.1 X112.971 Y114.495 E54.18212
G1 F506.1 X112.818 Y114.287 E54.19296
G1 F510.1 X112.71 Y114.003 E54.20562
G1 F498.2 X112.675 Y113.664 E54.22016
M204 S1000
G1 F1500 E53.22016
;MESH:PCB_Spacers.stl(3)
G0 F9000 X115.806 Y116.896
M204 S2000
G1 F1500 E54.22016
G1 F516.3 X115.845 Y116.549 E54.23453
G1 F515.3 X115.921 Y116.327 E54.24421
G1 F512.2 X116.192 Y115.945 E54.26364
G1 F508.1 X116.552 Y115.713 E54.28155
G1 F518.4 X117.003 Y115.596 E54.30065
G1 F519.5 X117.326 Y115.638 E54.31398
G1 F506.1 X117.753 Y115.821 E54.33349
G1 F499.2 X117.995 Y116.047 E54.34758
G1 F507.1 X118.17 Y116.291 E54.36017
G1 F525.9 X118.291 Y116.735 E54.37876
G1 F521.6 X118.247 Y117.218 E54.39852
G1 F522.6 X118.052 Y117.593 E54.41571
G1 F511.1 X117.799 Y117.839 E54.43038
G1 F513.2 X117.622 Y117.951 E54.43906
G1 F527 X117.128 Y118.096 E54.45982
G1 F515.3 X116.707 Y118.051 E54.47728
G1 F517.4 X116.246 Y117.795 E54.49894
G1 F519.5 X115.98 Y117.487 E54.51559
G1 F502.1 X115.869 Y117.21 E54.52822
G1 F501.1 X115.806 Y116.896 E54.5418
M204 S1000
G1 F1500 E53.5418
;MESH:PCB_Spacers.stl(2)
G0 F9000 X118.989 Y113.791
M204 S2000
G1 F1500 E54.5418
G1 F530.2 X119.061 Y113.358 E54.55939
G1 F518.4 X119.214 Y113.041 E54.57382
G1 F501.1 X119.44 Y112.799 E54.58786
G1 F506.1 X119.648 Y112.646 E54.59871
G1 F510.1 X119.932 Y112.538 E54.61136
G1 F498.2 X120.271 Y112.503 E54.6259
G1 F505.1 X120.611 Y112.547 E54.64032
G1 F522.6 X120.986 Y112.742 E54.65751
G1 F511.1 X121.232 Y112.995 E54.67218
G1 F515.3 X121.344 Y113.172 E54.68082
G1 F524.8 X121.485 Y113.619 E54.6998
G1 F512.2 X121.445 Y114.077 E54.71888
G1 F507.1 X121.242 Y114.478 E54.73771
G1 F508.1 X120.88 Y114.814 E54.75837
G1 F503.1 X120.603 Y114.925 E54.77097
G1 F502.1 X120.289 Y114.988 E54.78453
G1 F516.3 X119.942 Y114.949 E54.7989
G1 F515.3 X119.72 Y114.873 E54.80858
G1 F512.2 X119.338 Y114.602 E54.82801
G1 F508.1 X119.106 Y114.242 E54.84592
G1 F517.4 X118.989 Y113.791 E54.86506
M204 S1000
G1 F1500 E53.86506
;MESH:PCB_Spacers.stl(4)
G0 F9000 X120.105 Y118.39
M204 S2000
G1 F1500 E54.86506
G1 F515.3 X120.15 Y117.969 E54.88252
G1 F517.4 X120.406 Y117.508 E54.90418
G1 F519.5 X120.714 Y117.242 E54.92083
G1 F502.1 X120.991 Y117.131 E54.93346
G1 F501.1 X121.305 Y117.068 E54.94704
G1 F516.3 X121.652 Y117.107 E54.96142
G1 F515.3 X121.874 Y117.183 E54.97109
G1 X122.256 Y117.454 E54.99041
G1 F510.1 X122.488 Y117.814 E55.00825
G1 F517.4 X122.605 Y118.264 E55.02735
G1 F519.5 X122.563 Y118.588 E55.04072
G1 F506.1 X122.38 Y119.015 E55.06022
G1 F499.2 X122.154 Y119.257 E55.07432
G1 F507.1 X121.91 Y119.432 E55.0869
G1 F524.8 X121.508 Y119.549 E55.10386
G1 F518.4 X120.963 Y119.503 E55.12628
G1 F517.4 X120.608 Y119.314 E55.1428
G1 F506.1 X120.362 Y119.061 E55.15762
G1 F511.1 X120.25 Y118.884 E55.16633
G1 F527 X120.105 Y118.39 E55.18709
M204 S1000
G1 F1500 E54.18709
;MESH:PCB_Spacers.stl(5)
G0 F9000 X116.721 Y121.281
M204 S2000
G1 F1500 E55.18709
G1 F503.1 X116.771 Y120.921 E55.20244
G1 F517.4 X116.96 Y120.566 E55.21896
G1 F506.1 X117.213 Y120.32 E55.23378
G1 F511.1 X117.39 Y120.208 E55.24249
G1 F527 X117.884 Y120.063 E55.26325
G1 F516.3 X118.295 Y120.107 E55.28026
G1 F506.1 X118.696 Y120.31 E55.29914
G1 F504.1 X119.012 Y120.644 E55.31852
G1 F517.4 X119.2 Y121.197 E55.34251
G1 F514.2 X119.187 Y121.502 E55.35513
G1 F507.1 X119.091 Y121.832 E55.36953
G1 F515.3 X118.82 Y122.214 E55.38885
G1 F511.1 X118.46 Y122.446 E55.40665
G1 F517.4 X118.009 Y122.563 E55.42579
G1 F530.2 X117.576 Y122.491 E55.44338
G1 F518.4 X117.259 Y122.338 E55.45781
G1 F501.1 X117.017 Y122.112 E55.47185
G1 F506.1 X116.864 Y121.904 E55.4827
G1 F510.1 X116.756 Y121.62 E55.49535
G1 F498.2 X116.721 Y121.281 E55.50989
M204 S1000
G1 F1500 E54.50989
;MESH:PCB_Spacers.stl
G0 F9000 X112.435 Y119.857
M204 S2000
G1 F1500 E55.50989
G1 F530.2 X112.507 Y119.424 E55.52748
G1 F518.4 X112.66 Y119.107 E55.54191
G1 F501.1 X112.886 Y118.865 E55.55595
G1 F506.1 X113.094 Y118.712 E55.5668
G1 F510.1 X113.378 Y118.604 E55.57945
G1 F498.2 X113.717 Y118.569 E55.59399
G1 F505.1 X114.057 Y118.613 E55.60842
G1 F522.6 X114.432 Y118.808 E55.6256
G1 F511.1 X114.678 Y119.061 E55.64027
G1 F515.3 X114.79 Y119.238 E55.64891
G1 F524.8 X114.931 Y119.685 E55.66789
G1 F512.2 X114.891 Y120.143 E55.68697
G1 F507.1 X114.688 Y120.544 E55.7058
G1 F508.1 X114.326 Y120.88 E55.72646
G1 F503.1 X114.049 Y120.991 E55.73907
G1 F502.1 X113.735 Y121.054 E55.75262
G1 F516.3 X113.388 Y121.015 E55.76699
G1 F515.3 X113.166 Y120.939 E55.77667
G1 F512.2 X112.784 Y120.668 E55.7961
G1 F508.1 X112.552 Y120.308 E55.81402
G1 F517.4 X112.435 Y119.857 E55.83315
M204 S1000
G1 F1500 E54.83315
;MESH:NONMESH
G0 F600 X112.435 Y119.857 Z6
G0 F9000 X111.577 Y119.302
G0 X111.809 Y114.214
G0 X112.68 Y113.857
;TIME_ELAPSED:204.900693
;LAYER:29
M204 S2000
;TYPE:WALL-OUTER
;MESH:PCB_Spacers.stl(1)
G1 F1500 E55.83315
G1 F513.9 X112.724 Y113.325 E55.85521
G1 F509.8 X112.826 Y113.079 E55.86631
G1 F513.9 X113.013 Y112.823 E55.87941
G1 F523.4 X113.339 Y112.593 E55.8956
G1 F525.5 X113.588 Y112.485 E55.90657
G1 F502.8 X113.79 Y112.46 E55.91516
G1 F497.9 X114.248 Y112.495 E55.93476
G1 F506.8 X114.653 Y112.689 E55.95358
G1 F508.8 X114.966 Y113.027 E55.97281
G1 F518.1 X115.139 Y113.47 E55.9923
G1 F520.2 X115.146 Y113.886 E56.00929
G1 F518.1 X115.065 Y114.168 E56.02132
G1 F509.8 X114.854 Y114.503 E56.03781
G1 F500.8 X114.708 Y114.652 E56.04666
G1 F508.8 X114.416 Y114.834 E56.06102
G1 F523.4 X113.963 Y114.947 E56.07996
G1 F534.3 X113.39 Y114.816 E56.10332
G1 F528.8 X113.051 Y114.59 E56.11969
G1 F524.5 X112.871 Y114.373 E56.1311
G1 F525.5 X112.68 Y113.857 E56.15334
M204 S1000
G1 F1500 E55.15334
;MESH:PCB_Spacers.stl(3)
G0 F9000 X115.816 Y116.68
M204 S2000
G1 F1500 E56.15334
G1 F507.8 X115.923 Y116.328 E56.16873
G1 F503.8 X116.258 Y115.89 E56.19197
G1 F509.8 X116.55 Y115.708 E56.20631
G1 F525.5 X117.003 Y115.595 E56.22517
G1 F513.9 X117.324 Y115.644 E56.23859
G1 F497.9 X117.751 Y115.823 E56.25834
G1 F505.8 X118.002 Y116.042 E56.27233
G1 F518.1 X118.117 Y116.204 E56.28047
G1 F527.7 X118.286 Y116.685 E56.30099
G1 X118.274 Y117.088 E56.31722
G1 F518.1 X118.161 Y117.42 E56.33159
G1 F511.8 X117.962 Y117.708 E56.34612
G1 F507.8 X117.801 Y117.843 E56.35491
G1 F510.8 X117.391 Y118.054 E56.37408
G1 F504.8 X117.176 Y118.082 E56.3832
G1 F495.9 X116.718 Y118.047 E56.40287
G1 F516 X116.464 Y117.942 E56.41418
G1 F527.7 X116.24 Y117.791 E56.42505
G1 F521.2 X115.977 Y117.481 E56.44162
G1 F520.2 X115.827 Y117.072 E56.4594
G1 F518.1 X115.816 Y116.68 E56.47548
M204 S1000
G1 F1500 E55.47548
;MESH:PCB_Spacers.stl(2)
G0 F9000 X118.988 Y113.791
M204 S2000
G1 F1500 E56.47548
G1 F534.3 X119.119 Y113.218 E56.49884
G1 F528.8 X119.345 Y112.879 E56.5152
G1 F524.5 X119.562 Y112.699 E56.52662
G1 F525.5 X120.078 Y112.508 E56.54886
G1 X120.481 Y112.52 E56.56515
G1 F516 X120.813 Y112.633 E56.57958
G1 F509.8 X121.101 Y112.832 E56.59417
G1 F506.8 X121.236 Y112.993 E56.60297
G1 F510.8 X121.447 Y113.403 E56.62214
G1 F526.6 X121.463 Y113.978 E56.64534
G1 F521.2 X121.246 Y114.481 E56.66766
G1 F513.9 X120.874 Y114.817 E56.68838
G1 F520.2 X120.465 Y114.967 E56.70616
G1 F518.1 X120.073 Y114.978 E56.72224
G1 F508.8 X119.721 Y114.871 E56.73759
G1 F504.8 X119.283 Y114.536 E56.76079
G1 F509.8 X119.101 Y114.244 E56.77513
G1 F524.5 X118.988 Y113.791 E56.79403
M204 S1000
G1 F1500 E55.79403
;MESH:PCB_Spacers.stl(4)
G0 F9000 X120.119 Y118.438
M204 S2000
G1 F1500 E56.79403
G1 F495.9 X120.154 Y117.98 E56.8137
G1 F516 X120.259 Y117.726 E56.82502
G1 F527.7 X120.41 Y117.502 E56.83589
G1 F521.2 X120.72 Y117.239 E56.85245
G1 F520.2 X121.129 Y117.089 E56.87024
G1 F518.1 X121.521 Y117.078 E56.88631
G1 F508.8 X121.873 Y117.185 E56.90167
G1 F504.8 X122.311 Y117.52 E56.92487
G1 F508.8 X122.493 Y117.812 E56.93923
G1 F532.1 X122.604 Y118.219 E56.95607
G1 F521.2 X122.557 Y118.586 E56.97115
G1 F496.9 X122.378 Y119.013 E56.99093
G1 F504.8 X122.159 Y119.264 E57.00495
G1 F518.1 X121.997 Y119.379 E57.01309
G1 F511.8 X121.661 Y119.516 E57.02815
G1 F497.9 X121.323 Y119.556 E57.04267
G1 F501.8 X120.984 Y119.504 E57.05718
G1 F510.8 X120.738 Y119.402 E57.06825
G1 F513.9 X120.482 Y119.215 E57.08136
G1 F523.4 X120.252 Y118.889 E57.09754
G1 F525.5 X120.144 Y118.64 E57.10851
G1 F501.8 X120.119 Y118.438 E57.11713
M204 S1000
G1 F1500 E56.11713
;MESH:PCB_Spacers.stl(5)
G0 F9000 X116.726 Y121.474
M204 S2000
G1 F1500 E57.11713
G1 F513.9 X116.77 Y120.942 E57.13919
G1 F509.8 X116.872 Y120.696 E57.15028
G1 F513.9 X117.059 Y120.44 E57.16338
G1 F523.4 X117.385 Y120.21 E57.17957
G1 F525.5 X117.634 Y120.102 E57.19054
G1 F502.8 X117.836 Y120.077 E57.19914
G1 F497.9 X118.294 Y120.112 E57.21873
G1 F506.8 X118.699 Y120.306 E57.23755
G1 F508.8 X119.012 Y120.644 E57.25678
G1 F518.1 X119.185 Y121.087 E57.27628
G1 F520.2 X119.192 Y121.503 E57.29326
G1 F518.1 X119.111 Y121.785 E57.30529
G1 F509.8 X118.9 Y122.12 E57.32178
G1 F500.8 X118.754 Y122.269 E57.33063
G1 F508.8 X118.462 Y122.451 E57.34499
G1 F523.4 X118.009 Y122.564 E57.36394
G1 F534.3 X117.436 Y122.433 E57.3873
G1 F528.8 X117.097 Y122.207 E57.40366
G1 F524.5 X116.917 Y121.99 E57.41508
G1 F525.5 X116.726 Y121.474 E57.43731
M204 S1000
G1 F1500 E56.43731
;MESH:PCB_Spacers.stl
G0 F9000 X112.434 Y119.857
M204 S2000
G1 F1500 E57.43731
G1 F534.3 X112.565 Y119.284 E57.46067
G1 F528.8 X112.791 Y118.945 E57.47704
G1 F524.5 X113.008 Y118.765 E57.48845
G1 F525.5 X113.524 Y118.574 E57.51069
G1 X113.927 Y118.586 E57.52698
G1 F516 X114.259 Y118.699 E57.54142
G1 F509.8 X114.547 Y118.898 E57.556
G1 F506.8 X114.682 Y119.059 E57.5648
G1 F510.8 X114.893 Y119.469 E57.58398
G1 F526.6 X114.909 Y120.044 E57.60717
G1 F521.2 X114.692 Y120.547 E57.62949
G1 F513.9 X114.32 Y120.883 E57.65021
G1 F520.2 X113.911 Y121.033 E57.66799
G1 F518.1 X113.519 Y121.044 E57.68407
G1 F508.8 X113.167 Y120.937 E57.69943
G1 F504.8 X112.729 Y120.602 E57.72263
G1 F509.8 X112.547 Y120.31 E57.73696
G1 F524.5 X112.434 Y119.857 E57.75587
;TIME_ELAPSED:211.557722
G1 F1500 E56.75587
M140 S0
M204 S1000
M107
G91 ;Relative positionning
G1 E-2 F2700 ;Retract a bit
G1 E-8 X5 Y5 Z3 F3000 ;Retract
G90 ;Absolute positionning
G1 X0 Y235 ;Present print
M106 S0 ;Turn-off fan
M104 S0 ;Turn-off hotend
M140 S0 ;Turn-off bed
M84 X Y E ;Disable all steppers but Z
M82 ;absolute extrusion mode
M104 S0
;End of Gcode
;SETTING_3 {"global_quality": "[general]\\nversion = 4\\nname = Fast #2\\ndefini
;SETTING_3 tion = elegoo_neptune_3pro\\n\\n[metadata]\\ntype = quality_changes\\
;SETTING_3 nquality_type = Elegoo_layer_020\\nsetting_version = 22\\n\\n[values]
;SETTING_3 \\nadhesion_type = none\\nmaterial_bed_temperature = 65\\nmaterial_be
;SETTING_3 d_temperature_layer_0 = 70\\nsupport_enable = True\\nsupport_structur
;SETTING_3 e = normal\\nsupport_type = buildplate\\n\\n", "extruder_quality": ["
;SETTING_3 [general]\\nversion = 4\\nname = Fast #2\\ndefinition = elegoo_neptun
;SETTING_3 e_3pro\\n\\n[metadata]\\ntype = quality_changes\\nquality_type = Eleg
;SETTING_3 oo_layer_020\\nintent_category = default\\nposition = 0\\nsetting_ver
;SETTING_3 sion = 22\\n\\n[values]\\ninfill_pattern = gyroid\\ninfill_sparse_den
;SETTING_3 sity = 5\\nmaterial_print_temperature = 215.0\\nsupport_infill_rate =
;SETTING_3  30\\n\\n"]}
