;FLAVOR:Marlin
;TIME:545
;Filament used: 0.602514m
;Layer height: 0.2
;MINX:70.46
;MINY:114.71
;MINZ:0.2
;MAXX:164.54
;MAXY:120.29
;MAXZ:4
;TARGET_MACHINE.NAME:ELEGOO NEPTUNE 3 Pro
;Generated with Cura_SteamEngine 5.5.0
M140 S70
M105
M190 S70
M104 S215
M105
M109 S215
M82 ;absolute extrusion mode
;ELEGOO NEPTUNE 3 Pro
M220 S100 ;Set the feed speed to 100%
M221 S100 ;Set the flow rate to 100%
G90
G28 ;home
;M420 S1 Z10;Uncomment to enable progressive compensation height of 10mm
G92 E0 ;Reset Extruder
G1 Z0.45 F300
G1 X1.5 Y20 F5000.0 ;Move to start position
G1 Y120.0 F600.0 E15 ;Draw the first line
G1 X0.5 F1000.0 ;Move to side a little
G1 Y20 F600 E30 ;Draw the second line
G92 E0 ;Reset Extruder
G92 E0
G92 E0
G1 F1500 E-1
;LAYER_COUNT:20
;LAYER:0
M107
M204 S500
;MESH:Screen_Support.stl
G0 F6000 X71.069 Y119.681 Z0.2
;TYPE:WALL-INNER
G1 F1500 E0
G1 F1800 X163.931 Y119.681 E4.21594
G1 X163.931 Y115.319 E4.41398
G1 X71.069 Y115.319 E8.62992
G1 X71.069 Y119.681 E8.82796
G0 F6000 X70.523 Y120.227
;TYPE:WALL-OUTER
G1 F1800 X164.477 Y120.227 E13.09348
G1 X164.477 Y114.773 E13.34109
G1 X70.523 Y114.773 E17.60661
G1 X70.523 Y120.227 E17.85422
G0 F6000 X70.723 Y120.227
G0 X71.13 Y119.62
G0 X71.531 Y119.219
;TYPE:SKIN
G1 F1800 X71.531 Y115.781 E18.0103
G1 X163.469 Y115.781 E22.1843
G1 X163.469 Y119.219 E22.34038
G1 X71.531 Y119.219 E26.51438
G0 F6000 X71.158 Y119.219
G0 X72.615 Y119.592
G0 X72.615 Y118.945
G1 F1800 X71.803 Y118.133 E26.56651
G0 F6000 X71.803 Y117.361
G1 F1800 X73.387 Y118.945 E26.66821
G0 F6000 X74.159 Y118.945
G1 F1800 X71.803 Y116.589 E26.81948
G0 F6000 X72.04 Y116.053
G1 F1800 X74.932 Y118.945 E27.00516
G0 F6000 X75.704 Y118.945
G1 F1800 X72.812 Y116.053 E27.19084
G0 F6000 X73.585 Y116.053
G1 F1800 X76.476 Y118.945 E27.37649
G0 F6000 X77.248 Y118.945
G1 F1800 X74.357 Y116.053 E27.56214
G0 F6000 X75.129 Y116.053
G1 F1800 X78.02 Y118.945 E27.74779
G0 F6000 X78.792 Y118.945
G1 F1800 X75.901 Y116.053 E27.93344
G0 F6000 X76.673 Y116.053
G1 F1800 X79.565 Y118.945 E28.11913
G0 F6000 X80.337 Y118.945
G1 F1800 X77.445 Y116.053 E28.30481
G0 F6000 X78.218 Y116.053
G1 F1800 X81.109 Y118.945 E28.49046
G0 F6000 X81.881 Y118.945
G1 F1800 X78.99 Y116.053 E28.67611
G0 F6000 X79.762 Y116.053
G1 F1800 X82.653 Y118.945 E28.86176
G0 F6000 X83.425 Y118.945
G1 F1800 X80.534 Y116.053 E29.04741
G0 F6000 X81.306 Y116.053
G1 F1800 X84.198 Y118.945 E29.23309
G0 F6000 X84.97 Y118.945
G1 F1800 X82.078 Y116.053 E29.41877
G0 F6000 X82.85 Y116.053
G1 F1800 X85.742 Y118.945 E29.60445
G0 F6000 X86.514 Y118.945
G1 F1800 X83.623 Y116.053 E29.7901
G0 F6000 X84.395 Y116.053
G1 F1800 X87.286 Y118.945 E29.97575
G0 F6000 X88.058 Y118.945
G1 F1800 X85.167 Y116.053 E30.1614
G0 F6000 X85.939 Y116.053
G1 F1800 X88.83 Y118.945 E30.34705
G0 F6000 X89.603 Y118.945
G1 F1800 X86.711 Y116.053 E30.53274
G0 F6000 X87.483 Y116.053
G1 F1800 X90.375 Y118.945 E30.71842
G0 F6000 X91.147 Y118.945
G1 F1800 X88.256 Y116.053 E30.90407
G0 F6000 X89.028 Y116.053
G1 F1800 X91.919 Y118.945 E31.08972
G0 F6000 X92.691 Y118.945
G1 F1800 X89.8 Y116.053 E31.27537
G0 F6000 X90.572 Y116.053
G1 F1800 X93.463 Y118.945 E31.46102
G0 F6000 X94.236 Y118.945
G1 F1800 X91.344 Y116.053 E31.6467
G0 F6000 X92.116 Y116.053
G1 F1800 X95.008 Y118.945 E31.83238
G0 F6000 X95.78 Y118.945
G1 F1800 X92.889 Y116.053 E32.01803
G0 F6000 X93.661 Y116.053
G1 F1800 X96.552 Y118.945 E32.20368
G0 F6000 X97.324 Y118.945
G1 F1800 X94.433 Y116.053 E32.38933
G0 F6000 X95.205 Y116.053
G1 F1800 X98.096 Y118.945 E32.57498
G0 F6000 X98.869 Y118.945
G1 F1800 X95.977 Y116.053 E32.76066
G0 F6000 X96.749 Y116.053
G1 F1800 X99.641 Y118.945 E32.94635
G0 F6000 X100.413 Y118.945
G1 F1800 X97.522 Y116.053 E33.132
G0 F6000 X98.294 Y116.053
G1 F1800 X101.185 Y118.945 E33.31765
G0 F6000 X101.957 Y118.945
G1 F1800 X99.066 Y116.053 E33.5033
G0 F6000 X99.838 Y116.053
G1 F1800 X102.729 Y118.945 E33.68895
G0 F6000 X103.502 Y118.945
G1 F1800 X100.61 Y116.053 E33.87463
G0 F6000 X101.382 Y116.053
G1 F1800 X104.274 Y118.945 E34.06031
G0 F6000 X105.046 Y118.945
G1 F1800 X102.155 Y116.053 E34.24596
G0 F6000 X102.927 Y116.053
G1 F1800 X105.818 Y118.945 E34.43161
G0 F6000 X106.59 Y118.945
G1 F1800 X103.699 Y116.053 E34.61726
G0 F6000 X104.471 Y116.053
G1 F1800 X107.362 Y118.945 E34.80291
G0 F6000 X108.135 Y118.945
G1 F1800 X105.243 Y116.053 E34.98859
G0 F6000 X106.015 Y116.053
G1 F1800 X108.907 Y118.945 E35.17427
G0 F6000 X109.679 Y118.945
G1 F1800 X106.787 Y116.053 E35.35996
G0 F6000 X107.56 Y116.053
G1 F1800 X110.451 Y118.945 E35.54561
G0 F6000 X111.223 Y118.945
G1 F1800 X108.332 Y116.053 E35.73126
G0 F6000 X109.104 Y116.053
G1 F1800 X111.995 Y118.945 E35.91691
G0 F6000 X112.767 Y118.945
G1 F1800 X109.876 Y116.053 E36.10256
G0 F6000 X110.648 Y116.053
G1 F1800 X113.54 Y118.945 E36.28824
G0 F6000 X114.312 Y118.945
G1 F1800 X111.42 Y116.053 E36.47392
G0 F6000 X112.193 Y116.053
G1 F1800 X115.084 Y118.945 E36.65957
G0 F6000 X115.856 Y118.945
G1 F1800 X112.965 Y116.053 E36.84522
G0 F6000 X113.737 Y116.053
G1 F1800 X116.628 Y118.945 E37.03087
G0 F6000 X117.4 Y118.945
G1 F1800 X114.509 Y116.053 E37.21652
G0 F6000 X115.281 Y116.053
G1 F1800 X118.173 Y118.945 E37.4022
G0 F6000 X118.945 Y118.945
G1 F1800 X116.053 Y116.053 E37.58788
G0 F6000 X116.826 Y116.053
G1 F1800 X119.717 Y118.945 E37.77353
G0 F6000 X120.489 Y118.945
G1 F1800 X117.598 Y116.053 E37.95918
G0 F6000 X118.37 Y116.053
G1 F1800 X121.261 Y118.945 E38.14483
G0 F6000 X122.033 Y118.945
G1 F1800 X119.142 Y116.053 E38.33048
G0 F6000 X119.914 Y116.053
G1 F1800 X122.806 Y118.945 E38.51617
G0 F6000 X123.578 Y118.945
G1 F1800 X120.686 Y116.053 E38.70185
G0 F6000 X121.459 Y116.053
G1 F1800 X124.35 Y118.945 E38.8875
G0 F6000 X125.122 Y118.945
G1 F1800 X122.231 Y116.053 E39.07315
G0 F6000 X123.003 Y116.053
G1 F1800 X125.894 Y118.945 E39.2588
G0 F6000 X126.666 Y118.945
G1 F1800 X123.775 Y116.053 E39.44445
G0 F6000 X124.547 Y116.053
G1 F1800 X127.439 Y118.945 E39.63013
G0 F6000 X128.211 Y118.945
G1 F1800 X125.319 Y116.053 E39.81581
G0 F6000 X126.091 Y116.053
G1 F1800 X128.983 Y118.945 E40.00149
G0 F6000 X129.755 Y118.945
G1 F1800 X126.864 Y116.053 E40.18714
G0 F6000 X127.636 Y116.053
G1 F1800 X130.527 Y118.945 E40.37279
G0 F6000 X131.299 Y118.945
G1 F1800 X128.408 Y116.053 E40.55844
G0 F6000 X129.18 Y116.053
G1 F1800 X132.071 Y118.945 E40.74409
G0 F6000 X132.844 Y118.945
G1 F1800 X129.952 Y116.053 E40.92978
G0 F6000 X130.724 Y116.053
G1 F1800 X133.616 Y118.945 E41.11546
G0 F6000 X134.388 Y118.945
G1 F1800 X131.497 Y116.053 E41.30111
G0 F6000 X132.269 Y116.053
G1 F1800 X135.16 Y118.945 E41.48676
G0 F6000 X135.932 Y118.945
G1 F1800 X133.041 Y116.053 E41.67241
G0 F6000 X133.813 Y116.053
G1 F1800 X136.704 Y118.945 E41.85806
G0 F6000 X137.477 Y118.945
G1 F1800 X134.585 Y116.053 E42.04374
G0 F6000 X135.357 Y116.053
G1 F1800 X138.249 Y118.945 E42.22942
G0 F6000 X139.021 Y118.945
G1 F1800 X136.13 Y116.053 E42.41507
G0 F6000 X136.902 Y116.053
G1 F1800 X139.793 Y118.945 E42.60072
G0 F6000 X140.565 Y118.945
G1 F1800 X137.674 Y116.053 E42.78637
G0 F6000 X138.446 Y116.053
G1 F1800 X141.337 Y118.945 E42.97202
G0 F6000 X142.11 Y118.945
G1 F1800 X139.218 Y116.053 E43.1577
G0 F6000 X139.99 Y116.053
G1 F1800 X142.882 Y118.945 E43.34339
G0 F6000 X143.654 Y118.945
G1 F1800 X140.763 Y116.053 E43.52904
G0 F6000 X141.535 Y116.053
G1 F1800 X144.426 Y118.945 E43.71469
G0 F6000 X145.198 Y118.945
G1 F1800 X142.307 Y116.053 E43.90034
G0 F6000 X143.079 Y116.053
G1 F1800 X145.97 Y118.945 E44.08599
G0 F6000 X146.743 Y118.945
G1 F1800 X143.851 Y116.053 E44.27167
G0 F6000 X144.623 Y116.053
G1 F1800 X147.515 Y118.945 E44.45735
G0 F6000 X148.287 Y118.945
G1 F1800 X145.396 Y116.053 E44.643
G0 F6000 X146.168 Y116.053
G1 F1800 X149.059 Y118.945 E44.82865
G0 F6000 X149.831 Y118.945
G1 F1800 X146.94 Y116.053 E45.0143
G0 F6000 X147.712 Y116.053
G1 F1800 X150.603 Y118.945 E45.19995
G0 F6000 X151.376 Y118.945
G1 F1800 X148.484 Y116.053 E45.38563
G0 F6000 X149.256 Y116.053
G1 F1800 X152.148 Y118.945 E45.57131
G0 F6000 X152.92 Y118.945
G1 F1800 X150.028 Y116.053 E45.757
G0 F6000 X150.801 Y116.053
G1 F1800 X153.692 Y118.945 E45.94265
G0 F6000 X154.464 Y118.945
G1 F1800 X151.573 Y116.053 E46.1283
G0 F6000 X152.345 Y116.053
G1 F1800 X155.236 Y118.945 E46.31395
G0 F6000 X156.008 Y118.945
G1 F1800 X153.117 Y116.053 E46.4996
G0 F6000 X153.889 Y116.053
G1 F1800 X156.781 Y118.945 E46.68528
G0 F6000 X157.553 Y118.945
G1 F1800 X154.661 Y116.053 E46.87096
G0 F6000 X155.434 Y116.053
G1 F1800 X158.325 Y118.945 E47.05661
G0 F6000 X159.097 Y118.945
G1 F1800 X156.206 Y116.053 E47.24226
G0 F6000 X156.978 Y116.053
G1 F1800 X159.869 Y118.945 E47.42791
G0 F6000 X160.641 Y118.945
G1 F1800 X157.75 Y116.053 E47.61356
G0 F6000 X158.522 Y116.053
G1 F1800 X161.414 Y118.945 E47.79924
G0 F6000 X162.186 Y118.945
G1 F1800 X159.294 Y116.053 E47.98492
G0 F6000 X160.067 Y116.053
G1 F1800 X162.958 Y118.945 E48.17057
G0 F6000 X163.195 Y118.409
G1 F1800 X160.839 Y116.053 E48.32184
G0 F6000 X161.611 Y116.053
G1 F1800 X163.195 Y117.637 E48.42354
G0 F6000 X163.195 Y116.865
G1 F1800 X162.383 Y116.053 E48.47568
G1 X162.309 Y115.979
G1 F1500 E47.47568
;MESH:NONMESH
G0 F600 X162.309 Y115.979 Z0.4
G0 F6000 X162.309 Y115.408
G0 X71.23 Y115.48
G0 X71.13 Y119.62
G0 X70.88 Y119.87
;TIME_ELAPSED:52.918222
;LAYER:1
M140 S65
M106 S85
M204 S1250
;TYPE:WALL-INNER
;MESH:Screen_Support.stl
G1 F1500 E48.47568
G1 F2790 X164.12 Y119.87 E51.73191
G1 X164.12 Y115.13 E51.89745
G1 X70.88 Y115.13 E55.15368
G1 X70.88 Y119.87 E55.31922
M204 S750
G0 F7500 X70.46 Y120.29
M204 S1250
;TYPE:WALL-OUTER
G1 F2220 X164.54 Y120.29 E58.60479
G1 X164.54 Y114.71 E58.79966
G1 X70.46 Y114.71 E62.08523
G1 X70.46 Y120.29 E62.2801
M204 S750
G0 F7500 X70.66 Y120.29
G0 X71.216 Y119.534
;TYPE:SKIN
G1 F1950 X71.216 Y115.466 E62.42216
G1 X163.784 Y115.466 E65.65493
G1 X163.784 Y119.534 E65.797
G1 X71.216 Y119.534 E69.02976
G0 F7500 X72.018 Y115.675
G1 F1950 X71.426 Y116.268 E69.05903
G0 F7500 X71.426 Y116.862
G1 F1950 X72.612 Y115.675 E69.11763
G0 F7500 X73.206 Y115.675
G1 F1950 X71.426 Y117.456 E69.20556
G0 F7500 X71.426 Y118.05
G1 F1950 X73.8 Y115.675 E69.32284
G0 F7500 X74.394 Y115.675
G1 F1950 X71.426 Y118.644 E69.46945
G0 F7500 X71.426 Y119.238
G1 F1950 X74.988 Y115.675 E69.64539
G0 F7500 X75.582 Y115.675
G1 F1950 X71.933 Y119.324 E69.82561
G0 F7500 X72.527 Y119.324
G1 F1950 X76.176 Y115.675 E70.00583
G0 F7500 X76.77 Y115.675
G1 F1950 X73.121 Y119.324 E70.18605
G0 F7500 X73.715 Y119.324
G1 F1950 X77.364 Y115.675 E70.36627
G0 F7500 X77.958 Y115.675
G1 F1950 X74.309 Y119.324 E70.54649
G0 F7500 X74.903 Y119.324
G1 F1950 X78.552 Y115.675 E70.72671
G0 F7500 X79.146 Y115.675
G1 F1950 X75.497 Y119.324 E70.90693
G0 F7500 X76.091 Y119.324
G1 F1950 X79.74 Y115.675 E71.08715
G0 F7500 X80.334 Y115.675
G1 F1950 X76.685 Y119.324 E71.26737
G0 F7500 X77.279 Y119.324
G1 F1950 X80.928 Y115.675 E71.44759
G0 F7500 X81.522 Y115.675
G1 F1950 X77.873 Y119.324 E71.62781
G0 F7500 X78.467 Y119.324
G1 F1950 X82.116 Y115.675 E71.80803
G0 F7500 X82.71 Y115.675
G1 F1950 X79.061 Y119.324 E71.98825
G0 F7500 X79.655 Y119.324
G1 F1950 X83.304 Y115.675 E72.16847
G0 F7500 X83.898 Y115.675
G1 F1950 X80.249 Y119.324 E72.34869
G0 F7500 X80.843 Y119.324
G1 F1950 X84.492 Y115.675 E72.52891
G0 F7500 X85.086 Y115.675
G1 F1950 X81.437 Y119.324 E72.70913
G0 F7500 X82.031 Y119.324
G1 F1950 X85.68 Y115.675 E72.88935
G0 F7500 X86.274 Y115.675
G1 F1950 X82.625 Y119.324 E73.06957
G0 F7500 X83.219 Y119.324
G1 F1950 X86.868 Y115.675 E73.24979
G0 F7500 X87.462 Y115.675
G1 F1950 X83.813 Y119.324 E73.43001
G0 F7500 X84.407 Y119.324
G1 F1950 X88.056 Y115.675 E73.61023
G0 F7500 X88.649 Y115.675
G1 F1950 X85.001 Y119.324 E73.79042
G0 F7500 X85.595 Y119.324
G1 F1950 X89.243 Y115.675 E73.97062
G0 F7500 X89.837 Y115.675
G1 F1950 X86.189 Y119.324 E74.15081
G0 F7500 X86.783 Y119.324
G1 F1950 X90.431 Y115.675 E74.33101
G0 F7500 X91.025 Y115.675
G1 F1950 X87.377 Y119.324 E74.5112
G0 F7500 X87.971 Y119.324
G1 F1950 X91.619 Y115.675 E74.6914
G0 F7500 X92.213 Y115.675
G1 F1950 X88.565 Y119.324 E74.87159
G0 F7500 X89.159 Y119.324
G1 F1950 X92.807 Y115.675 E75.05179
G0 F7500 X93.401 Y115.675
G1 F1950 X89.753 Y119.324 E75.23198
G0 F7500 X90.347 Y119.324
G1 F1950 X93.995 Y115.675 E75.41218
G0 F7500 X94.589 Y115.675
G1 F1950 X90.941 Y119.324 E75.59237
G0 F7500 X91.534 Y119.324
G1 F1950 X95.183 Y115.675 E75.77259
G0 F7500 X95.777 Y115.675
G1 F1950 X92.128 Y119.324 E75.95281
G0 F7500 X92.722 Y119.324
G1 F1950 X96.371 Y115.675 E76.13303
G0 F7500 X96.965 Y115.675
G1 F1950 X93.316 Y119.324 E76.31325
G0 F7500 X93.91 Y119.324
G1 F1950 X97.559 Y115.675 E76.49347
G0 F7500 X98.153 Y115.675
G1 F1950 X94.504 Y119.324 E76.67369
G0 F7500 X95.098 Y119.324
G1 F1950 X98.747 Y115.675 E76.85391
G0 F7500 X99.341 Y115.675
G1 F1950 X95.692 Y119.324 E77.03413
G0 F7500 X96.286 Y119.324
G1 F1950 X99.935 Y115.675 E77.21435
G0 F7500 X100.529 Y115.675
G1 F1950 X96.88 Y119.324 E77.39457
G0 F7500 X97.474 Y119.324
G1 F1950 X101.123 Y115.675 E77.57479
G0 F7500 X101.717 Y115.675
G1 F1950 X98.068 Y119.324 E77.75501
G0 F7500 X98.662 Y119.324
G1 F1950 X102.311 Y115.675 E77.93523
G0 F7500 X102.905 Y115.675
G1 F1950 X99.256 Y119.324 E78.11545
G0 F7500 X99.85 Y119.324
G1 F1950 X103.499 Y115.675 E78.29567
G0 F7500 X104.093 Y115.675
G1 F1950 X100.444 Y119.324 E78.47589
G0 F7500 X101.038 Y119.324
G1 F1950 X104.687 Y115.675 E78.65611
G0 F7500 X105.281 Y115.675
G1 F1950 X101.632 Y119.324 E78.83632
G0 F7500 X102.226 Y119.324
G1 F1950 X105.875 Y115.675 E79.01654
G0 F7500 X106.469 Y115.675
G1 F1950 X102.82 Y119.324 E79.19676
G0 F7500 X103.414 Y119.324
G1 F1950 X107.063 Y115.675 E79.37698
G0 F7500 X107.657 Y115.675
G1 F1950 X104.008 Y119.324 E79.5572
G0 F7500 X104.602 Y119.324
G1 F1950 X108.25 Y115.675 E79.7374
G0 F7500 X108.844 Y115.675
G1 F1950 X105.196 Y119.324 E79.91759
G0 F7500 X105.79 Y119.324
G1 F1950 X109.438 Y115.675 E80.09779
G0 F7500 X110.032 Y115.675
G1 F1950 X106.384 Y119.324 E80.27798
G0 F7500 X106.978 Y119.324
G1 F1950 X110.626 Y115.675 E80.45818
G0 F7500 X111.22 Y115.675
G1 F1950 X107.572 Y119.324 E80.63837
G0 F7500 X108.166 Y119.324
G1 F1950 X111.814 Y115.675 E80.81857
G0 F7500 X112.408 Y115.675
G1 F1950 X108.76 Y119.324 E80.99876
G0 F7500 X109.354 Y119.324
G1 F1950 X113.002 Y115.675 E81.17896
G0 F7500 X113.596 Y115.675
G1 F1950 X109.948 Y119.324 E81.35915
G0 F7500 X110.542 Y119.324
G1 F1950 X114.19 Y115.675 E81.53935
G0 F7500 X114.784 Y115.675
G1 F1950 X111.135 Y119.324 E81.71957
G0 F7500 X111.729 Y119.324
G1 F1950 X115.378 Y115.675 E81.89979
G0 F7500 X115.972 Y115.675
G1 F1950 X112.323 Y119.324 E82.08001
G0 F7500 X112.917 Y119.324
G1 F1950 X116.566 Y115.675 E82.26023
G0 F7500 X117.16 Y115.675
G1 F1950 X113.511 Y119.324 E82.44045
G0 F7500 X114.105 Y119.324
G1 F1950 X117.754 Y115.675 E82.62067
G0 F7500 X118.348 Y115.675
G1 F1950 X114.699 Y119.324 E82.80089
G0 F7500 X115.293 Y119.324
G1 F1950 X118.942 Y115.675 E82.98111
G0 F7500 X119.536 Y115.675
G1 F1950 X115.887 Y119.324 E83.16133
G0 F7500 X116.481 Y119.324
G1 F1950 X120.13 Y115.675 E83.34154
G0 F7500 X120.724 Y115.675
G1 F1950 X117.075 Y119.324 E83.52176
G0 F7500 X117.669 Y119.324
G1 F1950 X121.318 Y115.675 E83.70198
G0 F7500 X121.912 Y115.675
G1 F1950 X118.263 Y119.324 E83.8822
G0 F7500 X118.857 Y119.324
G1 F1950 X122.506 Y115.675 E84.06242
G0 F7500 X123.1 Y115.675
G1 F1950 X119.451 Y119.324 E84.24264
G0 F7500 X120.045 Y119.324
G1 F1950 X123.694 Y115.675 E84.42286
G0 F7500 X124.288 Y115.675
G1 F1950 X120.639 Y119.324 E84.60308
G0 F7500 X121.233 Y119.324
G1 F1950 X124.882 Y115.675 E84.7833
G0 F7500 X125.476 Y115.675
G1 F1950 X121.827 Y119.324 E84.96352
G0 F7500 X122.421 Y119.324
G1 F1950 X126.07 Y115.675 E85.14374
G0 F7500 X126.664 Y115.675
G1 F1950 X123.015 Y119.324 E85.32396
G0 F7500 X123.609 Y119.324
G1 F1950 X127.258 Y115.675 E85.50418
G0 F7500 X127.851 Y115.675
G1 F1950 X124.203 Y119.324 E85.68438
G0 F7500 X124.797 Y119.324
G1 F1950 X128.445 Y115.675 E85.86457
G0 F7500 X129.039 Y115.675
G1 F1950 X125.391 Y119.324 E86.04477
G0 F7500 X125.985 Y119.324
G1 F1950 X129.633 Y115.675 E86.22496
G0 F7500 X130.227 Y115.675
G1 F1950 X126.579 Y119.324 E86.40516
G0 F7500 X127.173 Y119.324
G1 F1950 X130.821 Y115.675 E86.58535
G0 F7500 X131.415 Y115.675
G1 F1950 X127.767 Y119.324 E86.76555
G0 F7500 X128.361 Y119.324
G1 F1950 X132.009 Y115.675 E86.94574
G0 F7500 X132.603 Y115.675
G1 F1950 X128.955 Y119.324 E87.12594
G0 F7500 X129.549 Y119.324
G1 F1950 X133.197 Y115.675 E87.30613
G0 F7500 X133.791 Y115.675
G1 F1950 X130.143 Y119.324 E87.48633
G0 F7500 X130.736 Y119.324
G1 F1950 X134.385 Y115.675 E87.66654
G0 F7500 X134.979 Y115.675
G1 F1950 X131.33 Y119.324 E87.84676
G0 F7500 X131.924 Y119.324
G1 F1950 X135.573 Y115.675 E88.02698
G0 F7500 X136.167 Y115.675
G1 F1950 X132.518 Y119.324 E88.2072
G0 F7500 X133.112 Y119.324
G1 F1950 X136.761 Y115.675 E88.38742
G0 F7500 X137.355 Y115.675
G1 F1950 X133.706 Y119.324 E88.56764
G0 F7500 X134.3 Y119.324
G1 F1950 X137.949 Y115.675 E88.74786
G0 F7500 X138.543 Y115.675
G1 F1950 X134.894 Y119.324 E88.92808
G0 F7500 X135.488 Y119.324
G1 F1950 X139.137 Y115.675 E89.1083
G0 F7500 X139.731 Y115.675
G1 F1950 X136.082 Y119.324 E89.28852
G0 F7500 X136.676 Y119.324
G1 F1950 X140.325 Y115.675 E89.46874
G0 F7500 X140.919 Y115.675
G1 F1950 X137.27 Y119.324 E89.64896
G0 F7500 X137.864 Y119.324
G1 F1950 X141.513 Y115.675 E89.82918
G0 F7500 X142.107 Y115.675
G1 F1950 X138.458 Y119.324 E90.0094
G0 F7500 X139.052 Y119.324
G1 F1950 X142.701 Y115.675 E90.18962
G0 F7500 X143.295 Y115.675
G1 F1950 X139.646 Y119.324 E90.36984
G0 F7500 X140.24 Y119.324
G1 F1950 X143.889 Y115.675 E90.55006
G0 F7500 X144.483 Y115.675
G1 F1950 X140.834 Y119.324 E90.73028
G0 F7500 X141.428 Y119.324
G1 F1950 X145.077 Y115.675 E90.9105
G0 F7500 X145.671 Y115.675
G1 F1950 X142.022 Y119.324 E91.09072
G0 F7500 X142.616 Y119.324
G1 F1950 X146.265 Y115.675 E91.27094
G0 F7500 X146.859 Y115.675
G1 F1950 X143.21 Y119.324 E91.45116
G0 F7500 X143.804 Y119.324
G1 F1950 X147.452 Y115.675 E91.63135
G0 F7500 X148.046 Y115.675
G1 F1950 X144.398 Y119.324 E91.81155
G0 F7500 X144.992 Y119.324
G1 F1950 X148.64 Y115.675 E91.99174
G0 F7500 X149.234 Y115.675
G1 F1950 X145.586 Y119.324 E92.17194
G0 F7500 X146.18 Y119.324
G1 F1950 X149.828 Y115.675 E92.35213
G0 F7500 X150.422 Y115.675
G1 F1950 X146.774 Y119.324 E92.53233
G0 F7500 X147.368 Y119.324
G1 F1950 X151.016 Y115.675 E92.71252
G0 F7500 X151.61 Y115.675
G1 F1950 X147.962 Y119.324 E92.89272
G0 F7500 X148.556 Y119.324
G1 F1950 X152.204 Y115.675 E93.07291
G0 F7500 X152.798 Y115.675
G1 F1950 X149.15 Y119.324 E93.25311
G0 F7500 X149.744 Y119.324
G1 F1950 X153.392 Y115.675 E93.4333
G0 F7500 X153.986 Y115.675
G1 F1950 X150.337 Y119.324 E93.61352
G0 F7500 X150.931 Y119.324
G1 F1950 X154.58 Y115.675 E93.79374
G0 F7500 X155.174 Y115.675
G1 F1950 X151.525 Y119.324 E93.97396
G0 F7500 X152.119 Y119.324
G1 F1950 X155.768 Y115.675 E94.15418
G0 F7500 X156.362 Y115.675
G1 F1950 X152.713 Y119.324 E94.3344
G0 F7500 X153.307 Y119.324
G1 F1950 X156.956 Y115.675 E94.51462
G0 F7500 X157.55 Y115.675
G1 F1950 X153.901 Y119.324 E94.69484
G0 F7500 X154.495 Y119.324
G1 F1950 X158.144 Y115.675 E94.87506
G0 F7500 X158.738 Y115.675
G1 F1950 X155.089 Y119.324 E95.05528
G0 F7500 X155.683 Y119.324
G1 F1950 X159.332 Y115.675 E95.2355
G0 F7500 X159.926 Y115.675
G1 F1950 X156.277 Y119.324 E95.41572
G0 F7500 X156.871 Y119.324
G1 F1950 X160.52 Y115.675 E95.59594
G0 F7500 X161.114 Y115.675
G1 F1950 X157.465 Y119.324 E95.77616
G0 F7500 X158.059 Y119.324
G1 F1950 X161.708 Y115.675 E95.95638
G0 F7500 X162.302 Y115.675
G1 F1950 X158.653 Y119.324 E96.1366
G0 F7500 X159.247 Y119.324
G1 F1950 X162.896 Y115.675 E96.31682
G0 F7500 X163.49 Y115.675
G1 F1950 X159.841 Y119.324 E96.49704
G0 F7500 X160.435 Y119.324
G1 F1950 X163.573 Y116.186 E96.65202
G0 F7500 X163.573 Y116.78
G1 F1950 X161.029 Y119.324 E96.77766
G0 F7500 X161.623 Y119.324
G1 F1950 X163.573 Y117.374 E96.87397
G0 F7500 X163.573 Y117.968
G1 F1950 X162.217 Y119.324 E96.94094
G0 F7500 X162.811 Y119.324
G1 F1950 X163.573 Y118.562 E96.97858
G0 F7500 X163.573 Y119.155
G1 F1950 X163.405 Y119.324 E96.9869
G0 F7500 X163.405 Y119.27
G1 F1500 E95.9869
;MESH:NONMESH
G0 F600 X163.405 Y119.27 Z0.6
G0 F7500 X71.13 Y119.62
G0 X70.88 Y119.87
;TIME_ELAPSED:107.016271
;LAYER:2
M106 S170
M204 S2000
;TYPE:WALL-INNER
;MESH:Screen_Support.stl
G1 F1500 E96.9869
G1 F3780 X164.12 Y119.87 E100.24313
G1 X164.12 Y115.13 E100.40867
G1 X70.88 Y115.13 E103.6649
G1 X70.88 Y119.87 E103.83044
M204 S1000
G0 F9000 X70.46 Y120.29
M204 S2000
;TYPE:WALL-OUTER
G1 F2640 X164.54 Y120.29 E107.11601
G1 X164.54 Y114.71 E107.31088
G1 X70.46 Y114.71 E110.59645
G1 X70.46 Y120.29 E110.79132
M204 S1000
G0 F9000 X70.66 Y120.29
G0 X71.216 Y119.534
;TYPE:SKIN
G1 F2100 X71.216 Y115.466 E110.93339
G1 X163.784 Y115.466 E114.16615
G1 X163.784 Y119.534 E114.30822
G1 X71.216 Y119.534 E117.54098
G0 F9000 X71.805 Y119.323
G1 F2100 X71.425 Y118.943 E117.55975
G0 F9000 X71.425 Y118.349
G1 F2100 X72.399 Y119.323 E117.60786
G0 F9000 X72.993 Y119.323
G1 F2100 X71.425 Y117.755 E117.6853
G0 F9000 X71.425 Y117.161
G1 F2100 X73.587 Y119.323 E117.79208
G0 F9000 X74.181 Y119.323
G1 F2100 X71.425 Y116.567 E117.92819
G0 F9000 X71.425 Y115.973
G1 F2100 X74.775 Y119.323 E118.09364
G0 F9000 X75.369 Y119.323
G1 F2100 X71.721 Y115.675 E118.27382
G0 F9000 X72.315 Y115.675
G1 F2100 X75.963 Y119.323 E118.45399
G0 F9000 X76.557 Y119.323
G1 F2100 X72.909 Y115.675 E118.63416
G0 F9000 X73.503 Y115.675
G1 F2100 X77.151 Y119.323 E118.81433
G0 F9000 X77.745 Y119.323
G1 F2100 X74.097 Y115.675 E118.9945
G0 F9000 X74.691 Y115.675
G1 F2100 X78.339 Y119.323 E119.17467
G0 F9000 X78.933 Y119.323
G1 F2100 X75.285 Y115.675 E119.35484
G0 F9000 X75.879 Y115.675
G1 F2100 X79.527 Y119.323 E119.53501
G0 F9000 X80.121 Y119.323
G1 F2100 X76.473 Y115.675 E119.71518
G0 F9000 X77.067 Y115.675
G1 F2100 X80.715 Y119.323 E119.89535
G0 F9000 X81.309 Y119.323
G1 F2100 X77.661 Y115.675 E120.07552
G0 F9000 X78.255 Y115.675
G1 F2100 X81.903 Y119.323 E120.25569
G0 F9000 X82.497 Y119.323
G1 F2100 X78.849 Y115.675 E120.43586
G0 F9000 X79.443 Y115.675
G1 F2100 X83.091 Y119.323 E120.61603
G0 F9000 X83.685 Y119.323
G1 F2100 X80.037 Y115.675 E120.7962
G0 F9000 X80.631 Y115.675
G1 F2100 X84.279 Y119.323 E120.97637
G0 F9000 X84.873 Y119.323
G1 F2100 X81.225 Y115.675 E121.15654
G0 F9000 X81.819 Y115.675
G1 F2100 X85.467 Y119.323 E121.33671
G0 F9000 X86.061 Y119.323
G1 F2100 X82.413 Y115.675 E121.51688
G0 F9000 X83.007 Y115.675
G1 F2100 X86.655 Y119.323 E121.69705
G0 F9000 X87.249 Y119.323
G1 F2100 X83.601 Y115.675 E121.87722
G0 F9000 X84.195 Y115.675
G1 F2100 X87.843 Y119.323 E122.05739
G0 F9000 X88.437 Y119.323
G1 F2100 X84.789 Y115.675 E122.23756
G0 F9000 X85.383 Y115.675
G1 F2100 X89.031 Y119.323 E122.41773
G0 F9000 X89.625 Y119.323
G1 F2100 X85.977 Y115.675 E122.5979
G0 F9000 X86.571 Y115.675
G1 F2100 X90.219 Y119.323 E122.77807
G0 F9000 X90.813 Y119.323
G1 F2100 X87.165 Y115.675 E122.95824
G0 F9000 X87.759 Y115.675
G1 F2100 X91.406 Y119.323 E123.13839
G0 F9000 X92 Y119.323
G1 F2100 X88.352 Y115.675 E123.31856
G0 F9000 X88.946 Y115.675
G1 F2100 X92.594 Y119.323 E123.49873
G0 F9000 X93.188 Y119.323
G1 F2100 X89.54 Y115.675 E123.6789
G0 F9000 X90.134 Y115.675
G1 F2100 X93.782 Y119.323 E123.85907
G0 F9000 X94.376 Y119.323
G1 F2100 X90.728 Y115.675 E124.03924
G0 F9000 X91.322 Y115.675
G1 F2100 X94.97 Y119.323 E124.21941
G0 F9000 X95.564 Y119.323
G1 F2100 X91.916 Y115.675 E124.39958
G0 F9000 X92.51 Y115.675
G1 F2100 X96.158 Y119.323 E124.57975
G0 F9000 X96.752 Y119.323
G1 F2100 X93.104 Y115.675 E124.75992
G0 F9000 X93.698 Y115.675
G1 F2100 X97.346 Y119.323 E124.94009
G0 F9000 X97.94 Y119.323
G1 F2100 X94.292 Y115.675 E125.12026
G0 F9000 X94.886 Y115.675
G1 F2100 X98.534 Y119.323 E125.30043
G0 F9000 X99.128 Y119.323
G1 F2100 X95.48 Y115.675 E125.4806
G0 F9000 X96.074 Y115.675
G1 F2100 X99.722 Y119.323 E125.66077
G0 F9000 X100.316 Y119.323
G1 F2100 X96.668 Y115.675 E125.84094
G0 F9000 X97.262 Y115.675
G1 F2100 X100.91 Y119.323 E126.02111
G0 F9000 X101.504 Y119.323
G1 F2100 X97.856 Y115.675 E126.20128
G0 F9000 X98.45 Y115.675
G1 F2100 X102.098 Y119.323 E126.38145
G0 F9000 X102.692 Y119.323
G1 F2100 X99.044 Y115.675 E126.56162
G0 F9000 X99.638 Y115.675
G1 F2100 X103.286 Y119.323 E126.74179
G0 F9000 X103.88 Y119.323
G1 F2100 X100.232 Y115.675 E126.92196
G0 F9000 X100.826 Y115.675
G1 F2100 X104.474 Y119.323 E127.10213
G0 F9000 X105.068 Y119.323
G1 F2100 X101.42 Y115.675 E127.2823
G0 F9000 X102.014 Y115.675
G1 F2100 X105.662 Y119.323 E127.46247
G0 F9000 X106.256 Y119.323
G1 F2100 X102.608 Y115.675 E127.64264
G0 F9000 X103.202 Y115.675
G1 F2100 X106.85 Y119.323 E127.82281
G0 F9000 X107.444 Y119.323
G1 F2100 X103.796 Y115.675 E128.00299
G0 F9000 X104.39 Y115.675
G1 F2100 X108.038 Y119.323 E128.18316
G0 F9000 X108.632 Y119.323
G1 F2100 X104.984 Y115.675 E128.36333
G0 F9000 X105.578 Y115.675
G1 F2100 X109.226 Y119.323 E128.5435
G0 F9000 X109.82 Y119.323
G1 F2100 X106.172 Y115.675 E128.72367
G0 F9000 X106.766 Y115.675
G1 F2100 X110.414 Y119.323 E128.90384
G0 F9000 X111.007 Y119.323
G1 F2100 X107.36 Y115.675 E129.08398
G0 F9000 X107.953 Y115.675
G1 F2100 X111.601 Y119.323 E129.26415
G0 F9000 X112.195 Y119.323
G1 F2100 X108.547 Y115.675 E129.44432
G0 F9000 X109.141 Y115.675
G1 F2100 X112.789 Y119.323 E129.62449
G0 F9000 X113.383 Y119.323
G1 F2100 X109.735 Y115.675 E129.80466
G0 F9000 X110.329 Y115.675
G1 F2100 X113.977 Y119.323 E129.98483
G0 F9000 X114.571 Y119.323
G1 F2100 X110.923 Y115.675 E130.165
G0 F9000 X111.517 Y115.675
G1 F2100 X115.165 Y119.323 E130.34517
G0 F9000 X115.759 Y119.323
G1 F2100 X112.111 Y115.675 E130.52534
G0 F9000 X112.705 Y115.675
G1 F2100 X116.353 Y119.323 E130.70551
G0 F9000 X116.947 Y119.323
G1 F2100 X113.299 Y115.675 E130.88568
G0 F9000 X113.893 Y115.675
G1 F2100 X117.541 Y119.323 E131.06585
G0 F9000 X118.135 Y119.323
G1 F2100 X114.487 Y115.675 E131.24603
G0 F9000 X115.081 Y115.675
G1 F2100 X118.729 Y119.323 E131.4262
G0 F9000 X119.323 Y119.323
G1 F2100 X115.675 Y115.675 E131.60637
G0 F9000 X116.269 Y115.675
G1 F2100 X119.917 Y119.323 E131.78654
G0 F9000 X120.511 Y119.323
G1 F2100 X116.863 Y115.675 E131.96671
G0 F9000 X117.457 Y115.675
G1 F2100 X121.105 Y119.323 E132.14688
G0 F9000 X121.699 Y119.323
G1 F2100 X118.051 Y115.675 E132.32705
G0 F9000 X118.645 Y115.675
G1 F2100 X122.293 Y119.323 E132.50722
G0 F9000 X122.887 Y119.323
G1 F2100 X119.239 Y115.675 E132.68739
G0 F9000 X119.833 Y115.675
G1 F2100 X123.481 Y119.323 E132.86756
G0 F9000 X124.075 Y119.323
G1 F2100 X120.427 Y115.675 E133.04773
G0 F9000 X121.021 Y115.675
G1 F2100 X124.669 Y119.323 E133.2279
G0 F9000 X125.263 Y119.323
G1 F2100 X121.615 Y115.675 E133.40807
G0 F9000 X122.209 Y115.675
G1 F2100 X125.857 Y119.323 E133.58824
G0 F9000 X126.451 Y119.323
G1 F2100 X122.803 Y115.675 E133.76841
G0 F9000 X123.397 Y115.675
G1 F2100 X127.045 Y119.323 E133.94858
G0 F9000 X127.639 Y119.323
G1 F2100 X123.991 Y115.675 E134.12875
G0 F9000 X124.585 Y115.675
G1 F2100 X128.233 Y119.323 E134.30892
G0 F9000 X128.827 Y119.323
G1 F2100 X125.179 Y115.675 E134.48909
G0 F9000 X125.773 Y115.675
G1 F2100 X129.421 Y119.323 E134.66926
G0 F9000 X130.015 Y119.323
G1 F2100 X126.367 Y115.675 E134.84943
G0 F9000 X126.961 Y115.675
G1 F2100 X130.608 Y119.323 E135.02958
G0 F9000 X131.202 Y119.323
G1 F2100 X127.554 Y115.675 E135.20975
G0 F9000 X128.148 Y115.675
G1 F2100 X131.796 Y119.323 E135.38992
G0 F9000 X132.39 Y119.323
G1 F2100 X128.742 Y115.675 E135.57009
G0 F9000 X129.336 Y115.675
G1 F2100 X132.984 Y119.323 E135.75026
G0 F9000 X133.578 Y119.323
G1 F2100 X129.93 Y115.675 E135.93043
G0 F9000 X130.524 Y115.675
G1 F2100 X134.172 Y119.323 E136.1106
G0 F9000 X134.766 Y119.323
G1 F2100 X131.118 Y115.675 E136.29077
G0 F9000 X131.712 Y115.675
G1 F2100 X135.36 Y119.323 E136.47094
G0 F9000 X135.954 Y119.323
G1 F2100 X132.306 Y115.675 E136.65111
G0 F9000 X132.9 Y115.675
G1 F2100 X136.548 Y119.323 E136.83128
G0 F9000 X137.142 Y119.323
G1 F2100 X133.494 Y115.675 E137.01145
G0 F9000 X134.088 Y115.675
G1 F2100 X137.736 Y119.323 E137.19162
G0 F9000 X138.33 Y119.323
G1 F2100 X134.682 Y115.675 E137.37179
G0 F9000 X135.276 Y115.675
G1 F2100 X138.924 Y119.323 E137.55196
G0 F9000 X139.518 Y119.323
G1 F2100 X135.87 Y115.675 E137.73213
G0 F9000 X136.464 Y115.675
G1 F2100 X140.112 Y119.323 E137.9123
G0 F9000 X140.706 Y119.323
G1 F2100 X137.058 Y115.675 E138.09247
G0 F9000 X137.652 Y115.675
G1 F2100 X141.3 Y119.323 E138.27264
G0 F9000 X141.894 Y119.323
G1 F2100 X138.246 Y115.675 E138.45281
G0 F9000 X138.84 Y115.675
G1 F2100 X142.488 Y119.323 E138.63298
G0 F9000 X143.082 Y119.323
G1 F2100 X139.434 Y115.675 E138.81315
G0 F9000 X140.028 Y115.675
G1 F2100 X143.676 Y119.323 E138.99332
G0 F9000 X144.27 Y119.323
G1 F2100 X140.622 Y115.675 E139.17349
G0 F9000 X141.216 Y115.675
G1 F2100 X144.864 Y119.323 E139.35366
G0 F9000 X145.458 Y119.323
G1 F2100 X141.81 Y115.675 E139.53383
G0 F9000 X142.404 Y115.675
G1 F2100 X146.052 Y119.323 E139.714
G0 F9000 X146.646 Y119.323
G1 F2100 X142.998 Y115.675 E139.89417
G0 F9000 X143.592 Y115.675
G1 F2100 X147.24 Y119.323 E140.07434
G0 F9000 X147.834 Y119.323
G1 F2100 X144.186 Y115.675 E140.25451
G0 F9000 X144.78 Y115.675
G1 F2100 X148.428 Y119.323 E140.43468
G0 F9000 X149.022 Y119.323
G1 F2100 X145.374 Y115.675 E140.61485
G0 F9000 X145.968 Y115.675
G1 F2100 X149.616 Y119.323 E140.79502
G0 F9000 X150.209 Y119.323
G1 F2100 X146.562 Y115.675 E140.97517
G0 F9000 X147.155 Y115.675
G1 F2100 X150.803 Y119.323 E141.15534
G0 F9000 X151.397 Y119.323
G1 F2100 X147.749 Y115.675 E141.33551
G0 F9000 X148.343 Y115.675
G1 F2100 X151.991 Y119.323 E141.51568
G0 F9000 X152.585 Y119.323
G1 F2100 X148.937 Y115.675 E141.69585
G0 F9000 X149.531 Y115.675
G1 F2100 X153.179 Y119.323 E141.87602
G0 F9000 X153.773 Y119.323
G1 F2100 X150.125 Y115.675 E142.05619
G0 F9000 X150.719 Y115.675
G1 F2100 X154.367 Y119.323 E142.23636
G0 F9000 X154.961 Y119.323
G1 F2100 X151.313 Y115.675 E142.41653
G0 F9000 X151.907 Y115.675
G1 F2100 X155.555 Y119.323 E142.5967
G0 F9000 X156.149 Y119.323
G1 F2100 X152.501 Y115.675 E142.77687
G0 F9000 X153.095 Y115.675
G1 F2100 X156.743 Y119.323 E142.95704
G0 F9000 X157.337 Y119.323
G1 F2100 X153.689 Y115.675 E143.13721
G0 F9000 X154.283 Y115.675
G1 F2100 X157.931 Y119.323 E143.31738
G0 F9000 X158.525 Y119.323
G1 F2100 X154.877 Y115.675 E143.49755
G0 F9000 X155.471 Y115.675
G1 F2100 X159.119 Y119.323 E143.67772
G0 F9000 X159.713 Y119.323
G1 F2100 X156.065 Y115.675 E143.85789
G0 F9000 X156.659 Y115.675
G1 F2100 X160.307 Y119.323 E144.03807
G0 F9000 X160.901 Y119.323
G1 F2100 X157.253 Y115.675 E144.21824
G0 F9000 X157.847 Y115.675
G1 F2100 X161.495 Y119.323 E144.39841
G0 F9000 X162.089 Y119.323
G1 F2100 X158.441 Y115.675 E144.57858
G0 F9000 X159.035 Y115.675
G1 F2100 X162.683 Y119.323 E144.75875
G0 F9000 X163.277 Y119.323
G1 F2100 X159.629 Y115.675 E144.93892
G0 F9000 X160.223 Y115.675
G1 F2100 X163.573 Y119.025 E145.10437
G0 F9000 X163.573 Y118.431
G1 F2100 X160.817 Y115.675 E145.24048
G0 F9000 X161.411 Y115.675
G1 F2100 X163.573 Y117.837 E145.34726
G0 F9000 X163.573 Y117.243
G1 F2100 X162.005 Y115.675 E145.4247
G0 F9000 X162.599 Y115.675
G1 F2100 X163.573 Y116.649 E145.47281
G0 F9000 X163.573 Y116.056
G1 F2100 X163.193 Y115.675 E145.4916
G0 F9000 X163.193 Y115.73
G1 F1500 E144.4916
;MESH:NONMESH
G0 F600 X163.193 Y115.73 Z0.8
G0 F9000 X71.13 Y119.62
G0 X70.88 Y119.87
;TIME_ELAPSED:155.205318
;LAYER:3
M106 S255
M204 S2000
;TYPE:WALL-INNER
;MESH:Screen_Support.stl
G1 F1500 E145.4916
G1 F3780 X164.12 Y119.87 E148.74784
G1 X164.12 Y115.13 E148.91337
G1 X70.88 Y115.13 E152.1696
G1 X70.88 Y119.87 E152.33514
M204 S1000
G0 F9000 X70.46 Y120.29
M204 S2000
;TYPE:WALL-OUTER
G1 F2640 X164.54 Y120.29 E155.62071
G1 X164.54 Y114.71 E155.81558
G1 X70.46 Y114.71 E159.10115
G1 X70.46 Y120.29 E159.29602
M204 S1000
G0 F9000 X70.66 Y120.29
G0 X71.216 Y119.534
;TYPE:SKIN
G1 F2100 X71.216 Y115.466 E159.43809
G1 X163.784 Y115.466 E162.67085
G1 X163.784 Y119.534 E162.81292
G1 X71.216 Y119.534 E166.04569
G0 F9000 X72.018 Y115.675
G1 F2100 X71.426 Y116.268 E166.07495
G0 F9000 X71.426 Y116.862
G1 F2100 X72.612 Y115.675 E166.13355
G0 F9000 X73.206 Y115.675
G1 F2100 X71.426 Y117.456 E166.22149
G0 F9000 X71.426 Y118.05
G1 F2100 X73.8 Y115.675 E166.33876
G0 F9000 X74.394 Y115.675
G1 F2100 X71.426 Y118.644 E166.48537
G0 F9000 X71.426 Y119.238
G1 F2100 X74.988 Y115.675 E166.66132
G0 F9000 X75.582 Y115.675
G1 F2100 X71.933 Y119.324 E166.84154
G0 F9000 X72.527 Y119.324
G1 F2100 X76.176 Y115.675 E167.02176
G0 F9000 X76.77 Y115.675
G1 F2100 X73.121 Y119.324 E167.20198
G0 F9000 X73.715 Y119.324
G1 F2100 X77.364 Y115.675 E167.3822
G0 F9000 X77.958 Y115.675
G1 F2100 X74.309 Y119.324 E167.56242
G0 F9000 X74.903 Y119.324
G1 F2100 X78.552 Y115.675 E167.74264
G0 F9000 X79.146 Y115.675
G1 F2100 X75.497 Y119.324 E167.92286
G0 F9000 X76.091 Y119.324
G1 F2100 X79.74 Y115.675 E168.10308
G0 F9000 X80.334 Y115.675
G1 F2100 X76.685 Y119.324 E168.28329
G0 F9000 X77.279 Y119.324
G1 F2100 X80.928 Y115.675 E168.46351
G0 F9000 X81.522 Y115.675
G1 F2100 X77.873 Y119.324 E168.64373
G0 F9000 X78.467 Y119.324
G1 F2100 X82.116 Y115.675 E168.82395
G0 F9000 X82.71 Y115.675
G1 F2100 X79.061 Y119.324 E169.00417
G0 F9000 X79.655 Y119.324
G1 F2100 X83.304 Y115.675 E169.18439
G0 F9000 X83.898 Y115.675
G1 F2100 X80.249 Y119.324 E169.36461
G0 F9000 X80.843 Y119.324
G1 F2100 X84.492 Y115.675 E169.54483
G0 F9000 X85.086 Y115.675
G1 F2100 X81.437 Y119.324 E169.72505
G0 F9000 X82.031 Y119.324
G1 F2100 X85.68 Y115.675 E169.90527
G0 F9000 X86.274 Y115.675
G1 F2100 X82.625 Y119.324 E170.08549
G0 F9000 X83.219 Y119.324
G1 F2100 X86.868 Y115.675 E170.26571
G0 F9000 X87.462 Y115.675
G1 F2100 X83.813 Y119.324 E170.44593
G0 F9000 X84.407 Y119.324
G1 F2100 X88.056 Y115.675 E170.62615
G0 F9000 X88.649 Y115.675
G1 F2100 X85.001 Y119.324 E170.80635
G0 F9000 X85.595 Y119.324
G1 F2100 X89.243 Y115.675 E170.98654
G0 F9000 X89.837 Y115.675
G1 F2100 X86.189 Y119.324 E171.16674
G0 F9000 X86.783 Y119.324
G1 F2100 X90.431 Y115.675 E171.34693
G0 F9000 X91.025 Y115.675
G1 F2100 X87.377 Y119.324 E171.52713
G0 F9000 X87.971 Y119.324
G1 F2100 X91.619 Y115.675 E171.70732
G0 F9000 X92.213 Y115.675
G1 F2100 X88.565 Y119.324 E171.88752
G0 F9000 X89.159 Y119.324
G1 F2100 X92.807 Y115.675 E172.06771
G0 F9000 X93.401 Y115.675
G1 F2100 X89.753 Y119.324 E172.24791
G0 F9000 X90.347 Y119.324
G1 F2100 X93.995 Y115.675 E172.4281
G0 F9000 X94.589 Y115.675
G1 F2100 X90.941 Y119.324 E172.6083
G0 F9000 X91.534 Y119.324
G1 F2100 X95.183 Y115.675 E172.78851
G0 F9000 X95.777 Y115.675
G1 F2100 X92.128 Y119.324 E172.96873
G0 F9000 X92.722 Y119.324
G1 F2100 X96.371 Y115.675 E173.14895
G0 F9000 X96.965 Y115.675
G1 F2100 X93.316 Y119.324 E173.32917
G0 F9000 X93.91 Y119.324
G1 F2100 X97.559 Y115.675 E173.50939
G0 F9000 X98.153 Y115.675
G1 F2100 X94.504 Y119.324 E173.68961
G0 F9000 X95.098 Y119.324
G1 F2100 X98.747 Y115.675 E173.86983
G0 F9000 X99.341 Y115.675
G1 F2100 X95.692 Y119.324 E174.05005
G0 F9000 X96.286 Y119.324
G1 F2100 X99.935 Y115.675 E174.23027
G0 F9000 X100.529 Y115.675
G1 F2100 X96.88 Y119.324 E174.41049
G0 F9000 X97.474 Y119.324
G1 F2100 X101.123 Y115.675 E174.59071
G0 F9000 X101.717 Y115.675
G1 F2100 X98.068 Y119.324 E174.77093
G0 F9000 X98.662 Y119.324
G1 F2100 X102.311 Y115.675 E174.95115
G0 F9000 X102.905 Y115.675
G1 F2100 X99.256 Y119.324 E175.13137
G0 F9000 X99.85 Y119.324
G1 F2100 X103.499 Y115.675 E175.31159
G0 F9000 X104.093 Y115.675
G1 F2100 X100.444 Y119.324 E175.49181
G0 F9000 X101.038 Y119.324
G1 F2100 X104.687 Y115.675 E175.67203
G0 F9000 X105.281 Y115.675
G1 F2100 X101.632 Y119.324 E175.85225
G0 F9000 X102.226 Y119.324
G1 F2100 X105.875 Y115.675 E176.03247
G0 F9000 X106.469 Y115.675
G1 F2100 X102.82 Y119.324 E176.21269
G0 F9000 X103.414 Y119.324
G1 F2100 X107.063 Y115.675 E176.39291
G0 F9000 X107.657 Y115.675
G1 F2100 X104.008 Y119.324 E176.57313
G0 F9000 X104.602 Y119.324
G1 F2100 X108.25 Y115.675 E176.75332
G0 F9000 X108.844 Y115.675
G1 F2100 X105.196 Y119.324 E176.93352
G0 F9000 X105.79 Y119.324
G1 F2100 X109.438 Y115.675 E177.11371
G0 F9000 X110.032 Y115.675
G1 F2100 X106.384 Y119.324 E177.29391
G0 F9000 X106.978 Y119.324
G1 F2100 X110.626 Y115.675 E177.4741
G0 F9000 X111.22 Y115.675
G1 F2100 X107.572 Y119.324 E177.6543
G0 F9000 X108.166 Y119.324
G1 F2100 X111.814 Y115.675 E177.83449
G0 F9000 X112.408 Y115.675
G1 F2100 X108.76 Y119.324 E178.01469
G0 F9000 X109.354 Y119.324
G1 F2100 X113.002 Y115.675 E178.19488
G0 F9000 X113.596 Y115.675
G1 F2100 X109.948 Y119.324 E178.37508
G0 F9000 X110.542 Y119.324
G1 F2100 X114.19 Y115.675 E178.55527
G0 F9000 X114.784 Y115.675
G1 F2100 X111.135 Y119.324 E178.73549
G0 F9000 X111.729 Y119.324
G1 F2100 X115.378 Y115.675 E178.91571
G0 F9000 X115.972 Y115.675
G1 F2100 X112.323 Y119.324 E179.09593
G0 F9000 X112.917 Y119.324
G1 F2100 X116.566 Y115.675 E179.27615
G0 F9000 X117.16 Y115.675
G1 F2100 X113.511 Y119.324 E179.45637
G0 F9000 X114.105 Y119.324
G1 F2100 X117.754 Y115.675 E179.63659
G0 F9000 X118.348 Y115.675
G1 F2100 X114.699 Y119.324 E179.81681
G0 F9000 X115.293 Y119.324
G1 F2100 X118.942 Y115.675 E179.99703
G0 F9000 X119.536 Y115.675
G1 F2100 X115.887 Y119.324 E180.17725
G0 F9000 X116.481 Y119.324
G1 F2100 X120.13 Y115.675 E180.35747
G0 F9000 X120.724 Y115.675
G1 F2100 X117.075 Y119.324 E180.53769
G0 F9000 X117.669 Y119.324
G1 F2100 X121.318 Y115.675 E180.71791
G0 F9000 X121.912 Y115.675
G1 F2100 X118.263 Y119.324 E180.89813
G0 F9000 X118.857 Y119.324
G1 F2100 X122.506 Y115.675 E181.07835
G0 F9000 X123.1 Y115.675
G1 F2100 X119.451 Y119.324 E181.25857
G0 F9000 X120.045 Y119.324
G1 F2100 X123.694 Y115.675 E181.43879
G0 F9000 X124.288 Y115.675
G1 F2100 X120.639 Y119.324 E181.61901
G0 F9000 X121.233 Y119.324
G1 F2100 X124.882 Y115.675 E181.79923
G0 F9000 X125.476 Y115.675
G1 F2100 X121.827 Y119.324 E181.97945
G0 F9000 X122.421 Y119.324
G1 F2100 X126.07 Y115.675 E182.15967
G0 F9000 X126.664 Y115.675
G1 F2100 X123.015 Y119.324 E182.33989
G0 F9000 X123.609 Y119.324
G1 F2100 X127.258 Y115.675 E182.5201
G0 F9000 X127.851 Y115.675
G1 F2100 X124.203 Y119.324 E182.7003
G0 F9000 X124.797 Y119.324
G1 F2100 X128.445 Y115.675 E182.88049
G0 F9000 X129.039 Y115.675
G1 F2100 X125.391 Y119.324 E183.06069
G0 F9000 X125.985 Y119.324
G1 F2100 X129.633 Y115.675 E183.24088
G0 F9000 X130.227 Y115.675
G1 F2100 X126.579 Y119.324 E183.42108
G0 F9000 X127.173 Y119.324
G1 F2100 X130.821 Y115.675 E183.60127
G0 F9000 X131.415 Y115.675
G1 F2100 X127.767 Y119.324 E183.78147
G0 F9000 X128.361 Y119.324
G1 F2100 X132.009 Y115.675 E183.96166
G0 F9000 X132.603 Y115.675
G1 F2100 X128.955 Y119.324 E184.14186
G0 F9000 X129.549 Y119.324
G1 F2100 X133.197 Y115.675 E184.32205
G0 F9000 X133.791 Y115.675
G1 F2100 X130.143 Y119.324 E184.50225
G0 F9000 X130.736 Y119.324
G1 F2100 X134.385 Y115.675 E184.68247
G0 F9000 X134.979 Y115.675
G1 F2100 X131.33 Y119.324 E184.86269
G0 F9000 X131.924 Y119.324
G1 F2100 X135.573 Y115.675 E185.04291
G0 F9000 X136.167 Y115.675
G1 F2100 X132.518 Y119.324 E185.22313
G0 F9000 X133.112 Y119.324
G1 F2100 X136.761 Y115.675 E185.40335
G0 F9000 X137.355 Y115.675
G1 F2100 X133.706 Y119.324 E185.58357
G0 F9000 X134.3 Y119.324
G1 F2100 X137.949 Y115.675 E185.76379
G0 F9000 X138.543 Y115.675
G1 F2100 X134.894 Y119.324 E185.94401
G0 F9000 X135.488 Y119.324
G1 F2100 X139.137 Y115.675 E186.12423
G0 F9000 X139.731 Y115.675
G1 F2100 X136.082 Y119.324 E186.30445
G0 F9000 X136.676 Y119.324
G1 F2100 X140.325 Y115.675 E186.48467
G0 F9000 X140.919 Y115.675
G1 F2100 X137.27 Y119.324 E186.66489
G0 F9000 X137.864 Y119.324
G1 F2100 X141.513 Y115.675 E186.84511
G0 F9000 X142.107 Y115.675
G1 F2100 X138.458 Y119.324 E187.02532
G0 F9000 X139.052 Y119.324
G1 F2100 X142.701 Y115.675 E187.20554
G0 F9000 X143.295 Y115.675
G1 F2100 X139.646 Y119.324 E187.38576
G0 F9000 X140.24 Y119.324
G1 F2100 X143.889 Y115.675 E187.56598
G0 F9000 X144.483 Y115.675
G1 F2100 X140.834 Y119.324 E187.7462
G0 F9000 X141.428 Y119.324
G1 F2100 X145.077 Y115.675 E187.92642
G0 F9000 X145.671 Y115.675
G1 F2100 X142.022 Y119.324 E188.10664
G0 F9000 X142.616 Y119.324
G1 F2100 X146.265 Y115.675 E188.28686
G0 F9000 X146.859 Y115.675
G1 F2100 X143.21 Y119.324 E188.46708
G0 F9000 X143.804 Y119.324
G1 F2100 X147.452 Y115.675 E188.64728
G0 F9000 X148.046 Y115.675
G1 F2100 X144.398 Y119.324 E188.82747
G0 F9000 X144.992 Y119.324
G1 F2100 X148.64 Y115.675 E189.00767
G0 F9000 X149.234 Y115.675
G1 F2100 X145.586 Y119.324 E189.18786
G0 F9000 X146.18 Y119.324
G1 F2100 X149.828 Y115.675 E189.36806
G0 F9000 X150.422 Y115.675
G1 F2100 X146.774 Y119.324 E189.54825
G0 F9000 X147.368 Y119.324
G1 F2100 X151.016 Y115.675 E189.72845
G0 F9000 X151.61 Y115.675
G1 F2100 X147.962 Y119.324 E189.90864
G0 F9000 X148.556 Y119.324
G1 F2100 X152.204 Y115.675 E190.08884
G0 F9000 X152.798 Y115.675
G1 F2100 X149.15 Y119.324 E190.26903
G0 F9000 X149.744 Y119.324
G1 F2100 X153.392 Y115.675 E190.44923
G0 F9000 X153.986 Y115.675
G1 F2100 X150.337 Y119.324 E190.62945
G0 F9000 X150.931 Y119.324
G1 F2100 X154.58 Y115.675 E190.80967
G0 F9000 X155.174 Y115.675
G1 F2100 X151.525 Y119.324 E190.98989
G0 F9000 X152.119 Y119.324
G1 F2100 X155.768 Y115.675 E191.17011
G0 F9000 X156.362 Y115.675
G1 F2100 X152.713 Y119.324 E191.35032
G0 F9000 X153.307 Y119.324
G1 F2100 X156.956 Y115.675 E191.53054
G0 F9000 X157.55 Y115.675
G1 F2100 X153.901 Y119.324 E191.71076
G0 F9000 X154.495 Y119.324
G1 F2100 X158.144 Y115.675 E191.89098
G0 F9000 X158.738 Y115.675
G1 F2100 X155.089 Y119.324 E192.0712
G0 F9000 X155.683 Y119.324
G1 F2100 X159.332 Y115.675 E192.25142
G0 F9000 X159.926 Y115.675
G1 F2100 X156.277 Y119.324 E192.43164
G0 F9000 X156.871 Y119.324
G1 F2100 X160.52 Y115.675 E192.61186
G0 F9000 X161.114 Y115.675
G1 F2100 X157.465 Y119.324 E192.79208
G0 F9000 X158.059 Y119.324
G1 F2100 X161.708 Y115.675 E192.9723
G0 F9000 X162.302 Y115.675
G1 F2100 X158.653 Y119.324 E193.15252
G0 F9000 X159.247 Y119.324
G1 F2100 X162.896 Y115.675 E193.33274
G0 F9000 X163.49 Y115.675
G1 F2100 X159.841 Y119.324 E193.51296
G0 F9000 X160.435 Y119.324
G1 F2100 X163.573 Y116.186 E193.66794
G0 F9000 X163.573 Y116.78
G1 F2100 X161.029 Y119.324 E193.79359
G0 F9000 X161.623 Y119.324
G1 F2100 X163.573 Y117.374 E193.8899
G0 F9000 X163.573 Y117.968
G1 F2100 X162.217 Y119.324 E193.95687
G0 F9000 X162.811 Y119.324
G1 F2100 X163.573 Y118.562 E193.9945
G0 F9000 X163.573 Y119.155
G1 F2100 X163.405 Y119.324 E194.00282
G0 F9000 X163.405 Y119.27
G1 F1500 E193.00282
;MESH:NONMESH
G0 F600 X163.405 Y119.27 Z1
G0 F9000 X73.179 Y115.55
;TIME_ELAPSED:203.437945
;LAYER:4
;TYPE:FILL
;MESH:Screen_Support.stl
G1 F1500 E194.00282
G1 F4980 X73.449 Y116.38 E194.0333
G1 X73.606 Y117.645 E194.07782
G1 X73.488 Y118.91 E194.12219
G1 X73.266 Y119.45 E194.14258
G1 X81.944 Y119.45 E194.44564
G1 X82.428 Y118.91 E194.47097
G1 X83.158 Y117.645 E194.52197
G1 X83.569 Y116.38 E194.56843
G1 X83.672 Y115.55 E194.59763
G1 X93.419 Y115.55 E194.93803
G1 X93.689 Y116.38 E194.96851
G1 X93.846 Y117.645 E195.01303
G1 X93.728 Y118.91 E195.0574
G1 X93.506 Y119.45 E195.07779
G1 X102.184 Y119.45 E195.38085
G1 X102.668 Y118.91 E195.40618
G1 X103.398 Y117.645 E195.45718
G1 X103.809 Y116.38 E195.50363
G1 X103.912 Y115.55 E195.53284
G1 X113.659 Y115.55 E195.87324
G1 X113.929 Y116.38 E195.90372
G1 X114.086 Y117.645 E195.94824
G1 X113.968 Y118.91 E195.9926
G1 X113.746 Y119.45 E196.01299
G1 X122.424 Y119.45 E196.31606
G1 X122.908 Y118.91 E196.34138
G1 X123.638 Y117.645 E196.39239
G1 X124.049 Y116.38 E196.43884
G1 X124.152 Y115.55 E196.46805
G1 X133.899 Y115.55 E196.80844
G1 X134.169 Y116.38 E196.83893
G1 X134.326 Y117.645 E196.88344
G1 X134.208 Y118.91 E196.92781
G1 X133.986 Y119.45 E196.9482
G1 X142.664 Y119.45 E197.25126
G1 X143.148 Y118.91 E197.27659
G1 X143.878 Y117.645 E197.3276
G1 X144.289 Y116.38 E197.37405
G1 X144.392 Y115.55 E197.40326
G1 X154.139 Y115.55 E197.74365
G1 X154.409 Y116.38 E197.77413
G1 X154.566 Y117.645 E197.81865
G1 X154.448 Y118.91 E197.86302
G1 X154.226 Y119.45 E197.88341
G1 X162.904 Y119.45 E198.18647
G1 X163.388 Y118.91 E198.2118
G1 X163.7 Y118.369 E198.23361
G1 F1500 E197.23361
G0 F9000 X71.13 Y119.62
G0 X70.88 Y119.87
M204 S2000
;TYPE:WALL-INNER
G1 F1500 E198.23361
G1 F3780 X164.12 Y119.87 E201.48984
G1 X164.12 Y115.13 E201.65538
G1 X70.88 Y115.13 E204.91161
G1 X70.88 Y119.87 E205.07715
M204 S1000
G0 F9000 X70.46 Y120.29
M204 S2000
;TYPE:WALL-OUTER
G1 F2640 X164.54 Y120.29 E208.36271
G1 X164.54 Y114.71 E208.55759
G1 X70.46 Y114.71 E211.84316
G1 X70.46 Y120.29 E212.03803
M204 S1000
G0 F9000 X70.66 Y120.29
G0 X71.356 Y119.27
;MESH:NONMESH
G0 F600 X71.356 Y119.27 Z1.2
G0 F9000 X73.177 Y115.55
;TIME_ELAPSED:215.463175
;LAYER:5
;TYPE:FILL
;MESH:Screen_Support.stl
G1 F4980 X73.485 Y116.38 E212.06894
G1 X73.7 Y117.645 E212.11376
G1 X73.647 Y118.91 E212.15797
G1 X73.453 Y119.45 E212.17801
G1 X81.817 Y119.45 E212.47011
G1 X82.337 Y118.91 E212.49629
G1 X83.135 Y117.645 E212.54852
G1 X83.605 Y116.38 E212.59565
G1 X83.746 Y115.55 E212.62505
G1 X93.417 Y115.55 E212.96279
G1 X93.725 Y116.38 E212.99371
G1 X93.94 Y117.645 E213.03852
G1 X93.887 Y118.91 E213.08274
G1 X93.693 Y119.45 E213.10278
G1 X102.057 Y119.45 E213.39487
G1 X102.577 Y118.91 E213.42106
G1 X103.375 Y117.645 E213.47329
G1 X103.845 Y116.38 E213.52042
G1 X103.986 Y115.55 E213.54982
G1 X113.657 Y115.55 E213.88756
G1 X113.965 Y116.38 E213.91848
G1 X114.18 Y117.645 E213.96329
G1 X114.127 Y118.91 E214.00751
G1 X113.933 Y119.45 E214.02754
G1 X122.297 Y119.45 E214.31964
G1 X122.817 Y118.91 E214.34582
G1 X123.615 Y117.645 E214.39806
G1 X124.085 Y116.38 E214.44518
G1 X124.226 Y115.55 E214.47459
G1 X133.897 Y115.55 E214.81233
G1 X134.205 Y116.38 E214.84324
G1 X134.42 Y117.645 E214.88806
G1 X134.367 Y118.91 E214.93227
G1 X134.173 Y119.45 E214.95231
G1 X142.537 Y119.45 E215.24441
G1 X143.057 Y118.91 E215.27059
G1 X143.855 Y117.645 E215.32282
G1 X144.325 Y116.38 E215.36995
G1 X144.466 Y115.55 E215.39935
G1 X154.137 Y115.55 E215.73709
G1 X154.445 Y116.38 E215.76801
G1 X154.66 Y117.645 E215.81282
G1 X154.607 Y118.91 E215.85704
G1 X154.413 Y119.45 E215.87708
G1 X162.777 Y119.45 E216.16918
G1 X163.297 Y118.91 E216.19536
G1 X163.7 Y118.271 E216.22174
G1 F1500 E215.22174
G0 F9000 X71.13 Y119.62
G0 X70.88 Y119.87
M204 S2000
;TYPE:WALL-INNER
G1 F1500 E216.22174
G1 F3780 X164.12 Y119.87 E219.47797
G1 X164.12 Y115.13 E219.64351
G1 X70.88 Y115.13 E222.89974
G1 X70.88 Y119.87 E223.06528
M204 S1000
G0 F9000 X70.46 Y120.29
M204 S2000
;TYPE:WALL-OUTER
G1 F2640 X164.54 Y120.29 E226.35085
G1 X164.54 Y114.71 E226.54572
G1 X70.46 Y114.71 E229.83129
G1 X70.46 Y120.29 E230.02616
M204 S1000
G0 F9000 X70.66 Y120.29
G0 X71.356 Y119.27
;MESH:NONMESH
G0 F600 X71.356 Y119.27 Z1.4
G0 F9000 X73.18 Y115.55
;TIME_ELAPSED:227.415569
;LAYER:6
;TYPE:FILL
;MESH:Screen_Support.stl
G1 F4980 X73.527 Y116.38 E230.05758
G1 X73.802 Y117.645 E230.10279
G1 X73.817 Y118.91 E230.14697
G1 X73.654 Y119.45 E230.16667
G1 X81.69 Y119.45 E230.44731
G1 X82.25 Y118.91 E230.47448
G1 X83.118 Y117.645 E230.52805
G1 X83.647 Y116.38 E230.57594
G1 X83.827 Y115.55 E230.6056
G1 X93.42 Y115.55 E230.94062
G1 X93.767 Y116.38 E230.97203
G1 X94.042 Y117.645 E231.01724
G1 X94.057 Y118.91 E231.06142
G1 X93.894 Y119.45 E231.08112
G1 X101.93 Y119.45 E231.36177
G1 X102.49 Y118.91 E231.38893
G1 X103.358 Y117.645 E231.44251
G1 X103.887 Y116.38 E231.4904
G1 X104.067 Y115.55 E231.52006
G1 X113.66 Y115.55 E231.85507
G1 X114.007 Y116.38 E231.88649
G1 X114.282 Y117.645 E231.9317
G1 X114.297 Y118.91 E231.97588
G1 X114.134 Y119.45 E231.99558
G1 X122.17 Y119.45 E232.27622
G1 X122.73 Y118.91 E232.30339
G1 X123.598 Y117.645 E232.35697
G1 X124.127 Y116.38 E232.40486
G1 X124.307 Y115.55 E232.43452
G1 X133.9 Y115.55 E232.76953
G1 X134.247 Y116.38 E232.80095
G1 X134.522 Y117.645 E232.84616
G1 X134.537 Y118.91 E232.89034
G1 X134.374 Y119.45 E232.91004
G1 X142.41 Y119.45 E233.19068
G1 X142.97 Y118.91 E233.21785
G1 X143.838 Y117.645 E233.27143
G1 X144.367 Y116.38 E233.31931
G1 X144.547 Y115.55 E233.34897
G1 X154.14 Y115.55 E233.68399
G1 X154.487 Y116.38 E233.71541
G1 X154.762 Y117.645 E233.76062
G1 X154.777 Y118.91 E233.8048
G1 X154.614 Y119.45 E233.8245
G1 X162.65 Y119.45 E234.10514
G1 X163.21 Y118.91 E234.13231
G1 X163.7 Y118.196 E234.16255
G1 F1500 E233.16255
G0 F9000 X71.13 Y119.62
G0 X70.88 Y119.87
M204 S2000
;TYPE:WALL-INNER
G1 F1500 E234.16255
G1 F3780 X164.12 Y119.87 E237.41878
G1 X164.12 Y115.13 E237.58432
G1 X70.88 Y115.13 E240.84055
G1 X70.88 Y119.87 E241.00609
M204 S1000
G0 F9000 X70.46 Y120.29
M204 S2000
;TYPE:WALL-OUTER
G1 F2640 X164.54 Y120.29 E244.29166
G1 X164.54 Y114.71 E244.48653
G1 X70.46 Y114.71 E247.7721
G1 X70.46 Y120.29 E247.96697
M204 S1000
G0 F9000 X70.66 Y120.29
G0 X71.356 Y119.27
;MESH:NONMESH
G0 F600 X71.356 Y119.27 Z1.6
G0 F9000 X73.191 Y115.55
;TIME_ELAPSED:239.344753
;LAYER:7
;TYPE:FILL
;MESH:Screen_Support.stl
G1 F4980 X73.577 Y116.38 E247.99894
G1 X73.913 Y117.645 E248.04465
G1 X73.999 Y118.91 E248.08893
G1 X73.871 Y119.45 E248.10831
G1 X81.56 Y119.45 E248.37683
G1 X82.166 Y118.91 E248.40518
G1 X83.108 Y117.645 E248.46026
G1 X83.697 Y116.38 E248.50899
G1 X83.917 Y115.55 E248.53898
G1 X93.431 Y115.55 E248.87124
G1 X93.817 Y116.38 E248.90321
G1 X94.153 Y117.645 E248.94891
G1 X94.239 Y118.91 E248.99319
G1 X94.111 Y119.45 E249.01258
G1 X101.8 Y119.45 E249.2811
G1 X102.406 Y118.91 E249.30945
G1 X103.348 Y117.645 E249.36453
G1 X103.937 Y116.38 E249.41326
G1 X104.157 Y115.55 E249.44325
G1 X113.671 Y115.55 E249.77551
G1 X114.057 Y116.38 E249.80747
G1 X114.393 Y117.645 E249.85318
G1 X114.479 Y118.91 E249.89746
G1 X114.351 Y119.45 E249.91684
G1 X122.04 Y119.45 E250.18537
G1 X122.646 Y118.91 E250.21371
G1 X123.588 Y117.645 E250.26879
G1 X124.177 Y116.38 E250.31753
G1 X124.397 Y115.55 E250.34751
G1 X133.911 Y115.55 E250.67977
G1 X134.297 Y116.38 E250.71174
G1 X134.633 Y117.645 E250.75745
G1 X134.719 Y118.91 E250.80173
G1 X134.591 Y119.45 E250.82111
G1 X142.28 Y119.45 E251.08963
G1 X142.886 Y118.91 E251.11798
G1 X143.828 Y117.645 E251.17306
G1 X144.417 Y116.38 E251.22179
G1 X144.637 Y115.55 E251.25178
G1 X154.151 Y115.55 E251.58404
G1 X154.537 Y116.38 E251.61601
G1 X154.873 Y117.645 E251.66172
G1 X154.959 Y118.91 E251.706
G1 X154.831 Y119.45 E251.72538
G1 X162.52 Y119.45 E251.9939
G1 X163.126 Y118.91 E252.02225
G1 X163.7 Y118.139 E252.05582
G1 F1500 E251.05582
G0 F9000 X71.13 Y119.62
G0 X70.88 Y119.87
M204 S2000
;TYPE:WALL-INNER
G1 F1500 E252.05582
G1 F3780 X164.12 Y119.87 E255.31205
G1 X164.12 Y115.13 E255.47759
G1 X70.88 Y115.13 E258.73382
G1 X70.88 Y119.87 E258.89936
M204 S1000
G0 F9000 X70.46 Y120.29
M204 S2000
;TYPE:WALL-OUTER
G1 F2640 X164.54 Y120.29 E262.18492
G1 X164.54 Y114.71 E262.3798
G1 X70.46 Y114.71 E265.66537
G1 X70.46 Y120.29 E265.86024
M204 S1000
G0 F9000 X70.66 Y120.29
G0 X71.356 Y119.27
;MESH:NONMESH
G0 F600 X71.356 Y119.27 Z1.8
G0 F9000 X73.209 Y115.55
;TIME_ELAPSED:251.248363
;LAYER:8
;TYPE:FILL
;MESH:Screen_Support.stl
G1 F4980 X73.635 Y116.38 E265.89282
G1 X74.032 Y117.645 E265.93912
G1 X74.196 Y118.91 E265.98367
G1 X74.109 Y119.45 E266.00277
G1 X81.425 Y119.45 E266.25827
G1 X82.084 Y118.91 E266.28802
G1 X83.105 Y117.645 E266.34479
G1 X83.755 Y116.38 E266.39446
G1 X84.015 Y115.55 E266.42484
G1 X93.449 Y115.55 E266.7543
G1 X93.875 Y116.38 E266.78688
G1 X94.272 Y117.645 E266.83318
G1 X94.436 Y118.91 E266.87773
G1 X94.349 Y119.45 E266.89683
G1 X101.665 Y119.45 E267.15233
G1 X102.324 Y118.91 E267.18209
G1 X103.345 Y117.645 E267.23886
G1 X103.995 Y116.38 E267.28853
G1 X104.255 Y115.55 E267.3189
G1 X113.689 Y115.55 E267.64837
G1 X114.115 Y116.38 E267.68095
G1 X114.512 Y117.645 E267.72725
G1 X114.676 Y118.91 E267.7718
G1 X114.589 Y119.45 E267.7909
G1 X121.905 Y119.45 E268.0464
G1 X122.564 Y118.91 E268.07615
G1 X123.585 Y117.645 E268.13292
G1 X124.235 Y116.38 E268.18259
G1 X124.495 Y115.55 E268.21297
G1 X133.929 Y115.55 E268.54243
G1 X134.355 Y116.38 E268.57501
G1 X134.752 Y117.645 E268.62131
G1 X134.916 Y118.91 E268.66586
G1 X134.829 Y119.45 E268.68496
G1 X142.145 Y119.45 E268.94046
G1 X142.804 Y118.91 E268.97022
G1 X143.825 Y117.645 E269.02699
G1 X144.475 Y116.38 E269.07666
G1 X144.735 Y115.55 E269.10703
G1 X154.169 Y115.55 E269.4365
G1 X154.595 Y116.38 E269.46908
G1 X154.992 Y117.645 E269.51538
G1 X155.156 Y118.91 E269.55993
G1 X155.069 Y119.45 E269.57903
G1 X162.385 Y119.45 E269.83453
G1 X163.044 Y118.91 E269.86428
G1 X163.7 Y118.097 E269.90076
G1 F1500 E268.90076
G0 F9000 X71.13 Y119.62
G0 X70.88 Y119.87
M204 S2000
;TYPE:WALL-INNER
G1 F1500 E269.90076
G1 F3780 X164.12 Y119.87 E273.157
G1 X164.12 Y115.13 E273.32253
G1 X70.88 Y115.13 E276.57877
G1 X70.88 Y119.87 E276.7443
M204 S1000
G0 F9000 X70.46 Y120.29
M204 S2000
;TYPE:WALL-OUTER
G1 F2640 X164.54 Y120.29 E280.02987
G1 X164.54 Y114.71 E280.22474
G1 X70.46 Y114.71 E283.51031
G1 X70.46 Y120.29 E283.70518
M204 S1000
G0 F9000 X70.66 Y120.29
G0 X71.356 Y119.27
;MESH:NONMESH
G0 F600 X71.356 Y119.27 Z2
G0 F9000 X73.234 Y115.55
;TIME_ELAPSED:263.122083
;LAYER:9
;TYPE:FILL
;MESH:Screen_Support.stl
G1 F4980 X73.701 Y116.38 E283.73844
G1 X74.161 Y117.645 E283.78545
G1 X74.407 Y118.91 E283.83046
G1 X74.371 Y119.45 E283.84936
G1 X81.282 Y119.45 E284.09071
G1 X82.004 Y118.91 E284.1222
G1 X83.109 Y117.645 E284.18086
G1 X83.821 Y116.38 E284.23155
G1 X84.123 Y115.55 E284.2624
G1 X93.474 Y115.55 E284.58896
G1 X93.941 Y116.38 E284.62222
G1 X94.401 Y117.645 E284.66923
G1 X94.647 Y118.91 E284.71423
G1 X94.611 Y119.45 E284.73313
G1 X101.522 Y119.45 E284.97449
G1 X102.244 Y118.91 E285.00598
G1 X103.349 Y117.645 E285.06463
G1 X104.061 Y116.38 E285.11533
G1 X104.363 Y115.55 E285.14617
G1 X113.714 Y115.55 E285.47274
G1 X114.181 Y116.38 E285.506
G1 X114.641 Y117.645 E285.55301
G1 X114.887 Y118.91 E285.59801
G1 X114.851 Y119.45 E285.61691
G1 X121.762 Y119.45 E285.85827
G1 X122.484 Y118.91 E285.88975
G1 X123.589 Y117.645 E285.94841
G1 X124.301 Y116.38 E285.99911
G1 X124.603 Y115.55 E286.02995
G1 X133.954 Y115.55 E286.35652
G1 X134.421 Y116.38 E286.38978
G1 X134.881 Y117.645 E286.43679
G1 X135.127 Y118.91 E286.48179
G1 X135.091 Y119.45 E286.50069
G1 X142.002 Y119.45 E286.74205
G1 X142.724 Y118.91 E286.77353
G1 X143.829 Y117.645 E286.83219
G1 X144.541 Y116.38 E286.88289
G1 X144.843 Y115.55 E286.91373
G1 X154.194 Y115.55 E287.2403
G1 X154.661 Y116.38 E287.27356
G1 X155.121 Y117.645 E287.32057
G1 X155.367 Y118.91 E287.36557
G1 X155.331 Y119.45 E287.38447
G1 X162.242 Y119.45 E287.62583
G1 X162.964 Y118.91 E287.65731
G1 X163.7 Y118.067 E287.69639
G1 F1500 E286.69639
G0 F9000 X71.13 Y119.62
G0 X70.88 Y119.87
M204 S2000
;TYPE:WALL-INNER
G1 F1500 E287.69639
G1 F3780 X164.12 Y119.87 E290.95263
G1 X164.12 Y115.13 E291.11816
G1 X70.88 Y115.13 E294.3744
G1 X70.88 Y119.87 E294.53993
M204 S1000
G0 F9000 X70.46 Y120.29
M204 S2000
;TYPE:WALL-OUTER
G1 F2640 X164.54 Y120.29 E297.8255
G1 X164.54 Y114.71 E298.02037
G1 X70.46 Y114.71 E301.30594
G1 X70.46 Y120.29 E301.50081
M204 S1000
G0 F9000 X70.66 Y120.29
G0 X71.356 Y119.27
;MESH:NONMESH
G0 F600 X71.356 Y119.27 Z2.2
G0 F9000 X73.267 Y115.55
;TIME_ELAPSED:274.960851
;LAYER:10
;TYPE:FILL
;MESH:Screen_Support.stl
G1 F4980 X73.775 Y116.38 E301.5348
G1 X74.3 Y117.645 E301.58263
G1 X74.636 Y118.91 E301.62834
G1 X74.663 Y119.45 E301.64722
G1 X81.127 Y119.45 E301.87296
G1 X81.927 Y118.91 E301.90667
G1 X83.121 Y117.645 E301.96742
G1 X83.895 Y116.38 E302.01921
G1 X84.239 Y115.55 E302.05059
G1 X93.507 Y115.55 E302.37426
G1 X94.015 Y116.38 E302.40824
G1 X94.54 Y117.645 E302.45607
G1 X94.876 Y118.91 E302.50178
G1 X94.903 Y119.45 E302.52066
G1 X101.367 Y119.45 E302.74641
G1 X102.167 Y118.91 E302.78011
G1 X103.361 Y117.645 E302.84086
G1 X104.135 Y116.38 E302.89265
G1 X104.479 Y115.55 E302.92403
G1 X113.747 Y115.55 E303.2477
G1 X114.255 Y116.38 E303.28168
G1 X114.78 Y117.645 E303.32952
G1 X115.116 Y118.91 E303.37522
G1 X115.143 Y119.45 E303.39411
G1 X121.607 Y119.45 E303.61985
G1 X122.407 Y118.91 E303.65356
G1 X123.601 Y117.645 E303.71431
G1 X124.375 Y116.38 E303.7661
G1 X124.719 Y115.55 E303.79747
G1 X133.987 Y115.55 E304.12114
G1 X134.495 Y116.38 E304.15513
G1 X135.02 Y117.645 E304.20296
G1 X135.356 Y118.91 E304.24867
G1 X135.383 Y119.45 E304.26755
G1 X141.847 Y119.45 E304.49329
G1 X142.647 Y118.91 E304.527
G1 X143.841 Y117.645 E304.58775
G1 X144.615 Y116.38 E304.63954
G1 X144.959 Y115.55 E304.67092
G1 X154.227 Y115.55 E304.99459
G1 X154.735 Y116.38 E305.02857
G1 X155.26 Y117.645 E305.0764
G1 X155.596 Y118.91 E305.12211
G1 X155.623 Y119.45 E305.14099
G1 X162.087 Y119.45 E305.36674
G1 X162.887 Y118.91 E305.40044
G1 X163.7 Y118.049 E305.4418
G1 F1500 E304.4418
G0 F9000 X71.13 Y119.62
G0 X70.88 Y119.87
M204 S2000
;TYPE:WALL-INNER
G1 F1500 E305.4418
G1 F3780 X164.12 Y119.87 E308.69803
G1 X164.12 Y115.13 E308.86357
G1 X70.88 Y115.13 E312.1198
G1 X70.88 Y119.87 E312.28534
M204 S1000
G0 F9000 X70.46 Y120.29
M204 S2000
;TYPE:WALL-OUTER
G1 F2640 X164.54 Y120.29 E315.57091
G1 X164.54 Y114.71 E315.76578
G1 X70.46 Y114.71 E319.05135
G1 X70.46 Y120.29 E319.24622
M204 S1000
G0 F9000 X70.66 Y120.29
G0 X71.356 Y119.27
;MESH:NONMESH
G0 F600 X71.356 Y119.27 Z2.4
G0 F9000 X73.31 Y115.55
;TIME_ELAPSED:286.768963
;LAYER:11
;TYPE:FILL
;MESH:Screen_Support.stl
G1 F4980 X73.859 Y116.38 E319.28097
G1 X74.449 Y117.645 E319.32972
G1 X74.884 Y118.91 E319.37644
G1 X74.996 Y119.45 E319.3957
G1 X80.953 Y119.45 E319.60373
G1 X81.852 Y118.91 E319.64036
G1 X83.142 Y117.645 E319.70345
G1 X83.979 Y116.38 E319.75643
G1 X84.366 Y115.55 E319.78841
G1 X93.55 Y115.55 E320.10914
G1 X94.099 Y116.38 E320.1439
G1 X94.689 Y117.645 E320.19264
G1 X95.124 Y118.91 E320.23936
G1 X95.236 Y119.45 E320.25862
G1 X101.193 Y119.45 E320.46666
G1 X102.092 Y118.91 E320.50328
G1 X103.382 Y117.645 E320.56638
G1 X104.219 Y116.38 E320.61935
G1 X104.606 Y115.55 E320.65133
G1 X113.79 Y115.55 E320.97207
G1 X114.339 Y116.38 E321.00682
G1 X114.929 Y117.645 E321.05557
G1 X115.364 Y118.91 E321.10228
G1 X115.476 Y119.45 E321.12154
G1 X121.433 Y119.45 E321.32958
G1 X122.332 Y118.91 E321.36621
G1 X123.622 Y117.645 E321.4293
G1 X124.459 Y116.38 E321.48228
G1 X124.846 Y115.55 E321.51426
G1 X134.03 Y115.55 E321.83499
G1 X134.579 Y116.38 E321.86975
G1 X135.169 Y117.645 E321.91849
G1 X135.604 Y118.91 E321.96521
G1 X135.716 Y119.45 E321.98447
G1 X141.673 Y119.45 E322.19251
G1 X142.572 Y118.91 E322.22913
G1 X143.862 Y117.645 E322.29223
G1 X144.699 Y116.38 E322.3452
G1 X145.086 Y115.55 E322.37718
G1 X154.27 Y115.55 E322.69792
G1 X154.819 Y116.38 E322.73267
G1 X155.409 Y117.645 E322.78142
G1 X155.844 Y118.91 E322.82813
G1 X155.956 Y119.45 E322.84739
G1 X161.913 Y119.45 E323.05543
G1 X162.812 Y118.91 E323.09205
G1 X163.7 Y118.039 E323.13549
G1 F1500 E322.13549
G0 F9000 X71.13 Y119.62
G0 X70.88 Y119.87
M204 S2000
;TYPE:WALL-INNER
G1 F1500 E323.13549
G1 F3780 X164.12 Y119.87 E326.39173
G1 X164.12 Y115.13 E326.55726
G1 X70.88 Y115.13 E329.8135
G1 X70.88 Y119.87 E329.97903
M204 S1000
G0 F9000 X70.46 Y120.29
M204 S2000
;TYPE:WALL-OUTER
G1 F2640 X164.54 Y120.29 E333.2646
G1 X164.54 Y114.71 E333.45947
G1 X70.46 Y114.71 E336.74504
G1 X70.46 Y120.29 E336.93991
M204 S1000
G0 F9000 X70.66 Y120.29
G0 X71.356 Y119.27
;MESH:NONMESH
G0 F600 X71.356 Y119.27 Z2.6
G0 F9000 X73.393 Y115.55
;TIME_ELAPSED:298.556620
;LAYER:12
;MESH:Screen_Support.stl
G0 X74.635 Y117.701
;TYPE:FILL
G1 F4980 X75.426 Y119.45 E337.00695
G1 X80.922 Y119.45 E337.19889
G1 X82.225 Y118.569 E337.25382
G1 X83.49 Y117.249 E337.31767
G1 X84.471 Y115.55 E337.38618
G1 X73.393 Y115.55 E337.77306
G1 X74.635 Y117.701 E337.8598
G1 F1500 E336.8598
G0 F9000 X94.875 Y117.701
G1 F1500 E337.8598
G1 F4980 X95.666 Y119.45 E337.92684
G1 X101.162 Y119.45 E338.11878
G1 X102.465 Y118.569 E338.17371
G1 X103.73 Y117.249 E338.23756
G1 X104.711 Y115.55 E338.30607
G1 X93.633 Y115.55 E338.69295
G1 X94.875 Y117.701 E338.77969
G1 F1500 E337.77969
G0 F9000 X115.115 Y117.701
G1 F1500 E338.77969
G1 F4980 X115.906 Y119.45 E338.84673
G1 X121.402 Y119.45 E339.03867
G1 X122.705 Y118.569 E339.0936
G1 X123.97 Y117.249 E339.15745
G1 X124.951 Y115.55 E339.22596
G1 X113.873 Y115.55 E339.61284
G1 X115.115 Y117.701 E339.69958
G1 F1500 E338.69958
G0 F9000 X135.355 Y117.701
G1 F1500 E339.69958
G1 F4980 X136.146 Y119.45 E339.76662
G1 X141.642 Y119.45 E339.95856
G1 X142.945 Y118.569 E340.01349
G1 X144.21 Y117.249 E340.07734
G1 X145.191 Y115.55 E340.14585
G1 X134.113 Y115.55 E340.53273
G1 X135.355 Y117.701 E340.61947
G1 F1500 E339.61947
G0 F9000 X154.353 Y115.55
G1 F1500 E340.61947
G1 F4980 X155.595 Y117.701 E340.70622
G1 X156.386 Y119.45 E340.77325
G1 X161.882 Y119.45 E340.96519
G1 X163.185 Y118.569 E341.02012
G1 X163.7 Y118.032 E341.04611
G1 F1500 E340.04611
G0 F9000 X71.13 Y119.62
G0 X70.88 Y119.87
M204 S2000
;TYPE:WALL-INNER
G1 F1500 E341.04611
G1 F3780 X164.12 Y119.87 E344.30234
G1 X164.12 Y115.13 E344.46788
G1 X70.88 Y115.13 E347.72411
G1 X70.88 Y119.87 E347.88964
M204 S1000
G0 F9000 X70.46 Y120.29
M204 S2000
;TYPE:WALL-OUTER
G1 F2640 X164.54 Y120.29 E351.17521
G1 X164.54 Y114.71 E351.37009
G1 X70.46 Y114.71 E354.65565
G1 X70.46 Y120.29 E354.85053
M204 S1000
G0 F9000 X70.66 Y120.29
G0 X71.356 Y119.27
;MESH:NONMESH
G0 F600 X71.356 Y119.27 Z2.8
G0 F9000 X73.444 Y115.55
;TIME_ELAPSED:312.286504
;LAYER:13
;MESH:Screen_Support.stl
G0 X74.635 Y117.372
;TYPE:FILL
G1 F4980 X75.803 Y119.45 E354.93377
G1 X80.7 Y119.45 E355.10479
G1 X80.96 Y119.338 E355.11468
G1 X82.225 Y118.546 E355.1668
G1 X83.49 Y117.323 E355.22825
G1 X84.648 Y115.55 E355.3022
G1 X73.444 Y115.55 E355.69348
G1 X74.635 Y117.372 E355.7695
G1 F1500 E354.7695
G0 F9000 X94.875 Y117.372
G1 F1500 E355.7695
G1 F4980 X96.043 Y119.45 E355.85275
G1 X100.94 Y119.45 E356.02377
G1 X101.2 Y119.338 E356.03366
G1 X102.465 Y118.546 E356.08578
G1 X103.73 Y117.323 E356.14723
G1 X104.888 Y115.55 E356.22118
G1 X93.684 Y115.55 E356.61246
G1 X94.875 Y117.372 E356.68848
G1 F1500 E355.68848
G0 F9000 X115.115 Y117.372
G1 F1500 E356.68848
G1 F4980 X116.283 Y119.45 E356.77173
G1 X121.18 Y119.45 E356.94275
G1 X121.44 Y119.338 E356.95263
G1 X122.705 Y118.546 E357.00475
G1 X123.97 Y117.323 E357.0662
G1 X125.128 Y115.55 E357.14016
G1 X113.924 Y115.55 E357.53144
G1 X115.115 Y117.372 E357.60746
G1 F1500 E356.60746
G0 F9000 X135.355 Y117.372
G1 F1500 E357.60746
G1 F4980 X136.523 Y119.45 E357.6907
G1 X141.42 Y119.45 E357.86172
G1 X141.68 Y119.338 E357.87161
G1 X142.945 Y118.546 E357.92373
G1 X144.21 Y117.323 E357.98518
G1 X145.368 Y115.55 E358.05913
G1 X134.164 Y115.55 E358.45041
G1 X135.355 Y117.372 E358.52643
G1 F1500 E357.52643
G0 F9000 X154.404 Y115.55
G1 F1500 E358.52643
G1 F4980 X155.595 Y117.372 E358.60245
G1 X156.763 Y119.45 E358.6857
G1 X161.66 Y119.45 E358.85672
G1 X161.92 Y119.338 E358.8666
G1 X163.185 Y118.546 E358.91873
G1 X163.7 Y118.048 E358.94374
G1 F1500 E357.94374
G0 F9000 X71.13 Y119.62
G0 X70.88 Y119.87
M204 S2000
;TYPE:WALL-INNER
G1 F1500 E358.94374
G1 F3780 X164.12 Y119.87 E362.19998
G1 X164.12 Y115.13 E362.36551
G1 X70.88 Y115.13 E365.62175
G1 X70.88 Y119.87 E365.78728
M204 S1000
G0 F9000 X70.46 Y120.29
M204 S2000
;TYPE:WALL-OUTER
G1 F2640 X164.54 Y120.29 E369.07285
G1 X164.54 Y114.71 E369.26772
G1 X70.46 Y114.71 E372.55329
G1 X70.46 Y120.29 E372.74816
M204 S1000
G0 F9000 X70.66 Y120.29
G0 X71.356 Y119.27
;MESH:NONMESH
G0 F600 X71.356 Y119.27 Z3
G0 F9000 X73.509 Y115.55
;TIME_ELAPSED:325.962559
;LAYER:14
;MESH:Screen_Support.stl
G0 X74.635 Y117.101
;TYPE:FILL
G1 F4980 X75.9 Y119.081 E372.83022
G1 X76.426 Y119.45 E372.85266
G1 X80.462 Y119.45 E372.99361
G1 X80.96 Y119.261 E373.01221
G1 X82.225 Y118.531 E373.06322
G1 X83.49 Y117.4 E373.12248
G1 X84.833 Y115.55 E373.20231
G1 X73.509 Y115.55 E373.59778
G1 X74.635 Y117.101 E373.66472
G1 F1500 E372.66472
G0 F9000 X94.875 Y117.101
G1 F1500 E373.66472
G1 F4980 X96.14 Y119.081 E373.74677
G1 X96.666 Y119.45 E373.76921
G1 X100.702 Y119.45 E373.91016
G1 X101.2 Y119.261 E373.92876
G1 X102.465 Y118.531 E373.97977
G1 X103.73 Y117.4 E374.03903
G1 X105.073 Y115.55 E374.11887
G1 X93.749 Y115.55 E374.51434
G1 X94.875 Y117.101 E374.58127
G1 F1500 E373.58127
G0 F9000 X115.115 Y117.101
G1 F1500 E374.58127
G1 F4980 X116.38 Y119.081 E374.66333
G1 X116.906 Y119.45 E374.68577
G1 X120.942 Y119.45 E374.82672
G1 X121.44 Y119.261 E374.84532
G1 X122.705 Y118.531 E374.89632
G1 X123.97 Y117.4 E374.95558
G1 X125.313 Y115.55 E375.03542
G1 X113.989 Y115.55 E375.43089
G1 X115.115 Y117.101 E375.49783
G1 F1500 E374.49783
G0 F9000 X135.355 Y117.101
G1 F1500 E375.49783
G1 F4980 X136.62 Y119.081 E375.57988
G1 X137.146 Y119.45 E375.60232
G1 X141.182 Y119.45 E375.74327
G1 X141.68 Y119.261 E375.76187
G1 X142.945 Y118.531 E375.81288
G1 X144.21 Y117.4 E375.87214
G1 X145.553 Y115.55 E375.95198
G1 X134.229 Y115.55 E376.34745
G1 X135.355 Y117.101 E376.41438
G1 F1500 E375.41438
G0 F9000 X154.469 Y115.55
G1 F1500 E376.41438
G1 F4980 X155.595 Y117.101 E376.48132
G1 X156.86 Y119.081 E376.56337
G1 X157.386 Y119.45 E376.58581
G1 X161.422 Y119.45 E376.72676
G1 X161.92 Y119.261 E376.74536
G1 X163.185 Y118.531 E376.79637
G1 X163.7 Y118.071 E376.82048
G1 F1500 E375.82048
G0 F9000 X71.13 Y119.62
G0 X70.88 Y119.87
M204 S2000
;TYPE:WALL-INNER
G1 F1500 E376.82048
G1 F3780 X164.12 Y119.87 E380.07672
G1 X164.12 Y115.13 E380.24225
G1 X70.88 Y115.13 E383.49849
G1 X70.88 Y119.87 E383.66402
M204 S1000
G0 F9000 X70.46 Y120.29
M204 S2000
;TYPE:WALL-OUTER
G1 F2640 X164.54 Y120.29 E386.94959
G1 X164.54 Y114.71 E387.14446
G1 X70.46 Y114.71 E390.43003
G1 X70.46 Y120.29 E390.6249
M204 S1000
G0 F9000 X70.66 Y120.29
G0 X71.356 Y119.27
;MESH:NONMESH
G0 F600 X71.356 Y119.27 Z3.2
G0 F9000 X73.585 Y115.55
;TIME_ELAPSED:339.623144
;LAYER:15
;MESH:Screen_Support.stl
G0 X74.635 Y116.866
;TYPE:FILL
G1 F4980 X75.9 Y118.665 E390.70171
G1 X76.933 Y119.45 E390.74702
G1 X80.178 Y119.45 E390.86034
G1 X80.96 Y119.193 E390.88909
G1 X82.225 Y118.525 E390.93905
G1 X83.49 Y117.479 E390.99637
G1 X84.755 Y115.893 E391.06722
G1 X84.996 Y115.55 E391.08186
G1 X73.585 Y115.55 E391.48037
G1 X74.635 Y116.866 E391.53916
G1 F1500 E390.53916
G0 F9000 X94.875 Y116.866
G1 F1500 E391.53916
G1 F4980 X96.14 Y118.665 E391.61597
G1 X97.173 Y119.45 E391.66128
G1 X100.418 Y119.45 E391.7746
G1 X101.2 Y119.193 E391.80335
G1 X102.465 Y118.525 E391.85331
G1 X103.73 Y117.479 E391.91063
G1 X104.995 Y115.893 E391.98148
G1 X105.236 Y115.55 E391.99612
G1 X93.825 Y115.55 E392.39463
G1 X94.875 Y116.866 E392.45343
G1 F1500 E391.45343
G0 F9000 X115.115 Y116.866
G1 F1500 E392.45343
G1 F4980 X116.38 Y118.665 E392.53023
G1 X117.413 Y119.45 E392.57554
G1 X120.658 Y119.45 E392.68887
G1 X121.44 Y119.193 E392.71761
G1 X122.705 Y118.525 E392.76757
G1 X123.97 Y117.479 E392.8249
G1 X125.235 Y115.893 E392.89574
G1 X125.476 Y115.55 E392.91038
G1 X114.065 Y115.55 E393.30889
G1 X115.115 Y116.866 E393.36769
G1 F1500 E392.36769
G0 F9000 X135.355 Y116.866
G1 F1500 E393.36769
G1 F4980 X136.62 Y118.665 E393.44449
G1 X137.653 Y119.45 E393.4898
G1 X140.898 Y119.45 E393.60313
G1 X141.68 Y119.193 E393.63187
G1 X142.945 Y118.525 E393.68183
G1 X144.21 Y117.479 E393.73916
G1 X145.475 Y115.893 E393.81001
G1 X145.716 Y115.55 E393.82465
G1 X134.305 Y115.55 E394.22315
G1 X135.355 Y116.866 E394.28195
G1 F1500 E393.28195
G0 F9000 X154.545 Y115.55
G1 F1500 E394.28195
G1 F4980 X155.595 Y116.866 E394.34074
G1 X156.86 Y118.665 E394.41755
G1 X157.893 Y119.45 E394.46286
G1 X161.138 Y119.45 E394.57618
G1 X161.92 Y119.193 E394.60493
G1 X163.185 Y118.525 E394.65489
G1 X163.7 Y118.099 E394.67823
G1 F1500 E393.67823
G0 F9000 X71.13 Y119.62
G0 X70.88 Y119.87
M204 S2000
;TYPE:WALL-INNER
G1 F1500 E394.67823
G1 F3780 X164.12 Y119.87 E397.93446
G1 X164.12 Y115.13 E398.1
G1 X70.88 Y115.13 E401.35623
G1 X70.88 Y119.87 E401.52177
M204 S1000
G0 F9000 X70.46 Y120.29
M204 S2000
;TYPE:WALL-OUTER
G1 F2640 X164.54 Y120.29 E404.80734
G1 X164.54 Y114.71 E405.00221
G1 X70.46 Y114.71 E408.28778
G1 X70.46 Y120.29 E408.48265
M204 S1000
G0 F9000 X70.66 Y120.29
G0 X71.356 Y119.27
;MESH:NONMESH
G0 F600 X71.356 Y119.27 Z3.4
G0 F9000 X70.88 Y119.87
;TIME_ELAPSED:353.184704
;LAYER:16
M204 S2000
;TYPE:WALL-INNER
;MESH:Screen_Support.stl
G1 F3780 X164.12 Y119.87 E411.73888
G1 X164.12 Y115.13 E411.90442
G1 X70.88 Y115.13 E415.16065
G1 X70.88 Y119.87 E415.32619
M204 S1000
G0 F9000 X70.46 Y120.29
M204 S2000
;TYPE:WALL-OUTER
G1 F2640 X164.54 Y120.29 E418.61176
G1 X164.54 Y114.71 E418.80663
G1 X70.46 Y114.71 E422.0922
G1 X70.46 Y120.29 E422.28707
M204 S1000
G0 F9000 X70.66 Y120.29
G0 X71.216 Y119.534
;TYPE:SKIN
G1 F2100 X71.216 Y115.466 E422.42914
G1 X163.784 Y115.466 E425.6619
G1 X163.784 Y119.534 E425.80397
G1 X71.216 Y119.534 E429.03674
G0 F9000 X71.805 Y119.323
G1 F2100 X71.425 Y118.943 E429.0555
G0 F9000 X71.425 Y118.349
G1 F2100 X72.399 Y119.323 E429.10361
G0 F9000 X72.993 Y119.323
G1 F2100 X71.425 Y117.755 E429.18105
G0 F9000 X71.425 Y117.161
G1 F2100 X73.587 Y119.323 E429.28783
G0 F9000 X74.181 Y119.323
G1 F2100 X71.425 Y116.567 E429.42394
G0 F9000 X71.425 Y115.973
G1 F2100 X74.775 Y119.323 E429.5894
G0 F9000 X75.369 Y119.323
G1 F2100 X71.721 Y115.675 E429.76957
G0 F9000 X72.315 Y115.675
G1 F2100 X75.963 Y119.323 E429.94974
G0 F9000 X76.557 Y119.323
G1 F2100 X72.909 Y115.675 E430.12991
G0 F9000 X73.503 Y115.675
G1 F2100 X77.151 Y119.323 E430.31008
G0 F9000 X77.745 Y119.323
G1 F2100 X74.097 Y115.675 E430.49025
G0 F9000 X74.691 Y115.675
G1 F2100 X78.339 Y119.323 E430.67042
G0 F9000 X78.933 Y119.323
G1 F2100 X75.285 Y115.675 E430.85059
G0 F9000 X75.879 Y115.675
G1 F2100 X79.527 Y119.323 E431.03076
G0 F9000 X80.121 Y119.323
G1 F2100 X76.473 Y115.675 E431.21093
G0 F9000 X77.067 Y115.675
G1 F2100 X80.715 Y119.323 E431.3911
G0 F9000 X81.309 Y119.323
G1 F2100 X77.661 Y115.675 E431.57127
G0 F9000 X78.255 Y115.675
G1 F2100 X81.903 Y119.323 E431.75144
G0 F9000 X82.497 Y119.323
G1 F2100 X78.849 Y115.675 E431.93161
G0 F9000 X79.443 Y115.675
G1 F2100 X83.091 Y119.323 E432.11178
G0 F9000 X83.685 Y119.323
G1 F2100 X80.037 Y115.675 E432.29195
G0 F9000 X80.631 Y115.675
G1 F2100 X84.279 Y119.323 E432.47212
G0 F9000 X84.873 Y119.323
G1 F2100 X81.225 Y115.675 E432.65229
G0 F9000 X81.819 Y115.675
G1 F2100 X85.467 Y119.323 E432.83246
G0 F9000 X86.061 Y119.323
G1 F2100 X82.413 Y115.675 E433.01263
G0 F9000 X83.007 Y115.675
G1 F2100 X86.655 Y119.323 E433.1928
G0 F9000 X87.249 Y119.323
G1 F2100 X83.601 Y115.675 E433.37297
G0 F9000 X84.195 Y115.675
G1 F2100 X87.843 Y119.323 E433.55314
G0 F9000 X88.437 Y119.323
G1 F2100 X84.789 Y115.675 E433.73331
G0 F9000 X85.383 Y115.675
G1 F2100 X89.031 Y119.323 E433.91348
G0 F9000 X89.625 Y119.323
G1 F2100 X85.977 Y115.675 E434.09365
G0 F9000 X86.571 Y115.675
G1 F2100 X90.219 Y119.323 E434.27382
G0 F9000 X90.813 Y119.323
G1 F2100 X87.165 Y115.675 E434.45399
G0 F9000 X87.759 Y115.675
G1 F2100 X91.406 Y119.323 E434.63414
G0 F9000 X92 Y119.323
G1 F2100 X88.352 Y115.675 E434.81431
G0 F9000 X88.946 Y115.675
G1 F2100 X92.594 Y119.323 E434.99448
G0 F9000 X93.188 Y119.323
G1 F2100 X89.54 Y115.675 E435.17465
G0 F9000 X90.134 Y115.675
G1 F2100 X93.782 Y119.323 E435.35482
G0 F9000 X94.376 Y119.323
G1 F2100 X90.728 Y115.675 E435.53499
G0 F9000 X91.322 Y115.675
G1 F2100 X94.97 Y119.323 E435.71516
G0 F9000 X95.564 Y119.323
G1 F2100 X91.916 Y115.675 E435.89533
G0 F9000 X92.51 Y115.675
G1 F2100 X96.158 Y119.323 E436.0755
G0 F9000 X96.752 Y119.323
G1 F2100 X93.104 Y115.675 E436.25567
G0 F9000 X93.698 Y115.675
G1 F2100 X97.346 Y119.323 E436.43584
G0 F9000 X97.94 Y119.323
G1 F2100 X94.292 Y115.675 E436.61601
G0 F9000 X94.886 Y115.675
G1 F2100 X98.534 Y119.323 E436.79618
G0 F9000 X99.128 Y119.323
G1 F2100 X95.48 Y115.675 E436.97635
G0 F9000 X96.074 Y115.675
G1 F2100 X99.722 Y119.323 E437.15652
G0 F9000 X100.316 Y119.323
G1 F2100 X96.668 Y115.675 E437.33669
G0 F9000 X97.262 Y115.675
G1 F2100 X100.91 Y119.323 E437.51686
G0 F9000 X101.504 Y119.323
G1 F2100 X97.856 Y115.675 E437.69703
G0 F9000 X98.45 Y115.675
G1 F2100 X102.098 Y119.323 E437.8772
G0 F9000 X102.692 Y119.323
G1 F2100 X99.044 Y115.675 E438.05737
G0 F9000 X99.638 Y115.675
G1 F2100 X103.286 Y119.323 E438.23754
G0 F9000 X103.88 Y119.323
G1 F2100 X100.232 Y115.675 E438.41771
G0 F9000 X100.826 Y115.675
G1 F2100 X104.474 Y119.323 E438.59788
G0 F9000 X105.068 Y119.323
G1 F2100 X101.42 Y115.675 E438.77805
G0 F9000 X102.014 Y115.675
G1 F2100 X105.662 Y119.323 E438.95823
G0 F9000 X106.256 Y119.323
G1 F2100 X102.608 Y115.675 E439.1384
G0 F9000 X103.202 Y115.675
G1 F2100 X106.85 Y119.323 E439.31857
G0 F9000 X107.444 Y119.323
G1 F2100 X103.796 Y115.675 E439.49874
G0 F9000 X104.39 Y115.675
G1 F2100 X108.038 Y119.323 E439.67891
G0 F9000 X108.632 Y119.323
G1 F2100 X104.984 Y115.675 E439.85908
G0 F9000 X105.578 Y115.675
G1 F2100 X109.226 Y119.323 E440.03925
G0 F9000 X109.82 Y119.323
G1 F2100 X106.172 Y115.675 E440.21942
G0 F9000 X106.766 Y115.675
G1 F2100 X110.414 Y119.323 E440.39959
G0 F9000 X111.007 Y119.323
G1 F2100 X107.36 Y115.675 E440.57973
G0 F9000 X107.953 Y115.675
G1 F2100 X111.601 Y119.323 E440.7599
G0 F9000 X112.195 Y119.323
G1 F2100 X108.547 Y115.675 E440.94007
G0 F9000 X109.141 Y115.675
G1 F2100 X112.789 Y119.323 E441.12024
G0 F9000 X113.383 Y119.323
G1 F2100 X109.735 Y115.675 E441.30041
G0 F9000 X110.329 Y115.675
G1 F2100 X113.977 Y119.323 E441.48058
G0 F9000 X114.571 Y119.323
G1 F2100 X110.923 Y115.675 E441.66075
G0 F9000 X111.517 Y115.675
G1 F2100 X115.165 Y119.323 E441.84092
G0 F9000 X115.759 Y119.323
G1 F2100 X112.111 Y115.675 E442.0211
G0 F9000 X112.705 Y115.675
G1 F2100 X116.353 Y119.323 E442.20127
G0 F9000 X116.947 Y119.323
G1 F2100 X113.299 Y115.675 E442.38144
G0 F9000 X113.893 Y115.675
G1 F2100 X117.541 Y119.323 E442.56161
G0 F9000 X118.135 Y119.323
G1 F2100 X114.487 Y115.675 E442.74178
G0 F9000 X115.081 Y115.675
G1 F2100 X118.729 Y119.323 E442.92195
G0 F9000 X119.323 Y119.323
G1 F2100 X115.675 Y115.675 E443.10212
G0 F9000 X116.269 Y115.675
G1 F2100 X119.917 Y119.323 E443.28229
G0 F9000 X120.511 Y119.323
G1 F2100 X116.863 Y115.675 E443.46246
G0 F9000 X117.457 Y115.675
G1 F2100 X121.105 Y119.323 E443.64263
G0 F9000 X121.699 Y119.323
G1 F2100 X118.051 Y115.675 E443.8228
G0 F9000 X118.645 Y115.675
G1 F2100 X122.293 Y119.323 E444.00297
G0 F9000 X122.887 Y119.323
G1 F2100 X119.239 Y115.675 E444.18314
G0 F9000 X119.833 Y115.675
G1 F2100 X123.481 Y119.323 E444.36331
G0 F9000 X124.075 Y119.323
G1 F2100 X120.427 Y115.675 E444.54348
G0 F9000 X121.021 Y115.675
G1 F2100 X124.669 Y119.323 E444.72365
G0 F9000 X125.263 Y119.323
G1 F2100 X121.615 Y115.675 E444.90382
G0 F9000 X122.209 Y115.675
G1 F2100 X125.857 Y119.323 E445.08399
G0 F9000 X126.451 Y119.323
G1 F2100 X122.803 Y115.675 E445.26416
G0 F9000 X123.397 Y115.675
G1 F2100 X127.045 Y119.323 E445.44433
G0 F9000 X127.639 Y119.323
G1 F2100 X123.991 Y115.675 E445.6245
G0 F9000 X124.585 Y115.675
G1 F2100 X128.233 Y119.323 E445.80467
G0 F9000 X128.827 Y119.323
G1 F2100 X125.179 Y115.675 E445.98484
G0 F9000 X125.773 Y115.675
G1 F2100 X129.421 Y119.323 E446.16501
G0 F9000 X130.015 Y119.323
G1 F2100 X126.367 Y115.675 E446.34518
G0 F9000 X126.961 Y115.675
G1 F2100 X130.608 Y119.323 E446.52533
G0 F9000 X131.202 Y119.323
G1 F2100 X127.554 Y115.675 E446.7055
G0 F9000 X128.148 Y115.675
G1 F2100 X131.796 Y119.323 E446.88567
G0 F9000 X132.39 Y119.323
G1 F2100 X128.742 Y115.675 E447.06584
G0 F9000 X129.336 Y115.675
G1 F2100 X132.984 Y119.323 E447.24601
G0 F9000 X133.578 Y119.323
G1 F2100 X129.93 Y115.675 E447.42618
G0 F9000 X130.524 Y115.675
G1 F2100 X134.172 Y119.323 E447.60635
G0 F9000 X134.766 Y119.323
G1 F2100 X131.118 Y115.675 E447.78652
G0 F9000 X131.712 Y115.675
G1 F2100 X135.36 Y119.323 E447.96669
G0 F9000 X135.954 Y119.323
G1 F2100 X132.306 Y115.675 E448.14686
G0 F9000 X132.9 Y115.675
G1 F2100 X136.548 Y119.323 E448.32703
G0 F9000 X137.142 Y119.323
G1 F2100 X133.494 Y115.675 E448.5072
G0 F9000 X134.088 Y115.675
G1 F2100 X137.736 Y119.323 E448.68737
G0 F9000 X138.33 Y119.323
G1 F2100 X134.682 Y115.675 E448.86754
G0 F9000 X135.276 Y115.675
G1 F2100 X138.924 Y119.323 E449.04771
G0 F9000 X139.518 Y119.323
G1 F2100 X135.87 Y115.675 E449.22788
G0 F9000 X136.464 Y115.675
G1 F2100 X140.112 Y119.323 E449.40805
G0 F9000 X140.706 Y119.323
G1 F2100 X137.058 Y115.675 E449.58822
G0 F9000 X137.652 Y115.675
G1 F2100 X141.3 Y119.323 E449.76839
G0 F9000 X141.894 Y119.323
G1 F2100 X138.246 Y115.675 E449.94856
G0 F9000 X138.84 Y115.675
G1 F2100 X142.488 Y119.323 E450.12873
G0 F9000 X143.082 Y119.323
G1 F2100 X139.434 Y115.675 E450.3089
G0 F9000 X140.028 Y115.675
G1 F2100 X143.676 Y119.323 E450.48907
G0 F9000 X144.27 Y119.323
G1 F2100 X140.622 Y115.675 E450.66924
G0 F9000 X141.216 Y115.675
G1 F2100 X144.864 Y119.323 E450.84941
G0 F9000 X145.458 Y119.323
G1 F2100 X141.81 Y115.675 E451.02958
G0 F9000 X142.404 Y115.675
G1 F2100 X146.052 Y119.323 E451.20975
G0 F9000 X146.646 Y119.323
G1 F2100 X142.998 Y115.675 E451.38992
G0 F9000 X143.592 Y115.675
G1 F2100 X147.24 Y119.323 E451.57009
G0 F9000 X147.834 Y119.323
G1 F2100 X144.186 Y115.675 E451.75027
G0 F9000 X144.78 Y115.675
G1 F2100 X148.428 Y119.323 E451.93044
G0 F9000 X149.022 Y119.323
G1 F2100 X145.374 Y115.675 E452.11061
G0 F9000 X145.968 Y115.675
G1 F2100 X149.616 Y119.323 E452.29078
G0 F9000 X150.209 Y119.323
G1 F2100 X146.562 Y115.675 E452.47092
G0 F9000 X147.155 Y115.675
G1 F2100 X150.803 Y119.323 E452.65109
G0 F9000 X151.397 Y119.323
G1 F2100 X147.749 Y115.675 E452.83126
G0 F9000 X148.343 Y115.675
G1 F2100 X151.991 Y119.323 E453.01143
G0 F9000 X152.585 Y119.323
G1 F2100 X148.937 Y115.675 E453.1916
G0 F9000 X149.531 Y115.675
G1 F2100 X153.179 Y119.323 E453.37177
G0 F9000 X153.773 Y119.323
G1 F2100 X150.125 Y115.675 E453.55194
G0 F9000 X150.719 Y115.675
G1 F2100 X154.367 Y119.323 E453.73211
G0 F9000 X154.961 Y119.323
G1 F2100 X151.313 Y115.675 E453.91228
G0 F9000 X151.907 Y115.675
G1 F2100 X155.555 Y119.323 E454.09245
G0 F9000 X156.149 Y119.323
G1 F2100 X152.501 Y115.675 E454.27262
G0 F9000 X153.095 Y115.675
G1 F2100 X156.743 Y119.323 E454.45279
G0 F9000 X157.337 Y119.323
G1 F2100 X153.689 Y115.675 E454.63296
G0 F9000 X154.283 Y115.675
G1 F2100 X157.931 Y119.323 E454.81314
G0 F9000 X158.525 Y119.323
G1 F2100 X154.877 Y115.675 E454.99331
G0 F9000 X155.471 Y115.675
G1 F2100 X159.119 Y119.323 E455.17348
G0 F9000 X159.713 Y119.323
G1 F2100 X156.065 Y115.675 E455.35365
G0 F9000 X156.659 Y115.675
G1 F2100 X160.307 Y119.323 E455.53382
G0 F9000 X160.901 Y119.323
G1 F2100 X157.253 Y115.675 E455.71399
G0 F9000 X157.847 Y115.675
G1 F2100 X161.495 Y119.323 E455.89416
G0 F9000 X162.089 Y119.323
G1 F2100 X158.441 Y115.675 E456.07433
G0 F9000 X159.035 Y115.675
G1 F2100 X162.683 Y119.323 E456.2545
G0 F9000 X163.277 Y119.323
G1 F2100 X159.629 Y115.675 E456.43467
G0 F9000 X160.223 Y115.675
G1 F2100 X163.573 Y119.025 E456.60012
G0 F9000 X163.573 Y118.431
G1 F2100 X160.817 Y115.675 E456.73624
G0 F9000 X161.411 Y115.675
G1 F2100 X163.573 Y117.837 E456.84301
G0 F9000 X163.573 Y117.243
G1 F2100 X162.005 Y115.675 E456.92046
G0 F9000 X162.599 Y115.675
G1 F2100 X163.573 Y116.649 E456.96856
G0 F9000 X163.573 Y116.056
G1 F2100 X163.193 Y115.675 E456.98735
G0 F9000 X163.193 Y115.73
G1 F1500 E455.98735
;MESH:NONMESH
G0 F600 X163.193 Y115.73 Z3.6
G0 F9000 X71.13 Y119.62
G0 X70.88 Y119.87
;TIME_ELAPSED:401.329417
;LAYER:17
M204 S2000
;TYPE:WALL-INNER
;MESH:Screen_Support.stl
G1 F1500 E456.98735
G1 F3780 X164.12 Y119.87 E460.24359
G1 X164.12 Y115.13 E460.40912
G1 X70.88 Y115.13 E463.66536
G1 X70.88 Y119.87 E463.83089
M204 S1000
G0 F9000 X70.46 Y120.29
M204 S2000
;TYPE:WALL-OUTER
G1 F2640 X164.54 Y120.29 E467.11646
G1 X164.54 Y114.71 E467.31133
G1 X70.46 Y114.71 E470.5969
G1 X70.46 Y120.29 E470.79177
M204 S1000
G0 F9000 X70.66 Y120.29
G0 X71.216 Y119.534
;TYPE:SKIN
G1 F2100 X71.216 Y115.466 E470.93384
G1 X163.784 Y115.466 E474.1666
G1 X163.784 Y119.534 E474.30867
G1 X71.216 Y119.534 E477.54144
G0 F9000 X72.018 Y115.675
G1 F2100 X71.426 Y116.268 E477.5707
G0 F9000 X71.426 Y116.862
G1 F2100 X72.612 Y115.675 E477.6293
G0 F9000 X73.206 Y115.675
G1 F2100 X71.426 Y117.456 E477.71724
G0 F9000 X71.426 Y118.05
G1 F2100 X73.8 Y115.675 E477.83451
G0 F9000 X74.394 Y115.675
G1 F2100 X71.426 Y118.644 E477.98112
G0 F9000 X71.426 Y119.238
G1 F2100 X74.988 Y115.675 E478.15707
G0 F9000 X75.582 Y115.675
G1 F2100 X71.933 Y119.324 E478.33729
G0 F9000 X72.527 Y119.324
G1 F2100 X76.176 Y115.675 E478.51751
G0 F9000 X76.77 Y115.675
G1 F2100 X73.121 Y119.324 E478.69773
G0 F9000 X73.715 Y119.324
G1 F2100 X77.364 Y115.675 E478.87795
G0 F9000 X77.958 Y115.675
G1 F2100 X74.309 Y119.324 E479.05817
G0 F9000 X74.903 Y119.324
G1 F2100 X78.552 Y115.675 E479.23839
G0 F9000 X79.146 Y115.675
G1 F2100 X75.497 Y119.324 E479.41861
G0 F9000 X76.091 Y119.324
G1 F2100 X79.74 Y115.675 E479.59883
G0 F9000 X80.334 Y115.675
G1 F2100 X76.685 Y119.324 E479.77905
G0 F9000 X77.279 Y119.324
G1 F2100 X80.928 Y115.675 E479.95927
G0 F9000 X81.522 Y115.675
G1 F2100 X77.873 Y119.324 E480.13949
G0 F9000 X78.467 Y119.324
G1 F2100 X82.116 Y115.675 E480.3197
G0 F9000 X82.71 Y115.675
G1 F2100 X79.061 Y119.324 E480.49992
G0 F9000 X79.655 Y119.324
G1 F2100 X83.304 Y115.675 E480.68014
G0 F9000 X83.898 Y115.675
G1 F2100 X80.249 Y119.324 E480.86036
G0 F9000 X80.843 Y119.324
G1 F2100 X84.492 Y115.675 E481.04058
G0 F9000 X85.086 Y115.675
G1 F2100 X81.437 Y119.324 E481.2208
G0 F9000 X82.031 Y119.324
G1 F2100 X85.68 Y115.675 E481.40102
G0 F9000 X86.274 Y115.675
G1 F2100 X82.625 Y119.324 E481.58124
G0 F9000 X83.219 Y119.324
G1 F2100 X86.868 Y115.675 E481.76146
G0 F9000 X87.462 Y115.675
G1 F2100 X83.813 Y119.324 E481.94168
G0 F9000 X84.407 Y119.324
G1 F2100 X88.056 Y115.675 E482.1219
G0 F9000 X88.649 Y115.675
G1 F2100 X85.001 Y119.324 E482.3021
G0 F9000 X85.595 Y119.324
G1 F2100 X89.243 Y115.675 E482.48229
G0 F9000 X89.837 Y115.675
G1 F2100 X86.189 Y119.324 E482.66249
G0 F9000 X86.783 Y119.324
G1 F2100 X90.431 Y115.675 E482.84268
G0 F9000 X91.025 Y115.675
G1 F2100 X87.377 Y119.324 E483.02288
G0 F9000 X87.971 Y119.324
G1 F2100 X91.619 Y115.675 E483.20307
G0 F9000 X92.213 Y115.675
G1 F2100 X88.565 Y119.324 E483.38327
G0 F9000 X89.159 Y119.324
G1 F2100 X92.807 Y115.675 E483.56346
G0 F9000 X93.401 Y115.675
G1 F2100 X89.753 Y119.324 E483.74366
G0 F9000 X90.347 Y119.324
G1 F2100 X93.995 Y115.675 E483.92385
G0 F9000 X94.589 Y115.675
G1 F2100 X90.941 Y119.324 E484.10405
G0 F9000 X91.534 Y119.324
G1 F2100 X95.183 Y115.675 E484.28427
G0 F9000 X95.777 Y115.675
G1 F2100 X92.128 Y119.324 E484.46449
G0 F9000 X92.722 Y119.324
G1 F2100 X96.371 Y115.675 E484.64471
G0 F9000 X96.965 Y115.675
G1 F2100 X93.316 Y119.324 E484.82492
G0 F9000 X93.91 Y119.324
G1 F2100 X97.559 Y115.675 E485.00514
G0 F9000 X98.153 Y115.675
G1 F2100 X94.504 Y119.324 E485.18536
G0 F9000 X95.098 Y119.324
G1 F2100 X98.747 Y115.675 E485.36558
G0 F9000 X99.341 Y115.675
G1 F2100 X95.692 Y119.324 E485.5458
G0 F9000 X96.286 Y119.324
G1 F2100 X99.935 Y115.675 E485.72602
G0 F9000 X100.529 Y115.675
G1 F2100 X96.88 Y119.324 E485.90624
G0 F9000 X97.474 Y119.324
G1 F2100 X101.123 Y115.675 E486.08646
G0 F9000 X101.717 Y115.675
G1 F2100 X98.068 Y119.324 E486.26668
G0 F9000 X98.662 Y119.324
G1 F2100 X102.311 Y115.675 E486.4469
G0 F9000 X102.905 Y115.675
G1 F2100 X99.256 Y119.324 E486.62712
G0 F9000 X99.85 Y119.324
G1 F2100 X103.499 Y115.675 E486.80734
G0 F9000 X104.093 Y115.675
G1 F2100 X100.444 Y119.324 E486.98756
G0 F9000 X101.038 Y119.324
G1 F2100 X104.687 Y115.675 E487.16778
G0 F9000 X105.281 Y115.675
G1 F2100 X101.632 Y119.324 E487.348
G0 F9000 X102.226 Y119.324
G1 F2100 X105.875 Y115.675 E487.52822
G0 F9000 X106.469 Y115.675
G1 F2100 X102.82 Y119.324 E487.70844
G0 F9000 X103.414 Y119.324
G1 F2100 X107.063 Y115.675 E487.88866
G0 F9000 X107.657 Y115.675
G1 F2100 X104.008 Y119.324 E488.06888
G0 F9000 X104.602 Y119.324
G1 F2100 X108.25 Y115.675 E488.24907
G0 F9000 X108.844 Y115.675
G1 F2100 X105.196 Y119.324 E488.42927
G0 F9000 X105.79 Y119.324
G1 F2100 X109.438 Y115.675 E488.60946
G0 F9000 X110.032 Y115.675
G1 F2100 X106.384 Y119.324 E488.78966
G0 F9000 X106.978 Y119.324
G1 F2100 X110.626 Y115.675 E488.96985
G0 F9000 X111.22 Y115.675
G1 F2100 X107.572 Y119.324 E489.15005
G0 F9000 X108.166 Y119.324
G1 F2100 X111.814 Y115.675 E489.33024
G0 F9000 X112.408 Y115.675
G1 F2100 X108.76 Y119.324 E489.51044
G0 F9000 X109.354 Y119.324
G1 F2100 X113.002 Y115.675 E489.69063
G0 F9000 X113.596 Y115.675
G1 F2100 X109.948 Y119.324 E489.87083
G0 F9000 X110.542 Y119.324
G1 F2100 X114.19 Y115.675 E490.05102
G0 F9000 X114.784 Y115.675
G1 F2100 X111.135 Y119.324 E490.23124
G0 F9000 X111.729 Y119.324
G1 F2100 X115.378 Y115.675 E490.41146
G0 F9000 X115.972 Y115.675
G1 F2100 X112.323 Y119.324 E490.59168
G0 F9000 X112.917 Y119.324
G1 F2100 X116.566 Y115.675 E490.7719
G0 F9000 X117.16 Y115.675
G1 F2100 X113.511 Y119.324 E490.95212
G0 F9000 X114.105 Y119.324
G1 F2100 X117.754 Y115.675 E491.13234
G0 F9000 X118.348 Y115.675
G1 F2100 X114.699 Y119.324 E491.31256
G0 F9000 X115.293 Y119.324
G1 F2100 X118.942 Y115.675 E491.49278
G0 F9000 X119.536 Y115.675
G1 F2100 X115.887 Y119.324 E491.673
G0 F9000 X116.481 Y119.324
G1 F2100 X120.13 Y115.675 E491.85322
G0 F9000 X120.724 Y115.675
G1 F2100 X117.075 Y119.324 E492.03344
G0 F9000 X117.669 Y119.324
G1 F2100 X121.318 Y115.675 E492.21366
G0 F9000 X121.912 Y115.675
G1 F2100 X118.263 Y119.324 E492.39388
G0 F9000 X118.857 Y119.324
G1 F2100 X122.506 Y115.675 E492.5741
G0 F9000 X123.1 Y115.675
G1 F2100 X119.451 Y119.324 E492.75432
G0 F9000 X120.045 Y119.324
G1 F2100 X123.694 Y115.675 E492.93454
G0 F9000 X124.288 Y115.675
G1 F2100 X120.639 Y119.324 E493.11476
G0 F9000 X121.233 Y119.324
G1 F2100 X124.882 Y115.675 E493.29498
G0 F9000 X125.476 Y115.675
G1 F2100 X121.827 Y119.324 E493.4752
G0 F9000 X122.421 Y119.324
G1 F2100 X126.07 Y115.675 E493.65542
G0 F9000 X126.664 Y115.675
G1 F2100 X123.015 Y119.324 E493.83564
G0 F9000 X123.609 Y119.324
G1 F2100 X127.258 Y115.675 E494.01586
G0 F9000 X127.851 Y115.675
G1 F2100 X124.203 Y119.324 E494.19605
G0 F9000 X124.797 Y119.324
G1 F2100 X128.445 Y115.675 E494.37625
G0 F9000 X129.039 Y115.675
G1 F2100 X125.391 Y119.324 E494.55644
G0 F9000 X125.985 Y119.324
G1 F2100 X129.633 Y115.675 E494.73664
G0 F9000 X130.227 Y115.675
G1 F2100 X126.579 Y119.324 E494.91683
G0 F9000 X127.173 Y119.324
G1 F2100 X130.821 Y115.675 E495.09703
G0 F9000 X131.415 Y115.675
G1 F2100 X127.767 Y119.324 E495.27722
G0 F9000 X128.361 Y119.324
G1 F2100 X132.009 Y115.675 E495.45742
G0 F9000 X132.603 Y115.675
G1 F2100 X128.955 Y119.324 E495.63761
G0 F9000 X129.549 Y119.324
G1 F2100 X133.197 Y115.675 E495.81781
G0 F9000 X133.791 Y115.675
G1 F2100 X130.143 Y119.324 E495.998
G0 F9000 X130.736 Y119.324
G1 F2100 X134.385 Y115.675 E496.17822
G0 F9000 X134.979 Y115.675
G1 F2100 X131.33 Y119.324 E496.35844
G0 F9000 X131.924 Y119.324
G1 F2100 X135.573 Y115.675 E496.53866
G0 F9000 X136.167 Y115.675
G1 F2100 X132.518 Y119.324 E496.71888
G0 F9000 X133.112 Y119.324
G1 F2100 X136.761 Y115.675 E496.8991
G0 F9000 X137.355 Y115.675
G1 F2100 X133.706 Y119.324 E497.07932
G0 F9000 X134.3 Y119.324
G1 F2100 X137.949 Y115.675 E497.25954
G0 F9000 X138.543 Y115.675
G1 F2100 X134.894 Y119.324 E497.43976
G0 F9000 X135.488 Y119.324
G1 F2100 X139.137 Y115.675 E497.61998
G0 F9000 X139.731 Y115.675
G1 F2100 X136.082 Y119.324 E497.8002
G0 F9000 X136.676 Y119.324
G1 F2100 X140.325 Y115.675 E497.98042
G0 F9000 X140.919 Y115.675
G1 F2100 X137.27 Y119.324 E498.16064
G0 F9000 X137.864 Y119.324
G1 F2100 X141.513 Y115.675 E498.34086
G0 F9000 X142.107 Y115.675
G1 F2100 X138.458 Y119.324 E498.52108
G0 F9000 X139.052 Y119.324
G1 F2100 X142.701 Y115.675 E498.7013
G0 F9000 X143.295 Y115.675
G1 F2100 X139.646 Y119.324 E498.88151
G0 F9000 X140.24 Y119.324
G1 F2100 X143.889 Y115.675 E499.06173
G0 F9000 X144.483 Y115.675
G1 F2100 X140.834 Y119.324 E499.24195
G0 F9000 X141.428 Y119.324
G1 F2100 X145.077 Y115.675 E499.42217
G0 F9000 X145.671 Y115.675
G1 F2100 X142.022 Y119.324 E499.60239
G0 F9000 X142.616 Y119.324
G1 F2100 X146.265 Y115.675 E499.78261
G0 F9000 X146.859 Y115.675
G1 F2100 X143.21 Y119.324 E499.96283
G0 F9000 X143.804 Y119.324
G1 F2100 X147.452 Y115.675 E500.14303
G0 F9000 X148.046 Y115.675
G1 F2100 X144.398 Y119.324 E500.32322
G0 F9000 X144.992 Y119.324
G1 F2100 X148.64 Y115.675 E500.50342
G0 F9000 X149.234 Y115.675
G1 F2100 X145.586 Y119.324 E500.68361
G0 F9000 X146.18 Y119.324
G1 F2100 X149.828 Y115.675 E500.86381
G0 F9000 X150.422 Y115.675
G1 F2100 X146.774 Y119.324 E501.044
G0 F9000 X147.368 Y119.324
G1 F2100 X151.016 Y115.675 E501.2242
G0 F9000 X151.61 Y115.675
G1 F2100 X147.962 Y119.324 E501.40439
G0 F9000 X148.556 Y119.324
G1 F2100 X152.204 Y115.675 E501.58459
G0 F9000 X152.798 Y115.675
G1 F2100 X149.15 Y119.324 E501.76478
G0 F9000 X149.744 Y119.324
G1 F2100 X153.392 Y115.675 E501.94498
G0 F9000 X153.986 Y115.675
G1 F2100 X150.337 Y119.324 E502.1252
G0 F9000 X150.931 Y119.324
G1 F2100 X154.58 Y115.675 E502.30542
G0 F9000 X155.174 Y115.675
G1 F2100 X151.525 Y119.324 E502.48564
G0 F9000 X152.119 Y119.324
G1 F2100 X155.768 Y115.675 E502.66586
G0 F9000 X156.362 Y115.675
G1 F2100 X152.713 Y119.324 E502.84608
G0 F9000 X153.307 Y119.324
G1 F2100 X156.956 Y115.675 E503.0263
G0 F9000 X157.55 Y115.675
G1 F2100 X153.901 Y119.324 E503.20652
G0 F9000 X154.495 Y119.324
G1 F2100 X158.144 Y115.675 E503.38673
G0 F9000 X158.738 Y115.675
G1 F2100 X155.089 Y119.324 E503.56695
G0 F9000 X155.683 Y119.324
G1 F2100 X159.332 Y115.675 E503.74717
G0 F9000 X159.926 Y115.675
G1 F2100 X156.277 Y119.324 E503.92739
G0 F9000 X156.871 Y119.324
G1 F2100 X160.52 Y115.675 E504.10761
G0 F9000 X161.114 Y115.675
G1 F2100 X157.465 Y119.324 E504.28783
G0 F9000 X158.059 Y119.324
G1 F2100 X161.708 Y115.675 E504.46805
G0 F9000 X162.302 Y115.675
G1 F2100 X158.653 Y119.324 E504.64827
G0 F9000 X159.247 Y119.324
G1 F2100 X162.896 Y115.675 E504.82849
G0 F9000 X163.49 Y115.675
G1 F2100 X159.841 Y119.324 E505.00871
G0 F9000 X160.435 Y119.324
G1 F2100 X163.573 Y116.186 E505.16369
G0 F9000 X163.573 Y116.78
G1 F2100 X161.029 Y119.324 E505.28934
G0 F9000 X161.623 Y119.324
G1 F2100 X163.573 Y117.374 E505.38565
G0 F9000 X163.573 Y117.968
G1 F2100 X162.217 Y119.324 E505.45262
G0 F9000 X162.811 Y119.324
G1 F2100 X163.573 Y118.562 E505.49025
G0 F9000 X163.573 Y119.155
G1 F2100 X163.405 Y119.324 E505.49857
G0 F9000 X163.405 Y119.27
G1 F1500 E504.49857
;MESH:NONMESH
G0 F600 X163.405 Y119.27 Z3.8
G0 F9000 X71.13 Y119.62
G0 X70.88 Y119.87
;TIME_ELAPSED:449.594996
;LAYER:18
M204 S2000
;TYPE:WALL-INNER
;MESH:Screen_Support.stl
G1 F1500 E505.49857
G1 F3780 X164.12 Y119.87 E508.75481
G1 X164.12 Y115.13 E508.92034
G1 X70.88 Y115.13 E512.17658
G1 X70.88 Y119.87 E512.34211
M204 S1000
G0 F9000 X70.46 Y120.29
M204 S2000
;TYPE:WALL-OUTER
G1 F2640 X164.54 Y120.29 E515.62768
G1 X164.54 Y114.71 E515.82255
G1 X70.46 Y114.71 E519.10812
G1 X70.46 Y120.29 E519.30299
M204 S1000
G0 F9000 X70.66 Y120.29
G0 X71.216 Y119.534
;TYPE:SKIN
G1 F2100 X71.216 Y115.466 E519.44506
G1 X163.784 Y115.466 E522.67783
G1 X163.784 Y119.534 E522.81989
G1 X71.216 Y119.534 E526.05266
G0 F9000 X71.805 Y119.323
G1 F2100 X71.425 Y118.943 E526.07143
G0 F9000 X71.425 Y118.349
G1 F2100 X72.399 Y119.323 E526.11953
G0 F9000 X72.993 Y119.323
G1 F2100 X71.425 Y117.755 E526.19697
G0 F9000 X71.425 Y117.161
G1 F2100 X73.587 Y119.323 E526.30375
G0 F9000 X74.181 Y119.323
G1 F2100 X71.425 Y116.567 E526.43987
G0 F9000 X71.425 Y115.973
G1 F2100 X74.775 Y119.323 E526.60532
G0 F9000 X75.369 Y119.323
G1 F2100 X71.721 Y115.675 E526.78549
G0 F9000 X72.315 Y115.675
G1 F2100 X75.963 Y119.323 E526.96566
G0 F9000 X76.557 Y119.323
G1 F2100 X72.909 Y115.675 E527.14583
G0 F9000 X73.503 Y115.675
G1 F2100 X77.151 Y119.323 E527.326
G0 F9000 X77.745 Y119.323
G1 F2100 X74.097 Y115.675 E527.50617
G0 F9000 X74.691 Y115.675
G1 F2100 X78.339 Y119.323 E527.68634
G0 F9000 X78.933 Y119.323
G1 F2100 X75.285 Y115.675 E527.86651
G0 F9000 X75.879 Y115.675
G1 F2100 X79.527 Y119.323 E528.04668
G0 F9000 X80.121 Y119.323
G1 F2100 X76.473 Y115.675 E528.22685
G0 F9000 X77.067 Y115.675
G1 F2100 X80.715 Y119.323 E528.40702
G0 F9000 X81.309 Y119.323
G1 F2100 X77.661 Y115.675 E528.58719
G0 F9000 X78.255 Y115.675
G1 F2100 X81.903 Y119.323 E528.76736
G0 F9000 X82.497 Y119.323
G1 F2100 X78.849 Y115.675 E528.94753
G0 F9000 X79.443 Y115.675
G1 F2100 X83.091 Y119.323 E529.1277
G0 F9000 X83.685 Y119.323
G1 F2100 X80.037 Y115.675 E529.30787
G0 F9000 X80.631 Y115.675
G1 F2100 X84.279 Y119.323 E529.48804
G0 F9000 X84.873 Y119.323
G1 F2100 X81.225 Y115.675 E529.66821
G0 F9000 X81.819 Y115.675
G1 F2100 X85.467 Y119.323 E529.84838
G0 F9000 X86.061 Y119.323
G1 F2100 X82.413 Y115.675 E530.02856
G0 F9000 X83.007 Y115.675
G1 F2100 X86.655 Y119.323 E530.20873
G0 F9000 X87.249 Y119.323
G1 F2100 X83.601 Y115.675 E530.3889
G0 F9000 X84.195 Y115.675
G1 F2100 X87.843 Y119.323 E530.56907
G0 F9000 X88.437 Y119.323
G1 F2100 X84.789 Y115.675 E530.74924
G0 F9000 X85.383 Y115.675
G1 F2100 X89.031 Y119.323 E530.92941
G0 F9000 X89.625 Y119.323
G1 F2100 X85.977 Y115.675 E531.10958
G0 F9000 X86.571 Y115.675
G1 F2100 X90.219 Y119.323 E531.28975
G0 F9000 X90.813 Y119.323
G1 F2100 X87.165 Y115.675 E531.46992
G0 F9000 X87.759 Y115.675
G1 F2100 X91.406 Y119.323 E531.65006
G0 F9000 X92 Y119.323
G1 F2100 X88.352 Y115.675 E531.83023
G0 F9000 X88.946 Y115.675
G1 F2100 X92.594 Y119.323 E532.0104
G0 F9000 X93.188 Y119.323
G1 F2100 X89.54 Y115.675 E532.19057
G0 F9000 X90.134 Y115.675
G1 F2100 X93.782 Y119.323 E532.37074
G0 F9000 X94.376 Y119.323
G1 F2100 X90.728 Y115.675 E532.55091
G0 F9000 X91.322 Y115.675
G1 F2100 X94.97 Y119.323 E532.73108
G0 F9000 X95.564 Y119.323
G1 F2100 X91.916 Y115.675 E532.91125
G0 F9000 X92.51 Y115.675
G1 F2100 X96.158 Y119.323 E533.09143
G0 F9000 X96.752 Y119.323
G1 F2100 X93.104 Y115.675 E533.2716
G0 F9000 X93.698 Y115.675
G1 F2100 X97.346 Y119.323 E533.45177
G0 F9000 X97.94 Y119.323
G1 F2100 X94.292 Y115.675 E533.63194
G0 F9000 X94.886 Y115.675
G1 F2100 X98.534 Y119.323 E533.81211
G0 F9000 X99.128 Y119.323
G1 F2100 X95.48 Y115.675 E533.99228
G0 F9000 X96.074 Y115.675
G1 F2100 X99.722 Y119.323 E534.17245
G0 F9000 X100.316 Y119.323
G1 F2100 X96.668 Y115.675 E534.35262
G0 F9000 X97.262 Y115.675
G1 F2100 X100.91 Y119.323 E534.53279
G0 F9000 X101.504 Y119.323
G1 F2100 X97.856 Y115.675 E534.71296
G0 F9000 X98.45 Y115.675
G1 F2100 X102.098 Y119.323 E534.89313
G0 F9000 X102.692 Y119.323
G1 F2100 X99.044 Y115.675 E535.0733
G0 F9000 X99.638 Y115.675
G1 F2100 X103.286 Y119.323 E535.25347
G0 F9000 X103.88 Y119.323
G1 F2100 X100.232 Y115.675 E535.43364
G0 F9000 X100.826 Y115.675
G1 F2100 X104.474 Y119.323 E535.61381
G0 F9000 X105.068 Y119.323
G1 F2100 X101.42 Y115.675 E535.79398
G0 F9000 X102.014 Y115.675
G1 F2100 X105.662 Y119.323 E535.97415
G0 F9000 X106.256 Y119.323
G1 F2100 X102.608 Y115.675 E536.15432
G0 F9000 X103.202 Y115.675
G1 F2100 X106.85 Y119.323 E536.33449
G0 F9000 X107.444 Y119.323
G1 F2100 X103.796 Y115.675 E536.51466
G0 F9000 X104.39 Y115.675
G1 F2100 X108.038 Y119.323 E536.69483
G0 F9000 X108.632 Y119.323
G1 F2100 X104.984 Y115.675 E536.875
G0 F9000 X105.578 Y115.675
G1 F2100 X109.226 Y119.323 E537.05517
G0 F9000 X109.82 Y119.323
G1 F2100 X106.172 Y115.675 E537.23534
G0 F9000 X106.766 Y115.675
G1 F2100 X110.414 Y119.323 E537.41551
G0 F9000 X111.007 Y119.323
G1 F2100 X107.36 Y115.675 E537.59566
G0 F9000 X107.953 Y115.675
G1 F2100 X111.601 Y119.323 E537.77583
G0 F9000 X112.195 Y119.323
G1 F2100 X108.547 Y115.675 E537.956
G0 F9000 X109.141 Y115.675
G1 F2100 X112.789 Y119.323 E538.13617
G0 F9000 X113.383 Y119.323
G1 F2100 X109.735 Y115.675 E538.31634
G0 F9000 X110.329 Y115.675
G1 F2100 X113.977 Y119.323 E538.49651
G0 F9000 X114.571 Y119.323
G1 F2100 X110.923 Y115.675 E538.67668
G0 F9000 X111.517 Y115.675
G1 F2100 X115.165 Y119.323 E538.85685
G0 F9000 X115.759 Y119.323
G1 F2100 X112.111 Y115.675 E539.03702
G0 F9000 X112.705 Y115.675
G1 F2100 X116.353 Y119.323 E539.21719
G0 F9000 X116.947 Y119.323
G1 F2100 X113.299 Y115.675 E539.39736
G0 F9000 X113.893 Y115.675
G1 F2100 X117.541 Y119.323 E539.57753
G0 F9000 X118.135 Y119.323
G1 F2100 X114.487 Y115.675 E539.7577
G0 F9000 X115.081 Y115.675
G1 F2100 X118.729 Y119.323 E539.93787
G0 F9000 X119.323 Y119.323
G1 F2100 X115.675 Y115.675 E540.11804
G0 F9000 X116.269 Y115.675
G1 F2100 X119.917 Y119.323 E540.29821
G0 F9000 X120.511 Y119.323
G1 F2100 X116.863 Y115.675 E540.47838
G0 F9000 X117.457 Y115.675
G1 F2100 X121.105 Y119.323 E540.65855
G0 F9000 X121.699 Y119.323
G1 F2100 X118.051 Y115.675 E540.83872
G0 F9000 X118.645 Y115.675
G1 F2100 X122.293 Y119.323 E541.01889
G0 F9000 X122.887 Y119.323
G1 F2100 X119.239 Y115.675 E541.19906
G0 F9000 X119.833 Y115.675
G1 F2100 X123.481 Y119.323 E541.37923
G0 F9000 X124.075 Y119.323
G1 F2100 X120.427 Y115.675 E541.5594
G0 F9000 X121.021 Y115.675
G1 F2100 X124.669 Y119.323 E541.73957
G0 F9000 X125.263 Y119.323
G1 F2100 X121.615 Y115.675 E541.91974
G0 F9000 X122.209 Y115.675
G1 F2100 X125.857 Y119.323 E542.09991
G0 F9000 X126.451 Y119.323
G1 F2100 X122.803 Y115.675 E542.28008
G0 F9000 X123.397 Y115.675
G1 F2100 X127.045 Y119.323 E542.46025
G0 F9000 X127.639 Y119.323
G1 F2100 X123.991 Y115.675 E542.64042
G0 F9000 X124.585 Y115.675
G1 F2100 X128.233 Y119.323 E542.8206
G0 F9000 X128.827 Y119.323
G1 F2100 X125.179 Y115.675 E543.00077
G0 F9000 X125.773 Y115.675
G1 F2100 X129.421 Y119.323 E543.18094
G0 F9000 X130.015 Y119.323
G1 F2100 X126.367 Y115.675 E543.36111
G0 F9000 X126.961 Y115.675
G1 F2100 X130.608 Y119.323 E543.54125
G0 F9000 X131.202 Y119.323
G1 F2100 X127.554 Y115.675 E543.72142
G0 F9000 X128.148 Y115.675
G1 F2100 X131.796 Y119.323 E543.90159
G0 F9000 X132.39 Y119.323
G1 F2100 X128.742 Y115.675 E544.08176
G0 F9000 X129.336 Y115.675
G1 F2100 X132.984 Y119.323 E544.26193
G0 F9000 X133.578 Y119.323
G1 F2100 X129.93 Y115.675 E544.4421
G0 F9000 X130.524 Y115.675
G1 F2100 X134.172 Y119.323 E544.62227
G0 F9000 X134.766 Y119.323
G1 F2100 X131.118 Y115.675 E544.80244
G0 F9000 X131.712 Y115.675
G1 F2100 X135.36 Y119.323 E544.98261
G0 F9000 X135.954 Y119.323
G1 F2100 X132.306 Y115.675 E545.16278
G0 F9000 X132.9 Y115.675
G1 F2100 X136.548 Y119.323 E545.34295
G0 F9000 X137.142 Y119.323
G1 F2100 X133.494 Y115.675 E545.52312
G0 F9000 X134.088 Y115.675
G1 F2100 X137.736 Y119.323 E545.70329
G0 F9000 X138.33 Y119.323
G1 F2100 X134.682 Y115.675 E545.88346
G0 F9000 X135.276 Y115.675
G1 F2100 X138.924 Y119.323 E546.06364
G0 F9000 X139.518 Y119.323
G1 F2100 X135.87 Y115.675 E546.24381
G0 F9000 X136.464 Y115.675
G1 F2100 X140.112 Y119.323 E546.42398
G0 F9000 X140.706 Y119.323
G1 F2100 X137.058 Y115.675 E546.60415
G0 F9000 X137.652 Y115.675
G1 F2100 X141.3 Y119.323 E546.78432
G0 F9000 X141.894 Y119.323
G1 F2100 X138.246 Y115.675 E546.96449
G0 F9000 X138.84 Y115.675
G1 F2100 X142.488 Y119.323 E547.14466
G0 F9000 X143.082 Y119.323
G1 F2100 X139.434 Y115.675 E547.32483
G0 F9000 X140.028 Y115.675
G1 F2100 X143.676 Y119.323 E547.505
G0 F9000 X144.27 Y119.323
G1 F2100 X140.622 Y115.675 E547.68517
G0 F9000 X141.216 Y115.675
G1 F2100 X144.864 Y119.323 E547.86534
G0 F9000 X145.458 Y119.323
G1 F2100 X141.81 Y115.675 E548.04551
G0 F9000 X142.404 Y115.675
G1 F2100 X146.052 Y119.323 E548.22568
G0 F9000 X146.646 Y119.323
G1 F2100 X142.998 Y115.675 E548.40585
G0 F9000 X143.592 Y115.675
G1 F2100 X147.24 Y119.323 E548.58602
G0 F9000 X147.834 Y119.323
G1 F2100 X144.186 Y115.675 E548.76619
G0 F9000 X144.78 Y115.675
G1 F2100 X148.428 Y119.323 E548.94636
G0 F9000 X149.022 Y119.323
G1 F2100 X145.374 Y115.675 E549.12653
G0 F9000 X145.968 Y115.675
G1 F2100 X149.616 Y119.323 E549.3067
G0 F9000 X150.209 Y119.323
G1 F2100 X146.562 Y115.675 E549.48685
G0 F9000 X147.155 Y115.675
G1 F2100 X150.803 Y119.323 E549.66702
G0 F9000 X151.397 Y119.323
G1 F2100 X147.749 Y115.675 E549.84719
G0 F9000 X148.343 Y115.675
G1 F2100 X151.991 Y119.323 E550.02736
G0 F9000 X152.585 Y119.323
G1 F2100 X148.937 Y115.675 E550.20753
G0 F9000 X149.531 Y115.675
G1 F2100 X153.179 Y119.323 E550.3877
G0 F9000 X153.773 Y119.323
G1 F2100 X150.125 Y115.675 E550.56787
G0 F9000 X150.719 Y115.675
G1 F2100 X154.367 Y119.323 E550.74804
G0 F9000 X154.961 Y119.323
G1 F2100 X151.313 Y115.675 E550.92821
G0 F9000 X151.907 Y115.675
G1 F2100 X155.555 Y119.323 E551.10838
G0 F9000 X156.149 Y119.323
G1 F2100 X152.501 Y115.675 E551.28855
G0 F9000 X153.095 Y115.675
G1 F2100 X156.743 Y119.323 E551.46872
G0 F9000 X157.337 Y119.323
G1 F2100 X153.689 Y115.675 E551.64889
G0 F9000 X154.283 Y115.675
G1 F2100 X157.931 Y119.323 E551.82906
G0 F9000 X158.525 Y119.323
G1 F2100 X154.877 Y115.675 E552.00923
G0 F9000 X155.471 Y115.675
G1 F2100 X159.119 Y119.323 E552.1894
G0 F9000 X159.713 Y119.323
G1 F2100 X156.065 Y115.675 E552.36957
G0 F9000 X156.659 Y115.675
G1 F2100 X160.307 Y119.323 E552.54974
G0 F9000 X160.901 Y119.323
G1 F2100 X157.253 Y115.675 E552.72991
G0 F9000 X157.847 Y115.675
G1 F2100 X161.495 Y119.323 E552.91008
G0 F9000 X162.089 Y119.323
G1 F2100 X158.441 Y115.675 E553.09025
G0 F9000 X159.035 Y115.675
G1 F2100 X162.683 Y119.323 E553.27042
G0 F9000 X163.277 Y119.323
G1 F2100 X159.629 Y115.675 E553.45059
G0 F9000 X160.223 Y115.675
G1 F2100 X163.573 Y119.025 E553.61604
G0 F9000 X163.573 Y118.431
G1 F2100 X160.817 Y115.675 E553.75216
G0 F9000 X161.411 Y115.675
G1 F2100 X163.573 Y117.837 E553.85894
G0 F9000 X163.573 Y117.243
G1 F2100 X162.005 Y115.675 E553.93638
G0 F9000 X162.599 Y115.675
G1 F2100 X163.573 Y116.649 E553.98448
G0 F9000 X163.573 Y116.056
G1 F2100 X163.193 Y115.675 E554.00328
G0 F9000 X163.193 Y115.73
G1 F1500 E553.00328
;MESH:NONMESH
G0 F600 X163.193 Y115.73 Z4
G0 F9000 X71.13 Y119.62
G0 X70.88 Y119.87
;TIME_ELAPSED:497.784043
;LAYER:19
M204 S2000
;TYPE:WALL-INNER
;MESH:Screen_Support.stl
G1 F1500 E554.00328
G1 F3780 X164.12 Y119.87 E557.25951
G1 X164.12 Y115.13 E557.42505
G1 X70.88 Y115.13 E560.68128
G1 X70.88 Y119.87 E560.84682
M204 S1000
G0 F9000 X70.46 Y120.29
M204 S2000
;TYPE:WALL-OUTER
G1 F2640 X164.54 Y120.29 E564.13238
G1 X164.54 Y114.71 E564.32726
G1 X70.46 Y114.71 E567.61283
G1 X70.46 Y120.29 E567.8077
M204 S1000
G0 F9000 X70.66 Y120.29
G0 X71.216 Y119.534
;TYPE:SKIN
G1 F2100 X71.216 Y115.466 E567.94976
G1 X163.784 Y115.466 E571.18253
G1 X163.784 Y119.534 E571.3246
G1 X71.216 Y119.534 E574.55736
G0 F9000 X70.99 Y119.534
G0 X71.056 Y118.533
G0 X71.088 Y115.338
G0 X72.018 Y115.24
G0 X72.018 Y115.675
G1 F2100 X71.426 Y116.268 E574.58662
G0 F9000 X71.426 Y116.862
G1 F2100 X72.612 Y115.675 E574.64522
G0 F9000 X73.206 Y115.675
G1 F2100 X71.426 Y117.456 E574.73316
G0 F9000 X71.426 Y118.05
G1 F2100 X73.8 Y115.675 E574.85043
G0 F9000 X74.394 Y115.675
G1 F2100 X71.426 Y118.644 E574.99705
G0 F9000 X71.426 Y119.238
G1 F2100 X74.988 Y115.675 E575.17299
G0 F9000 X75.582 Y115.675
G1 F2100 X71.933 Y119.324 E575.35321
G0 F9000 X72.527 Y119.324
G1 F2100 X76.176 Y115.675 E575.53343
G0 F9000 X76.77 Y115.675
G1 F2100 X73.121 Y119.324 E575.71365
G0 F9000 X73.715 Y119.324
G1 F2100 X77.364 Y115.675 E575.89387
G0 F9000 X77.958 Y115.675
G1 F2100 X74.309 Y119.324 E576.07409
G0 F9000 X74.903 Y119.324
G1 F2100 X78.552 Y115.675 E576.25431
G0 F9000 X79.146 Y115.675
G1 F2100 X75.497 Y119.324 E576.43453
G0 F9000 X76.091 Y119.324
G1 F2100 X79.74 Y115.675 E576.61475
G0 F9000 X80.334 Y115.675
G1 F2100 X76.685 Y119.324 E576.79497
G0 F9000 X77.279 Y119.324
G1 F2100 X80.928 Y115.675 E576.97519
G0 F9000 X81.522 Y115.675
G1 F2100 X77.873 Y119.324 E577.15541
G0 F9000 X78.467 Y119.324
G1 F2100 X82.116 Y115.675 E577.33563
G0 F9000 X82.71 Y115.675
G1 F2100 X79.061 Y119.324 E577.51585
G0 F9000 X79.655 Y119.324
G1 F2100 X83.304 Y115.675 E577.69607
G0 F9000 X83.898 Y115.675
G1 F2100 X80.249 Y119.324 E577.87629
G0 F9000 X80.843 Y119.324
G1 F2100 X84.492 Y115.675 E578.05651
G0 F9000 X85.086 Y115.675
G1 F2100 X81.437 Y119.324 E578.23673
G0 F9000 X82.031 Y119.324
G1 F2100 X85.68 Y115.675 E578.41695
G0 F9000 X86.274 Y115.675
G1 F2100 X82.625 Y119.324 E578.59717
G0 F9000 X83.219 Y119.324
G1 F2100 X86.868 Y115.675 E578.77739
G0 F9000 X87.462 Y115.675
G1 F2100 X83.813 Y119.324 E578.95761
G0 F9000 X84.407 Y119.324
G1 F2100 X88.056 Y115.675 E579.13783
G0 F9000 X88.649 Y115.675
G1 F2100 X85.001 Y119.324 E579.31802
G0 F9000 X85.595 Y119.324
G1 F2100 X89.243 Y115.675 E579.49822
G0 F9000 X89.837 Y115.675
G1 F2100 X86.189 Y119.324 E579.67841
G0 F9000 X86.783 Y119.324
G1 F2100 X90.431 Y115.675 E579.85861
G0 F9000 X91.025 Y115.675
G1 F2100 X87.377 Y119.324 E580.0388
G0 F9000 X87.971 Y119.324
G1 F2100 X91.619 Y115.675 E580.219
G0 F9000 X92.213 Y115.675
G1 F2100 X88.565 Y119.324 E580.39919
G0 F9000 X89.159 Y119.324
G1 F2100 X92.807 Y115.675 E580.57939
G0 F9000 X93.401 Y115.675
G1 F2100 X89.753 Y119.324 E580.75958
G0 F9000 X90.347 Y119.324
G1 F2100 X93.995 Y115.675 E580.93978
G0 F9000 X94.589 Y115.675
G1 F2100 X90.941 Y119.324 E581.11997
G0 F9000 X91.534 Y119.324
G1 F2100 X95.183 Y115.675 E581.30019
G0 F9000 X95.777 Y115.675
G1 F2100 X92.128 Y119.324 E581.48041
G0 F9000 X92.722 Y119.324
G1 F2100 X96.371 Y115.675 E581.66063
G0 F9000 X96.965 Y115.675
G1 F2100 X93.316 Y119.324 E581.84085
G0 F9000 X93.91 Y119.324
G1 F2100 X97.559 Y115.675 E582.02107
G0 F9000 X98.153 Y115.675
G1 F2100 X94.504 Y119.324 E582.20129
G0 F9000 X95.098 Y119.324
G1 F2100 X98.747 Y115.675 E582.38151
G0 F9000 X99.341 Y115.675
G1 F2100 X95.692 Y119.324 E582.56173
G0 F9000 X96.286 Y119.324
G1 F2100 X99.935 Y115.675 E582.74195
G0 F9000 X100.529 Y115.675
G1 F2100 X96.88 Y119.324 E582.92217
G0 F9000 X97.474 Y119.324
G1 F2100 X101.123 Y115.675 E583.10239
G0 F9000 X101.717 Y115.675
G1 F2100 X98.068 Y119.324 E583.28261
G0 F9000 X98.662 Y119.324
G1 F2100 X102.311 Y115.675 E583.46283
G0 F9000 X102.905 Y115.675
G1 F2100 X99.256 Y119.324 E583.64305
G0 F9000 X99.85 Y119.324
G1 F2100 X103.499 Y115.675 E583.82327
G0 F9000 X104.093 Y115.675
G1 F2100 X100.444 Y119.324 E584.00348
G0 F9000 X101.038 Y119.324
G1 F2100 X104.687 Y115.675 E584.1837
G0 F9000 X105.281 Y115.675
G1 F2100 X101.632 Y119.324 E584.36392
G0 F9000 X102.226 Y119.324
G1 F2100 X105.875 Y115.675 E584.54414
G0 F9000 X106.469 Y115.675
G1 F2100 X102.82 Y119.324 E584.72436
G0 F9000 X103.414 Y119.324
G1 F2100 X107.063 Y115.675 E584.90458
G0 F9000 X107.657 Y115.675
G1 F2100 X104.008 Y119.324 E585.0848
G0 F9000 X104.602 Y119.324
G1 F2100 X108.25 Y115.675 E585.265
G0 F9000 X108.844 Y115.675
G1 F2100 X105.196 Y119.324 E585.44519
G0 F9000 X105.79 Y119.324
G1 F2100 X109.438 Y115.675 E585.62539
G0 F9000 X110.032 Y115.675
G1 F2100 X106.384 Y119.324 E585.80558
G0 F9000 X106.978 Y119.324
G1 F2100 X110.626 Y115.675 E585.98578
G0 F9000 X111.22 Y115.675
G1 F2100 X107.572 Y119.324 E586.16597
G0 F9000 X108.166 Y119.324
G1 F2100 X111.814 Y115.675 E586.34617
G0 F9000 X112.408 Y115.675
G1 F2100 X108.76 Y119.324 E586.52636
G0 F9000 X109.354 Y119.324
G1 F2100 X113.002 Y115.675 E586.70656
G0 F9000 X113.596 Y115.675
G1 F2100 X109.948 Y119.324 E586.88675
G0 F9000 X110.542 Y119.324
G1 F2100 X114.19 Y115.675 E587.06695
G0 F9000 X114.784 Y115.675
G1 F2100 X111.135 Y119.324 E587.24717
G0 F9000 X111.729 Y119.324
G1 F2100 X115.378 Y115.675 E587.42739
G0 F9000 X115.972 Y115.675
G1 F2100 X112.323 Y119.324 E587.60761
G0 F9000 X112.917 Y119.324
G1 F2100 X116.566 Y115.675 E587.78783
G0 F9000 X117.16 Y115.675
G1 F2100 X113.511 Y119.324 E587.96805
G0 F9000 X114.105 Y119.324
G1 F2100 X117.754 Y115.675 E588.14827
G0 F9000 X118.348 Y115.675
G1 F2100 X114.699 Y119.324 E588.32849
G0 F9000 X115.293 Y119.324
G1 F2100 X118.942 Y115.675 E588.5087
G0 F9000 X119.536 Y115.675
G1 F2100 X115.887 Y119.324 E588.68892
G0 F9000 X116.481 Y119.324
G1 F2100 X120.13 Y115.675 E588.86914
G0 F9000 X120.724 Y115.675
G1 F2100 X117.075 Y119.324 E589.04936
G0 F9000 X117.669 Y119.324
G1 F2100 X121.318 Y115.675 E589.22958
G0 F9000 X121.912 Y115.675
G1 F2100 X118.263 Y119.324 E589.4098
G0 F9000 X118.857 Y119.324
G1 F2100 X122.506 Y115.675 E589.59002
G0 F9000 X123.1 Y115.675
G1 F2100 X119.451 Y119.324 E589.77024
G0 F9000 X120.045 Y119.324
G1 F2100 X123.694 Y115.675 E589.95046
G0 F9000 X124.288 Y115.675
G1 F2100 X120.639 Y119.324 E590.13068
G0 F9000 X121.233 Y119.324
G1 F2100 X124.882 Y115.675 E590.3109
G0 F9000 X125.476 Y115.675
G1 F2100 X121.827 Y119.324 E590.49112
G0 F9000 X122.421 Y119.324
G1 F2100 X126.07 Y115.675 E590.67134
G0 F9000 X126.664 Y115.675
G1 F2100 X123.015 Y119.324 E590.85156
G0 F9000 X123.609 Y119.324
G1 F2100 X127.258 Y115.675 E591.03178
G0 F9000 X127.851 Y115.675
G1 F2100 X124.203 Y119.324 E591.21197
G0 F9000 X124.797 Y119.324
G1 F2100 X128.445 Y115.675 E591.39217
G0 F9000 X129.039 Y115.675
G1 F2100 X125.391 Y119.324 E591.57236
G0 F9000 X125.985 Y119.324
G1 F2100 X129.633 Y115.675 E591.75256
G0 F9000 X130.227 Y115.675
G1 F2100 X126.579 Y119.324 E591.93275
G0 F9000 X127.173 Y119.324
G1 F2100 X130.821 Y115.675 E592.11295
G0 F9000 X131.415 Y115.675
G1 F2100 X127.767 Y119.324 E592.29314
G0 F9000 X128.361 Y119.324
G1 F2100 X132.009 Y115.675 E592.47334
G0 F9000 X132.603 Y115.675
G1 F2100 X128.955 Y119.324 E592.65353
G0 F9000 X129.549 Y119.324
G1 F2100 X133.197 Y115.675 E592.83373
G0 F9000 X133.791 Y115.675
G1 F2100 X130.143 Y119.324 E593.01392
G0 F9000 X130.736 Y119.324
G1 F2100 X134.385 Y115.675 E593.19414
G0 F9000 X134.979 Y115.675
G1 F2100 X131.33 Y119.324 E593.37436
G0 F9000 X131.924 Y119.324
G1 F2100 X135.573 Y115.675 E593.55458
G0 F9000 X136.167 Y115.675
G1 F2100 X132.518 Y119.324 E593.7348
G0 F9000 X133.112 Y119.324
G1 F2100 X136.761 Y115.675 E593.91502
G0 F9000 X137.355 Y115.675
G1 F2100 X133.706 Y119.324 E594.09524
G0 F9000 X134.3 Y119.324
G1 F2100 X137.949 Y115.675 E594.27546
G0 F9000 X138.543 Y115.675
G1 F2100 X134.894 Y119.324 E594.45568
G0 F9000 X135.488 Y119.324
G1 F2100 X139.137 Y115.675 E594.6359
G0 F9000 X139.731 Y115.675
G1 F2100 X136.082 Y119.324 E594.81612
G0 F9000 X136.676 Y119.324
G1 F2100 X140.325 Y115.675 E594.99634
G0 F9000 X140.919 Y115.675
G1 F2100 X137.27 Y119.324 E595.17656
G0 F9000 X137.864 Y119.324
G1 F2100 X141.513 Y115.675 E595.35678
G0 F9000 X142.107 Y115.675
G1 F2100 X138.458 Y119.324 E595.537
G0 F9000 X139.052 Y119.324
G1 F2100 X142.701 Y115.675 E595.71722
G0 F9000 X143.295 Y115.675
G1 F2100 X139.646 Y119.324 E595.89744
G0 F9000 X140.24 Y119.324
G1 F2100 X143.889 Y115.675 E596.07766
G0 F9000 X144.483 Y115.675
G1 F2100 X140.834 Y119.324 E596.25788
G0 F9000 X141.428 Y119.324
G1 F2100 X145.077 Y115.675 E596.4381
G0 F9000 X145.671 Y115.675
G1 F2100 X142.022 Y119.324 E596.61832
G0 F9000 X142.616 Y119.324
G1 F2100 X146.265 Y115.675 E596.79854
G0 F9000 X146.859 Y115.675
G1 F2100 X143.21 Y119.324 E596.97876
G0 F9000 X143.804 Y119.324
G1 F2100 X147.452 Y115.675 E597.15895
G0 F9000 X148.046 Y115.675
G1 F2100 X144.398 Y119.324 E597.33915
G0 F9000 X144.992 Y119.324
G1 F2100 X148.64 Y115.675 E597.51934
G0 F9000 X149.234 Y115.675
G1 F2100 X145.586 Y119.324 E597.69954
G0 F9000 X146.18 Y119.324
G1 F2100 X149.828 Y115.675 E597.87973
G0 F9000 X150.422 Y115.675
G1 F2100 X146.774 Y119.324 E598.05993
G0 F9000 X147.368 Y119.324
G1 F2100 X151.016 Y115.675 E598.24012
G0 F9000 X151.61 Y115.675
G1 F2100 X147.962 Y119.324 E598.42032
G0 F9000 X148.556 Y119.324
G1 F2100 X152.204 Y115.675 E598.60051
G0 F9000 X152.798 Y115.675
G1 F2100 X149.15 Y119.324 E598.78071
G0 F9000 X149.744 Y119.324
G1 F2100 X153.392 Y115.675 E598.9609
G0 F9000 X153.986 Y115.675
G1 F2100 X150.337 Y119.324 E599.14112
G0 F9000 X150.931 Y119.324
G1 F2100 X154.58 Y115.675 E599.32134
G0 F9000 X155.174 Y115.675
G1 F2100 X151.525 Y119.324 E599.50156
G0 F9000 X152.119 Y119.324
G1 F2100 X155.768 Y115.675 E599.68178
G0 F9000 X156.362 Y115.675
G1 F2100 X152.713 Y119.324 E599.862
G0 F9000 X153.307 Y119.324
G1 F2100 X156.956 Y115.675 E600.04222
G0 F9000 X157.55 Y115.675
G1 F2100 X153.901 Y119.324 E600.22244
G0 F9000 X154.495 Y119.324
G1 F2100 X158.144 Y115.675 E600.40266
G0 F9000 X158.738 Y115.675
G1 F2100 X155.089 Y119.324 E600.58288
G0 F9000 X155.683 Y119.324
G1 F2100 X159.332 Y115.675 E600.7631
G0 F9000 X159.926 Y115.675
G1 F2100 X156.277 Y119.324 E600.94332
G0 F9000 X156.871 Y119.324
G1 F2100 X160.52 Y115.675 E601.12354
G0 F9000 X161.114 Y115.675
G1 F2100 X157.465 Y119.324 E601.30376
G0 F9000 X158.059 Y119.324
G1 F2100 X161.708 Y115.675 E601.48398
G0 F9000 X162.302 Y115.675
G1 F2100 X158.653 Y119.324 E601.6642
G0 F9000 X159.247 Y119.324
G1 F2100 X162.896 Y115.675 E601.84442
G0 F9000 X163.49 Y115.675
G1 F2100 X159.841 Y119.324 E602.02464
G0 F9000 X160.435 Y119.324
G1 F2100 X163.573 Y116.186 E602.17962
G0 F9000 X163.573 Y116.78
G1 F2100 X161.029 Y119.324 E602.30526
G0 F9000 X161.623 Y119.324
G1 F2100 X163.573 Y117.374 E602.40157
G0 F9000 X163.573 Y117.968
G1 F2100 X162.217 Y119.324 E602.46854
G0 F9000 X162.811 Y119.324
G1 F2100 X163.573 Y118.562 E602.50618
G0 F9000 X163.573 Y119.155
G1 F2100 X163.405 Y119.324 E602.5145
;TIME_ELAPSED:545.246629
G1 F1500 E601.5145
M140 S0
M107
G91 ;Relative positionning
G1 E-2 F2700 ;Retract a bit
G1 E-8 X5 Y5 Z3 F3000 ;Retract
G90 ;Absolute positionning
G1 X0 Y235 ;Present print
M106 S0 ;Turn-off fan
M104 S0 ;Turn-off hotend
M140 S0 ;Turn-off bed
M84 X Y E ;Disable all steppers but Z
M82 ;absolute extrusion mode
M104 S0
;End of Gcode
;SETTING_3 {"global_quality": "[general]\\nversion = 4\\nname = Fast #2\\ndefini
;SETTING_3 tion = elegoo_neptune_3pro\\n\\n[metadata]\\ntype = quality_changes\\
;SETTING_3 nquality_type = Elegoo_layer_020\\nsetting_version = 22\\n\\n[values]
;SETTING_3 \\nadhesion_type = none\\nmaterial_bed_temperature = 65\\nmaterial_be
;SETTING_3 d_temperature_layer_0 = 70\\nsupport_enable = True\\nsupport_structur
;SETTING_3 e = normal\\nsupport_type = buildplate\\n\\n", "extruder_quality": ["
;SETTING_3 [general]\\nversion = 4\\nname = Fast #2\\ndefinition = elegoo_neptun
;SETTING_3 e_3pro\\n\\n[metadata]\\ntype = quality_changes\\nquality_type = Eleg
;SETTING_3 oo_layer_020\\nintent_category = default\\nposition = 0\\nsetting_ver
;SETTING_3 sion = 22\\n\\n[values]\\ninfill_pattern = gyroid\\ninfill_sparse_den
;SETTING_3 sity = 5\\nmaterial_print_temperature = 215.0\\nsupport_infill_rate =
;SETTING_3  30\\n\\n"]}
